Command line invocation:
    /Applications/Xcode.app/Contents/Developer/usr/bin/xcodebuild build-for-testing -project ios/VisePanda/VisePanda.xcodeproj -scheme VisePanda -destination "platform=iOS Simulator,id=5C5B102E-2BE2-41B9-A116-92B5A982C158" -derivedDataPath /Users/jtcao/Library/Caches/visepanda/place-grounding-20260914/Native CODE_SIGNING_ALLOWED=NO

Build settings from command line:
    CODE_SIGNING_ALLOWED = NO

ComputePackagePrebuildTargetDependencyGraph

Prepare packages

CreateBuildRequest

SendProjectDescription

CreateBuildOperation

ComputeTargetDependencyGraph
note: Building targets in dependency order
note: Target dependency graph (3 targets)
    Target 'VisePandaUITests' in project 'VisePanda'
        ➜ Explicit dependency on target 'VisePanda' in project 'VisePanda'
    Target 'VisePandaTests' in project 'VisePanda'
        ➜ Explicit dependency on target 'VisePanda' in project 'VisePanda'
    Target 'VisePanda' in project 'VisePanda' (no dependencies)

GatherProvisioningInputs

CreateBuildDescription

ExecuteExternalTool /Applications/Xcode.app/Contents/Developer/usr/bin/xcstringstool compile --dry-run --output-directory /Users/jtcao/Library/Caches/visepanda/place-grounding-20260914/Native/Build/Intermediates.noindex/VisePanda.build/Debug-iphonesimulator/VisePanda.build /Users/jtcao/Documents/VP-V4-S2-Place-Grounding/ios/VisePanda/VisePanda/Resources/Localizable.xcstrings

ExecuteExternalTool /Applications/Xcode.app/Contents/Developer/Toolchains/XcodeDefault.xctoolchain/usr/bin/swiftc --version

ExecuteExternalTool /Applications/Xcode.app/Contents/Developer/usr/bin/actool --print-asset-tag-combinations --output-format xml1 /Users/jtcao/Documents/VP-V4-S2-Place-Grounding/ios/VisePanda/VisePanda/Resources/Assets.xcassets

ExecuteExternalTool /Applications/Xcode.app/Contents/Developer/Toolchains/XcodeDefault.xctoolchain/usr/bin/clang -v -E -dM -isysroot /Applications/Xcode.app/Contents/Developer/Platforms/iPhoneSimulator.platform/Developer/SDKs/iPhoneSimulator26.5.sdk -x c -c /dev/null

ExecuteExternalTool /Applications/Xcode.app/Contents/Developer/Toolchains/XcodeDefault.xctoolchain/usr/bin/ld -version_details

ExecuteExternalTool /Applications/Xcode.app/Contents/Developer/usr/bin/actool --version --output-format xml1

Build description signature: 48551a07e631dd570dcfa51c3bb12d27
Build description path: /Users/jtcao/Library/Caches/visepanda/place-grounding-20260914/Native/Build/Intermediates.noindex/XCBuildData/48551a07e631dd570dcfa51c3bb12d27.xcbuilddata
ClangStatCache /Applications/Xcode.app/Contents/Developer/Toolchains/XcodeDefault.xctoolchain/usr/bin/clang-stat-cache /Applications/Xcode.app/Contents/Developer/Platforms/iPhoneSimulator.platform/Developer/SDKs/iPhoneSimulator26.5.sdk /Users/jtcao/Library/Caches/visepanda/place-grounding-20260914/Native/SDKStatCaches.noindex/iphonesimulator26.5-23F81a-6cfe768891a92b912361537c460fe42b.sdkstatcache
    cd /Users/jtcao/Documents/VP-V4-S2-Place-Grounding/ios/VisePanda/VisePanda.xcodeproj
    /Applications/Xcode.app/Contents/Developer/Toolchains/XcodeDefault.xctoolchain/usr/bin/clang-stat-cache /Applications/Xcode.app/Contents/Developer/Platforms/iPhoneSimulator.platform/Developer/SDKs/iPhoneSimulator26.5.sdk -o /Users/jtcao/Library/Caches/visepanda/place-grounding-20260914/Native/SDKStatCaches.noindex/iphonesimulator26.5-23F81a-6cfe768891a92b912361537c460fe42b.sdkstatcache

CreateBuildDirectory /Users/jtcao/Library/Caches/visepanda/place-grounding-20260914/Native/Build/Products
    cd /Users/jtcao/Documents/VP-V4-S2-Place-Grounding/ios/VisePanda/VisePanda.xcodeproj
    builtin-create-build-directory /Users/jtcao/Library/Caches/visepanda/place-grounding-20260914/Native/Build/Products

CreateBuildDirectory /Users/jtcao/Library/Caches/visepanda/place-grounding-20260914/Native/Build/Intermediates.noindex
    cd /Users/jtcao/Documents/VP-V4-S2-Place-Grounding/ios/VisePanda/VisePanda.xcodeproj
    builtin-create-build-directory /Users/jtcao/Library/Caches/visepanda/place-grounding-20260914/Native/Build/Intermediates.noindex

CreateBuildDirectory /Users/jtcao/Library/Caches/visepanda/place-grounding-20260914/Native/Build/Products/Debug-iphonesimulator
    cd /Users/jtcao/Documents/VP-V4-S2-Place-Grounding/ios/VisePanda/VisePanda.xcodeproj
    builtin-create-build-directory /Users/jtcao/Library/Caches/visepanda/place-grounding-20260914/Native/Build/Products/Debug-iphonesimulator

CreateBuildDirectory /Users/jtcao/Library/Caches/visepanda/place-grounding-20260914/Native/Build/Intermediates.noindex/SwiftExplicitPrecompiledModules
    cd /Users/jtcao/Documents/VP-V4-S2-Place-Grounding/ios/VisePanda/VisePanda.xcodeproj
    builtin-create-build-directory /Users/jtcao/Library/Caches/visepanda/place-grounding-20260914/Native/Build/Intermediates.noindex/SwiftExplicitPrecompiledModules

CreateBuildDirectory /Users/jtcao/Library/Caches/visepanda/place-grounding-20260914/Native/Build/Intermediates.noindex/ExplicitPrecompiledModules
    cd /Users/jtcao/Documents/VP-V4-S2-Place-Grounding/ios/VisePanda/VisePanda.xcodeproj
    builtin-create-build-directory /Users/jtcao/Library/Caches/visepanda/place-grounding-20260914/Native/Build/Intermediates.noindex/ExplicitPrecompiledModules

CreateBuildDirectory /Users/jtcao/Library/Caches/visepanda/place-grounding-20260914/Native/Build/Intermediates.noindex/EagerLinkingTBDs/Debug-iphonesimulator
    cd /Users/jtcao/Documents/VP-V4-S2-Place-Grounding/ios/VisePanda/VisePanda.xcodeproj
    builtin-create-build-directory /Users/jtcao/Library/Caches/visepanda/place-grounding-20260914/Native/Build/Intermediates.noindex/EagerLinkingTBDs/Debug-iphonesimulator

WriteAuxiliaryFile /Users/jtcao/Library/Caches/visepanda/place-grounding-20260914/Native/Build/Intermediates.noindex/VisePanda.build/Debug-iphonesimulator/VisePanda-97c7769df369d917a11b704107fd7f24-VFS-iphonesimulator/all-product-headers.yaml
    cd /Users/jtcao/Documents/VP-V4-S2-Place-Grounding/ios/VisePanda/VisePanda.xcodeproj
    write-file /Users/jtcao/Library/Caches/visepanda/place-grounding-20260914/Native/Build/Intermediates.noindex/VisePanda.build/Debug-iphonesimulator/VisePanda-97c7769df369d917a11b704107fd7f24-VFS-iphonesimulator/all-product-headers.yaml

WriteAuxiliaryFile /Users/jtcao/Library/Caches/visepanda/place-grounding-20260914/Native/Build/Intermediates.noindex/VisePanda.build/Debug-iphonesimulator/VisePandaUITests.build/VisePandaUITests.hmap (in target 'VisePandaUITests' from project 'VisePanda')
    cd /Users/jtcao/Documents/VP-V4-S2-Place-Grounding/ios/VisePanda
    write-file /Users/jtcao/Library/Caches/visepanda/place-grounding-20260914/Native/Build/Intermediates.noindex/VisePanda.build/Debug-iphonesimulator/VisePandaUITests.build/VisePandaUITests.hmap

WriteAuxiliaryFile /Users/jtcao/Library/Caches/visepanda/place-grounding-20260914/Native/Build/Intermediates.noindex/VisePanda.build/Debug-iphonesimulator/VisePandaUITests.build/VisePandaUITests-project-headers.hmap (in target 'VisePandaUITests' from project 'VisePanda')
    cd /Users/jtcao/Documents/VP-V4-S2-Place-Grounding/ios/VisePanda
    write-file /Users/jtcao/Library/Caches/visepanda/place-grounding-20260914/Native/Build/Intermediates.noindex/VisePanda.build/Debug-iphonesimulator/VisePandaUITests.build/VisePandaUITests-project-headers.hmap

WriteAuxiliaryFile /Users/jtcao/Library/Caches/visepanda/place-grounding-20260914/Native/Build/Intermediates.noindex/VisePanda.build/Debug-iphonesimulator/VisePandaUITests.build/empty-VisePandaUITests.plist (in target 'VisePandaUITests' from project 'VisePanda')
    cd /Users/jtcao/Documents/VP-V4-S2-Place-Grounding/ios/VisePanda
    write-file /Users/jtcao/Library/Caches/visepanda/place-grounding-20260914/Native/Build/Intermediates.noindex/VisePanda.build/Debug-iphonesimulator/VisePandaUITests.build/empty-VisePandaUITests.plist

WriteAuxiliaryFile /Users/jtcao/Library/Caches/visepanda/place-grounding-20260914/Native/Build/Intermediates.noindex/VisePanda.build/Debug-iphonesimulator/VisePandaUITests.build/VisePandaUITests-own-target-headers.hmap (in target 'VisePandaUITests' from project 'VisePanda')
    cd /Users/jtcao/Documents/VP-V4-S2-Place-Grounding/ios/VisePanda
    write-file /Users/jtcao/Library/Caches/visepanda/place-grounding-20260914/Native/Build/Intermediates.noindex/VisePanda.build/Debug-iphonesimulator/VisePandaUITests.build/VisePandaUITests-own-target-headers.hmap

WriteAuxiliaryFile /Users/jtcao/Library/Caches/visepanda/place-grounding-20260914/Native/Build/Intermediates.noindex/VisePanda.build/Debug-iphonesimulator/VisePandaUITests.build/VisePandaUITests-generated-files.hmap (in target 'VisePandaUITests' from project 'VisePanda')
    cd /Users/jtcao/Documents/VP-V4-S2-Place-Grounding/ios/VisePanda
    write-file /Users/jtcao/Library/Caches/visepanda/place-grounding-20260914/Native/Build/Intermediates.noindex/VisePanda.build/Debug-iphonesimulator/VisePandaUITests.build/VisePandaUITests-generated-files.hmap

WriteAuxiliaryFile /Users/jtcao/Library/Caches/visepanda/place-grounding-20260914/Native/Build/Intermediates.noindex/VisePanda.build/Debug-iphonesimulator/VisePandaUITests.build/VisePandaUITests-all-target-headers.hmap (in target 'VisePandaUITests' from project 'VisePanda')
    cd /Users/jtcao/Documents/VP-V4-S2-Place-Grounding/ios/VisePanda
    write-file /Users/jtcao/Library/Caches/visepanda/place-grounding-20260914/Native/Build/Intermediates.noindex/VisePanda.build/Debug-iphonesimulator/VisePandaUITests.build/VisePandaUITests-all-target-headers.hmap

WriteAuxiliaryFile /Users/jtcao/Library/Caches/visepanda/place-grounding-20260914/Native/Build/Intermediates.noindex/VisePanda.build/Debug-iphonesimulator/VisePandaUITests.build/VisePandaUITests.DependencyStaticMetadataFileList (in target 'VisePandaUITests' from project 'VisePanda')
    cd /Users/jtcao/Documents/VP-V4-S2-Place-Grounding/ios/VisePanda
    write-file /Users/jtcao/Library/Caches/visepanda/place-grounding-20260914/Native/Build/Intermediates.noindex/VisePanda.build/Debug-iphonesimulator/VisePandaUITests.build/VisePandaUITests.DependencyStaticMetadataFileList

WriteAuxiliaryFile /Users/jtcao/Library/Caches/visepanda/place-grounding-20260914/Native/Build/Intermediates.noindex/VisePanda.build/Debug-iphonesimulator/VisePandaUITests.build/VisePandaUITests.DependencyMetadataFileList (in target 'VisePandaUITests' from project 'VisePanda')
    cd /Users/jtcao/Documents/VP-V4-S2-Place-Grounding/ios/VisePanda
    write-file /Users/jtcao/Library/Caches/visepanda/place-grounding-20260914/Native/Build/Intermediates.noindex/VisePanda.build/Debug-iphonesimulator/VisePandaUITests.build/VisePandaUITests.DependencyMetadataFileList

WriteAuxiliaryFile /Users/jtcao/Library/Caches/visepanda/place-grounding-20260914/Native/Build/Intermediates.noindex/VisePanda.build/Debug-iphonesimulator/VisePandaUITests.build/VisePandaUITests-all-non-framework-target-headers.hmap (in target 'VisePandaUITests' from project 'VisePanda')
    cd /Users/jtcao/Documents/VP-V4-S2-Place-Grounding/ios/VisePanda
    write-file /Users/jtcao/Library/Caches/visepanda/place-grounding-20260914/Native/Build/Intermediates.noindex/VisePanda.build/Debug-iphonesimulator/VisePandaUITests.build/VisePandaUITests-all-non-framework-target-headers.hmap

WriteAuxiliaryFile /Users/jtcao/Library/Caches/visepanda/place-grounding-20260914/Native/Build/Intermediates.noindex/VisePanda.build/Debug-iphonesimulator/VisePandaUITests.build/ProductTypeInfoPlistAdditions.plist (in target 'VisePandaUITests' from project 'VisePanda')
    cd /Users/jtcao/Documents/VP-V4-S2-Place-Grounding/ios/VisePanda
    write-file /Users/jtcao/Library/Caches/visepanda/place-grounding-20260914/Native/Build/Intermediates.noindex/VisePanda.build/Debug-iphonesimulator/VisePandaUITests.build/ProductTypeInfoPlistAdditions.plist

WriteAuxiliaryFile /Users/jtcao/Library/Caches/visepanda/place-grounding-20260914/Native/Build/Intermediates.noindex/VisePanda.build/Debug-iphonesimulator/VisePandaUITests.build/Objects-normal/arm64/VisePandaUITests_const_extract_protocols.json (in target 'VisePandaUITests' from project 'VisePanda')
    cd /Users/jtcao/Documents/VP-V4-S2-Place-Grounding/ios/VisePanda
    write-file /Users/jtcao/Library/Caches/visepanda/place-grounding-20260914/Native/Build/Intermediates.noindex/VisePanda.build/Debug-iphonesimulator/VisePandaUITests.build/Objects-normal/arm64/VisePandaUITests_const_extract_protocols.json

WriteAuxiliaryFile /Users/jtcao/Library/Caches/visepanda/place-grounding-20260914/Native/Build/Intermediates.noindex/VisePanda.build/Debug-iphonesimulator/VisePandaUITests.build/Objects-normal/arm64/VisePandaUITests.SwiftConstValuesFileList (in target 'VisePandaUITests' from project 'VisePanda')
    cd /Users/jtcao/Documents/VP-V4-S2-Place-Grounding/ios/VisePanda
    write-file /Users/jtcao/Library/Caches/visepanda/place-grounding-20260914/Native/Build/Intermediates.noindex/VisePanda.build/Debug-iphonesimulator/VisePandaUITests.build/Objects-normal/arm64/VisePandaUITests.SwiftConstValuesFileList

WriteAuxiliaryFile /Users/jtcao/Library/Caches/visepanda/place-grounding-20260914/Native/Build/Intermediates.noindex/VisePanda.build/Debug-iphonesimulator/VisePandaUITests.build/Objects-normal/arm64/VisePandaUITests.SwiftFileList (in target 'VisePandaUITests' from project 'VisePanda')
    cd /Users/jtcao/Documents/VP-V4-S2-Place-Grounding/ios/VisePanda
    write-file /Users/jtcao/Library/Caches/visepanda/place-grounding-20260914/Native/Build/Intermediates.noindex/VisePanda.build/Debug-iphonesimulator/VisePandaUITests.build/Objects-normal/arm64/VisePandaUITests.SwiftFileList

WriteAuxiliaryFile /Users/jtcao/Library/Caches/visepanda/place-grounding-20260914/Native/Build/Intermediates.noindex/VisePanda.build/Debug-iphonesimulator/VisePandaUITests.build/Objects-normal/arm64/VisePandaUITests.LinkFileList (in target 'VisePandaUITests' from project 'VisePanda')
    cd /Users/jtcao/Documents/VP-V4-S2-Place-Grounding/ios/VisePanda
    write-file /Users/jtcao/Library/Caches/visepanda/place-grounding-20260914/Native/Build/Intermediates.noindex/VisePanda.build/Debug-iphonesimulator/VisePandaUITests.build/Objects-normal/arm64/VisePandaUITests.LinkFileList

WriteAuxiliaryFile /Users/jtcao/Library/Caches/visepanda/place-grounding-20260914/Native/Build/Intermediates.noindex/VisePanda.build/Debug-iphonesimulator/VisePandaUITests.build/Objects-normal/arm64/VisePandaUITests-OutputFileMap.json (in target 'VisePandaUITests' from project 'VisePanda')
    cd /Users/jtcao/Documents/VP-V4-S2-Place-Grounding/ios/VisePanda
    write-file /Users/jtcao/Library/Caches/visepanda/place-grounding-20260914/Native/Build/Intermediates.noindex/VisePanda.build/Debug-iphonesimulator/VisePandaUITests.build/Objects-normal/arm64/VisePandaUITests-OutputFileMap.json

WriteAuxiliaryFile /Users/jtcao/Library/Caches/visepanda/place-grounding-20260914/Native/Build/Intermediates.noindex/VisePanda.build/Debug-iphonesimulator/VisePandaTests.build/VisePandaTests.hmap (in target 'VisePandaTests' from project 'VisePanda')
    cd /Users/jtcao/Documents/VP-V4-S2-Place-Grounding/ios/VisePanda
    write-file /Users/jtcao/Library/Caches/visepanda/place-grounding-20260914/Native/Build/Intermediates.noindex/VisePanda.build/Debug-iphonesimulator/VisePandaTests.build/VisePandaTests.hmap

WriteAuxiliaryFile /Users/jtcao/Library/Caches/visepanda/place-grounding-20260914/Native/Build/Intermediates.noindex/VisePanda.build/Debug-iphonesimulator/VisePandaTests.build/empty-VisePandaTests.plist (in target 'VisePandaTests' from project 'VisePanda')
    cd /Users/jtcao/Documents/VP-V4-S2-Place-Grounding/ios/VisePanda
    write-file /Users/jtcao/Library/Caches/visepanda/place-grounding-20260914/Native/Build/Intermediates.noindex/VisePanda.build/Debug-iphonesimulator/VisePandaTests.build/empty-VisePandaTests.plist

WriteAuxiliaryFile /Users/jtcao/Library/Caches/visepanda/place-grounding-20260914/Native/Build/Intermediates.noindex/VisePanda.build/Debug-iphonesimulator/VisePandaTests.build/VisePandaTests.DependencyStaticMetadataFileList (in target 'VisePandaTests' from project 'VisePanda')
    cd /Users/jtcao/Documents/VP-V4-S2-Place-Grounding/ios/VisePanda
    write-file /Users/jtcao/Library/Caches/visepanda/place-grounding-20260914/Native/Build/Intermediates.noindex/VisePanda.build/Debug-iphonesimulator/VisePandaTests.build/VisePandaTests.DependencyStaticMetadataFileList

WriteAuxiliaryFile /Users/jtcao/Library/Caches/visepanda/place-grounding-20260914/Native/Build/Intermediates.noindex/VisePanda.build/Debug-iphonesimulator/VisePandaTests.build/VisePandaTests.DependencyMetadataFileList (in target 'VisePandaTests' from project 'VisePanda')
    cd /Users/jtcao/Documents/VP-V4-S2-Place-Grounding/ios/VisePanda
    write-file /Users/jtcao/Library/Caches/visepanda/place-grounding-20260914/Native/Build/Intermediates.noindex/VisePanda.build/Debug-iphonesimulator/VisePandaTests.build/VisePandaTests.DependencyMetadataFileList

WriteAuxiliaryFile /Users/jtcao/Library/Caches/visepanda/place-grounding-20260914/Native/Build/Intermediates.noindex/VisePanda.build/Debug-iphonesimulator/VisePandaTests.build/VisePandaTests-project-headers.hmap (in target 'VisePandaTests' from project 'VisePanda')
    cd /Users/jtcao/Documents/VP-V4-S2-Place-Grounding/ios/VisePanda
    write-file /Users/jtcao/Library/Caches/visepanda/place-grounding-20260914/Native/Build/Intermediates.noindex/VisePanda.build/Debug-iphonesimulator/VisePandaTests.build/VisePandaTests-project-headers.hmap

WriteAuxiliaryFile /Users/jtcao/Library/Caches/visepanda/place-grounding-20260914/Native/Build/Intermediates.noindex/VisePanda.build/Debug-iphonesimulator/VisePandaTests.build/VisePandaTests-own-target-headers.hmap (in target 'VisePandaTests' from project 'VisePanda')
    cd /Users/jtcao/Documents/VP-V4-S2-Place-Grounding/ios/VisePanda
    write-file /Users/jtcao/Library/Caches/visepanda/place-grounding-20260914/Native/Build/Intermediates.noindex/VisePanda.build/Debug-iphonesimulator/VisePandaTests.build/VisePandaTests-own-target-headers.hmap

WriteAuxiliaryFile /Users/jtcao/Library/Caches/visepanda/place-grounding-20260914/Native/Build/Intermediates.noindex/VisePanda.build/Debug-iphonesimulator/VisePandaTests.build/VisePandaTests-generated-files.hmap (in target 'VisePandaTests' from project 'VisePanda')
    cd /Users/jtcao/Documents/VP-V4-S2-Place-Grounding/ios/VisePanda
    write-file /Users/jtcao/Library/Caches/visepanda/place-grounding-20260914/Native/Build/Intermediates.noindex/VisePanda.build/Debug-iphonesimulator/VisePandaTests.build/VisePandaTests-generated-files.hmap

WriteAuxiliaryFile /Users/jtcao/Library/Caches/visepanda/place-grounding-20260914/Native/Build/Intermediates.noindex/VisePanda.build/Debug-iphonesimulator/VisePandaTests.build/VisePandaTests-all-target-headers.hmap (in target 'VisePandaTests' from project 'VisePanda')
    cd /Users/jtcao/Documents/VP-V4-S2-Place-Grounding/ios/VisePanda
    write-file /Users/jtcao/Library/Caches/visepanda/place-grounding-20260914/Native/Build/Intermediates.noindex/VisePanda.build/Debug-iphonesimulator/VisePandaTests.build/VisePandaTests-all-target-headers.hmap

WriteAuxiliaryFile /Users/jtcao/Library/Caches/visepanda/place-grounding-20260914/Native/Build/Intermediates.noindex/VisePanda.build/Debug-iphonesimulator/VisePandaTests.build/VisePandaTests-all-non-framework-target-headers.hmap (in target 'VisePandaTests' from project 'VisePanda')
    cd /Users/jtcao/Documents/VP-V4-S2-Place-Grounding/ios/VisePanda
    write-file /Users/jtcao/Library/Caches/visepanda/place-grounding-20260914/Native/Build/Intermediates.noindex/VisePanda.build/Debug-iphonesimulator/VisePandaTests.build/VisePandaTests-all-non-framework-target-headers.hmap

WriteAuxiliaryFile /Users/jtcao/Library/Caches/visepanda/place-grounding-20260914/Native/Build/Intermediates.noindex/VisePanda.build/Debug-iphonesimulator/VisePandaTests.build/Objects-normal/arm64/VisePandaTests_const_extract_protocols.json (in target 'VisePandaTests' from project 'VisePanda')
    cd /Users/jtcao/Documents/VP-V4-S2-Place-Grounding/ios/VisePanda
    write-file /Users/jtcao/Library/Caches/visepanda/place-grounding-20260914/Native/Build/Intermediates.noindex/VisePanda.build/Debug-iphonesimulator/VisePandaTests.build/Objects-normal/arm64/VisePandaTests_const_extract_protocols.json

WriteAuxiliaryFile /Users/jtcao/Library/Caches/visepanda/place-grounding-20260914/Native/Build/Intermediates.noindex/VisePanda.build/Debug-iphonesimulator/VisePandaTests.build/Objects-normal/arm64/VisePandaTests.SwiftFileList (in target 'VisePandaTests' from project 'VisePanda')
    cd /Users/jtcao/Documents/VP-V4-S2-Place-Grounding/ios/VisePanda
    write-file /Users/jtcao/Library/Caches/visepanda/place-grounding-20260914/Native/Build/Intermediates.noindex/VisePanda.build/Debug-iphonesimulator/VisePandaTests.build/Objects-normal/arm64/VisePandaTests.SwiftFileList

WriteAuxiliaryFile /Users/jtcao/Library/Caches/visepanda/place-grounding-20260914/Native/Build/Intermediates.noindex/VisePanda.build/Debug-iphonesimulator/VisePandaTests.build/Objects-normal/arm64/VisePandaTests.SwiftConstValuesFileList (in target 'VisePandaTests' from project 'VisePanda')
    cd /Users/jtcao/Documents/VP-V4-S2-Place-Grounding/ios/VisePanda
    write-file /Users/jtcao/Library/Caches/visepanda/place-grounding-20260914/Native/Build/Intermediates.noindex/VisePanda.build/Debug-iphonesimulator/VisePandaTests.build/Objects-normal/arm64/VisePandaTests.SwiftConstValuesFileList

WriteAuxiliaryFile /Users/jtcao/Library/Caches/visepanda/place-grounding-20260914/Native/Build/Intermediates.noindex/VisePanda.build/Debug-iphonesimulator/VisePandaTests.build/Objects-normal/arm64/VisePandaTests.LinkFileList (in target 'VisePandaTests' from project 'VisePanda')
    cd /Users/jtcao/Documents/VP-V4-S2-Place-Grounding/ios/VisePanda
    write-file /Users/jtcao/Library/Caches/visepanda/place-grounding-20260914/Native/Build/Intermediates.noindex/VisePanda.build/Debug-iphonesimulator/VisePandaTests.build/Objects-normal/arm64/VisePandaTests.LinkFileList

WriteAuxiliaryFile /Users/jtcao/Library/Caches/visepanda/place-grounding-20260914/Native/Build/Intermediates.noindex/VisePanda.build/Debug-iphonesimulator/VisePandaTests.build/Objects-normal/arm64/VisePandaTests-OutputFileMap.json (in target 'VisePandaTests' from project 'VisePanda')
    cd /Users/jtcao/Documents/VP-V4-S2-Place-Grounding/ios/VisePanda
    write-file /Users/jtcao/Library/Caches/visepanda/place-grounding-20260914/Native/Build/Intermediates.noindex/VisePanda.build/Debug-iphonesimulator/VisePandaTests.build/Objects-normal/arm64/VisePandaTests-OutputFileMap.json

WriteAuxiliaryFile /Users/jtcao/Library/Caches/visepanda/place-grounding-20260914/Native/Build/Intermediates.noindex/VisePanda.build/Debug-iphonesimulator/VisePanda.build/VisePanda.hmap (in target 'VisePanda' from project 'VisePanda')
    cd /Users/jtcao/Documents/VP-V4-S2-Place-Grounding/ios/VisePanda
    write-file /Users/jtcao/Library/Caches/visepanda/place-grounding-20260914/Native/Build/Intermediates.noindex/VisePanda.build/Debug-iphonesimulator/VisePanda.build/VisePanda.hmap

WriteAuxiliaryFile /Users/jtcao/Library/Caches/visepanda/place-grounding-20260914/Native/Build/Intermediates.noindex/VisePanda.build/Debug-iphonesimulator/VisePanda.build/VisePanda.DependencyStaticMetadataFileList (in target 'VisePanda' from project 'VisePanda')
    cd /Users/jtcao/Documents/VP-V4-S2-Place-Grounding/ios/VisePanda
    write-file /Users/jtcao/Library/Caches/visepanda/place-grounding-20260914/Native/Build/Intermediates.noindex/VisePanda.build/Debug-iphonesimulator/VisePanda.build/VisePanda.DependencyStaticMetadataFileList

WriteAuxiliaryFile /Users/jtcao/Library/Caches/visepanda/place-grounding-20260914/Native/Build/Intermediates.noindex/VisePanda.build/Debug-iphonesimulator/VisePanda.build/VisePanda.DependencyMetadataFileList (in target 'VisePanda' from project 'VisePanda')
    cd /Users/jtcao/Documents/VP-V4-S2-Place-Grounding/ios/VisePanda
    write-file /Users/jtcao/Library/Caches/visepanda/place-grounding-20260914/Native/Build/Intermediates.noindex/VisePanda.build/Debug-iphonesimulator/VisePanda.build/VisePanda.DependencyMetadataFileList

WriteAuxiliaryFile /Users/jtcao/Library/Caches/visepanda/place-grounding-20260914/Native/Build/Intermediates.noindex/VisePanda.build/Debug-iphonesimulator/VisePanda.build/VisePanda-project-headers.hmap (in target 'VisePanda' from project 'VisePanda')
    cd /Users/jtcao/Documents/VP-V4-S2-Place-Grounding/ios/VisePanda
    write-file /Users/jtcao/Library/Caches/visepanda/place-grounding-20260914/Native/Build/Intermediates.noindex/VisePanda.build/Debug-iphonesimulator/VisePanda.build/VisePanda-project-headers.hmap

WriteAuxiliaryFile /Users/jtcao/Library/Caches/visepanda/place-grounding-20260914/Native/Build/Intermediates.noindex/VisePanda.build/Debug-iphonesimulator/VisePanda.build/VisePanda-own-target-headers.hmap (in target 'VisePanda' from project 'VisePanda')
    cd /Users/jtcao/Documents/VP-V4-S2-Place-Grounding/ios/VisePanda
    write-file /Users/jtcao/Library/Caches/visepanda/place-grounding-20260914/Native/Build/Intermediates.noindex/VisePanda.build/Debug-iphonesimulator/VisePanda.build/VisePanda-own-target-headers.hmap

WriteAuxiliaryFile /Users/jtcao/Library/Caches/visepanda/place-grounding-20260914/Native/Build/Intermediates.noindex/VisePanda.build/Debug-iphonesimulator/VisePanda.build/VisePanda-generated-files.hmap (in target 'VisePanda' from project 'VisePanda')
    cd /Users/jtcao/Documents/VP-V4-S2-Place-Grounding/ios/VisePanda
    write-file /Users/jtcao/Library/Caches/visepanda/place-grounding-20260914/Native/Build/Intermediates.noindex/VisePanda.build/Debug-iphonesimulator/VisePanda.build/VisePanda-generated-files.hmap

WriteAuxiliaryFile /Users/jtcao/Library/Caches/visepanda/place-grounding-20260914/Native/Build/Intermediates.noindex/VisePanda.build/Debug-iphonesimulator/VisePanda.build/VisePanda-all-target-headers.hmap (in target 'VisePanda' from project 'VisePanda')
    cd /Users/jtcao/Documents/VP-V4-S2-Place-Grounding/ios/VisePanda
    write-file /Users/jtcao/Library/Caches/visepanda/place-grounding-20260914/Native/Build/Intermediates.noindex/VisePanda.build/Debug-iphonesimulator/VisePanda.build/VisePanda-all-target-headers.hmap

WriteAuxiliaryFile /Users/jtcao/Library/Caches/visepanda/place-grounding-20260914/Native/Build/Intermediates.noindex/VisePanda.build/Debug-iphonesimulator/VisePanda.build/VisePanda-all-non-framework-target-headers.hmap (in target 'VisePanda' from project 'VisePanda')
    cd /Users/jtcao/Documents/VP-V4-S2-Place-Grounding/ios/VisePanda
    write-file /Users/jtcao/Library/Caches/visepanda/place-grounding-20260914/Native/Build/Intermediates.noindex/VisePanda.build/Debug-iphonesimulator/VisePanda.build/VisePanda-all-non-framework-target-headers.hmap

WriteAuxiliaryFile /Users/jtcao/Library/Caches/visepanda/place-grounding-20260914/Native/Build/Intermediates.noindex/VisePanda.build/Debug-iphonesimulator/VisePanda.build/VisePanda-DebugDylibPath-normal-arm64.txt (in target 'VisePanda' from project 'VisePanda')
    cd /Users/jtcao/Documents/VP-V4-S2-Place-Grounding/ios/VisePanda
    write-file /Users/jtcao/Library/Caches/visepanda/place-grounding-20260914/Native/Build/Intermediates.noindex/VisePanda.build/Debug-iphonesimulator/VisePanda.build/VisePanda-DebugDylibPath-normal-arm64.txt

WriteAuxiliaryFile /Users/jtcao/Library/Caches/visepanda/place-grounding-20260914/Native/Build/Intermediates.noindex/VisePanda.build/Debug-iphonesimulator/VisePanda.build/VisePanda-DebugDylibInstallName-normal-arm64.txt (in target 'VisePanda' from project 'VisePanda')
    cd /Users/jtcao/Documents/VP-V4-S2-Place-Grounding/ios/VisePanda
    write-file /Users/jtcao/Library/Caches/visepanda/place-grounding-20260914/Native/Build/Intermediates.noindex/VisePanda.build/Debug-iphonesimulator/VisePanda.build/VisePanda-DebugDylibInstallName-normal-arm64.txt

WriteAuxiliaryFile /Users/jtcao/Library/Caches/visepanda/place-grounding-20260914/Native/Build/Intermediates.noindex/VisePanda.build/Debug-iphonesimulator/VisePanda.build/Objects-normal/arm64/VisePanda_const_extract_protocols.json (in target 'VisePanda' from project 'VisePanda')
    cd /Users/jtcao/Documents/VP-V4-S2-Place-Grounding/ios/VisePanda
    write-file /Users/jtcao/Library/Caches/visepanda/place-grounding-20260914/Native/Build/Intermediates.noindex/VisePanda.build/Debug-iphonesimulator/VisePanda.build/Objects-normal/arm64/VisePanda_const_extract_protocols.json

WriteAuxiliaryFile /Users/jtcao/Library/Caches/visepanda/place-grounding-20260914/Native/Build/Intermediates.noindex/VisePanda.build/Debug-iphonesimulator/VisePanda.build/Objects-normal/arm64/VisePanda.SwiftFileList (in target 'VisePanda' from project 'VisePanda')
    cd /Users/jtcao/Documents/VP-V4-S2-Place-Grounding/ios/VisePanda
    write-file /Users/jtcao/Library/Caches/visepanda/place-grounding-20260914/Native/Build/Intermediates.noindex/VisePanda.build/Debug-iphonesimulator/VisePanda.build/Objects-normal/arm64/VisePanda.SwiftFileList

WriteAuxiliaryFile /Users/jtcao/Library/Caches/visepanda/place-grounding-20260914/Native/Build/Intermediates.noindex/VisePanda.build/Debug-iphonesimulator/VisePanda.build/Objects-normal/arm64/VisePanda.SwiftConstValuesFileList (in target 'VisePanda' from project 'VisePanda')
    cd /Users/jtcao/Documents/VP-V4-S2-Place-Grounding/ios/VisePanda
    write-file /Users/jtcao/Library/Caches/visepanda/place-grounding-20260914/Native/Build/Intermediates.noindex/VisePanda.build/Debug-iphonesimulator/VisePanda.build/Objects-normal/arm64/VisePanda.SwiftConstValuesFileList

WriteAuxiliaryFile /Users/jtcao/Library/Caches/visepanda/place-grounding-20260914/Native/Build/Intermediates.noindex/VisePanda.build/Debug-iphonesimulator/VisePanda.build/Objects-normal/arm64/VisePanda.LinkFileList (in target 'VisePanda' from project 'VisePanda')
    cd /Users/jtcao/Documents/VP-V4-S2-Place-Grounding/ios/VisePanda
    write-file /Users/jtcao/Library/Caches/visepanda/place-grounding-20260914/Native/Build/Intermediates.noindex/VisePanda.build/Debug-iphonesimulator/VisePanda.build/Objects-normal/arm64/VisePanda.LinkFileList

WriteAuxiliaryFile /Users/jtcao/Library/Caches/visepanda/place-grounding-20260914/Native/Build/Intermediates.noindex/VisePanda.build/Debug-iphonesimulator/VisePanda.build/Objects-normal/arm64/VisePanda-OutputFileMap.json (in target 'VisePanda' from project 'VisePanda')
    cd /Users/jtcao/Documents/VP-V4-S2-Place-Grounding/ios/VisePanda
    write-file /Users/jtcao/Library/Caches/visepanda/place-grounding-20260914/Native/Build/Intermediates.noindex/VisePanda.build/Debug-iphonesimulator/VisePanda.build/Objects-normal/arm64/VisePanda-OutputFileMap.json

MkDir /Users/jtcao/Library/Caches/visepanda/place-grounding-20260914/Native/Build/Products/Debug-iphonesimulator/VisePandaUITests-Runner.app/PlugIns/VisePandaUITests.xctest (in target 'VisePandaUITests' from project 'VisePanda')
    cd /Users/jtcao/Documents/VP-V4-S2-Place-Grounding/ios/VisePanda
    /bin/mkdir -p /Users/jtcao/Library/Caches/visepanda/place-grounding-20260914/Native/Build/Products/Debug-iphonesimulator/VisePandaUITests-Runner.app/PlugIns/VisePandaUITests.xctest

MkDir /Users/jtcao/Library/Caches/visepanda/place-grounding-20260914/Native/Build/Products/Debug-iphonesimulator/VisePanda.app/PlugIns (in target 'VisePanda' from project 'VisePanda')
    cd /Users/jtcao/Documents/VP-V4-S2-Place-Grounding/ios/VisePanda
    /bin/mkdir -p /Users/jtcao/Library/Caches/visepanda/place-grounding-20260914/Native/Build/Products/Debug-iphonesimulator/VisePanda.app/PlugIns

MkDir /Users/jtcao/Library/Caches/visepanda/place-grounding-20260914/Native/Build/Products/Debug-iphonesimulator/VisePanda.app/PlugIns/VisePandaTests.xctest (in target 'VisePandaTests' from project 'VisePanda')
    cd /Users/jtcao/Documents/VP-V4-S2-Place-Grounding/ios/VisePanda
    /bin/mkdir -p /Users/jtcao/Library/Caches/visepanda/place-grounding-20260914/Native/Build/Products/Debug-iphonesimulator/VisePanda.app/PlugIns/VisePandaTests.xctest

MkDir /Users/jtcao/Library/Caches/visepanda/place-grounding-20260914/Native/Build/Products/Debug-iphonesimulator/VisePanda.app/Frameworks (in target 'VisePanda' from project 'VisePanda')
    cd /Users/jtcao/Documents/VP-V4-S2-Place-Grounding/ios/VisePanda
    /bin/mkdir -p /Users/jtcao/Library/Caches/visepanda/place-grounding-20260914/Native/Build/Products/Debug-iphonesimulator/VisePanda.app/Frameworks

MkDir /Users/jtcao/Library/Caches/visepanda/place-grounding-20260914/Native/Build/Products/Debug-iphonesimulator/VisePanda.app (in target 'VisePanda' from project 'VisePanda')
    cd /Users/jtcao/Documents/VP-V4-S2-Place-Grounding/ios/VisePanda
    /bin/mkdir -p /Users/jtcao/Library/Caches/visepanda/place-grounding-20260914/Native/Build/Products/Debug-iphonesimulator/VisePanda.app

Ld /Users/jtcao/Library/Caches/visepanda/place-grounding-20260914/Native/Build/Products/Debug-iphonesimulator/VisePanda.app/__preview.dylib normal (in target 'VisePanda' from project 'VisePanda')
    cd /Users/jtcao/Documents/VP-V4-S2-Place-Grounding/ios/VisePanda
    /Applications/Xcode.app/Contents/Developer/Toolchains/XcodeDefault.xctoolchain/usr/bin/clang -Xlinker -reproducible -target arm64-apple-ios17.0-simulator -dynamiclib -isysroot /Applications/Xcode.app/Contents/Developer/Platforms/iPhoneSimulator.platform/Developer/SDKs/iPhoneSimulator26.5.sdk -O0 -L/Users/jtcao/Library/Caches/visepanda/place-grounding-20260914/Native/Build/Products/Debug-iphonesimulator -F/Users/jtcao/Library/Caches/visepanda/place-grounding-20260914/Native/Build/Products/Debug-iphonesimulator -install_name @rpath/VisePanda.debug.dylib -Xlinker -dead_strip -rdynamic -Xlinker -no_deduplicate -Xlinker -objc_abi_version -Xlinker 2 -Xlinker -dependency_info -Xlinker /Users/jtcao/Library/Caches/visepanda/place-grounding-20260914/Native/Build/Intermediates.noindex/VisePanda.build/Debug-iphonesimulator/VisePanda.build/Objects-normal/arm64/VisePanda_dependency_info.dat -o /Users/jtcao/Library/Caches/visepanda/place-grounding-20260914/Native/Build/Products/Debug-iphonesimulator/VisePanda.app/__preview.dylib

Copy /Users/jtcao/Library/Caches/visepanda/place-grounding-20260914/Native/Build/Products/Debug-iphonesimulator/VisePanda.app/Frameworks/libXCTestSwiftSupport.dylib /Applications/Xcode.app/Contents/Developer/Platforms/iPhoneSimulator.platform/Developer/usr/lib/libXCTestSwiftSupport.dylib (in target 'VisePanda' from project 'VisePanda')
    cd /Users/jtcao/Documents/VP-V4-S2-Place-Grounding/ios/VisePanda
    builtin-copy -exclude .DS_Store -exclude CVS -exclude .svn -exclude .git -exclude .hg -exclude Headers -exclude PrivateHeaders -exclude Modules -exclude \*.tbd -resolve-src-symlinks /Applications/Xcode.app/Contents/Developer/Platforms/iPhoneSimulator.platform/Developer/usr/lib/libXCTestSwiftSupport.dylib /Users/jtcao/Library/Caches/visepanda/place-grounding-20260914/Native/Build/Products/Debug-iphonesimulator/VisePanda.app/Frameworks

MkDir /Users/jtcao/Library/Caches/visepanda/place-grounding-20260914/Native/Build/Intermediates.noindex/VisePanda.build/Debug-iphonesimulator/VisePanda.build/assetcatalog_output/thinned (in target 'VisePanda' from project 'VisePanda')
    cd /Users/jtcao/Documents/VP-V4-S2-Place-Grounding/ios/VisePanda
    /bin/mkdir -p /Users/jtcao/Library/Caches/visepanda/place-grounding-20260914/Native/Build/Intermediates.noindex/VisePanda.build/Debug-iphonesimulator/VisePanda.build/assetcatalog_output/thinned

MkDir /Users/jtcao/Library/Caches/visepanda/place-grounding-20260914/Native/Build/Intermediates.noindex/VisePanda.build/Debug-iphonesimulator/VisePanda.build/assetcatalog_output/unthinned (in target 'VisePanda' from project 'VisePanda')
    cd /Users/jtcao/Documents/VP-V4-S2-Place-Grounding/ios/VisePanda
    /bin/mkdir -p /Users/jtcao/Library/Caches/visepanda/place-grounding-20260914/Native/Build/Intermediates.noindex/VisePanda.build/Debug-iphonesimulator/VisePanda.build/assetcatalog_output/unthinned

GenerateAssetSymbols /Users/jtcao/Documents/VP-V4-S2-Place-Grounding/ios/VisePanda/VisePanda/Resources/Assets.xcassets (in target 'VisePanda' from project 'VisePanda')
    cd /Users/jtcao/Documents/VP-V4-S2-Place-Grounding/ios/VisePanda
    /Applications/Xcode.app/Contents/Developer/usr/bin/actool /Users/jtcao/Documents/VP-V4-S2-Place-Grounding/ios/VisePanda/VisePanda/Resources/Assets.xcassets --compile /Users/jtcao/Library/Caches/visepanda/place-grounding-20260914/Native/Build/Products/Debug-iphonesimulator/VisePanda.app --output-format human-readable-text --notices --warnings --export-dependency-info /Users/jtcao/Library/Caches/visepanda/place-grounding-20260914/Native/Build/Intermediates.noindex/VisePanda.build/Debug-iphonesimulator/VisePanda.build/assetcatalog_dependencies --output-partial-info-plist /Users/jtcao/Library/Caches/visepanda/place-grounding-20260914/Native/Build/Intermediates.noindex/VisePanda.build/Debug-iphonesimulator/VisePanda.build/assetcatalog_generated_info.plist --app-icon AppIcon --compress-pngs --enable-on-demand-resources YES --development-region en --target-device iphone --minimum-deployment-target 17.0 --platform iphonesimulator --bundle-identifier space.go2china.VisePanda --generate-swift-asset-symbols /Users/jtcao/Library/Caches/visepanda/place-grounding-20260914/Native/Build/Intermediates.noindex/VisePanda.build/Debug-iphonesimulator/VisePanda.build/DerivedSources/GeneratedAssetSymbols.swift --generate-objc-asset-symbols /Users/jtcao/Library/Caches/visepanda/place-grounding-20260914/Native/Build/Intermediates.noindex/VisePanda.build/Debug-iphonesimulator/VisePanda.build/DerivedSources/GeneratedAssetSymbols.h --generate-asset-symbol-index /Users/jtcao/Library/Caches/visepanda/place-grounding-20260914/Native/Build/Intermediates.noindex/VisePanda.build/Debug-iphonesimulator/VisePanda.build/DerivedSources/GeneratedAssetSymbols-Index.plist
/* com.apple.actool.compilation-results */
/Users/jtcao/Library/Caches/visepanda/place-grounding-20260914/Native/Build/Intermediates.noindex/VisePanda.build/Debug-iphonesimulator/VisePanda.build/DerivedSources/GeneratedAssetSymbols-Index.plist
/Users/jtcao/Library/Caches/visepanda/place-grounding-20260914/Native/Build/Intermediates.noindex/VisePanda.build/Debug-iphonesimulator/VisePanda.build/DerivedSources/GeneratedAssetSymbols.h
/Users/jtcao/Library/Caches/visepanda/place-grounding-20260914/Native/Build/Intermediates.noindex/VisePanda.build/Debug-iphonesimulator/VisePanda.build/DerivedSources/GeneratedAssetSymbols.swift


Copy /Users/jtcao/Library/Caches/visepanda/place-grounding-20260914/Native/Build/Products/Debug-iphonesimulator/VisePanda.app/Frameworks/libXCTestBundleInject.dylib /Applications/Xcode.app/Contents/Developer/Platforms/iPhoneSimulator.platform/Developer/usr/lib/libXCTestBundleInject.dylib (in target 'VisePanda' from project 'VisePanda')
    cd /Users/jtcao/Documents/VP-V4-S2-Place-Grounding/ios/VisePanda
    builtin-copy -exclude .DS_Store -exclude CVS -exclude .svn -exclude .git -exclude .hg -exclude Headers -exclude PrivateHeaders -exclude Modules -exclude \*.tbd -resolve-src-symlinks /Applications/Xcode.app/Contents/Developer/Platforms/iPhoneSimulator.platform/Developer/usr/lib/libXCTestBundleInject.dylib /Users/jtcao/Library/Caches/visepanda/place-grounding-20260914/Native/Build/Products/Debug-iphonesimulator/VisePanda.app/Frameworks

Copy /Users/jtcao/Library/Caches/visepanda/place-grounding-20260914/Native/Build/Products/Debug-iphonesimulator/VisePanda.app/Frameworks/XCUnit.framework /Applications/Xcode.app/Contents/Developer/Platforms/iPhoneSimulator.platform/Developer/Library/PrivateFrameworks/XCUnit.framework (in target 'VisePanda' from project 'VisePanda')
    cd /Users/jtcao/Documents/VP-V4-S2-Place-Grounding/ios/VisePanda
    builtin-copy -exclude .DS_Store -exclude CVS -exclude .svn -exclude .git -exclude .hg -exclude Headers -exclude PrivateHeaders -exclude Modules -exclude \*.tbd -resolve-src-symlinks /Applications/Xcode.app/Contents/Developer/Platforms/iPhoneSimulator.platform/Developer/Library/PrivateFrameworks/XCUnit.framework /Users/jtcao/Library/Caches/visepanda/place-grounding-20260914/Native/Build/Products/Debug-iphonesimulator/VisePanda.app/Frameworks

Copy /Users/jtcao/Library/Caches/visepanda/place-grounding-20260914/Native/Build/Products/Debug-iphonesimulator/VisePanda.app/Frameworks/XCUIAutomation.framework /Applications/Xcode.app/Contents/Developer/Platforms/iPhoneSimulator.platform/Developer/Library/Frameworks/XCUIAutomation.framework (in target 'VisePanda' from project 'VisePanda')
    cd /Users/jtcao/Documents/VP-V4-S2-Place-Grounding/ios/VisePanda
    builtin-copy -exclude .DS_Store -exclude CVS -exclude .svn -exclude .git -exclude .hg -exclude Headers -exclude PrivateHeaders -exclude Modules -exclude \*.tbd -resolve-src-symlinks /Applications/Xcode.app/Contents/Developer/Platforms/iPhoneSimulator.platform/Developer/Library/Frameworks/XCUIAutomation.framework /Users/jtcao/Library/Caches/visepanda/place-grounding-20260914/Native/Build/Products/Debug-iphonesimulator/VisePanda.app/Frameworks

Copy /Users/jtcao/Library/Caches/visepanda/place-grounding-20260914/Native/Build/Products/Debug-iphonesimulator/VisePanda.app/Frameworks/XCTestSupport.framework /Applications/Xcode.app/Contents/Developer/Platforms/iPhoneSimulator.platform/Developer/Library/PrivateFrameworks/XCTestSupport.framework (in target 'VisePanda' from project 'VisePanda')
    cd /Users/jtcao/Documents/VP-V4-S2-Place-Grounding/ios/VisePanda
    builtin-copy -exclude .DS_Store -exclude CVS -exclude .svn -exclude .git -exclude .hg -exclude Headers -exclude PrivateHeaders -exclude Modules -exclude \*.tbd -resolve-src-symlinks /Applications/Xcode.app/Contents/Developer/Platforms/iPhoneSimulator.platform/Developer/Library/PrivateFrameworks/XCTestSupport.framework /Users/jtcao/Library/Caches/visepanda/place-grounding-20260914/Native/Build/Products/Debug-iphonesimulator/VisePanda.app/Frameworks

Copy /Users/jtcao/Library/Caches/visepanda/place-grounding-20260914/Native/Build/Products/Debug-iphonesimulator/VisePanda.app/Frameworks/XCTestCore.framework /Applications/Xcode.app/Contents/Developer/Platforms/iPhoneSimulator.platform/Developer/Library/PrivateFrameworks/XCTestCore.framework (in target 'VisePanda' from project 'VisePanda')
    cd /Users/jtcao/Documents/VP-V4-S2-Place-Grounding/ios/VisePanda
    builtin-copy -exclude .DS_Store -exclude CVS -exclude .svn -exclude .git -exclude .hg -exclude Headers -exclude PrivateHeaders -exclude Modules -exclude \*.tbd -resolve-src-symlinks /Applications/Xcode.app/Contents/Developer/Platforms/iPhoneSimulator.platform/Developer/Library/PrivateFrameworks/XCTestCore.framework /Users/jtcao/Library/Caches/visepanda/place-grounding-20260914/Native/Build/Products/Debug-iphonesimulator/VisePanda.app/Frameworks

Copy /Users/jtcao/Library/Caches/visepanda/place-grounding-20260914/Native/Build/Products/Debug-iphonesimulator/VisePanda.app/Frameworks/XCTest.framework /Applications/Xcode.app/Contents/Developer/Platforms/iPhoneSimulator.platform/Developer/Library/Frameworks/XCTest.framework (in target 'VisePanda' from project 'VisePanda')
    cd /Users/jtcao/Documents/VP-V4-S2-Place-Grounding/ios/VisePanda
    builtin-copy -exclude .DS_Store -exclude CVS -exclude .svn -exclude .git -exclude .hg -exclude Headers -exclude PrivateHeaders -exclude Modules -exclude \*.tbd -resolve-src-symlinks /Applications/Xcode.app/Contents/Developer/Platforms/iPhoneSimulator.platform/Developer/Library/Frameworks/XCTest.framework /Users/jtcao/Library/Caches/visepanda/place-grounding-20260914/Native/Build/Products/Debug-iphonesimulator/VisePanda.app/Frameworks

Copy /Users/jtcao/Library/Caches/visepanda/place-grounding-20260914/Native/Build/Products/Debug-iphonesimulator/VisePanda.app/Frameworks/XCTAutomationSupport.framework /Applications/Xcode.app/Contents/Developer/Platforms/iPhoneSimulator.platform/Developer/Library/PrivateFrameworks/XCTAutomationSupport.framework (in target 'VisePanda' from project 'VisePanda')
    cd /Users/jtcao/Documents/VP-V4-S2-Place-Grounding/ios/VisePanda
    builtin-copy -exclude .DS_Store -exclude CVS -exclude .svn -exclude .git -exclude .hg -exclude Headers -exclude PrivateHeaders -exclude Modules -exclude \*.tbd -resolve-src-symlinks /Applications/Xcode.app/Contents/Developer/Platforms/iPhoneSimulator.platform/Developer/Library/PrivateFrameworks/XCTAutomationSupport.framework /Users/jtcao/Library/Caches/visepanda/place-grounding-20260914/Native/Build/Products/Debug-iphonesimulator/VisePanda.app/Frameworks

Copy /Users/jtcao/Library/Caches/visepanda/place-grounding-20260914/Native/Build/Products/Debug-iphonesimulator/VisePanda.app/Frameworks/Testing.framework /Applications/Xcode.app/Contents/Developer/Platforms/iPhoneSimulator.platform/Developer/Library/Frameworks/Testing.framework (in target 'VisePanda' from project 'VisePanda')
    cd /Users/jtcao/Documents/VP-V4-S2-Place-Grounding/ios/VisePanda
    builtin-copy -exclude .DS_Store -exclude CVS -exclude .svn -exclude .git -exclude .hg -exclude Headers -exclude PrivateHeaders -exclude Modules -exclude \*.tbd -resolve-src-symlinks /Applications/Xcode.app/Contents/Developer/Platforms/iPhoneSimulator.platform/Developer/Library/Frameworks/Testing.framework /Users/jtcao/Library/Caches/visepanda/place-grounding-20260914/Native/Build/Products/Debug-iphonesimulator/VisePanda.app/Frameworks

CompileXCStrings /Users/jtcao/Library/Caches/visepanda/place-grounding-20260914/Native/Build/Intermediates.noindex/VisePanda.build/Debug-iphonesimulator/VisePanda.build/ /Users/jtcao/Documents/VP-V4-S2-Place-Grounding/ios/VisePanda/VisePanda/Resources/Localizable.xcstrings (in target 'VisePanda' from project 'VisePanda')
    cd /Users/jtcao/Documents/VP-V4-S2-Place-Grounding/ios/VisePanda
    /Applications/Xcode.app/Contents/Developer/usr/bin/xcstringstool compile --output-directory /Users/jtcao/Library/Caches/visepanda/place-grounding-20260914/Native/Build/Intermediates.noindex/VisePanda.build/Debug-iphonesimulator/VisePanda.build /Users/jtcao/Documents/VP-V4-S2-Place-Grounding/ios/VisePanda/VisePanda/Resources/Localizable.xcstrings

CompileAssetCatalogVariant thinned /Users/jtcao/Library/Caches/visepanda/place-grounding-20260914/Native/Build/Products/Debug-iphonesimulator/VisePanda.app /Users/jtcao/Documents/VP-V4-S2-Place-Grounding/ios/VisePanda/VisePanda/Resources/Assets.xcassets (in target 'VisePanda' from project 'VisePanda')
    cd /Users/jtcao/Documents/VP-V4-S2-Place-Grounding/ios/VisePanda
    /Applications/Xcode.app/Contents/Developer/usr/bin/actool /Users/jtcao/Documents/VP-V4-S2-Place-Grounding/ios/VisePanda/VisePanda/Resources/Assets.xcassets --compile /Users/jtcao/Library/Caches/visepanda/place-grounding-20260914/Native/Build/Intermediates.noindex/VisePanda.build/Debug-iphonesimulator/VisePanda.build/assetcatalog_output/thinned --output-format human-readable-text --notices --warnings --export-dependency-info /Users/jtcao/Library/Caches/visepanda/place-grounding-20260914/Native/Build/Intermediates.noindex/VisePanda.build/Debug-iphonesimulator/VisePanda.build/assetcatalog_dependencies_thinned --output-partial-info-plist /Users/jtcao/Library/Caches/visepanda/place-grounding-20260914/Native/Build/Intermediates.noindex/VisePanda.build/Debug-iphonesimulator/VisePanda.build/assetcatalog_generated_info.plist_thinned --app-icon AppIcon --compress-pngs --enable-on-demand-resources YES --filter-for-thinning-device-configuration iPhone18,1 --filter-for-device-os-version 26.5 --development-region en --target-device iphone --minimum-deployment-target 17.0 --platform iphonesimulator
/* com.apple.actool.compilation-results */
/Users/jtcao/Library/Caches/visepanda/place-grounding-20260914/Native/Build/Intermediates.noindex/VisePanda.build/Debug-iphonesimulator/VisePanda.build/assetcatalog_generated_info.plist_thinned
/Users/jtcao/Library/Caches/visepanda/place-grounding-20260914/Native/Build/Intermediates.noindex/VisePanda.build/Debug-iphonesimulator/VisePanda.build/assetcatalog_output/thinned/AppIcon60x60@2x.png
/Users/jtcao/Library/Caches/visepanda/place-grounding-20260914/Native/Build/Intermediates.noindex/VisePanda.build/Debug-iphonesimulator/VisePanda.build/assetcatalog_output/thinned/AppIcon76x76@2x~ipad.png
/Users/jtcao/Library/Caches/visepanda/place-grounding-20260914/Native/Build/Intermediates.noindex/VisePanda.build/Debug-iphonesimulator/VisePanda.build/assetcatalog_output/thinned/Assets.car


CopyStringsFile /Users/jtcao/Library/Caches/visepanda/place-grounding-20260914/Native/Build/Products/Debug-iphonesimulator/VisePanda.app/zh-Hans.lproj/Localizable.strings /Users/jtcao/Library/Caches/visepanda/place-grounding-20260914/Native/Build/Intermediates.noindex/VisePanda.build/Debug-iphonesimulator/VisePanda.build/zh-Hans.lproj/Localizable.strings (in target 'VisePanda' from project 'VisePanda')
    cd /Users/jtcao/Documents/VP-V4-S2-Place-Grounding/ios/VisePanda
    builtin-copyStrings --validate --outputencoding binary --outfilename Localizable.strings --outdir /Users/jtcao/Library/Caches/visepanda/place-grounding-20260914/Native/Build/Products/Debug-iphonesimulator/VisePanda.app/zh-Hans.lproj -- /Users/jtcao/Library/Caches/visepanda/place-grounding-20260914/Native/Build/Intermediates.noindex/VisePanda.build/Debug-iphonesimulator/VisePanda.build/zh-Hans.lproj/Localizable.strings
/Users/jtcao/Library/Caches/visepanda/place-grounding-20260914/Native/Build/Intermediates.noindex/VisePanda.build/Debug-iphonesimulator/VisePanda.build/zh-Hans.lproj/Localizable.strings:1:1: note: detected encoding of input file as Unicode (UTF-8) (in target 'VisePanda' from project 'VisePanda')

CopyStringsFile /Users/jtcao/Library/Caches/visepanda/place-grounding-20260914/Native/Build/Products/Debug-iphonesimulator/VisePanda.app/es.lproj/Localizable.strings /Users/jtcao/Library/Caches/visepanda/place-grounding-20260914/Native/Build/Intermediates.noindex/VisePanda.build/Debug-iphonesimulator/VisePanda.build/es.lproj/Localizable.strings (in target 'VisePanda' from project 'VisePanda')
    cd /Users/jtcao/Documents/VP-V4-S2-Place-Grounding/ios/VisePanda
    builtin-copyStrings --validate --outputencoding binary --outfilename Localizable.strings --outdir /Users/jtcao/Library/Caches/visepanda/place-grounding-20260914/Native/Build/Products/Debug-iphonesimulator/VisePanda.app/es.lproj -- /Users/jtcao/Library/Caches/visepanda/place-grounding-20260914/Native/Build/Intermediates.noindex/VisePanda.build/Debug-iphonesimulator/VisePanda.build/es.lproj/Localizable.strings
/Users/jtcao/Library/Caches/visepanda/place-grounding-20260914/Native/Build/Intermediates.noindex/VisePanda.build/Debug-iphonesimulator/VisePanda.build/es.lproj/Localizable.strings:1:1: note: detected encoding of input file as Unicode (UTF-8) (in target 'VisePanda' from project 'VisePanda')

CopyStringsFile /Users/jtcao/Library/Caches/visepanda/place-grounding-20260914/Native/Build/Products/Debug-iphonesimulator/VisePanda.app/ar.lproj/Localizable.strings /Users/jtcao/Library/Caches/visepanda/place-grounding-20260914/Native/Build/Intermediates.noindex/VisePanda.build/Debug-iphonesimulator/VisePanda.build/ar.lproj/Localizable.strings (in target 'VisePanda' from project 'VisePanda')
    cd /Users/jtcao/Documents/VP-V4-S2-Place-Grounding/ios/VisePanda
    builtin-copyStrings --validate --outputencoding binary --outfilename Localizable.strings --outdir /Users/jtcao/Library/Caches/visepanda/place-grounding-20260914/Native/Build/Products/Debug-iphonesimulator/VisePanda.app/ar.lproj -- /Users/jtcao/Library/Caches/visepanda/place-grounding-20260914/Native/Build/Intermediates.noindex/VisePanda.build/Debug-iphonesimulator/VisePanda.build/ar.lproj/Localizable.strings
/Users/jtcao/Library/Caches/visepanda/place-grounding-20260914/Native/Build/Intermediates.noindex/VisePanda.build/Debug-iphonesimulator/VisePanda.build/ar.lproj/Localizable.strings:1:1: note: detected encoding of input file as Unicode (UTF-8) (in target 'VisePanda' from project 'VisePanda')

CopyStringsFile /Users/jtcao/Library/Caches/visepanda/place-grounding-20260914/Native/Build/Products/Debug-iphonesimulator/VisePanda.app/ru.lproj/Localizable.strings /Users/jtcao/Library/Caches/visepanda/place-grounding-20260914/Native/Build/Intermediates.noindex/VisePanda.build/Debug-iphonesimulator/VisePanda.build/ru.lproj/Localizable.strings (in target 'VisePanda' from project 'VisePanda')
    cd /Users/jtcao/Documents/VP-V4-S2-Place-Grounding/ios/VisePanda
    builtin-copyStrings --validate --outputencoding binary --outfilename Localizable.strings --outdir /Users/jtcao/Library/Caches/visepanda/place-grounding-20260914/Native/Build/Products/Debug-iphonesimulator/VisePanda.app/ru.lproj -- /Users/jtcao/Library/Caches/visepanda/place-grounding-20260914/Native/Build/Intermediates.noindex/VisePanda.build/Debug-iphonesimulator/VisePanda.build/ru.lproj/Localizable.strings
/Users/jtcao/Library/Caches/visepanda/place-grounding-20260914/Native/Build/Intermediates.noindex/VisePanda.build/Debug-iphonesimulator/VisePanda.build/ru.lproj/Localizable.strings:1:1: note: detected encoding of input file as Unicode (UTF-8) (in target 'VisePanda' from project 'VisePanda')

CopyStringsFile /Users/jtcao/Library/Caches/visepanda/place-grounding-20260914/Native/Build/Products/Debug-iphonesimulator/VisePanda.app/en.lproj/Localizable.strings /Users/jtcao/Library/Caches/visepanda/place-grounding-20260914/Native/Build/Intermediates.noindex/VisePanda.build/Debug-iphonesimulator/VisePanda.build/en.lproj/Localizable.strings (in target 'VisePanda' from project 'VisePanda')
    cd /Users/jtcao/Documents/VP-V4-S2-Place-Grounding/ios/VisePanda
    builtin-copyStrings --validate --outputencoding binary --outfilename Localizable.strings --outdir /Users/jtcao/Library/Caches/visepanda/place-grounding-20260914/Native/Build/Products/Debug-iphonesimulator/VisePanda.app/en.lproj -- /Users/jtcao/Library/Caches/visepanda/place-grounding-20260914/Native/Build/Intermediates.noindex/VisePanda.build/Debug-iphonesimulator/VisePanda.build/en.lproj/Localizable.strings
/Users/jtcao/Library/Caches/visepanda/place-grounding-20260914/Native/Build/Intermediates.noindex/VisePanda.build/Debug-iphonesimulator/VisePanda.build/en.lproj/Localizable.strings:1:1: note: detected encoding of input file as Unicode (UTF-8) (in target 'VisePanda' from project 'VisePanda')

SwiftDriver VisePanda normal arm64 com.apple.xcode.tools.swift.compiler (in target 'VisePanda' from project 'VisePanda')
    cd /Users/jtcao/Documents/VP-V4-S2-Place-Grounding/ios/VisePanda
    builtin-SwiftDriver -- /Applications/Xcode.app/Contents/Developer/Toolchains/XcodeDefault.xctoolchain/usr/bin/swiftc -module-name VisePanda -Onone @/Users/jtcao/Library/Caches/visepanda/place-grounding-20260914/Native/Build/Intermediates.noindex/VisePanda.build/Debug-iphonesimulator/VisePanda.build/Objects-normal/arm64/VisePanda.SwiftFileList -DDEBUG -default-isolation\=MainActor -enable-upcoming-feature InferIsolatedConformances -enable-upcoming-feature NonisolatedNonsendingByDefault -enable-experimental-feature DebugDescriptionMacro -sdk /Applications/Xcode.app/Contents/Developer/Platforms/iPhoneSimulator.platform/Developer/SDKs/iPhoneSimulator26.5.sdk -target arm64-apple-ios17.0-simulator -g -module-cache-path /Users/jtcao/Library/Caches/visepanda/place-grounding-20260914/Native/ModuleCache.noindex -Xfrontend -serialize-debugging-options -enable-testing -index-store-path /Users/jtcao/Library/Caches/visepanda/place-grounding-20260914/Native/Index.noindex/DataStore -Xcc -D_LIBCPP_HARDENING_MODE\=_LIBCPP_HARDENING_MODE_DEBUG -swift-version 6 -I /Users/jtcao/Library/Caches/visepanda/place-grounding-20260914/Native/Build/Products/Debug-iphonesimulator -F /Users/jtcao/Library/Caches/visepanda/place-grounding-20260914/Native/Build/Products/Debug-iphonesimulator -c -j8 -enable-batch-mode -incremental -Xcc -ivfsstatcache -Xcc /Users/jtcao/Library/Caches/visepanda/place-grounding-20260914/Native/SDKStatCaches.noindex/iphonesimulator26.5-23F81a-6cfe768891a92b912361537c460fe42b.sdkstatcache -output-file-map /Users/jtcao/Library/Caches/visepanda/place-grounding-20260914/Native/Build/Intermediates.noindex/VisePanda.build/Debug-iphonesimulator/VisePanda.build/Objects-normal/arm64/VisePanda-OutputFileMap.json -use-frontend-parseable-output -save-temps -no-color-diagnostics -explicit-module-build -module-cache-path /Users/jtcao/Library/Caches/visepanda/place-grounding-20260914/Native/Build/Intermediates.noindex/SwiftExplicitPrecompiledModules -clang-scanner-module-cache-path /Users/jtcao/Library/Caches/visepanda/place-grounding-20260914/Native/ModuleCache.noindex -sdk-module-cache-path /Users/jtcao/Library/Caches/visepanda/place-grounding-20260914/Native/ModuleCache.noindex -serialize-diagnostics -emit-dependencies -emit-module -emit-module-path /Users/jtcao/Library/Caches/visepanda/place-grounding-20260914/Native/Build/Intermediates.noindex/VisePanda.build/Debug-iphonesimulator/VisePanda.build/Objects-normal/arm64/VisePanda.swiftmodule -validate-clang-modules-once -clang-build-session-file /Users/jtcao/Library/Caches/visepanda/place-grounding-20260914/Native/ModuleCache.noindex/Session.modulevalidation -Xcc -I/Users/jtcao/Library/Caches/visepanda/place-grounding-20260914/Native/Build/Intermediates.noindex/VisePanda.build/Debug-iphonesimulator/VisePanda.build/swift-overrides.hmap -emit-const-values -Xfrontend -const-gather-protocols-file -Xfrontend /Users/jtcao/Library/Caches/visepanda/place-grounding-20260914/Native/Build/Intermediates.noindex/VisePanda.build/Debug-iphonesimulator/VisePanda.build/Objects-normal/arm64/VisePanda_const_extract_protocols.json -Xcc -iquote -Xcc /Users/jtcao/Library/Caches/visepanda/place-grounding-20260914/Native/Build/Intermediates.noindex/VisePanda.build/Debug-iphonesimulator/VisePanda.build/VisePanda-generated-files.hmap -Xcc -I/Users/jtcao/Library/Caches/visepanda/place-grounding-20260914/Native/Build/Intermediates.noindex/VisePanda.build/Debug-iphonesimulator/VisePanda.build/VisePanda-own-target-headers.hmap -Xcc -I/Users/jtcao/Library/Caches/visepanda/place-grounding-20260914/Native/Build/Intermediates.noindex/VisePanda.build/Debug-iphonesimulator/VisePanda.build/VisePanda-all-target-headers.hmap -Xcc -iquote -Xcc /Users/jtcao/Library/Caches/visepanda/place-grounding-20260914/Native/Build/Intermediates.noindex/VisePanda.build/Debug-iphonesimulator/VisePanda.build/VisePanda-project-headers.hmap -Xcc -I/Users/jtcao/Library/Caches/visepanda/place-grounding-20260914/Native/Build/Products/Debug-iphonesimulator/include -Xcc -I/Users/jtcao/Library/Caches/visepanda/place-grounding-20260914/Native/Build/Intermediates.noindex/VisePanda.build/Debug-iphonesimulator/VisePanda.build/DerivedSources-normal/arm64 -Xcc -I/Users/jtcao/Library/Caches/visepanda/place-grounding-20260914/Native/Build/Intermediates.noindex/VisePanda.build/Debug-iphonesimulator/VisePanda.build/DerivedSources/arm64 -Xcc -I/Users/jtcao/Library/Caches/visepanda/place-grounding-20260914/Native/Build/Intermediates.noindex/VisePanda.build/Debug-iphonesimulator/VisePanda.build/DerivedSources -emit-objc-header -emit-objc-header-path /Users/jtcao/Library/Caches/visepanda/place-grounding-20260914/Native/Build/Intermediates.noindex/VisePanda.build/Debug-iphonesimulator/VisePanda.build/Objects-normal/arm64/VisePanda-Swift.h -working-directory /Users/jtcao/Documents/VP-V4-S2-Place-Grounding/ios/VisePanda -experimental-emit-module-separately -disable-cmo

SwiftExplicitDependencyGeneratePcm arm64 /Users/jtcao/Library/Caches/visepanda/place-grounding-20260914/Native/ModuleCache.noindex/_Builtin_stdbool-B3OQS0P610Z69QBC9CYLL82PF.pcm

SwiftExplicitDependencyGeneratePcm arm64 /Users/jtcao/Library/Caches/visepanda/place-grounding-20260914/Native/ModuleCache.noindex/_Builtin_stddef-CDAOQWEE5M2XKBYQR8XCO8RVK.pcm

SwiftExplicitDependencyGeneratePcm arm64 /Users/jtcao/Library/Caches/visepanda/place-grounding-20260914/Native/ModuleCache.noindex/DeveloperToolsSupport-173YQIYJ8KF87LU08DUDR4KOA.pcm

SwiftExplicitDependencyGeneratePcm arm64 /Users/jtcao/Library/Caches/visepanda/place-grounding-20260914/Native/ModuleCache.noindex/ptrauth-CIWQCUUQWJ76BF3OTWJLA6M0Y.pcm

SwiftExplicitDependencyGeneratePcm arm64 /Users/jtcao/Library/Caches/visepanda/place-grounding-20260914/Native/ModuleCache.noindex/_Builtin_float-2IO9QDFSSMMCUYIO7GC3XC7PF.pcm

SwiftExplicitDependencyGeneratePcm arm64 /Users/jtcao/Library/Caches/visepanda/place-grounding-20260914/Native/ModuleCache.noindex/ptrcheck-3DNCEWOE8UHFMKGFTW5Y29Q6N.pcm

SwiftExplicitDependencyGeneratePcm arm64 /Users/jtcao/Library/Caches/visepanda/place-grounding-20260914/Native/ModuleCache.noindex/SwiftShims-6B3JYNY6JU0RBYP09CPFP6LH6.pcm

SwiftExplicitDependencyGeneratePcm arm64 /Users/jtcao/Library/Caches/visepanda/place-grounding-20260914/Native/ModuleCache.noindex/_SwiftConcurrencyShims-18QACI6PNFH0K8MYB32QR1WRN.pcm

SwiftExplicitDependencyGeneratePcm arm64 /Users/jtcao/Library/Caches/visepanda/place-grounding-20260914/Native/ModuleCache.noindex/_Builtin_stdarg-6BK366M9ACCSOD7JYCODOJCOT.pcm

SwiftExplicitDependencyGeneratePcm arm64 /Users/jtcao/Library/Caches/visepanda/place-grounding-20260914/Native/ModuleCache.noindex/_AvailabilityInternal-A2L7CHK4E9Y6LB6VXQWOYBSIQ.pcm

SwiftExplicitDependencyGeneratePcm arm64 /Users/jtcao/Library/Caches/visepanda/place-grounding-20260914/Native/ModuleCache.noindex/_DarwinFoundation1-4RPKMLJJXBSPYAXNC2EBJ7BAG.pcm

SwiftExplicitDependencyGeneratePcm arm64 /Users/jtcao/Library/Caches/visepanda/place-grounding-20260914/Native/ModuleCache.noindex/_DarwinFoundation2-EJJWQ5Y32MDZ9MA81I7QJB9C2.pcm

SwiftExplicitDependencyGeneratePcm arm64 /Users/jtcao/Library/Caches/visepanda/place-grounding-20260914/Native/ModuleCache.noindex/_Builtin_limits-3I6M5CU9MPUA95HXAUM9XFE8W.pcm

SwiftExplicitDependencyGeneratePcm arm64 /Users/jtcao/Library/Caches/visepanda/place-grounding-20260914/Native/ModuleCache.noindex/_Builtin_tgmath-9NNE62XNJNP4QV3PY9IKLZFFT.pcm

SwiftExplicitDependencyGeneratePcm arm64 /Users/jtcao/Library/Caches/visepanda/place-grounding-20260914/Native/ModuleCache.noindex/_Builtin_stdint-E9YDMRHLS4TPQSMJ30J0J6RUV.pcm

SwiftExplicitDependencyGeneratePcm arm64 /Users/jtcao/Library/Caches/visepanda/place-grounding-20260914/Native/ModuleCache.noindex/sys_types-2O75LUXNIRBGNZ4TVN9NPSE08.pcm

SwiftExplicitDependencyGeneratePcm arm64 /Users/jtcao/Library/Caches/visepanda/place-grounding-20260914/Native/ModuleCache.noindex/_Builtin_intrinsics-8ZSFZ6F6ZSU871SM4UMGVNZFO.pcm

SwiftExplicitDependencyGeneratePcm arm64 /Users/jtcao/Library/Caches/visepanda/place-grounding-20260914/Native/ModuleCache.noindex/_Builtin_stdatomic-BE6XSHFADBYETM85M1UJTTT66.pcm

SwiftExplicitDependencyGeneratePcm arm64 /Users/jtcao/Library/Caches/visepanda/place-grounding-20260914/Native/ModuleCache.noindex/_DarwinFoundation3-BUXB5USJMI8W7RGU4XJ33BXIT.pcm

SwiftExplicitDependencyGeneratePcm arm64 /Users/jtcao/Library/Caches/visepanda/place-grounding-20260914/Native/ModuleCache.noindex/_Builtin_inttypes-4IUDTHJERQCLUXQR98TY4W9RI.pcm

SwiftExplicitDependencyGeneratePcm arm64 /Users/jtcao/Library/Caches/visepanda/place-grounding-20260914/Native/ModuleCache.noindex/Darwin-ETPVCOOELQSL0TEQOWJ4MZOQ0.pcm

SwiftExplicitDependencyGeneratePcm arm64 /Users/jtcao/Library/Caches/visepanda/place-grounding-20260914/Native/ModuleCache.noindex/simd-CI0WRQJX7Q01CBWT8NKCDZ0T0.pcm

SwiftExplicitDependencyGeneratePcm arm64 /Users/jtcao/Library/Caches/visepanda/place-grounding-20260914/Native/ModuleCache.noindex/MachO-3HHC2MWAXWWHZ8YORGLP08PO7.pcm

SwiftExplicitDependencyGeneratePcm arm64 /Users/jtcao/Library/Caches/visepanda/place-grounding-20260914/Native/ModuleCache.noindex/ObjectiveC-8ZEIJOTULJIZ495NA8RXILG01.pcm

SwiftExplicitDependencyGeneratePcm arm64 /Users/jtcao/Library/Caches/visepanda/place-grounding-20260914/Native/ModuleCache.noindex/os_object-5WQ87DP1FEFK77847HYB4TIAO.pcm

SwiftExplicitDependencyGeneratePcm arm64 /Users/jtcao/Library/Caches/visepanda/place-grounding-20260914/Native/ModuleCache.noindex/Spatial-8Q3L90ZK0OXB6X6F49IINPWOS.pcm

SwiftExplicitDependencyGeneratePcm arm64 /Users/jtcao/Library/Caches/visepanda/place-grounding-20260914/Native/ModuleCache.noindex/os_workgroup-ETDQXGI6ONR1ARA9IVDC7KMK3.pcm

SwiftExplicitDependencyGeneratePcm arm64 /Users/jtcao/Library/Caches/visepanda/place-grounding-20260914/Native/ModuleCache.noindex/Dispatch-7UR73F1QX694ZWR8X1DAQ483R.pcm

SwiftExplicitDependencyGeneratePcm arm64 /Users/jtcao/Library/Caches/visepanda/place-grounding-20260914/Native/ModuleCache.noindex/XPC-F334EYDVVWN9YD1GMKOKT41TF.pcm

SwiftExplicitDependencyGeneratePcm arm64 /Users/jtcao/Library/Caches/visepanda/place-grounding-20260914/Native/ModuleCache.noindex/CoreFoundation-7GZYU3V7XN5W9CUORP8LA1M83.pcm

SwiftExplicitDependencyGeneratePcm arm64 /Users/jtcao/Library/Caches/visepanda/place-grounding-20260914/Native/ModuleCache.noindex/os-35H6GBJMG7YA2HJSRZ5TF929B.pcm

SwiftExplicitDependencyGeneratePcm arm64 /Users/jtcao/Library/Caches/visepanda/place-grounding-20260914/Native/ModuleCache.noindex/Security-6NU3QNM4WDMPSULUY4Q2WNVOG.pcm

SwiftExplicitDependencyGeneratePcm arm64 /Users/jtcao/Library/Caches/visepanda/place-grounding-20260914/Native/ModuleCache.noindex/CoreGraphics-1D7FID2G2DOY0PVNUXDSTTWDW.pcm

SwiftExplicitDependencyGeneratePcm arm64 /Users/jtcao/Library/Caches/visepanda/place-grounding-20260914/Native/ModuleCache.noindex/CFNetwork-DEU0NL5NXGXE85DSHA15XRJLC.pcm

SwiftExplicitDependencyGeneratePcm arm64 /Users/jtcao/Library/Caches/visepanda/place-grounding-20260914/Native/ModuleCache.noindex/Foundation-5RXIZNDKC06K59MC0O9LBTJYK.pcm

SwiftExplicitDependencyGeneratePcm arm64 /Users/jtcao/Library/Caches/visepanda/place-grounding-20260914/Native/ModuleCache.noindex/ImageIO-A5NEN95CIF1QFB9KIQR216O8B.pcm

SwiftExplicitDependencyGeneratePcm arm64 /Users/jtcao/Library/Caches/visepanda/place-grounding-20260914/Native/ModuleCache.noindex/CoreText-BSRHZMPOTOVB5VJLHF4XOB982.pcm

SwiftExplicitDependencyGeneratePcm arm64 /Users/jtcao/Library/Caches/visepanda/place-grounding-20260914/Native/ModuleCache.noindex/IOSurface-CAOU70ICT2TU4B68N2C3YULPG.pcm

SwiftExplicitDependencyGeneratePcm arm64 /Users/jtcao/Library/Caches/visepanda/place-grounding-20260914/Native/ModuleCache.noindex/FileProvider-94LAIKSNL7JSSQY4ZXFL62LZL.pcm

SwiftExplicitDependencyGeneratePcm arm64 /Users/jtcao/Library/Caches/visepanda/place-grounding-20260914/Native/ModuleCache.noindex/CoreTransferable-DO2IBVIJTUJYNCK9CYH1BN3YB.pcm

SwiftExplicitDependencyGeneratePcm arm64 /Users/jtcao/Library/Caches/visepanda/place-grounding-20260914/Native/ModuleCache.noindex/DataDetection-4PZ1NFIRSE17NJWETF0S6WFJA.pcm

SwiftExplicitDependencyGeneratePcm arm64 /Users/jtcao/Library/Caches/visepanda/place-grounding-20260914/Native/ModuleCache.noindex/Accessibility-BH84DGRYYGC25RO3PVHNVJKTM.pcm

SwiftExplicitDependencyGeneratePcm arm64 /Users/jtcao/Library/Caches/visepanda/place-grounding-20260914/Native/ModuleCache.noindex/OSLog-DT2PX1JG65MDRDRC2NPFA366V.pcm

SwiftExplicitDependencyGeneratePcm arm64 /Users/jtcao/Library/Caches/visepanda/place-grounding-20260914/Native/ModuleCache.noindex/Symbols-6GRGCRDQTIWKGL2UZAE3S1R04.pcm

SwiftExplicitDependencyGeneratePcm arm64 /Users/jtcao/Library/Caches/visepanda/place-grounding-20260914/Native/ModuleCache.noindex/UserNotifications-4D6IKCP9WQRMM0CC2AXUTOMU0.pcm

SwiftExplicitDependencyGeneratePcm arm64 /Users/jtcao/Library/Caches/visepanda/place-grounding-20260914/Native/ModuleCache.noindex/CoreData-5M0DTF8WLBJW2W9TEU8XPGBQP.pcm

SwiftExplicitDependencyGeneratePcm arm64 /Users/jtcao/Library/Caches/visepanda/place-grounding-20260914/Native/ModuleCache.noindex/UIUtilities-2I78GRGCMG5VTEOACNKWPL0FY.pcm

SwiftExplicitDependencyGeneratePcm arm64 /Users/jtcao/Library/Caches/visepanda/place-grounding-20260914/Native/ModuleCache.noindex/OpenGLES-6663FL8DP1ILSTLZ7R7LM7NLA.pcm

SwiftExplicitDependencyGeneratePcm arm64 /Users/jtcao/Library/Caches/visepanda/place-grounding-20260914/Native/ModuleCache.noindex/Metal-7QJC9TYFWGNJU5R6V2KDN0Y8F.pcm

SwiftExplicitDependencyGeneratePcm arm64 /Users/jtcao/Library/Caches/visepanda/place-grounding-20260914/Native/ModuleCache.noindex/UniformTypeIdentifiers-CIGNG3I8MAAQMM61W10GJ0PI.pcm

SwiftExplicitDependencyGeneratePcm arm64 /Users/jtcao/Library/Caches/visepanda/place-grounding-20260914/Native/ModuleCache.noindex/CoreVideo-9S8KSCB2P7TMFGG57ILBD8JA2.pcm

SwiftExplicitDependencyGeneratePcm arm64 /Users/jtcao/Library/Caches/visepanda/place-grounding-20260914/Native/ModuleCache.noindex/CoreImage-73PZ2BLM9ERA1LWQTUFJECAQF.pcm

SwiftExplicitDependencyGeneratePcm arm64 /Users/jtcao/Library/Caches/visepanda/place-grounding-20260914/Native/ModuleCache.noindex/QuartzCore-5QRFB1EXXGHKP5170BN86Z6PN.pcm

SwiftExplicitDependencyGeneratePcm arm64 /Users/jtcao/Library/Caches/visepanda/place-grounding-20260914/Native/ModuleCache.noindex/SwiftUICore-9D9J7DTHGFNAHXL32TU9KAM0C.pcm

SwiftExplicitDependencyGeneratePcm arm64 /Users/jtcao/Library/Caches/visepanda/place-grounding-20260914/Native/ModuleCache.noindex/UIKit-APD4K2T1PLJ5U9JA6LDRY9UMN.pcm

SwiftExplicitDependencyGeneratePcm arm64 /Users/jtcao/Library/Caches/visepanda/place-grounding-20260914/Native/ModuleCache.noindex/SwiftUI-C7253J1VVE4B3026PM0398K76.pcm

SwiftEmitModule normal arm64 Emitting\ module\ for\ VisePanda (in target 'VisePanda' from project 'VisePanda')
EmitSwiftModule normal arm64 (in target 'VisePanda' from project 'VisePanda')
    cd /Users/jtcao/Documents/VP-V4-S2-Place-Grounding/ios/VisePanda


SwiftCompile normal arm64 Compiling\ AppRoute.swift,\ Capability.swift,\ VisePandaTheme.swift /Users/jtcao/Documents/VP-V4-S2-Place-Grounding/ios/VisePanda/VisePanda/Navigation/AppRoute.swift /Users/jtcao/Documents/VP-V4-S2-Place-Grounding/ios/VisePanda/VisePanda/Navigation/Capability.swift /Users/jtcao/Documents/VP-V4-S2-Place-Grounding/ios/VisePanda/VisePanda/DesignSystem/VisePandaTheme.swift (in target 'VisePanda' from project 'VisePanda')
SwiftCompile normal arm64 /Users/jtcao/Documents/VP-V4-S2-Place-Grounding/ios/VisePanda/VisePanda/Navigation/AppRoute.swift (in target 'VisePanda' from project 'VisePanda')
    cd /Users/jtcao/Documents/VP-V4-S2-Place-Grounding/ios/VisePanda


SwiftCompile normal arm64 /Users/jtcao/Documents/VP-V4-S2-Place-Grounding/ios/VisePanda/VisePanda/Navigation/Capability.swift (in target 'VisePanda' from project 'VisePanda')
    cd /Users/jtcao/Documents/VP-V4-S2-Place-Grounding/ios/VisePanda


SwiftCompile normal arm64 /Users/jtcao/Documents/VP-V4-S2-Place-Grounding/ios/VisePanda/VisePanda/DesignSystem/VisePandaTheme.swift (in target 'VisePanda' from project 'VisePanda')
    cd /Users/jtcao/Documents/VP-V4-S2-Place-Grounding/ios/VisePanda


SwiftCompile normal arm64 Compiling\ TodayView.swift,\ AskView.swift,\ TripView.swift /Users/jtcao/Documents/VP-V4-S2-Place-Grounding/ios/VisePanda/VisePanda/Features/Today/TodayView.swift /Users/jtcao/Documents/VP-V4-S2-Place-Grounding/ios/VisePanda/VisePanda/Features/Ask/AskView.swift /Users/jtcao/Documents/VP-V4-S2-Place-Grounding/ios/VisePanda/VisePanda/Features/Trip/TripView.swift (in target 'VisePanda' from project 'VisePanda')

SwiftCompile normal arm64 /Users/jtcao/Documents/VP-V4-S2-Place-Grounding/ios/VisePanda/VisePanda/Features/Today/TodayView.swift (in target 'VisePanda' from project 'VisePanda')
    cd /Users/jtcao/Documents/VP-V4-S2-Place-Grounding/ios/VisePanda


SwiftCompile normal arm64 /Users/jtcao/Documents/VP-V4-S2-Place-Grounding/ios/VisePanda/VisePanda/Features/Ask/AskView.swift (in target 'VisePanda' from project 'VisePanda')
    cd /Users/jtcao/Documents/VP-V4-S2-Place-Grounding/ios/VisePanda


SwiftCompile normal arm64 /Users/jtcao/Documents/VP-V4-S2-Place-Grounding/ios/VisePanda/VisePanda/Features/Trip/TripView.swift (in target 'VisePanda' from project 'VisePanda')
    cd /Users/jtcao/Documents/VP-V4-S2-Place-Grounding/ios/VisePanda


SwiftCompile normal arm64 Compiling\ ExploreView.swift,\ ProfileView.swift,\ GeneratedAssetSymbols.swift /Users/jtcao/Documents/VP-V4-S2-Place-Grounding/ios/VisePanda/VisePanda/Features/Explore/ExploreView.swift /Users/jtcao/Documents/VP-V4-S2-Place-Grounding/ios/VisePanda/VisePanda/Features/Profile/ProfileView.swift /Users/jtcao/Library/Caches/visepanda/place-grounding-20260914/Native/Build/Intermediates.noindex/VisePanda.build/Debug-iphonesimulator/VisePanda.build/DerivedSources/GeneratedAssetSymbols.swift (in target 'VisePanda' from project 'VisePanda')

SwiftCompile normal arm64 /Users/jtcao/Documents/VP-V4-S2-Place-Grounding/ios/VisePanda/VisePanda/Features/Explore/ExploreView.swift (in target 'VisePanda' from project 'VisePanda')
    cd /Users/jtcao/Documents/VP-V4-S2-Place-Grounding/ios/VisePanda


SwiftCompile normal arm64 /Users/jtcao/Documents/VP-V4-S2-Place-Grounding/ios/VisePanda/VisePanda/Features/Profile/ProfileView.swift (in target 'VisePanda' from project 'VisePanda')
    cd /Users/jtcao/Documents/VP-V4-S2-Place-Grounding/ios/VisePanda


SwiftCompile normal arm64 /Users/jtcao/Library/Caches/visepanda/place-grounding-20260914/Native/Build/Intermediates.noindex/VisePanda.build/Debug-iphonesimulator/VisePanda.build/DerivedSources/GeneratedAssetSymbols.swift (in target 'VisePanda' from project 'VisePanda')
    cd /Users/jtcao/Documents/VP-V4-S2-Place-Grounding/ios/VisePanda


SwiftCompile normal arm64 Compiling\ AppSettings.swift,\ AppShellView.swift,\ AppTab.swift /Users/jtcao/Documents/VP-V4-S2-Place-Grounding/ios/VisePanda/VisePanda/App/AppSettings.swift /Users/jtcao/Documents/VP-V4-S2-Place-Grounding/ios/VisePanda/VisePanda/App/AppShellView.swift /Users/jtcao/Documents/VP-V4-S2-Place-Grounding/ios/VisePanda/VisePanda/Navigation/AppTab.swift (in target 'VisePanda' from project 'VisePanda')

SwiftCompile normal arm64 /Users/jtcao/Documents/VP-V4-S2-Place-Grounding/ios/VisePanda/VisePanda/App/AppSettings.swift (in target 'VisePanda' from project 'VisePanda')
    cd /Users/jtcao/Documents/VP-V4-S2-Place-Grounding/ios/VisePanda


SwiftCompile normal arm64 /Users/jtcao/Documents/VP-V4-S2-Place-Grounding/ios/VisePanda/VisePanda/App/AppShellView.swift (in target 'VisePanda' from project 'VisePanda')
    cd /Users/jtcao/Documents/VP-V4-S2-Place-Grounding/ios/VisePanda


SwiftCompile normal arm64 /Users/jtcao/Documents/VP-V4-S2-Place-Grounding/ios/VisePanda/VisePanda/Navigation/AppTab.swift (in target 'VisePanda' from project 'VisePanda')
    cd /Users/jtcao/Documents/VP-V4-S2-Place-Grounding/ios/VisePanda


SwiftCompile normal arm64 Compiling\ BrandHeader.swift,\ PreviewStatusBanner.swift,\ CapabilityCard.swift /Users/jtcao/Documents/VP-V4-S2-Place-Grounding/ios/VisePanda/VisePanda/Components/BrandHeader.swift /Users/jtcao/Documents/VP-V4-S2-Place-Grounding/ios/VisePanda/VisePanda/Components/PreviewStatusBanner.swift /Users/jtcao/Documents/VP-V4-S2-Place-Grounding/ios/VisePanda/VisePanda/Components/CapabilityCard.swift (in target 'VisePanda' from project 'VisePanda')

SwiftCompile normal arm64 /Users/jtcao/Documents/VP-V4-S2-Place-Grounding/ios/VisePanda/VisePanda/Components/BrandHeader.swift (in target 'VisePanda' from project 'VisePanda')
    cd /Users/jtcao/Documents/VP-V4-S2-Place-Grounding/ios/VisePanda


SwiftCompile normal arm64 /Users/jtcao/Documents/VP-V4-S2-Place-Grounding/ios/VisePanda/VisePanda/Components/PreviewStatusBanner.swift (in target 'VisePanda' from project 'VisePanda')
    cd /Users/jtcao/Documents/VP-V4-S2-Place-Grounding/ios/VisePanda


SwiftCompile normal arm64 /Users/jtcao/Documents/VP-V4-S2-Place-Grounding/ios/VisePanda/VisePanda/Components/CapabilityCard.swift (in target 'VisePanda' from project 'VisePanda')
    cd /Users/jtcao/Documents/VP-V4-S2-Place-Grounding/ios/VisePanda


SwiftCompile normal arm64 Compiling\ NativeAskView.swift,\ NativeAskModels.swift,\ NativeAskStore.swift,\ NativeTripModels.swift /Users/jtcao/Documents/VP-V4-S2-Place-Grounding/ios/VisePanda/VisePanda/Features/Ask/NativeAskView.swift /Users/jtcao/Documents/VP-V4-S2-Place-Grounding/ios/VisePanda/VisePanda/Features/Ask/NativeAskModels.swift /Users/jtcao/Documents/VP-V4-S2-Place-Grounding/ios/VisePanda/VisePanda/Features/Ask/NativeAskStore.swift /Users/jtcao/Documents/VP-V4-S2-Place-Grounding/ios/VisePanda/VisePanda/Features/Trip/NativeTripModels.swift (in target 'VisePanda' from project 'VisePanda')
SwiftCompile normal arm64 /Users/jtcao/Documents/VP-V4-S2-Place-Grounding/ios/VisePanda/VisePanda/Features/Ask/NativeAskView.swift (in target 'VisePanda' from project 'VisePanda')
    cd /Users/jtcao/Documents/VP-V4-S2-Place-Grounding/ios/VisePanda


SwiftCompile normal arm64 /Users/jtcao/Documents/VP-V4-S2-Place-Grounding/ios/VisePanda/VisePanda/Features/Ask/NativeAskModels.swift (in target 'VisePanda' from project 'VisePanda')
    cd /Users/jtcao/Documents/VP-V4-S2-Place-Grounding/ios/VisePanda


SwiftCompile normal arm64 /Users/jtcao/Documents/VP-V4-S2-Place-Grounding/ios/VisePanda/VisePanda/Features/Ask/NativeAskStore.swift (in target 'VisePanda' from project 'VisePanda')
    cd /Users/jtcao/Documents/VP-V4-S2-Place-Grounding/ios/VisePanda


SwiftCompile normal arm64 /Users/jtcao/Documents/VP-V4-S2-Place-Grounding/ios/VisePanda/VisePanda/Features/Trip/NativeTripModels.swift (in target 'VisePanda' from project 'VisePanda')
    cd /Users/jtcao/Documents/VP-V4-S2-Place-Grounding/ios/VisePanda


SwiftCompile normal arm64 Compiling\ NativeTripStore.swift,\ NativeTripView.swift,\ NativeSession.swift,\ VisePandaApp.swift /Users/jtcao/Documents/VP-V4-S2-Place-Grounding/ios/VisePanda/VisePanda/Features/Trip/NativeTripStore.swift /Users/jtcao/Documents/VP-V4-S2-Place-Grounding/ios/VisePanda/VisePanda/Features/Trip/NativeTripView.swift /Users/jtcao/Documents/VP-V4-S2-Place-Grounding/ios/VisePanda/VisePanda/App/NativeSession.swift /Users/jtcao/Documents/VP-V4-S2-Place-Grounding/ios/VisePanda/VisePanda/App/VisePandaApp.swift (in target 'VisePanda' from project 'VisePanda')

SwiftCompile normal arm64 /Users/jtcao/Documents/VP-V4-S2-Place-Grounding/ios/VisePanda/VisePanda/Features/Trip/NativeTripStore.swift (in target 'VisePanda' from project 'VisePanda')
    cd /Users/jtcao/Documents/VP-V4-S2-Place-Grounding/ios/VisePanda


SwiftCompile normal arm64 /Users/jtcao/Documents/VP-V4-S2-Place-Grounding/ios/VisePanda/VisePanda/Features/Trip/NativeTripView.swift (in target 'VisePanda' from project 'VisePanda')
    cd /Users/jtcao/Documents/VP-V4-S2-Place-Grounding/ios/VisePanda


SwiftCompile normal arm64 /Users/jtcao/Documents/VP-V4-S2-Place-Grounding/ios/VisePanda/VisePanda/App/NativeSession.swift (in target 'VisePanda' from project 'VisePanda')
    cd /Users/jtcao/Documents/VP-V4-S2-Place-Grounding/ios/VisePanda


SwiftCompile normal arm64 /Users/jtcao/Documents/VP-V4-S2-Place-Grounding/ios/VisePanda/VisePanda/App/VisePandaApp.swift (in target 'VisePanda' from project 'VisePanda')
    cd /Users/jtcao/Documents/VP-V4-S2-Place-Grounding/ios/VisePanda


LinkAssetCatalog /Users/jtcao/Documents/VP-V4-S2-Place-Grounding/ios/VisePanda/VisePanda/Resources/Assets.xcassets (in target 'VisePanda' from project 'VisePanda')
    cd /Users/jtcao/Documents/VP-V4-S2-Place-Grounding/ios/VisePanda
    builtin-linkAssetCatalog --thinned /Users/jtcao/Library/Caches/visepanda/place-grounding-20260914/Native/Build/Intermediates.noindex/VisePanda.build/Debug-iphonesimulator/VisePanda.build/assetcatalog_output/thinned --thinned-dependencies /Users/jtcao/Library/Caches/visepanda/place-grounding-20260914/Native/Build/Intermediates.noindex/VisePanda.build/Debug-iphonesimulator/VisePanda.build/assetcatalog_dependencies_thinned --thinned-info-plist-content /Users/jtcao/Library/Caches/visepanda/place-grounding-20260914/Native/Build/Intermediates.noindex/VisePanda.build/Debug-iphonesimulator/VisePanda.build/assetcatalog_generated_info.plist_thinned --unthinned /Users/jtcao/Library/Caches/visepanda/place-grounding-20260914/Native/Build/Intermediates.noindex/VisePanda.build/Debug-iphonesimulator/VisePanda.build/assetcatalog_output/unthinned --unthinned-dependencies /Users/jtcao/Library/Caches/visepanda/place-grounding-20260914/Native/Build/Intermediates.noindex/VisePanda.build/Debug-iphonesimulator/VisePanda.build/assetcatalog_dependencies_unthinned --unthinned-info-plist-content /Users/jtcao/Library/Caches/visepanda/place-grounding-20260914/Native/Build/Intermediates.noindex/VisePanda.build/Debug-iphonesimulator/VisePanda.build/assetcatalog_generated_info.plist_unthinned --output /Users/jtcao/Library/Caches/visepanda/place-grounding-20260914/Native/Build/Products/Debug-iphonesimulator/VisePanda.app --plist-output /Users/jtcao/Library/Caches/visepanda/place-grounding-20260914/Native/Build/Intermediates.noindex/VisePanda.build/Debug-iphonesimulator/VisePanda.build/assetcatalog_generated_info.plist
note: Emplaced /Users/jtcao/Library/Caches/visepanda/place-grounding-20260914/Native/Build/Products/Debug-iphonesimulator/VisePanda.app/AppIcon60x60@2x.png (in target 'VisePanda' from project 'VisePanda')
note: Emplaced /Users/jtcao/Library/Caches/visepanda/place-grounding-20260914/Native/Build/Products/Debug-iphonesimulator/VisePanda.app/Assets.car (in target 'VisePanda' from project 'VisePanda')
note: Emplaced /Users/jtcao/Library/Caches/visepanda/place-grounding-20260914/Native/Build/Products/Debug-iphonesimulator/VisePanda.app/AppIcon76x76@2x~ipad.png (in target 'VisePanda' from project 'VisePanda')

SwiftDriverJobDiscovery normal arm64 Emitting module for VisePanda (in target 'VisePanda' from project 'VisePanda')

SwiftDriver\ Compilation\ Requirements VisePanda normal arm64 com.apple.xcode.tools.swift.compiler (in target 'VisePanda' from project 'VisePanda')
    cd /Users/jtcao/Documents/VP-V4-S2-Place-Grounding/ios/VisePanda
    builtin-Swift-Compilation-Requirements -- /Applications/Xcode.app/Contents/Developer/Toolchains/XcodeDefault.xctoolchain/usr/bin/swiftc -module-name VisePanda -Onone @/Users/jtcao/Library/Caches/visepanda/place-grounding-20260914/Native/Build/Intermediates.noindex/VisePanda.build/Debug-iphonesimulator/VisePanda.build/Objects-normal/arm64/VisePanda.SwiftFileList -DDEBUG -default-isolation\=MainActor -enable-upcoming-feature InferIsolatedConformances -enable-upcoming-feature NonisolatedNonsendingByDefault -enable-experimental-feature DebugDescriptionMacro -sdk /Applications/Xcode.app/Contents/Developer/Platforms/iPhoneSimulator.platform/Developer/SDKs/iPhoneSimulator26.5.sdk -target arm64-apple-ios17.0-simulator -g -module-cache-path /Users/jtcao/Library/Caches/visepanda/place-grounding-20260914/Native/ModuleCache.noindex -Xfrontend -serialize-debugging-options -enable-testing -index-store-path /Users/jtcao/Library/Caches/visepanda/place-grounding-20260914/Native/Index.noindex/DataStore -Xcc -D_LIBCPP_HARDENING_MODE\=_LIBCPP_HARDENING_MODE_DEBUG -swift-version 6 -I /Users/jtcao/Library/Caches/visepanda/place-grounding-20260914/Native/Build/Products/Debug-iphonesimulator -F /Users/jtcao/Library/Caches/visepanda/place-grounding-20260914/Native/Build/Products/Debug-iphonesimulator -c -j8 -enable-batch-mode -incremental -Xcc -ivfsstatcache -Xcc /Users/jtcao/Library/Caches/visepanda/place-grounding-20260914/Native/SDKStatCaches.noindex/iphonesimulator26.5-23F81a-6cfe768891a92b912361537c460fe42b.sdkstatcache -output-file-map /Users/jtcao/Library/Caches/visepanda/place-grounding-20260914/Native/Build/Intermediates.noindex/VisePanda.build/Debug-iphonesimulator/VisePanda.build/Objects-normal/arm64/VisePanda-OutputFileMap.json -use-frontend-parseable-output -save-temps -no-color-diagnostics -explicit-module-build -module-cache-path /Users/jtcao/Library/Caches/visepanda/place-grounding-20260914/Native/Build/Intermediates.noindex/SwiftExplicitPrecompiledModules -clang-scanner-module-cache-path /Users/jtcao/Library/Caches/visepanda/place-grounding-20260914/Native/ModuleCache.noindex -sdk-module-cache-path /Users/jtcao/Library/Caches/visepanda/place-grounding-20260914/Native/ModuleCache.noindex -serialize-diagnostics -emit-dependencies -emit-module -emit-module-path /Users/jtcao/Library/Caches/visepanda/place-grounding-20260914/Native/Build/Intermediates.noindex/VisePanda.build/Debug-iphonesimulator/VisePanda.build/Objects-normal/arm64/VisePanda.swiftmodule -validate-clang-modules-once -clang-build-session-file /Users/jtcao/Library/Caches/visepanda/place-grounding-20260914/Native/ModuleCache.noindex/Session.modulevalidation -Xcc -I/Users/jtcao/Library/Caches/visepanda/place-grounding-20260914/Native/Build/Intermediates.noindex/VisePanda.build/Debug-iphonesimulator/VisePanda.build/swift-overrides.hmap -emit-const-values -Xfrontend -const-gather-protocols-file -Xfrontend /Users/jtcao/Library/Caches/visepanda/place-grounding-20260914/Native/Build/Intermediates.noindex/VisePanda.build/Debug-iphonesimulator/VisePanda.build/Objects-normal/arm64/VisePanda_const_extract_protocols.json -Xcc -iquote -Xcc /Users/jtcao/Library/Caches/visepanda/place-grounding-20260914/Native/Build/Intermediates.noindex/VisePanda.build/Debug-iphonesimulator/VisePanda.build/VisePanda-generated-files.hmap -Xcc -I/Users/jtcao/Library/Caches/visepanda/place-grounding-20260914/Native/Build/Intermediates.noindex/VisePanda.build/Debug-iphonesimulator/VisePanda.build/VisePanda-own-target-headers.hmap -Xcc -I/Users/jtcao/Library/Caches/visepanda/place-grounding-20260914/Native/Build/Intermediates.noindex/VisePanda.build/Debug-iphonesimulator/VisePanda.build/VisePanda-all-target-headers.hmap -Xcc -iquote -Xcc /Users/jtcao/Library/Caches/visepanda/place-grounding-20260914/Native/Build/Intermediates.noindex/VisePanda.build/Debug-iphonesimulator/VisePanda.build/VisePanda-project-headers.hmap -Xcc -I/Users/jtcao/Library/Caches/visepanda/place-grounding-20260914/Native/Build/Products/Debug-iphonesimulator/include -Xcc -I/Users/jtcao/Library/Caches/visepanda/place-grounding-20260914/Native/Build/Intermediates.noindex/VisePanda.build/Debug-iphonesimulator/VisePanda.build/DerivedSources-normal/arm64 -Xcc -I/Users/jtcao/Library/Caches/visepanda/place-grounding-20260914/Native/Build/Intermediates.noindex/VisePanda.build/Debug-iphonesimulator/VisePanda.build/DerivedSources/arm64 -Xcc -I/Users/jtcao/Library/Caches/visepanda/place-grounding-20260914/Native/Build/Intermediates.noindex/VisePanda.build/Debug-iphonesimulator/VisePanda.build/DerivedSources -emit-objc-header -emit-objc-header-path /Users/jtcao/Library/Caches/visepanda/place-grounding-20260914/Native/Build/Intermediates.noindex/VisePanda.build/Debug-iphonesimulator/VisePanda.build/Objects-normal/arm64/VisePanda-Swift.h -working-directory /Users/jtcao/Documents/VP-V4-S2-Place-Grounding/ios/VisePanda -experimental-emit-module-separately -disable-cmo

ProcessInfoPlistFile /Users/jtcao/Library/Caches/visepanda/place-grounding-20260914/Native/Build/Products/Debug-iphonesimulator/VisePanda.app/Info.plist /Users/jtcao/Documents/VP-V4-S2-Place-Grounding/ios/VisePanda/VisePanda/NativeEnvironment.plist (in target 'VisePanda' from project 'VisePanda')
    cd /Users/jtcao/Documents/VP-V4-S2-Place-Grounding/ios/VisePanda
    builtin-infoPlistUtility /Users/jtcao/Documents/VP-V4-S2-Place-Grounding/ios/VisePanda/VisePanda/NativeEnvironment.plist -producttype com.apple.product-type.application -genpkginfo /Users/jtcao/Library/Caches/visepanda/place-grounding-20260914/Native/Build/Products/Debug-iphonesimulator/VisePanda.app/PkgInfo -expandbuildsettings -format binary -platform iphonesimulator -additionalcontentfile /Users/jtcao/Library/Caches/visepanda/place-grounding-20260914/Native/Build/Intermediates.noindex/VisePanda.build/Debug-iphonesimulator/VisePanda.build/assetcatalog_generated_info.plist -o /Users/jtcao/Library/Caches/visepanda/place-grounding-20260914/Native/Build/Products/Debug-iphonesimulator/VisePanda.app/Info.plist

SwiftMergeGeneratedHeaders /Users/jtcao/Library/Caches/visepanda/place-grounding-20260914/Native/Build/Intermediates.noindex/VisePanda.build/Debug-iphonesimulator/VisePanda.build/DerivedSources/VisePanda-Swift.h /Users/jtcao/Library/Caches/visepanda/place-grounding-20260914/Native/Build/Intermediates.noindex/VisePanda.build/Debug-iphonesimulator/VisePanda.build/Objects-normal/arm64/VisePanda-Swift.h (in target 'VisePanda' from project 'VisePanda')
    cd /Users/jtcao/Documents/VP-V4-S2-Place-Grounding/ios/VisePanda
    builtin-swiftHeaderTool -arch arm64 /Users/jtcao/Library/Caches/visepanda/place-grounding-20260914/Native/Build/Intermediates.noindex/VisePanda.build/Debug-iphonesimulator/VisePanda.build/Objects-normal/arm64/VisePanda-Swift.h -o /Users/jtcao/Library/Caches/visepanda/place-grounding-20260914/Native/Build/Intermediates.noindex/VisePanda.build/Debug-iphonesimulator/VisePanda.build/DerivedSources/VisePanda-Swift.h

Copy /Users/jtcao/Library/Caches/visepanda/place-grounding-20260914/Native/Build/Products/Debug-iphonesimulator/VisePanda.swiftmodule/arm64-apple-ios-simulator.swiftmodule /Users/jtcao/Library/Caches/visepanda/place-grounding-20260914/Native/Build/Intermediates.noindex/VisePanda.build/Debug-iphonesimulator/VisePanda.build/Objects-normal/arm64/VisePanda.swiftmodule (in target 'VisePanda' from project 'VisePanda')
    cd /Users/jtcao/Documents/VP-V4-S2-Place-Grounding/ios/VisePanda
    builtin-copy -exclude .DS_Store -exclude CVS -exclude .svn -exclude .git -exclude .hg -resolve-src-symlinks -rename /Users/jtcao/Library/Caches/visepanda/place-grounding-20260914/Native/Build/Intermediates.noindex/VisePanda.build/Debug-iphonesimulator/VisePanda.build/Objects-normal/arm64/VisePanda.swiftmodule /Users/jtcao/Library/Caches/visepanda/place-grounding-20260914/Native/Build/Products/Debug-iphonesimulator/VisePanda.swiftmodule/arm64-apple-ios-simulator.swiftmodule

Copy /Users/jtcao/Library/Caches/visepanda/place-grounding-20260914/Native/Build/Products/Debug-iphonesimulator/VisePanda.swiftmodule/arm64-apple-ios-simulator.swiftdoc /Users/jtcao/Library/Caches/visepanda/place-grounding-20260914/Native/Build/Intermediates.noindex/VisePanda.build/Debug-iphonesimulator/VisePanda.build/Objects-normal/arm64/VisePanda.swiftdoc (in target 'VisePanda' from project 'VisePanda')
    cd /Users/jtcao/Documents/VP-V4-S2-Place-Grounding/ios/VisePanda
    builtin-copy -exclude .DS_Store -exclude CVS -exclude .svn -exclude .git -exclude .hg -resolve-src-symlinks -rename /Users/jtcao/Library/Caches/visepanda/place-grounding-20260914/Native/Build/Intermediates.noindex/VisePanda.build/Debug-iphonesimulator/VisePanda.build/Objects-normal/arm64/VisePanda.swiftdoc /Users/jtcao/Library/Caches/visepanda/place-grounding-20260914/Native/Build/Products/Debug-iphonesimulator/VisePanda.swiftmodule/arm64-apple-ios-simulator.swiftdoc

Copy /Users/jtcao/Library/Caches/visepanda/place-grounding-20260914/Native/Build/Products/Debug-iphonesimulator/VisePanda.swiftmodule/arm64-apple-ios-simulator.abi.json /Users/jtcao/Library/Caches/visepanda/place-grounding-20260914/Native/Build/Intermediates.noindex/VisePanda.build/Debug-iphonesimulator/VisePanda.build/Objects-normal/arm64/VisePanda.abi.json (in target 'VisePanda' from project 'VisePanda')
    cd /Users/jtcao/Documents/VP-V4-S2-Place-Grounding/ios/VisePanda
    builtin-copy -exclude .DS_Store -exclude CVS -exclude .svn -exclude .git -exclude .hg -resolve-src-symlinks -rename /Users/jtcao/Library/Caches/visepanda/place-grounding-20260914/Native/Build/Intermediates.noindex/VisePanda.build/Debug-iphonesimulator/VisePanda.build/Objects-normal/arm64/VisePanda.abi.json /Users/jtcao/Library/Caches/visepanda/place-grounding-20260914/Native/Build/Products/Debug-iphonesimulator/VisePanda.swiftmodule/arm64-apple-ios-simulator.abi.json

Copy /Users/jtcao/Library/Caches/visepanda/place-grounding-20260914/Native/Build/Products/Debug-iphonesimulator/VisePanda.swiftmodule/Project/arm64-apple-ios-simulator.swiftsourceinfo /Users/jtcao/Library/Caches/visepanda/place-grounding-20260914/Native/Build/Intermediates.noindex/VisePanda.build/Debug-iphonesimulator/VisePanda.build/Objects-normal/arm64/VisePanda.swiftsourceinfo (in target 'VisePanda' from project 'VisePanda')
    cd /Users/jtcao/Documents/VP-V4-S2-Place-Grounding/ios/VisePanda
    builtin-copy -exclude .DS_Store -exclude CVS -exclude .svn -exclude .git -exclude .hg -resolve-src-symlinks -rename /Users/jtcao/Library/Caches/visepanda/place-grounding-20260914/Native/Build/Intermediates.noindex/VisePanda.build/Debug-iphonesimulator/VisePanda.build/Objects-normal/arm64/VisePanda.swiftsourceinfo /Users/jtcao/Library/Caches/visepanda/place-grounding-20260914/Native/Build/Products/Debug-iphonesimulator/VisePanda.swiftmodule/Project/arm64-apple-ios-simulator.swiftsourceinfo

SwiftCompile normal arm64 Compiling\ NativeAskEvents.swift,\ NativeKnowledgeModels.swift,\ NativeKnowledgeStore.swift,\ NativeKnowledgeView.swift /Users/jtcao/Documents/VP-V4-S2-Place-Grounding/ios/VisePanda/VisePanda/Features/Ask/NativeAskEvents.swift /Users/jtcao/Documents/VP-V4-S2-Place-Grounding/ios/VisePanda/VisePanda/Features/Knowledge/NativeKnowledgeModels.swift /Users/jtcao/Documents/VP-V4-S2-Place-Grounding/ios/VisePanda/VisePanda/Features/Knowledge/NativeKnowledgeStore.swift /Users/jtcao/Documents/VP-V4-S2-Place-Grounding/ios/VisePanda/VisePanda/Features/Knowledge/NativeKnowledgeView.swift (in target 'VisePanda' from project 'VisePanda')

SwiftCompile normal arm64 /Users/jtcao/Documents/VP-V4-S2-Place-Grounding/ios/VisePanda/VisePanda/Features/Ask/NativeAskEvents.swift (in target 'VisePanda' from project 'VisePanda')
    cd /Users/jtcao/Documents/VP-V4-S2-Place-Grounding/ios/VisePanda


SwiftCompile normal arm64 /Users/jtcao/Documents/VP-V4-S2-Place-Grounding/ios/VisePanda/VisePanda/Features/Knowledge/NativeKnowledgeModels.swift (in target 'VisePanda' from project 'VisePanda')
    cd /Users/jtcao/Documents/VP-V4-S2-Place-Grounding/ios/VisePanda


SwiftCompile normal arm64 /Users/jtcao/Documents/VP-V4-S2-Place-Grounding/ios/VisePanda/VisePanda/Features/Knowledge/NativeKnowledgeStore.swift (in target 'VisePanda' from project 'VisePanda')
    cd /Users/jtcao/Documents/VP-V4-S2-Place-Grounding/ios/VisePanda


SwiftCompile normal arm64 /Users/jtcao/Documents/VP-V4-S2-Place-Grounding/ios/VisePanda/VisePanda/Features/Knowledge/NativeKnowledgeView.swift (in target 'VisePanda' from project 'VisePanda')
    cd /Users/jtcao/Documents/VP-V4-S2-Place-Grounding/ios/VisePanda


SwiftDriverJobDiscovery normal arm64 Compiling TodayView.swift, AskView.swift, TripView.swift (in target 'VisePanda' from project 'VisePanda')

SwiftDriverJobDiscovery normal arm64 Compiling BrandHeader.swift, PreviewStatusBanner.swift, CapabilityCard.swift (in target 'VisePanda' from project 'VisePanda')

SwiftDriverJobDiscovery normal arm64 Compiling ExploreView.swift, ProfileView.swift, GeneratedAssetSymbols.swift (in target 'VisePanda' from project 'VisePanda')

SwiftDriverJobDiscovery normal arm64 Compiling AppSettings.swift, AppShellView.swift, AppTab.swift (in target 'VisePanda' from project 'VisePanda')

SwiftDriverJobDiscovery normal arm64 Compiling AppRoute.swift, Capability.swift, VisePandaTheme.swift (in target 'VisePanda' from project 'VisePanda')

SwiftDriver VisePandaUITests normal arm64 com.apple.xcode.tools.swift.compiler (in target 'VisePandaUITests' from project 'VisePanda')
    cd /Users/jtcao/Documents/VP-V4-S2-Place-Grounding/ios/VisePanda
    builtin-SwiftDriver -- /Applications/Xcode.app/Contents/Developer/Toolchains/XcodeDefault.xctoolchain/usr/bin/swiftc -module-name VisePandaUITests -Onone @/Users/jtcao/Library/Caches/visepanda/place-grounding-20260914/Native/Build/Intermediates.noindex/VisePanda.build/Debug-iphonesimulator/VisePandaUITests.build/Objects-normal/arm64/VisePandaUITests.SwiftFileList -DDEBUG -module-alias Testing\=_Testing_Unavailable -plugin-path /Applications/Xcode.app/Contents/Developer/Toolchains/XcodeDefault.xctoolchain/usr/lib/swift/host/plugins/testing -enable-experimental-feature DebugDescriptionMacro -sdk /Applications/Xcode.app/Contents/Developer/Platforms/iPhoneSimulator.platform/Developer/SDKs/iPhoneSimulator26.5.sdk -target arm64-apple-ios17.0-simulator -g -module-cache-path /Users/jtcao/Library/Caches/visepanda/place-grounding-20260914/Native/ModuleCache.noindex -Xfrontend -serialize-debugging-options -enable-testing -index-store-path /Users/jtcao/Library/Caches/visepanda/place-grounding-20260914/Native/Index.noindex/DataStore -Xcc -D_LIBCPP_HARDENING_MODE\=_LIBCPP_HARDENING_MODE_DEBUG -swift-version 6 -I /Users/jtcao/Library/Caches/visepanda/place-grounding-20260914/Native/Build/Products/Debug-iphonesimulator -Isystem /Applications/Xcode.app/Contents/Developer/Platforms/iPhoneSimulator.platform/Developer/usr/lib -F /Users/jtcao/Library/Caches/visepanda/place-grounding-20260914/Native/Build/Products/Debug-iphonesimulator -F /Applications/Xcode.app/Contents/Developer/Platforms/iPhoneSimulator.platform/Developer/Library/Frameworks -F /Applications/Xcode.app/Contents/Developer/Platforms/iPhoneSimulator.platform/Developer/SDKs/iPhoneSimulator26.5.sdk/Developer/Library/Frameworks -c -j8 -enable-batch-mode -incremental -Xcc -ivfsstatcache -Xcc /Users/jtcao/Library/Caches/visepanda/place-grounding-20260914/Native/SDKStatCaches.noindex/iphonesimulator26.5-23F81a-6cfe768891a92b912361537c460fe42b.sdkstatcache -output-file-map /Users/jtcao/Library/Caches/visepanda/place-grounding-20260914/Native/Build/Intermediates.noindex/VisePanda.build/Debug-iphonesimulator/VisePandaUITests.build/Objects-normal/arm64/VisePandaUITests-OutputFileMap.json -use-frontend-parseable-output -save-temps -no-color-diagnostics -explicit-module-build -module-cache-path /Users/jtcao/Library/Caches/visepanda/place-grounding-20260914/Native/Build/Intermediates.noindex/SwiftExplicitPrecompiledModules -clang-scanner-module-cache-path /Users/jtcao/Library/Caches/visepanda/place-grounding-20260914/Native/ModuleCache.noindex -sdk-module-cache-path /Users/jtcao/Library/Caches/visepanda/place-grounding-20260914/Native/ModuleCache.noindex -serialize-diagnostics -emit-dependencies -emit-module -emit-module-path /Users/jtcao/Library/Caches/visepanda/place-grounding-20260914/Native/Build/Intermediates.noindex/VisePanda.build/Debug-iphonesimulator/VisePandaUITests.build/Objects-normal/arm64/VisePandaUITests.swiftmodule -validate-clang-modules-once -clang-build-session-file /Users/jtcao/Library/Caches/visepanda/place-grounding-20260914/Native/ModuleCache.noindex/Session.modulevalidation -Xcc -I/Users/jtcao/Library/Caches/visepanda/place-grounding-20260914/Native/Build/Intermediates.noindex/VisePanda.build/Debug-iphonesimulator/VisePandaUITests.build/swift-overrides.hmap -emit-const-values -Xfrontend -const-gather-protocols-file -Xfrontend /Users/jtcao/Library/Caches/visepanda/place-grounding-20260914/Native/Build/Intermediates.noindex/VisePanda.build/Debug-iphonesimulator/VisePandaUITests.build/Objects-normal/arm64/VisePandaUITests_const_extract_protocols.json -Xcc -iquote -Xcc /Users/jtcao/Library/Caches/visepanda/place-grounding-20260914/Native/Build/Intermediates.noindex/VisePanda.build/Debug-iphonesimulator/VisePandaUITests.build/VisePandaUITests-generated-files.hmap -Xcc -I/Users/jtcao/Library/Caches/visepanda/place-grounding-20260914/Native/Build/Intermediates.noindex/VisePanda.build/Debug-iphonesimulator/VisePandaUITests.build/VisePandaUITests-own-target-headers.hmap -Xcc -I/Users/jtcao/Library/Caches/visepanda/place-grounding-20260914/Native/Build/Intermediates.noindex/VisePanda.build/Debug-iphonesimulator/VisePandaUITests.build/VisePandaUITests-all-target-headers.hmap -Xcc -iquote -Xcc /Users/jtcao/Library/Caches/visepanda/place-grounding-20260914/Native/Build/Intermediates.noindex/VisePanda.build/Debug-iphonesimulator/VisePandaUITests.build/VisePandaUITests-project-headers.hmap -Xcc -I/Users/jtcao/Library/Caches/visepanda/place-grounding-20260914/Native/Build/Products/Debug-iphonesimulator/include -Xcc -I/Users/jtcao/Library/Caches/visepanda/place-grounding-20260914/Native/Build/Intermediates.noindex/VisePanda.build/Debug-iphonesimulator/VisePandaUITests.build/DerivedSources-normal/arm64 -Xcc -I/Users/jtcao/Library/Caches/visepanda/place-grounding-20260914/Native/Build/Intermediates.noindex/VisePanda.build/Debug-iphonesimulator/VisePandaUITests.build/DerivedSources/arm64 -Xcc -I/Users/jtcao/Library/Caches/visepanda/place-grounding-20260914/Native/Build/Intermediates.noindex/VisePanda.build/Debug-iphonesimulator/VisePandaUITests.build/DerivedSources -emit-objc-header -emit-objc-header-path /Users/jtcao/Library/Caches/visepanda/place-grounding-20260914/Native/Build/Intermediates.noindex/VisePanda.build/Debug-iphonesimulator/VisePandaUITests.build/Objects-normal/arm64/VisePandaUITests-Swift.h -working-directory /Users/jtcao/Documents/VP-V4-S2-Place-Grounding/ios/VisePanda -experimental-emit-module-separately -disable-cmo

SwiftDriver VisePandaTests normal arm64 com.apple.xcode.tools.swift.compiler (in target 'VisePandaTests' from project 'VisePanda')
    cd /Users/jtcao/Documents/VP-V4-S2-Place-Grounding/ios/VisePanda
    builtin-SwiftDriver -- /Applications/Xcode.app/Contents/Developer/Toolchains/XcodeDefault.xctoolchain/usr/bin/swiftc -module-name VisePandaTests -Onone @/Users/jtcao/Library/Caches/visepanda/place-grounding-20260914/Native/Build/Intermediates.noindex/VisePanda.build/Debug-iphonesimulator/VisePandaTests.build/Objects-normal/arm64/VisePandaTests.SwiftFileList -DDEBUG -plugin-path /Applications/Xcode.app/Contents/Developer/Toolchains/XcodeDefault.xctoolchain/usr/lib/swift/host/plugins/testing -default-isolation\=MainActor -enable-upcoming-feature InferIsolatedConformances -enable-upcoming-feature NonisolatedNonsendingByDefault -enable-experimental-feature DebugDescriptionMacro -sdk /Applications/Xcode.app/Contents/Developer/Platforms/iPhoneSimulator.platform/Developer/SDKs/iPhoneSimulator26.5.sdk -target arm64-apple-ios17.0-simulator -g -module-cache-path /Users/jtcao/Library/Caches/visepanda/place-grounding-20260914/Native/ModuleCache.noindex -Xfrontend -serialize-debugging-options -enable-testing -index-store-path /Users/jtcao/Library/Caches/visepanda/place-grounding-20260914/Native/Index.noindex/DataStore -Xcc -D_LIBCPP_HARDENING_MODE\=_LIBCPP_HARDENING_MODE_DEBUG -swift-version 6 -I /Users/jtcao/Library/Caches/visepanda/place-grounding-20260914/Native/Build/Products/Debug-iphonesimulator -Isystem /Applications/Xcode.app/Contents/Developer/Platforms/iPhoneSimulator.platform/Developer/usr/lib -F /Users/jtcao/Library/Caches/visepanda/place-grounding-20260914/Native/Build/Products/Debug-iphonesimulator -F /Applications/Xcode.app/Contents/Developer/Platforms/iPhoneSimulator.platform/Developer/Library/Frameworks -F /Applications/Xcode.app/Contents/Developer/Platforms/iPhoneSimulator.platform/Developer/SDKs/iPhoneSimulator26.5.sdk/Developer/Library/Frameworks -c -j8 -enable-batch-mode -incremental -Xcc -ivfsstatcache -Xcc /Users/jtcao/Library/Caches/visepanda/place-grounding-20260914/Native/SDKStatCaches.noindex/iphonesimulator26.5-23F81a-6cfe768891a92b912361537c460fe42b.sdkstatcache -output-file-map /Users/jtcao/Library/Caches/visepanda/place-grounding-20260914/Native/Build/Intermediates.noindex/VisePanda.build/Debug-iphonesimulator/VisePandaTests.build/Objects-normal/arm64/VisePandaTests-OutputFileMap.json -use-frontend-parseable-output -save-temps -no-color-diagnostics -explicit-module-build -module-cache-path /Users/jtcao/Library/Caches/visepanda/place-grounding-20260914/Native/Build/Intermediates.noindex/SwiftExplicitPrecompiledModules -clang-scanner-module-cache-path /Users/jtcao/Library/Caches/visepanda/place-grounding-20260914/Native/ModuleCache.noindex -sdk-module-cache-path /Users/jtcao/Library/Caches/visepanda/place-grounding-20260914/Native/ModuleCache.noindex -serialize-diagnostics -emit-dependencies -emit-module -emit-module-path /Users/jtcao/Library/Caches/visepanda/place-grounding-20260914/Native/Build/Intermediates.noindex/VisePanda.build/Debug-iphonesimulator/VisePandaTests.build/Objects-normal/arm64/VisePandaTests.swiftmodule -validate-clang-modules-once -clang-build-session-file /Users/jtcao/Library/Caches/visepanda/place-grounding-20260914/Native/ModuleCache.noindex/Session.modulevalidation -Xcc -I/Users/jtcao/Library/Caches/visepanda/place-grounding-20260914/Native/Build/Intermediates.noindex/VisePanda.build/Debug-iphonesimulator/VisePandaTests.build/swift-overrides.hmap -emit-const-values -Xfrontend -const-gather-protocols-file -Xfrontend /Users/jtcao/Library/Caches/visepanda/place-grounding-20260914/Native/Build/Intermediates.noindex/VisePanda.build/Debug-iphonesimulator/VisePandaTests.build/Objects-normal/arm64/VisePandaTests_const_extract_protocols.json -Xcc -iquote -Xcc /Users/jtcao/Library/Caches/visepanda/place-grounding-20260914/Native/Build/Intermediates.noindex/VisePanda.build/Debug-iphonesimulator/VisePandaTests.build/VisePandaTests-generated-files.hmap -Xcc -I/Users/jtcao/Library/Caches/visepanda/place-grounding-20260914/Native/Build/Intermediates.noindex/VisePanda.build/Debug-iphonesimulator/VisePandaTests.build/VisePandaTests-own-target-headers.hmap -Xcc -I/Users/jtcao/Library/Caches/visepanda/place-grounding-20260914/Native/Build/Intermediates.noindex/VisePanda.build/Debug-iphonesimulator/VisePandaTests.build/VisePandaTests-all-target-headers.hmap -Xcc -iquote -Xcc /Users/jtcao/Library/Caches/visepanda/place-grounding-20260914/Native/Build/Intermediates.noindex/VisePanda.build/Debug-iphonesimulator/VisePandaTests.build/VisePandaTests-project-headers.hmap -Xcc -I/Users/jtcao/Library/Caches/visepanda/place-grounding-20260914/Native/Build/Products/Debug-iphonesimulator/include -Xcc -I/Users/jtcao/Library/Caches/visepanda/place-grounding-20260914/Native/Build/Intermediates.noindex/VisePanda.build/Debug-iphonesimulator/VisePandaTests.build/DerivedSources-normal/arm64 -Xcc -I/Users/jtcao/Library/Caches/visepanda/place-grounding-20260914/Native/Build/Intermediates.noindex/VisePanda.build/Debug-iphonesimulator/VisePandaTests.build/DerivedSources/arm64 -Xcc -I/Users/jtcao/Library/Caches/visepanda/place-grounding-20260914/Native/Build/Intermediates.noindex/VisePanda.build/Debug-iphonesimulator/VisePandaTests.build/DerivedSources -emit-objc-header -emit-objc-header-path /Users/jtcao/Library/Caches/visepanda/place-grounding-20260914/Native/Build/Intermediates.noindex/VisePanda.build/Debug-iphonesimulator/VisePandaTests.build/Objects-normal/arm64/VisePandaTests-Swift.h -working-directory /Users/jtcao/Documents/VP-V4-S2-Place-Grounding/ios/VisePanda -experimental-emit-module-separately -disable-cmo

SwiftExplicitDependencyGeneratePcm arm64 /Users/jtcao/Library/Caches/visepanda/place-grounding-20260914/Native/Build/Intermediates.noindex/SwiftExplicitPrecompiledModules/XCUIAutomation-F2MO6LA666F7TOOHJHS0HUN92.pcm

SwiftExplicitDependencyCompileModuleFromInterface arm64 /Users/jtcao/Library/Caches/visepanda/place-grounding-20260914/Native/Build/Intermediates.noindex/SwiftExplicitPrecompiledModules/Testing-16CSM6Y0HNNJZ.swiftmodule

SwiftExplicitDependencyCompileModuleFromInterface arm64 /Users/jtcao/Library/Caches/visepanda/place-grounding-20260914/Native/Build/Intermediates.noindex/SwiftExplicitPrecompiledModules/XCUIAutomation-2OGK3NR1D9UP1.swiftmodule

SwiftExplicitDependencyGeneratePcm arm64 /Users/jtcao/Library/Caches/visepanda/place-grounding-20260914/Native/Build/Intermediates.noindex/SwiftExplicitPrecompiledModules/XCTest-ARW76M1RPI82V2P82M3E71LWH.pcm

SwiftExplicitDependencyCompileModuleFromInterface arm64 /Users/jtcao/Library/Caches/visepanda/place-grounding-20260914/Native/Build/Intermediates.noindex/SwiftExplicitPrecompiledModules/XCTest-2XV2PI9N5Z60T.swiftmodule

SwiftExplicitDependencyCompileModuleFromInterface arm64 /Users/jtcao/Library/Caches/visepanda/place-grounding-20260914/Native/Build/Intermediates.noindex/SwiftExplicitPrecompiledModules/_Testing_Foundation-2FLZFKZS0X8B6.swiftmodule

SwiftEmitModule normal arm64 Emitting\ module\ for\ VisePandaUITests (in target 'VisePandaUITests' from project 'VisePanda')

EmitSwiftModule normal arm64 (in target 'VisePandaUITests' from project 'VisePanda')
    cd /Users/jtcao/Documents/VP-V4-S2-Place-Grounding/ios/VisePanda


SwiftEmitModule normal arm64 Emitting\ module\ for\ VisePandaTests (in target 'VisePandaTests' from project 'VisePanda')

EmitSwiftModule normal arm64 (in target 'VisePandaTests' from project 'VisePanda')
    cd /Users/jtcao/Documents/VP-V4-S2-Place-Grounding/ios/VisePanda


SwiftCompile normal arm64 Compiling\ NativeKnowledgeUITests.swift /Users/jtcao/Documents/VP-V4-S2-Place-Grounding/ios/VisePanda/VisePandaUITests/NativeKnowledgeUITests.swift (in target 'VisePandaUITests' from project 'VisePanda')
SwiftCompile normal arm64 /Users/jtcao/Documents/VP-V4-S2-Place-Grounding/ios/VisePanda/VisePandaUITests/NativeKnowledgeUITests.swift (in target 'VisePandaUITests' from project 'VisePanda')
    cd /Users/jtcao/Documents/VP-V4-S2-Place-Grounding/ios/VisePanda


SwiftCompile normal arm64 Compiling\ NativeAskUITests.swift /Users/jtcao/Documents/VP-V4-S2-Place-Grounding/ios/VisePanda/VisePandaUITests/NativeAskUITests.swift (in target 'VisePandaUITests' from project 'VisePanda')
SwiftCompile normal arm64 /Users/jtcao/Documents/VP-V4-S2-Place-Grounding/ios/VisePanda/VisePandaUITests/NativeAskUITests.swift (in target 'VisePandaUITests' from project 'VisePanda')
    cd /Users/jtcao/Documents/VP-V4-S2-Place-Grounding/ios/VisePanda


SwiftCompile normal arm64 Compiling\ NativeTripUITests.swift /Users/jtcao/Documents/VP-V4-S2-Place-Grounding/ios/VisePanda/VisePandaUITests/NativeTripUITests.swift (in target 'VisePandaUITests' from project 'VisePanda')

SwiftCompile normal arm64 /Users/jtcao/Documents/VP-V4-S2-Place-Grounding/ios/VisePanda/VisePandaUITests/NativeTripUITests.swift (in target 'VisePandaUITests' from project 'VisePanda')
    cd /Users/jtcao/Documents/VP-V4-S2-Place-Grounding/ios/VisePanda


SwiftCompile normal arm64 Compiling\ NativeIdentityUITests.swift /Users/jtcao/Documents/VP-V4-S2-Place-Grounding/ios/VisePanda/VisePandaUITests/NativeIdentityUITests.swift (in target 'VisePandaUITests' from project 'VisePanda')

SwiftCompile normal arm64 /Users/jtcao/Documents/VP-V4-S2-Place-Grounding/ios/VisePanda/VisePandaUITests/NativeIdentityUITests.swift (in target 'VisePandaUITests' from project 'VisePanda')
    cd /Users/jtcao/Documents/VP-V4-S2-Place-Grounding/ios/VisePanda


SwiftDriverJobDiscovery normal arm64 Compiling NativeAskEvents.swift, NativeKnowledgeModels.swift, NativeKnowledgeStore.swift, NativeKnowledgeView.swift (in target 'VisePanda' from project 'VisePanda')

SwiftCompile normal arm64 Compiling\ AppShellUITests.swift /Users/jtcao/Documents/VP-V4-S2-Place-Grounding/ios/VisePanda/VisePandaUITests/AppShellUITests.swift (in target 'VisePandaUITests' from project 'VisePanda')

SwiftCompile normal arm64 /Users/jtcao/Documents/VP-V4-S2-Place-Grounding/ios/VisePanda/VisePandaUITests/AppShellUITests.swift (in target 'VisePandaUITests' from project 'VisePanda')
    cd /Users/jtcao/Documents/VP-V4-S2-Place-Grounding/ios/VisePanda


SwiftDriverJobDiscovery normal arm64 Emitting module for VisePandaUITests (in target 'VisePandaUITests' from project 'VisePanda')

SwiftDriver\ Compilation\ Requirements VisePandaUITests normal arm64 com.apple.xcode.tools.swift.compiler (in target 'VisePandaUITests' from project 'VisePanda')
    cd /Users/jtcao/Documents/VP-V4-S2-Place-Grounding/ios/VisePanda
    builtin-Swift-Compilation-Requirements -- /Applications/Xcode.app/Contents/Developer/Toolchains/XcodeDefault.xctoolchain/usr/bin/swiftc -module-name VisePandaUITests -Onone @/Users/jtcao/Library/Caches/visepanda/place-grounding-20260914/Native/Build/Intermediates.noindex/VisePanda.build/Debug-iphonesimulator/VisePandaUITests.build/Objects-normal/arm64/VisePandaUITests.SwiftFileList -DDEBUG -module-alias Testing\=_Testing_Unavailable -plugin-path /Applications/Xcode.app/Contents/Developer/Toolchains/XcodeDefault.xctoolchain/usr/lib/swift/host/plugins/testing -enable-experimental-feature DebugDescriptionMacro -sdk /Applications/Xcode.app/Contents/Developer/Platforms/iPhoneSimulator.platform/Developer/SDKs/iPhoneSimulator26.5.sdk -target arm64-apple-ios17.0-simulator -g -module-cache-path /Users/jtcao/Library/Caches/visepanda/place-grounding-20260914/Native/ModuleCache.noindex -Xfrontend -serialize-debugging-options -enable-testing -index-store-path /Users/jtcao/Library/Caches/visepanda/place-grounding-20260914/Native/Index.noindex/DataStore -Xcc -D_LIBCPP_HARDENING_MODE\=_LIBCPP_HARDENING_MODE_DEBUG -swift-version 6 -I /Users/jtcao/Library/Caches/visepanda/place-grounding-20260914/Native/Build/Products/Debug-iphonesimulator -Isystem /Applications/Xcode.app/Contents/Developer/Platforms/iPhoneSimulator.platform/Developer/usr/lib -F /Users/jtcao/Library/Caches/visepanda/place-grounding-20260914/Native/Build/Products/Debug-iphonesimulator -F /Applications/Xcode.app/Contents/Developer/Platforms/iPhoneSimulator.platform/Developer/Library/Frameworks -F /Applications/Xcode.app/Contents/Developer/Platforms/iPhoneSimulator.platform/Developer/SDKs/iPhoneSimulator26.5.sdk/Developer/Library/Frameworks -c -j8 -enable-batch-mode -incremental -Xcc -ivfsstatcache -Xcc /Users/jtcao/Library/Caches/visepanda/place-grounding-20260914/Native/SDKStatCaches.noindex/iphonesimulator26.5-23F81a-6cfe768891a92b912361537c460fe42b.sdkstatcache -output-file-map /Users/jtcao/Library/Caches/visepanda/place-grounding-20260914/Native/Build/Intermediates.noindex/VisePanda.build/Debug-iphonesimulator/VisePandaUITests.build/Objects-normal/arm64/VisePandaUITests-OutputFileMap.json -use-frontend-parseable-output -save-temps -no-color-diagnostics -explicit-module-build -module-cache-path /Users/jtcao/Library/Caches/visepanda/place-grounding-20260914/Native/Build/Intermediates.noindex/SwiftExplicitPrecompiledModules -clang-scanner-module-cache-path /Users/jtcao/Library/Caches/visepanda/place-grounding-20260914/Native/ModuleCache.noindex -sdk-module-cache-path /Users/jtcao/Library/Caches/visepanda/place-grounding-20260914/Native/ModuleCache.noindex -serialize-diagnostics -emit-dependencies -emit-module -emit-module-path /Users/jtcao/Library/Caches/visepanda/place-grounding-20260914/Native/Build/Intermediates.noindex/VisePanda.build/Debug-iphonesimulator/VisePandaUITests.build/Objects-normal/arm64/VisePandaUITests.swiftmodule -validate-clang-modules-once -clang-build-session-file /Users/jtcao/Library/Caches/visepanda/place-grounding-20260914/Native/ModuleCache.noindex/Session.modulevalidation -Xcc -I/Users/jtcao/Library/Caches/visepanda/place-grounding-20260914/Native/Build/Intermediates.noindex/VisePanda.build/Debug-iphonesimulator/VisePandaUITests.build/swift-overrides.hmap -emit-const-values -Xfrontend -const-gather-protocols-file -Xfrontend /Users/jtcao/Library/Caches/visepanda/place-grounding-20260914/Native/Build/Intermediates.noindex/VisePanda.build/Debug-iphonesimulator/VisePandaUITests.build/Objects-normal/arm64/VisePandaUITests_const_extract_protocols.json -Xcc -iquote -Xcc /Users/jtcao/Library/Caches/visepanda/place-grounding-20260914/Native/Build/Intermediates.noindex/VisePanda.build/Debug-iphonesimulator/VisePandaUITests.build/VisePandaUITests-generated-files.hmap -Xcc -I/Users/jtcao/Library/Caches/visepanda/place-grounding-20260914/Native/Build/Intermediates.noindex/VisePanda.build/Debug-iphonesimulator/VisePandaUITests.build/VisePandaUITests-own-target-headers.hmap -Xcc -I/Users/jtcao/Library/Caches/visepanda/place-grounding-20260914/Native/Build/Intermediates.noindex/VisePanda.build/Debug-iphonesimulator/VisePandaUITests.build/VisePandaUITests-all-target-headers.hmap -Xcc -iquote -Xcc /Users/jtcao/Library/Caches/visepanda/place-grounding-20260914/Native/Build/Intermediates.noindex/VisePanda.build/Debug-iphonesimulator/VisePandaUITests.build/VisePandaUITests-project-headers.hmap -Xcc -I/Users/jtcao/Library/Caches/visepanda/place-grounding-20260914/Native/Build/Products/Debug-iphonesimulator/include -Xcc -I/Users/jtcao/Library/Caches/visepanda/place-grounding-20260914/Native/Build/Intermediates.noindex/VisePanda.build/Debug-iphonesimulator/VisePandaUITests.build/DerivedSources-normal/arm64 -Xcc -I/Users/jtcao/Library/Caches/visepanda/place-grounding-20260914/Native/Build/Intermediates.noindex/VisePanda.build/Debug-iphonesimulator/VisePandaUITests.build/DerivedSources/arm64 -Xcc -I/Users/jtcao/Library/Caches/visepanda/place-grounding-20260914/Native/Build/Intermediates.noindex/VisePanda.build/Debug-iphonesimulator/VisePandaUITests.build/DerivedSources -emit-objc-header -emit-objc-header-path /Users/jtcao/Library/Caches/visepanda/place-grounding-20260914/Native/Build/Intermediates.noindex/VisePanda.build/Debug-iphonesimulator/VisePandaUITests.build/Objects-normal/arm64/VisePandaUITests-Swift.h -working-directory /Users/jtcao/Documents/VP-V4-S2-Place-Grounding/ios/VisePanda -experimental-emit-module-separately -disable-cmo

SwiftDriverJobDiscovery normal arm64 Emitting module for VisePandaTests (in target 'VisePandaTests' from project 'VisePanda')

SwiftCompile normal arm64 Compiling\ NativeKnowledgeTests.swift /Users/jtcao/Documents/VP-V4-S2-Place-Grounding/ios/VisePanda/VisePandaTests/NativeKnowledgeTests.swift (in target 'VisePandaTests' from project 'VisePanda')
SwiftCompile normal arm64 /Users/jtcao/Documents/VP-V4-S2-Place-Grounding/ios/VisePanda/VisePandaTests/NativeKnowledgeTests.swift (in target 'VisePandaTests' from project 'VisePanda')
    cd /Users/jtcao/Documents/VP-V4-S2-Place-Grounding/ios/VisePanda


SwiftMergeGeneratedHeaders /Users/jtcao/Library/Caches/visepanda/place-grounding-20260914/Native/Build/Intermediates.noindex/VisePanda.build/Debug-iphonesimulator/VisePandaUITests.build/DerivedSources/VisePandaUITests-Swift.h /Users/jtcao/Library/Caches/visepanda/place-grounding-20260914/Native/Build/Intermediates.noindex/VisePanda.build/Debug-iphonesimulator/VisePandaUITests.build/Objects-normal/arm64/VisePandaUITests-Swift.h (in target 'VisePandaUITests' from project 'VisePanda')
    cd /Users/jtcao/Documents/VP-V4-S2-Place-Grounding/ios/VisePanda
    builtin-swiftHeaderTool -arch arm64 /Users/jtcao/Library/Caches/visepanda/place-grounding-20260914/Native/Build/Intermediates.noindex/VisePanda.build/Debug-iphonesimulator/VisePandaUITests.build/Objects-normal/arm64/VisePandaUITests-Swift.h -o /Users/jtcao/Library/Caches/visepanda/place-grounding-20260914/Native/Build/Intermediates.noindex/VisePanda.build/Debug-iphonesimulator/VisePandaUITests.build/DerivedSources/VisePandaUITests-Swift.h

SwiftDriverJobDiscovery normal arm64 Compiling NativeTripStore.swift, NativeTripView.swift, NativeSession.swift, VisePandaApp.swift (in target 'VisePanda' from project 'VisePanda')

Copy /Users/jtcao/Library/Caches/visepanda/place-grounding-20260914/Native/Build/Products/Debug-iphonesimulator/VisePandaUITests.swiftmodule/arm64-apple-ios-simulator.swiftmodule /Users/jtcao/Library/Caches/visepanda/place-grounding-20260914/Native/Build/Intermediates.noindex/VisePanda.build/Debug-iphonesimulator/VisePandaUITests.build/Objects-normal/arm64/VisePandaUITests.swiftmodule (in target 'VisePandaUITests' from project 'VisePanda')
    cd /Users/jtcao/Documents/VP-V4-S2-Place-Grounding/ios/VisePanda
    builtin-copy -exclude .DS_Store -exclude CVS -exclude .svn -exclude .git -exclude .hg -resolve-src-symlinks -rename /Users/jtcao/Library/Caches/visepanda/place-grounding-20260914/Native/Build/Intermediates.noindex/VisePanda.build/Debug-iphonesimulator/VisePandaUITests.build/Objects-normal/arm64/VisePandaUITests.swiftmodule /Users/jtcao/Library/Caches/visepanda/place-grounding-20260914/Native/Build/Products/Debug-iphonesimulator/VisePandaUITests.swiftmodule/arm64-apple-ios-simulator.swiftmodule

Copy /Users/jtcao/Library/Caches/visepanda/place-grounding-20260914/Native/Build/Products/Debug-iphonesimulator/VisePandaUITests.swiftmodule/arm64-apple-ios-simulator.swiftdoc /Users/jtcao/Library/Caches/visepanda/place-grounding-20260914/Native/Build/Intermediates.noindex/VisePanda.build/Debug-iphonesimulator/VisePandaUITests.build/Objects-normal/arm64/VisePandaUITests.swiftdoc (in target 'VisePandaUITests' from project 'VisePanda')
    cd /Users/jtcao/Documents/VP-V4-S2-Place-Grounding/ios/VisePanda
    builtin-copy -exclude .DS_Store -exclude CVS -exclude .svn -exclude .git -exclude .hg -resolve-src-symlinks -rename /Users/jtcao/Library/Caches/visepanda/place-grounding-20260914/Native/Build/Intermediates.noindex/VisePanda.build/Debug-iphonesimulator/VisePandaUITests.build/Objects-normal/arm64/VisePandaUITests.swiftdoc /Users/jtcao/Library/Caches/visepanda/place-grounding-20260914/Native/Build/Products/Debug-iphonesimulator/VisePandaUITests.swiftmodule/arm64-apple-ios-simulator.swiftdoc

Copy /Users/jtcao/Library/Caches/visepanda/place-grounding-20260914/Native/Build/Products/Debug-iphonesimulator/VisePandaUITests.swiftmodule/arm64-apple-ios-simulator.abi.json /Users/jtcao/Library/Caches/visepanda/place-grounding-20260914/Native/Build/Intermediates.noindex/VisePanda.build/Debug-iphonesimulator/VisePandaUITests.build/Objects-normal/arm64/VisePandaUITests.abi.json (in target 'VisePandaUITests' from project 'VisePanda')
    cd /Users/jtcao/Documents/VP-V4-S2-Place-Grounding/ios/VisePanda
    builtin-copy -exclude .DS_Store -exclude CVS -exclude .svn -exclude .git -exclude .hg -resolve-src-symlinks -rename /Users/jtcao/Library/Caches/visepanda/place-grounding-20260914/Native/Build/Intermediates.noindex/VisePanda.build/Debug-iphonesimulator/VisePandaUITests.build/Objects-normal/arm64/VisePandaUITests.abi.json /Users/jtcao/Library/Caches/visepanda/place-grounding-20260914/Native/Build/Products/Debug-iphonesimulator/VisePandaUITests.swiftmodule/arm64-apple-ios-simulator.abi.json

Copy /Users/jtcao/Library/Caches/visepanda/place-grounding-20260914/Native/Build/Products/Debug-iphonesimulator/VisePandaUITests.swiftmodule/Project/arm64-apple-ios-simulator.swiftsourceinfo /Users/jtcao/Library/Caches/visepanda/place-grounding-20260914/Native/Build/Intermediates.noindex/VisePanda.build/Debug-iphonesimulator/VisePandaUITests.build/Objects-normal/arm64/VisePandaUITests.swiftsourceinfo (in target 'VisePandaUITests' from project 'VisePanda')
    cd /Users/jtcao/Documents/VP-V4-S2-Place-Grounding/ios/VisePanda
    builtin-copy -exclude .DS_Store -exclude CVS -exclude .svn -exclude .git -exclude .hg -resolve-src-symlinks -rename /Users/jtcao/Library/Caches/visepanda/place-grounding-20260914/Native/Build/Intermediates.noindex/VisePanda.build/Debug-iphonesimulator/VisePandaUITests.build/Objects-normal/arm64/VisePandaUITests.swiftsourceinfo /Users/jtcao/Library/Caches/visepanda/place-grounding-20260914/Native/Build/Products/Debug-iphonesimulator/VisePandaUITests.swiftmodule/Project/arm64-apple-ios-simulator.swiftsourceinfo

SwiftDriver\ Compilation\ Requirements VisePandaTests normal arm64 com.apple.xcode.tools.swift.compiler (in target 'VisePandaTests' from project 'VisePanda')
    cd /Users/jtcao/Documents/VP-V4-S2-Place-Grounding/ios/VisePanda
    builtin-Swift-Compilation-Requirements -- /Applications/Xcode.app/Contents/Developer/Toolchains/XcodeDefault.xctoolchain/usr/bin/swiftc -module-name VisePandaTests -Onone @/Users/jtcao/Library/Caches/visepanda/place-grounding-20260914/Native/Build/Intermediates.noindex/VisePanda.build/Debug-iphonesimulator/VisePandaTests.build/Objects-normal/arm64/VisePandaTests.SwiftFileList -DDEBUG -plugin-path /Applications/Xcode.app/Contents/Developer/Toolchains/XcodeDefault.xctoolchain/usr/lib/swift/host/plugins/testing -default-isolation\=MainActor -enable-upcoming-feature InferIsolatedConformances -enable-upcoming-feature NonisolatedNonsendingByDefault -enable-experimental-feature DebugDescriptionMacro -sdk /Applications/Xcode.app/Contents/Developer/Platforms/iPhoneSimulator.platform/Developer/SDKs/iPhoneSimulator26.5.sdk -target arm64-apple-ios17.0-simulator -g -module-cache-path /Users/jtcao/Library/Caches/visepanda/place-grounding-20260914/Native/ModuleCache.noindex -Xfrontend -serialize-debugging-options -enable-testing -index-store-path /Users/jtcao/Library/Caches/visepanda/place-grounding-20260914/Native/Index.noindex/DataStore -Xcc -D_LIBCPP_HARDENING_MODE\=_LIBCPP_HARDENING_MODE_DEBUG -swift-version 6 -I /Users/jtcao/Library/Caches/visepanda/place-grounding-20260914/Native/Build/Products/Debug-iphonesimulator -Isystem /Applications/Xcode.app/Contents/Developer/Platforms/iPhoneSimulator.platform/Developer/usr/lib -F /Users/jtcao/Library/Caches/visepanda/place-grounding-20260914/Native/Build/Products/Debug-iphonesimulator -F /Applications/Xcode.app/Contents/Developer/Platforms/iPhoneSimulator.platform/Developer/Library/Frameworks -F /Applications/Xcode.app/Contents/Developer/Platforms/iPhoneSimulator.platform/Developer/SDKs/iPhoneSimulator26.5.sdk/Developer/Library/Frameworks -c -j8 -enable-batch-mode -incremental -Xcc -ivfsstatcache -Xcc /Users/jtcao/Library/Caches/visepanda/place-grounding-20260914/Native/SDKStatCaches.noindex/iphonesimulator26.5-23F81a-6cfe768891a92b912361537c460fe42b.sdkstatcache -output-file-map /Users/jtcao/Library/Caches/visepanda/place-grounding-20260914/Native/Build/Intermediates.noindex/VisePanda.build/Debug-iphonesimulator/VisePandaTests.build/Objects-normal/arm64/VisePandaTests-OutputFileMap.json -use-frontend-parseable-output -save-temps -no-color-diagnostics -explicit-module-build -module-cache-path /Users/jtcao/Library/Caches/visepanda/place-grounding-20260914/Native/Build/Intermediates.noindex/SwiftExplicitPrecompiledModules -clang-scanner-module-cache-path /Users/jtcao/Library/Caches/visepanda/place-grounding-20260914/Native/ModuleCache.noindex -sdk-module-cache-path /Users/jtcao/Library/Caches/visepanda/place-grounding-20260914/Native/ModuleCache.noindex -serialize-diagnostics -emit-dependencies -emit-module -emit-module-path /Users/jtcao/Library/Caches/visepanda/place-grounding-20260914/Native/Build/Intermediates.noindex/VisePanda.build/Debug-iphonesimulator/VisePandaTests.build/Objects-normal/arm64/VisePandaTests.swiftmodule -validate-clang-modules-once -clang-build-session-file /Users/jtcao/Library/Caches/visepanda/place-grounding-20260914/Native/ModuleCache.noindex/Session.modulevalidation -Xcc -I/Users/jtcao/Library/Caches/visepanda/place-grounding-20260914/Native/Build/Intermediates.noindex/VisePanda.build/Debug-iphonesimulator/VisePandaTests.build/swift-overrides.hmap -emit-const-values -Xfrontend -const-gather-protocols-file -Xfrontend /Users/jtcao/Library/Caches/visepanda/place-grounding-20260914/Native/Build/Intermediates.noindex/VisePanda.build/Debug-iphonesimulator/VisePandaTests.build/Objects-normal/arm64/VisePandaTests_const_extract_protocols.json -Xcc -iquote -Xcc /Users/jtcao/Library/Caches/visepanda/place-grounding-20260914/Native/Build/Intermediates.noindex/VisePanda.build/Debug-iphonesimulator/VisePandaTests.build/VisePandaTests-generated-files.hmap -Xcc -I/Users/jtcao/Library/Caches/visepanda/place-grounding-20260914/Native/Build/Intermediates.noindex/VisePanda.build/Debug-iphonesimulator/VisePandaTests.build/VisePandaTests-own-target-headers.hmap -Xcc -I/Users/jtcao/Library/Caches/visepanda/place-grounding-20260914/Native/Build/Intermediates.noindex/VisePanda.build/Debug-iphonesimulator/VisePandaTests.build/VisePandaTests-all-target-headers.hmap -Xcc -iquote -Xcc /Users/jtcao/Library/Caches/visepanda/place-grounding-20260914/Native/Build/Intermediates.noindex/VisePanda.build/Debug-iphonesimulator/VisePandaTests.build/VisePandaTests-project-headers.hmap -Xcc -I/Users/jtcao/Library/Caches/visepanda/place-grounding-20260914/Native/Build/Products/Debug-iphonesimulator/include -Xcc -I/Users/jtcao/Library/Caches/visepanda/place-grounding-20260914/Native/Build/Intermediates.noindex/VisePanda.build/Debug-iphonesimulator/VisePandaTests.build/DerivedSources-normal/arm64 -Xcc -I/Users/jtcao/Library/Caches/visepanda/place-grounding-20260914/Native/Build/Intermediates.noindex/VisePanda.build/Debug-iphonesimulator/VisePandaTests.build/DerivedSources/arm64 -Xcc -I/Users/jtcao/Library/Caches/visepanda/place-grounding-20260914/Native/Build/Intermediates.noindex/VisePanda.build/Debug-iphonesimulator/VisePandaTests.build/DerivedSources -emit-objc-header -emit-objc-header-path /Users/jtcao/Library/Caches/visepanda/place-grounding-20260914/Native/Build/Intermediates.noindex/VisePanda.build/Debug-iphonesimulator/VisePandaTests.build/Objects-normal/arm64/VisePandaTests-Swift.h -working-directory /Users/jtcao/Documents/VP-V4-S2-Place-Grounding/ios/VisePanda -experimental-emit-module-separately -disable-cmo

SwiftCompile normal arm64 Compiling\ NativeAskIntegrationTests.swift /Users/jtcao/Documents/VP-V4-S2-Place-Grounding/ios/VisePanda/VisePandaTests/NativeAskIntegrationTests.swift (in target 'VisePandaTests' from project 'VisePanda')
SwiftCompile normal arm64 /Users/jtcao/Documents/VP-V4-S2-Place-Grounding/ios/VisePanda/VisePandaTests/NativeAskIntegrationTests.swift (in target 'VisePandaTests' from project 'VisePanda')
    cd /Users/jtcao/Documents/VP-V4-S2-Place-Grounding/ios/VisePanda


SwiftMergeGeneratedHeaders /Users/jtcao/Library/Caches/visepanda/place-grounding-20260914/Native/Build/Intermediates.noindex/VisePanda.build/Debug-iphonesimulator/VisePandaTests.build/DerivedSources/VisePandaTests-Swift.h /Users/jtcao/Library/Caches/visepanda/place-grounding-20260914/Native/Build/Intermediates.noindex/VisePanda.build/Debug-iphonesimulator/VisePandaTests.build/Objects-normal/arm64/VisePandaTests-Swift.h (in target 'VisePandaTests' from project 'VisePanda')
    cd /Users/jtcao/Documents/VP-V4-S2-Place-Grounding/ios/VisePanda
    builtin-swiftHeaderTool -arch arm64 /Users/jtcao/Library/Caches/visepanda/place-grounding-20260914/Native/Build/Intermediates.noindex/VisePanda.build/Debug-iphonesimulator/VisePandaTests.build/Objects-normal/arm64/VisePandaTests-Swift.h -o /Users/jtcao/Library/Caches/visepanda/place-grounding-20260914/Native/Build/Intermediates.noindex/VisePanda.build/Debug-iphonesimulator/VisePandaTests.build/DerivedSources/VisePandaTests-Swift.h

SwiftDriverJobDiscovery normal arm64 Compiling NativeIdentityUITests.swift (in target 'VisePandaUITests' from project 'VisePanda')

Copy /Users/jtcao/Library/Caches/visepanda/place-grounding-20260914/Native/Build/Products/Debug-iphonesimulator/VisePandaTests.swiftmodule/arm64-apple-ios-simulator.swiftmodule /Users/jtcao/Library/Caches/visepanda/place-grounding-20260914/Native/Build/Intermediates.noindex/VisePanda.build/Debug-iphonesimulator/VisePandaTests.build/Objects-normal/arm64/VisePandaTests.swiftmodule (in target 'VisePandaTests' from project 'VisePanda')
    cd /Users/jtcao/Documents/VP-V4-S2-Place-Grounding/ios/VisePanda
    builtin-copy -exclude .DS_Store -exclude CVS -exclude .svn -exclude .git -exclude .hg -resolve-src-symlinks -rename /Users/jtcao/Library/Caches/visepanda/place-grounding-20260914/Native/Build/Intermediates.noindex/VisePanda.build/Debug-iphonesimulator/VisePandaTests.build/Objects-normal/arm64/VisePandaTests.swiftmodule /Users/jtcao/Library/Caches/visepanda/place-grounding-20260914/Native/Build/Products/Debug-iphonesimulator/VisePandaTests.swiftmodule/arm64-apple-ios-simulator.swiftmodule

Copy /Users/jtcao/Library/Caches/visepanda/place-grounding-20260914/Native/Build/Products/Debug-iphonesimulator/VisePandaTests.swiftmodule/arm64-apple-ios-simulator.swiftdoc /Users/jtcao/Library/Caches/visepanda/place-grounding-20260914/Native/Build/Intermediates.noindex/VisePanda.build/Debug-iphonesimulator/VisePandaTests.build/Objects-normal/arm64/VisePandaTests.swiftdoc (in target 'VisePandaTests' from project 'VisePanda')
    cd /Users/jtcao/Documents/VP-V4-S2-Place-Grounding/ios/VisePanda
    builtin-copy -exclude .DS_Store -exclude CVS -exclude .svn -exclude .git -exclude .hg -resolve-src-symlinks -rename /Users/jtcao/Library/Caches/visepanda/place-grounding-20260914/Native/Build/Intermediates.noindex/VisePanda.build/Debug-iphonesimulator/VisePandaTests.build/Objects-normal/arm64/VisePandaTests.swiftdoc /Users/jtcao/Library/Caches/visepanda/place-grounding-20260914/Native/Build/Products/Debug-iphonesimulator/VisePandaTests.swiftmodule/arm64-apple-ios-simulator.swiftdoc

Copy /Users/jtcao/Library/Caches/visepanda/place-grounding-20260914/Native/Build/Products/Debug-iphonesimulator/VisePandaTests.swiftmodule/arm64-apple-ios-simulator.abi.json /Users/jtcao/Library/Caches/visepanda/place-grounding-20260914/Native/Build/Intermediates.noindex/VisePanda.build/Debug-iphonesimulator/VisePandaTests.build/Objects-normal/arm64/VisePandaTests.abi.json (in target 'VisePandaTests' from project 'VisePanda')
    cd /Users/jtcao/Documents/VP-V4-S2-Place-Grounding/ios/VisePanda
    builtin-copy -exclude .DS_Store -exclude CVS -exclude .svn -exclude .git -exclude .hg -resolve-src-symlinks -rename /Users/jtcao/Library/Caches/visepanda/place-grounding-20260914/Native/Build/Intermediates.noindex/VisePanda.build/Debug-iphonesimulator/VisePandaTests.build/Objects-normal/arm64/VisePandaTests.abi.json /Users/jtcao/Library/Caches/visepanda/place-grounding-20260914/Native/Build/Products/Debug-iphonesimulator/VisePandaTests.swiftmodule/arm64-apple-ios-simulator.abi.json

Copy /Users/jtcao/Library/Caches/visepanda/place-grounding-20260914/Native/Build/Products/Debug-iphonesimulator/VisePandaTests.swiftmodule/Project/arm64-apple-ios-simulator.swiftsourceinfo /Users/jtcao/Library/Caches/visepanda/place-grounding-20260914/Native/Build/Intermediates.noindex/VisePanda.build/Debug-iphonesimulator/VisePandaTests.build/Objects-normal/arm64/VisePandaTests.swiftsourceinfo (in target 'VisePandaTests' from project 'VisePanda')
    cd /Users/jtcao/Documents/VP-V4-S2-Place-Grounding/ios/VisePanda
    builtin-copy -exclude .DS_Store -exclude CVS -exclude .svn -exclude .git -exclude .hg -resolve-src-symlinks -rename /Users/jtcao/Library/Caches/visepanda/place-grounding-20260914/Native/Build/Intermediates.noindex/VisePanda.build/Debug-iphonesimulator/VisePandaTests.build/Objects-normal/arm64/VisePandaTests.swiftsourceinfo /Users/jtcao/Library/Caches/visepanda/place-grounding-20260914/Native/Build/Products/Debug-iphonesimulator/VisePandaTests.swiftmodule/Project/arm64-apple-ios-simulator.swiftsourceinfo

SwiftCompile normal arm64 Compiling\ NativeSessionIntegrationTests.swift /Users/jtcao/Documents/VP-V4-S2-Place-Grounding/ios/VisePanda/VisePandaTests/NativeSessionIntegrationTests.swift (in target 'VisePandaTests' from project 'VisePanda')

SwiftCompile normal arm64 /Users/jtcao/Documents/VP-V4-S2-Place-Grounding/ios/VisePanda/VisePandaTests/NativeSessionIntegrationTests.swift (in target 'VisePandaTests' from project 'VisePanda')
    cd /Users/jtcao/Documents/VP-V4-S2-Place-Grounding/ios/VisePanda


SwiftCompile normal arm64 Compiling\ NativeAskPersistenceTests.swift /Users/jtcao/Documents/VP-V4-S2-Place-Grounding/ios/VisePanda/VisePandaTests/NativeAskPersistenceTests.swift (in target 'VisePandaTests' from project 'VisePanda')

SwiftCompile normal arm64 /Users/jtcao/Documents/VP-V4-S2-Place-Grounding/ios/VisePanda/VisePandaTests/NativeAskPersistenceTests.swift (in target 'VisePandaTests' from project 'VisePanda')
    cd /Users/jtcao/Documents/VP-V4-S2-Place-Grounding/ios/VisePanda


SwiftDriverJobDiscovery normal arm64 Compiling NativeAskView.swift, NativeAskModels.swift, NativeAskStore.swift, NativeTripModels.swift (in target 'VisePanda' from project 'VisePanda')

SwiftCompile normal arm64 Compiling\ NativeTripIntegrationTests.swift /Users/jtcao/Documents/VP-V4-S2-Place-Grounding/ios/VisePanda/VisePandaTests/NativeTripIntegrationTests.swift (in target 'VisePandaTests' from project 'VisePanda')

SwiftCompile normal arm64 /Users/jtcao/Documents/VP-V4-S2-Place-Grounding/ios/VisePanda/VisePandaTests/NativeTripIntegrationTests.swift (in target 'VisePandaTests' from project 'VisePanda')
    cd /Users/jtcao/Documents/VP-V4-S2-Place-Grounding/ios/VisePanda


SwiftDriverJobDiscovery normal arm64 Compiling NativeTripUITests.swift (in target 'VisePandaUITests' from project 'VisePanda')

SwiftCompile normal arm64 Compiling\ AppNavigationContractTests.swift /Users/jtcao/Documents/VP-V4-S2-Place-Grounding/ios/VisePanda/VisePandaTests/AppNavigationContractTests.swift (in target 'VisePandaTests' from project 'VisePanda')
SwiftCompile normal arm64 /Users/jtcao/Documents/VP-V4-S2-Place-Grounding/ios/VisePanda/VisePandaTests/AppNavigationContractTests.swift (in target 'VisePandaTests' from project 'VisePanda')
    cd /Users/jtcao/Documents/VP-V4-S2-Place-Grounding/ios/VisePanda


SwiftDriverJobDiscovery normal arm64 Compiling NativeKnowledgeUITests.swift (in target 'VisePandaUITests' from project 'VisePanda')

SwiftCompile normal arm64 Compiling\ NativeTripStateTests.swift /Users/jtcao/Documents/VP-V4-S2-Place-Grounding/ios/VisePanda/VisePandaTests/NativeTripStateTests.swift (in target 'VisePandaTests' from project 'VisePanda')

SwiftCompile normal arm64 /Users/jtcao/Documents/VP-V4-S2-Place-Grounding/ios/VisePanda/VisePandaTests/NativeTripStateTests.swift (in target 'VisePandaTests' from project 'VisePanda')
    cd /Users/jtcao/Documents/VP-V4-S2-Place-Grounding/ios/VisePanda


SwiftDriverJobDiscovery normal arm64 Compiling AppShellUITests.swift (in target 'VisePandaUITests' from project 'VisePanda')

SwiftCompile normal arm64 Compiling\ NativeAskStateTests.swift /Users/jtcao/Documents/VP-V4-S2-Place-Grounding/ios/VisePanda/VisePandaTests/NativeAskStateTests.swift (in target 'VisePandaTests' from project 'VisePanda')
SwiftCompile normal arm64 /Users/jtcao/Documents/VP-V4-S2-Place-Grounding/ios/VisePanda/VisePandaTests/NativeAskStateTests.swift (in target 'VisePandaTests' from project 'VisePanda')
    cd /Users/jtcao/Documents/VP-V4-S2-Place-Grounding/ios/VisePanda


SwiftDriverJobDiscovery normal arm64 Compiling NativeAskUITests.swift (in target 'VisePandaUITests' from project 'VisePanda')

SwiftDriver\ Compilation VisePandaUITests normal arm64 com.apple.xcode.tools.swift.compiler (in target 'VisePandaUITests' from project 'VisePanda')
    cd /Users/jtcao/Documents/VP-V4-S2-Place-Grounding/ios/VisePanda
    builtin-Swift-Compilation -- /Applications/Xcode.app/Contents/Developer/Toolchains/XcodeDefault.xctoolchain/usr/bin/swiftc -module-name VisePandaUITests -Onone @/Users/jtcao/Library/Caches/visepanda/place-grounding-20260914/Native/Build/Intermediates.noindex/VisePanda.build/Debug-iphonesimulator/VisePandaUITests.build/Objects-normal/arm64/VisePandaUITests.SwiftFileList -DDEBUG -module-alias Testing\=_Testing_Unavailable -plugin-path /Applications/Xcode.app/Contents/Developer/Toolchains/XcodeDefault.xctoolchain/usr/lib/swift/host/plugins/testing -enable-experimental-feature DebugDescriptionMacro -sdk /Applications/Xcode.app/Contents/Developer/Platforms/iPhoneSimulator.platform/Developer/SDKs/iPhoneSimulator26.5.sdk -target arm64-apple-ios17.0-simulator -g -module-cache-path /Users/jtcao/Library/Caches/visepanda/place-grounding-20260914/Native/ModuleCache.noindex -Xfrontend -serialize-debugging-options -enable-testing -index-store-path /Users/jtcao/Library/Caches/visepanda/place-grounding-20260914/Native/Index.noindex/DataStore -Xcc -D_LIBCPP_HARDENING_MODE\=_LIBCPP_HARDENING_MODE_DEBUG -swift-version 6 -I /Users/jtcao/Library/Caches/visepanda/place-grounding-20260914/Native/Build/Products/Debug-iphonesimulator -Isystem /Applications/Xcode.app/Contents/Developer/Platforms/iPhoneSimulator.platform/Developer/usr/lib -F /Users/jtcao/Library/Caches/visepanda/place-grounding-20260914/Native/Build/Products/Debug-iphonesimulator -F /Applications/Xcode.app/Contents/Developer/Platforms/iPhoneSimulator.platform/Developer/Library/Frameworks -F /Applications/Xcode.app/Contents/Developer/Platforms/iPhoneSimulator.platform/Developer/SDKs/iPhoneSimulator26.5.sdk/Developer/Library/Frameworks -c -j8 -enable-batch-mode -incremental -Xcc -ivfsstatcache -Xcc /Users/jtcao/Library/Caches/visepanda/place-grounding-20260914/Native/SDKStatCaches.noindex/iphonesimulator26.5-23F81a-6cfe768891a92b912361537c460fe42b.sdkstatcache -output-file-map /Users/jtcao/Library/Caches/visepanda/place-grounding-20260914/Native/Build/Intermediates.noindex/VisePanda.build/Debug-iphonesimulator/VisePandaUITests.build/Objects-normal/arm64/VisePandaUITests-OutputFileMap.json -use-frontend-parseable-output -save-temps -no-color-diagnostics -explicit-module-build -module-cache-path /Users/jtcao/Library/Caches/visepanda/place-grounding-20260914/Native/Build/Intermediates.noindex/SwiftExplicitPrecompiledModules -clang-scanner-module-cache-path /Users/jtcao/Library/Caches/visepanda/place-grounding-20260914/Native/ModuleCache.noindex -sdk-module-cache-path /Users/jtcao/Library/Caches/visepanda/place-grounding-20260914/Native/ModuleCache.noindex -serialize-diagnostics -emit-dependencies -emit-module -emit-module-path /Users/jtcao/Library/Caches/visepanda/place-grounding-20260914/Native/Build/Intermediates.noindex/VisePanda.build/Debug-iphonesimulator/VisePandaUITests.build/Objects-normal/arm64/VisePandaUITests.swiftmodule -validate-clang-modules-once -clang-build-session-file /Users/jtcao/Library/Caches/visepanda/place-grounding-20260914/Native/ModuleCache.noindex/Session.modulevalidation -Xcc -I/Users/jtcao/Library/Caches/visepanda/place-grounding-20260914/Native/Build/Intermediates.noindex/VisePanda.build/Debug-iphonesimulator/VisePandaUITests.build/swift-overrides.hmap -emit-const-values -Xfrontend -const-gather-protocols-file -Xfrontend /Users/jtcao/Library/Caches/visepanda/place-grounding-20260914/Native/Build/Intermediates.noindex/VisePanda.build/Debug-iphonesimulator/VisePandaUITests.build/Objects-normal/arm64/VisePandaUITests_const_extract_protocols.json -Xcc -iquote -Xcc /Users/jtcao/Library/Caches/visepanda/place-grounding-20260914/Native/Build/Intermediates.noindex/VisePanda.build/Debug-iphonesimulator/VisePandaUITests.build/VisePandaUITests-generated-files.hmap -Xcc -I/Users/jtcao/Library/Caches/visepanda/place-grounding-20260914/Native/Build/Intermediates.noindex/VisePanda.build/Debug-iphonesimulator/VisePandaUITests.build/VisePandaUITests-own-target-headers.hmap -Xcc -I/Users/jtcao/Library/Caches/visepanda/place-grounding-20260914/Native/Build/Intermediates.noindex/VisePanda.build/Debug-iphonesimulator/VisePandaUITests.build/VisePandaUITests-all-target-headers.hmap -Xcc -iquote -Xcc /Users/jtcao/Library/Caches/visepanda/place-grounding-20260914/Native/Build/Intermediates.noindex/VisePanda.build/Debug-iphonesimulator/VisePandaUITests.build/VisePandaUITests-project-headers.hmap -Xcc -I/Users/jtcao/Library/Caches/visepanda/place-grounding-20260914/Native/Build/Products/Debug-iphonesimulator/include -Xcc -I/Users/jtcao/Library/Caches/visepanda/place-grounding-20260914/Native/Build/Intermediates.noindex/VisePanda.build/Debug-iphonesimulator/VisePandaUITests.build/DerivedSources-normal/arm64 -Xcc -I/Users/jtcao/Library/Caches/visepanda/place-grounding-20260914/Native/Build/Intermediates.noindex/VisePanda.build/Debug-iphonesimulator/VisePandaUITests.build/DerivedSources/arm64 -Xcc -I/Users/jtcao/Library/Caches/visepanda/place-grounding-20260914/Native/Build/Intermediates.noindex/VisePanda.build/Debug-iphonesimulator/VisePandaUITests.build/DerivedSources -emit-objc-header -emit-objc-header-path /Users/jtcao/Library/Caches/visepanda/place-grounding-20260914/Native/Build/Intermediates.noindex/VisePanda.build/Debug-iphonesimulator/VisePandaUITests.build/Objects-normal/arm64/VisePandaUITests-Swift.h -working-directory /Users/jtcao/Documents/VP-V4-S2-Place-Grounding/ios/VisePanda -experimental-emit-module-separately -disable-cmo

SwiftDriverJobDiscovery normal arm64 Compiling NativeTripIntegrationTests.swift (in target 'VisePandaTests' from project 'VisePanda')

SwiftDriver\ Compilation VisePanda normal arm64 com.apple.xcode.tools.swift.compiler (in target 'VisePanda' from project 'VisePanda')
    cd /Users/jtcao/Documents/VP-V4-S2-Place-Grounding/ios/VisePanda
    builtin-Swift-Compilation -- /Applications/Xcode.app/Contents/Developer/Toolchains/XcodeDefault.xctoolchain/usr/bin/swiftc -module-name VisePanda -Onone @/Users/jtcao/Library/Caches/visepanda/place-grounding-20260914/Native/Build/Intermediates.noindex/VisePanda.build/Debug-iphonesimulator/VisePanda.build/Objects-normal/arm64/VisePanda.SwiftFileList -DDEBUG -default-isolation\=MainActor -enable-upcoming-feature InferIsolatedConformances -enable-upcoming-feature NonisolatedNonsendingByDefault -enable-experimental-feature DebugDescriptionMacro -sdk /Applications/Xcode.app/Contents/Developer/Platforms/iPhoneSimulator.platform/Developer/SDKs/iPhoneSimulator26.5.sdk -target arm64-apple-ios17.0-simulator -g -module-cache-path /Users/jtcao/Library/Caches/visepanda/place-grounding-20260914/Native/ModuleCache.noindex -Xfrontend -serialize-debugging-options -enable-testing -index-store-path /Users/jtcao/Library/Caches/visepanda/place-grounding-20260914/Native/Index.noindex/DataStore -Xcc -D_LIBCPP_HARDENING_MODE\=_LIBCPP_HARDENING_MODE_DEBUG -swift-version 6 -I /Users/jtcao/Library/Caches/visepanda/place-grounding-20260914/Native/Build/Products/Debug-iphonesimulator -F /Users/jtcao/Library/Caches/visepanda/place-grounding-20260914/Native/Build/Products/Debug-iphonesimulator -c -j8 -enable-batch-mode -incremental -Xcc -ivfsstatcache -Xcc /Users/jtcao/Library/Caches/visepanda/place-grounding-20260914/Native/SDKStatCaches.noindex/iphonesimulator26.5-23F81a-6cfe768891a92b912361537c460fe42b.sdkstatcache -output-file-map /Users/jtcao/Library/Caches/visepanda/place-grounding-20260914/Native/Build/Intermediates.noindex/VisePanda.build/Debug-iphonesimulator/VisePanda.build/Objects-normal/arm64/VisePanda-OutputFileMap.json -use-frontend-parseable-output -save-temps -no-color-diagnostics -explicit-module-build -module-cache-path /Users/jtcao/Library/Caches/visepanda/place-grounding-20260914/Native/Build/Intermediates.noindex/SwiftExplicitPrecompiledModules -clang-scanner-module-cache-path /Users/jtcao/Library/Caches/visepanda/place-grounding-20260914/Native/ModuleCache.noindex -sdk-module-cache-path /Users/jtcao/Library/Caches/visepanda/place-grounding-20260914/Native/ModuleCache.noindex -serialize-diagnostics -emit-dependencies -emit-module -emit-module-path /Users/jtcao/Library/Caches/visepanda/place-grounding-20260914/Native/Build/Intermediates.noindex/VisePanda.build/Debug-iphonesimulator/VisePanda.build/Objects-normal/arm64/VisePanda.swiftmodule -validate-clang-modules-once -clang-build-session-file /Users/jtcao/Library/Caches/visepanda/place-grounding-20260914/Native/ModuleCache.noindex/Session.modulevalidation -Xcc -I/Users/jtcao/Library/Caches/visepanda/place-grounding-20260914/Native/Build/Intermediates.noindex/VisePanda.build/Debug-iphonesimulator/VisePanda.build/swift-overrides.hmap -emit-const-values -Xfrontend -const-gather-protocols-file -Xfrontend /Users/jtcao/Library/Caches/visepanda/place-grounding-20260914/Native/Build/Intermediates.noindex/VisePanda.build/Debug-iphonesimulator/VisePanda.build/Objects-normal/arm64/VisePanda_const_extract_protocols.json -Xcc -iquote -Xcc /Users/jtcao/Library/Caches/visepanda/place-grounding-20260914/Native/Build/Intermediates.noindex/VisePanda.build/Debug-iphonesimulator/VisePanda.build/VisePanda-generated-files.hmap -Xcc -I/Users/jtcao/Library/Caches/visepanda/place-grounding-20260914/Native/Build/Intermediates.noindex/VisePanda.build/Debug-iphonesimulator/VisePanda.build/VisePanda-own-target-headers.hmap -Xcc -I/Users/jtcao/Library/Caches/visepanda/place-grounding-20260914/Native/Build/Intermediates.noindex/VisePanda.build/Debug-iphonesimulator/VisePanda.build/VisePanda-all-target-headers.hmap -Xcc -iquote -Xcc /Users/jtcao/Library/Caches/visepanda/place-grounding-20260914/Native/Build/Intermediates.noindex/VisePanda.build/Debug-iphonesimulator/VisePanda.build/VisePanda-project-headers.hmap -Xcc -I/Users/jtcao/Library/Caches/visepanda/place-grounding-20260914/Native/Build/Products/Debug-iphonesimulator/include -Xcc -I/Users/jtcao/Library/Caches/visepanda/place-grounding-20260914/Native/Build/Intermediates.noindex/VisePanda.build/Debug-iphonesimulator/VisePanda.build/DerivedSources-normal/arm64 -Xcc -I/Users/jtcao/Library/Caches/visepanda/place-grounding-20260914/Native/Build/Intermediates.noindex/VisePanda.build/Debug-iphonesimulator/VisePanda.build/DerivedSources/arm64 -Xcc -I/Users/jtcao/Library/Caches/visepanda/place-grounding-20260914/Native/Build/Intermediates.noindex/VisePanda.build/Debug-iphonesimulator/VisePanda.build/DerivedSources -emit-objc-header -emit-objc-header-path /Users/jtcao/Library/Caches/visepanda/place-grounding-20260914/Native/Build/Intermediates.noindex/VisePanda.build/Debug-iphonesimulator/VisePanda.build/Objects-normal/arm64/VisePanda-Swift.h -working-directory /Users/jtcao/Documents/VP-V4-S2-Place-Grounding/ios/VisePanda -experimental-emit-module-separately -disable-cmo

Ld /Users/jtcao/Library/Caches/visepanda/place-grounding-20260914/Native/Build/Products/Debug-iphonesimulator/VisePanda.app/VisePanda.debug.dylib normal (in target 'VisePanda' from project 'VisePanda')
    cd /Users/jtcao/Documents/VP-V4-S2-Place-Grounding/ios/VisePanda
    /Applications/Xcode.app/Contents/Developer/Toolchains/XcodeDefault.xctoolchain/usr/bin/clang -Xlinker -reproducible -target arm64-apple-ios17.0-simulator -dynamiclib -isysroot /Applications/Xcode.app/Contents/Developer/Platforms/iPhoneSimulator.platform/Developer/SDKs/iPhoneSimulator26.5.sdk -O0 -L/Users/jtcao/Library/Caches/visepanda/place-grounding-20260914/Native/Build/Intermediates.noindex/EagerLinkingTBDs/Debug-iphonesimulator -L/Users/jtcao/Library/Caches/visepanda/place-grounding-20260914/Native/Build/Products/Debug-iphonesimulator -F/Users/jtcao/Library/Caches/visepanda/place-grounding-20260914/Native/Build/Intermediates.noindex/EagerLinkingTBDs/Debug-iphonesimulator -F/Users/jtcao/Library/Caches/visepanda/place-grounding-20260914/Native/Build/Products/Debug-iphonesimulator -filelist /Users/jtcao/Library/Caches/visepanda/place-grounding-20260914/Native/Build/Intermediates.noindex/VisePanda.build/Debug-iphonesimulator/VisePanda.build/Objects-normal/arm64/VisePanda.LinkFileList -install_name @rpath/VisePanda.debug.dylib -Xlinker -rpath -Xlinker /usr/lib/swift -Xlinker -dead_strip -Xlinker -object_path_lto -Xlinker /Users/jtcao/Library/Caches/visepanda/place-grounding-20260914/Native/Build/Intermediates.noindex/VisePanda.build/Debug-iphonesimulator/VisePanda.build/Objects-normal/arm64/VisePanda_lto.o -rdynamic -Xlinker -no_deduplicate -Xlinker -objc_abi_version -Xlinker 2 -Xlinker -dependency_info -Xlinker /Users/jtcao/Library/Caches/visepanda/place-grounding-20260914/Native/Build/Intermediates.noindex/VisePanda.build/Debug-iphonesimulator/VisePanda.build/Objects-normal/arm64/VisePanda_dependency_info.dat -fobjc-link-runtime -L/Applications/Xcode.app/Contents/Developer/Toolchains/XcodeDefault.xctoolchain/usr/lib/swift/iphonesimulator -L/usr/lib/swift -Xlinker -add_ast_path -Xlinker /Users/jtcao/Library/Caches/visepanda/place-grounding-20260914/Native/Build/Intermediates.noindex/VisePanda.build/Debug-iphonesimulator/VisePanda.build/Objects-normal/arm64/VisePanda.swiftmodule @/Users/jtcao/Library/Caches/visepanda/place-grounding-20260914/Native/Build/Intermediates.noindex/VisePanda.build/Debug-iphonesimulator/VisePanda.build/Objects-normal/arm64/VisePanda-linker-args.resp -Xlinker -alias -Xlinker _main -Xlinker ___debug_main_executable_dylib_entry_point -o /Users/jtcao/Library/Caches/visepanda/place-grounding-20260914/Native/Build/Products/Debug-iphonesimulator/VisePanda.app/VisePanda.debug.dylib

SwiftDriverJobDiscovery normal arm64 Compiling NativeSessionIntegrationTests.swift (in target 'VisePandaTests' from project 'VisePanda')

SwiftDriverJobDiscovery normal arm64 Compiling NativeTripStateTests.swift (in target 'VisePandaTests' from project 'VisePanda')

SwiftDriverJobDiscovery normal arm64 Compiling NativeKnowledgeTests.swift (in target 'VisePandaTests' from project 'VisePanda')

SwiftDriverJobDiscovery normal arm64 Compiling NativeAskPersistenceTests.swift (in target 'VisePandaTests' from project 'VisePanda')

SwiftDriverJobDiscovery normal arm64 Compiling NativeAskIntegrationTests.swift (in target 'VisePandaTests' from project 'VisePanda')

ConstructStubExecutorLinkFileList /Users/jtcao/Library/Caches/visepanda/place-grounding-20260914/Native/Build/Intermediates.noindex/VisePanda.build/Debug-iphonesimulator/VisePanda.build/VisePanda-ExecutorLinkFileList-normal-arm64.txt (in target 'VisePanda' from project 'VisePanda')
    cd /Users/jtcao/Documents/VP-V4-S2-Place-Grounding/ios/VisePanda
    construct-stub-executor-link-file-list /Users/jtcao/Library/Caches/visepanda/place-grounding-20260914/Native/Build/Products/Debug-iphonesimulator/VisePanda.app/VisePanda.debug.dylib /Applications/Xcode.app/Contents/Developer/Platforms/iPhoneSimulator.platform/Developer/usr/lib/libPreviewsJITStubExecutor_no_swift_entry_point.a /Applications/Xcode.app/Contents/Developer/Platforms/iPhoneSimulator.platform/Developer/usr/lib/libPreviewsJITStubExecutor.a --output /Users/jtcao/Library/Caches/visepanda/place-grounding-20260914/Native/Build/Intermediates.noindex/VisePanda.build/Debug-iphonesimulator/VisePanda.build/VisePanda-ExecutorLinkFileList-normal-arm64.txt
note: Using stub executor library with Swift entry point. (in target 'VisePanda' from project 'VisePanda')

Ld /Users/jtcao/Library/Caches/visepanda/place-grounding-20260914/Native/Build/Products/Debug-iphonesimulator/VisePanda.app/VisePanda normal (in target 'VisePanda' from project 'VisePanda')
    cd /Users/jtcao/Documents/VP-V4-S2-Place-Grounding/ios/VisePanda
    /Applications/Xcode.app/Contents/Developer/Toolchains/XcodeDefault.xctoolchain/usr/bin/clang -Xlinker -reproducible -target arm64-apple-ios17.0-simulator -isysroot /Applications/Xcode.app/Contents/Developer/Platforms/iPhoneSimulator.platform/Developer/SDKs/iPhoneSimulator26.5.sdk -O0 -L/Users/jtcao/Library/Caches/visepanda/place-grounding-20260914/Native/Build/Products/Debug-iphonesimulator -F/Users/jtcao/Library/Caches/visepanda/place-grounding-20260914/Native/Build/Products/Debug-iphonesimulator -Xlinker -rpath -Xlinker @executable_path -rdynamic -Xlinker -no_deduplicate -Xlinker -objc_abi_version -Xlinker 2 -e ___debug_blank_executor_main -Xlinker -sectcreate -Xlinker __TEXT -Xlinker __debug_dylib -Xlinker /Users/jtcao/Library/Caches/visepanda/place-grounding-20260914/Native/Build/Intermediates.noindex/VisePanda.build/Debug-iphonesimulator/VisePanda.build/VisePanda-DebugDylibPath-normal-arm64.txt -Xlinker -sectcreate -Xlinker __TEXT -Xlinker __debug_instlnm -Xlinker /Users/jtcao/Library/Caches/visepanda/place-grounding-20260914/Native/Build/Intermediates.noindex/VisePanda.build/Debug-iphonesimulator/VisePanda.build/VisePanda-DebugDylibInstallName-normal-arm64.txt -Xlinker -filelist -Xlinker /Users/jtcao/Library/Caches/visepanda/place-grounding-20260914/Native/Build/Intermediates.noindex/VisePanda.build/Debug-iphonesimulator/VisePanda.build/VisePanda-ExecutorLinkFileList-normal-arm64.txt /Users/jtcao/Library/Caches/visepanda/place-grounding-20260914/Native/Build/Products/Debug-iphonesimulator/VisePanda.app/VisePanda.debug.dylib -o /Users/jtcao/Library/Caches/visepanda/place-grounding-20260914/Native/Build/Products/Debug-iphonesimulator/VisePanda.app/VisePanda

CopySwiftLibs /Users/jtcao/Library/Caches/visepanda/place-grounding-20260914/Native/Build/Products/Debug-iphonesimulator/VisePanda.app (in target 'VisePanda' from project 'VisePanda')
    cd /Users/jtcao/Documents/VP-V4-S2-Place-Grounding/ios/VisePanda
    builtin-swiftStdLibTool --copy --verbose --scan-executable /Users/jtcao/Library/Caches/visepanda/place-grounding-20260914/Native/Build/Products/Debug-iphonesimulator/VisePanda.app/VisePanda.debug.dylib --scan-folder /Users/jtcao/Library/Caches/visepanda/place-grounding-20260914/Native/Build/Products/Debug-iphonesimulator/VisePanda.app/Frameworks --scan-folder /Users/jtcao/Library/Caches/visepanda/place-grounding-20260914/Native/Build/Products/Debug-iphonesimulator/VisePanda.app/PlugIns --scan-folder /Users/jtcao/Library/Caches/visepanda/place-grounding-20260914/Native/Build/Products/Debug-iphonesimulator/VisePanda.app/SystemExtensions --scan-folder /Users/jtcao/Library/Caches/visepanda/place-grounding-20260914/Native/Build/Products/Debug-iphonesimulator/VisePanda.app/Extensions --platform iphonesimulator --toolchain /Applications/Xcode.app/Contents/Developer/Toolchains/XcodeDefault.xctoolchain --destination /Users/jtcao/Library/Caches/visepanda/place-grounding-20260914/Native/Build/Products/Debug-iphonesimulator/VisePanda.app/Frameworks --strip-bitcode --strip-bitcode-tool /Applications/Xcode.app/Contents/Developer/Toolchains/XcodeDefault.xctoolchain/usr/bin/bitcode_strip --emit-dependency-info /Users/jtcao/Library/Caches/visepanda/place-grounding-20260914/Native/Build/Intermediates.noindex/VisePanda.build/Debug-iphonesimulator/VisePanda.build/SwiftStdLibToolInputDependencies.dep --filter-for-swift-os
Ignoring --strip-bitcode because --sign was not passed

ExtractAppIntentsMetadata (in target 'VisePanda' from project 'VisePanda')
    cd /Users/jtcao/Documents/VP-V4-S2-Place-Grounding/ios/VisePanda
    /Applications/Xcode.app/Contents/Developer/Toolchains/XcodeDefault.xctoolchain/usr/bin/appintentsmetadataprocessor --toolchain-dir /Applications/Xcode.app/Contents/Developer/Toolchains/XcodeDefault.xctoolchain --module-name VisePanda --sdk-root /Applications/Xcode.app/Contents/Developer/Platforms/iPhoneSimulator.platform/Developer/SDKs/iPhoneSimulator26.5.sdk --xcode-version 17F113 --platform-family iOS --deployment-target 17.0 --bundle-identifier space.go2china.VisePanda --output /Users/jtcao/Library/Caches/visepanda/place-grounding-20260914/Native/Build/Products/Debug-iphonesimulator/VisePanda.app --target-triple arm64-apple-ios17.0-simulator --binary-file /Users/jtcao/Library/Caches/visepanda/place-grounding-20260914/Native/Build/Products/Debug-iphonesimulator/VisePanda.app/VisePanda --dependency-file /Users/jtcao/Library/Caches/visepanda/place-grounding-20260914/Native/Build/Intermediates.noindex/VisePanda.build/Debug-iphonesimulator/VisePanda.build/Objects-normal/arm64/VisePanda_dependency_info.dat --stringsdata-file /Users/jtcao/Library/Caches/visepanda/place-grounding-20260914/Native/Build/Intermediates.noindex/VisePanda.build/Debug-iphonesimulator/VisePanda.build/Objects-normal/arm64/ExtractedAppShortcutsMetadata.stringsdata --source-file-list /Users/jtcao/Library/Caches/visepanda/place-grounding-20260914/Native/Build/Intermediates.noindex/VisePanda.build/Debug-iphonesimulator/VisePanda.build/Objects-normal/arm64/VisePanda.SwiftFileList --metadata-file-list /Users/jtcao/Library/Caches/visepanda/place-grounding-20260914/Native/Build/Intermediates.noindex/VisePanda.build/Debug-iphonesimulator/VisePanda.build/VisePanda.DependencyMetadataFileList --static-metadata-file-list /Users/jtcao/Library/Caches/visepanda/place-grounding-20260914/Native/Build/Intermediates.noindex/VisePanda.build/Debug-iphonesimulator/VisePanda.build/VisePanda.DependencyStaticMetadataFileList --swift-const-vals-list /Users/jtcao/Library/Caches/visepanda/place-grounding-20260914/Native/Build/Intermediates.noindex/VisePanda.build/Debug-iphonesimulator/VisePanda.build/Objects-normal/arm64/VisePanda.SwiftConstValuesFileList --compile-time-extraction --deployment-aware-processing --validate-assistant-intents --no-app-shortcuts-localization
2026-09-14 03:55:07.989 appintentsmetadataprocessor[59525:733980] Starting appintentsmetadataprocessor export
2026-09-14 03:55:07.992 appintentsmetadataprocessor[59525:733980] warning: Metadata extraction skipped. No AppIntents.framework dependency found.

AppIntentsSSUTraining (in target 'VisePanda' from project 'VisePanda')
    cd /Users/jtcao/Documents/VP-V4-S2-Place-Grounding/ios/VisePanda
    /Applications/Xcode.app/Contents/Developer/Toolchains/XcodeDefault.xctoolchain/usr/bin/appintentsnltrainingprocessor --infoplist-path /Users/jtcao/Library/Caches/visepanda/place-grounding-20260914/Native/Build/Products/Debug-iphonesimulator/VisePanda.app/Info.plist --temp-dir-path /Users/jtcao/Library/Caches/visepanda/place-grounding-20260914/Native/Build/Intermediates.noindex/VisePanda.build/Debug-iphonesimulator/VisePanda.build/ssu --bundle-id space.go2china.VisePanda --product-path /Users/jtcao/Library/Caches/visepanda/place-grounding-20260914/Native/Build/Products/Debug-iphonesimulator/VisePanda.app --extracted-metadata-path /Users/jtcao/Library/Caches/visepanda/place-grounding-20260914/Native/Build/Products/Debug-iphonesimulator/VisePanda.app/Metadata.appintents --metadata-file-list /Users/jtcao/Library/Caches/visepanda/place-grounding-20260914/Native/Build/Intermediates.noindex/VisePanda.build/Debug-iphonesimulator/VisePanda.build/VisePanda.DependencyMetadataFileList --source-file /Users/jtcao/Library/Caches/visepanda/place-grounding-20260914/Native/Build/Products/Debug-iphonesimulator/VisePanda.app/Info.plist --archive-ssu-assets
2026-09-14 03:55:08.012 appintentsnltrainingprocessor[59526:733981] Parsing options for appintentsnltrainingprocessor
2026-09-14 03:55:08.012 appintentsnltrainingprocessor[59526:733981] Starting AppIntents SSU YAML Generation
2026-09-14 03:55:08.013 appintentsnltrainingprocessor[59526:733981] No AppShortcuts found - Skipping.

ProcessInfoPlistFile /Users/jtcao/Library/Caches/visepanda/place-grounding-20260914/Native/Build/Products/Debug-iphonesimulator/VisePanda.app/PlugIns/VisePandaTests.xctest/Info.plist /Users/jtcao/Library/Caches/visepanda/place-grounding-20260914/Native/Build/Intermediates.noindex/VisePanda.build/Debug-iphonesimulator/VisePandaTests.build/empty-VisePandaTests.plist (in target 'VisePandaTests' from project 'VisePanda')
    cd /Users/jtcao/Documents/VP-V4-S2-Place-Grounding/ios/VisePanda
    builtin-infoPlistUtility /Users/jtcao/Library/Caches/visepanda/place-grounding-20260914/Native/Build/Intermediates.noindex/VisePanda.build/Debug-iphonesimulator/VisePandaTests.build/empty-VisePandaTests.plist -producttype com.apple.product-type.bundle.unit-test -expandbuildsettings -format binary -platform iphonesimulator -o /Users/jtcao/Library/Caches/visepanda/place-grounding-20260914/Native/Build/Products/Debug-iphonesimulator/VisePanda.app/PlugIns/VisePandaTests.xctest/Info.plist

SwiftDriverJobDiscovery normal arm64 Compiling AppNavigationContractTests.swift (in target 'VisePandaTests' from project 'VisePanda')

SwiftDriverJobDiscovery normal arm64 Compiling NativeAskStateTests.swift (in target 'VisePandaTests' from project 'VisePanda')

SwiftDriver\ Compilation VisePandaTests normal arm64 com.apple.xcode.tools.swift.compiler (in target 'VisePandaTests' from project 'VisePanda')
    cd /Users/jtcao/Documents/VP-V4-S2-Place-Grounding/ios/VisePanda
    builtin-Swift-Compilation -- /Applications/Xcode.app/Contents/Developer/Toolchains/XcodeDefault.xctoolchain/usr/bin/swiftc -module-name VisePandaTests -Onone @/Users/jtcao/Library/Caches/visepanda/place-grounding-20260914/Native/Build/Intermediates.noindex/VisePanda.build/Debug-iphonesimulator/VisePandaTests.build/Objects-normal/arm64/VisePandaTests.SwiftFileList -DDEBUG -plugin-path /Applications/Xcode.app/Contents/Developer/Toolchains/XcodeDefault.xctoolchain/usr/lib/swift/host/plugins/testing -default-isolation\=MainActor -enable-upcoming-feature InferIsolatedConformances -enable-upcoming-feature NonisolatedNonsendingByDefault -enable-experimental-feature DebugDescriptionMacro -sdk /Applications/Xcode.app/Contents/Developer/Platforms/iPhoneSimulator.platform/Developer/SDKs/iPhoneSimulator26.5.sdk -target arm64-apple-ios17.0-simulator -g -module-cache-path /Users/jtcao/Library/Caches/visepanda/place-grounding-20260914/Native/ModuleCache.noindex -Xfrontend -serialize-debugging-options -enable-testing -index-store-path /Users/jtcao/Library/Caches/visepanda/place-grounding-20260914/Native/Index.noindex/DataStore -Xcc -D_LIBCPP_HARDENING_MODE\=_LIBCPP_HARDENING_MODE_DEBUG -swift-version 6 -I /Users/jtcao/Library/Caches/visepanda/place-grounding-20260914/Native/Build/Products/Debug-iphonesimulator -Isystem /Applications/Xcode.app/Contents/Developer/Platforms/iPhoneSimulator.platform/Developer/usr/lib -F /Users/jtcao/Library/Caches/visepanda/place-grounding-20260914/Native/Build/Products/Debug-iphonesimulator -F /Applications/Xcode.app/Contents/Developer/Platforms/iPhoneSimulator.platform/Developer/Library/Frameworks -F /Applications/Xcode.app/Contents/Developer/Platforms/iPhoneSimulator.platform/Developer/SDKs/iPhoneSimulator26.5.sdk/Developer/Library/Frameworks -c -j8 -enable-batch-mode -incremental -Xcc -ivfsstatcache -Xcc /Users/jtcao/Library/Caches/visepanda/place-grounding-20260914/Native/SDKStatCaches.noindex/iphonesimulator26.5-23F81a-6cfe768891a92b912361537c460fe42b.sdkstatcache -output-file-map /Users/jtcao/Library/Caches/visepanda/place-grounding-20260914/Native/Build/Intermediates.noindex/VisePanda.build/Debug-iphonesimulator/VisePandaTests.build/Objects-normal/arm64/VisePandaTests-OutputFileMap.json -use-frontend-parseable-output -save-temps -no-color-diagnostics -explicit-module-build -module-cache-path /Users/jtcao/Library/Caches/visepanda/place-grounding-20260914/Native/Build/Intermediates.noindex/SwiftExplicitPrecompiledModules -clang-scanner-module-cache-path /Users/jtcao/Library/Caches/visepanda/place-grounding-20260914/Native/ModuleCache.noindex -sdk-module-cache-path /Users/jtcao/Library/Caches/visepanda/place-grounding-20260914/Native/ModuleCache.noindex -serialize-diagnostics -emit-dependencies -emit-module -emit-module-path /Users/jtcao/Library/Caches/visepanda/place-grounding-20260914/Native/Build/Intermediates.noindex/VisePanda.build/Debug-iphonesimulator/VisePandaTests.build/Objects-normal/arm64/VisePandaTests.swiftmodule -validate-clang-modules-once -clang-build-session-file /Users/jtcao/Library/Caches/visepanda/place-grounding-20260914/Native/ModuleCache.noindex/Session.modulevalidation -Xcc -I/Users/jtcao/Library/Caches/visepanda/place-grounding-20260914/Native/Build/Intermediates.noindex/VisePanda.build/Debug-iphonesimulator/VisePandaTests.build/swift-overrides.hmap -emit-const-values -Xfrontend -const-gather-protocols-file -Xfrontend /Users/jtcao/Library/Caches/visepanda/place-grounding-20260914/Native/Build/Intermediates.noindex/VisePanda.build/Debug-iphonesimulator/VisePandaTests.build/Objects-normal/arm64/VisePandaTests_const_extract_protocols.json -Xcc -iquote -Xcc /Users/jtcao/Library/Caches/visepanda/place-grounding-20260914/Native/Build/Intermediates.noindex/VisePanda.build/Debug-iphonesimulator/VisePandaTests.build/VisePandaTests-generated-files.hmap -Xcc -I/Users/jtcao/Library/Caches/visepanda/place-grounding-20260914/Native/Build/Intermediates.noindex/VisePanda.build/Debug-iphonesimulator/VisePandaTests.build/VisePandaTests-own-target-headers.hmap -Xcc -I/Users/jtcao/Library/Caches/visepanda/place-grounding-20260914/Native/Build/Intermediates.noindex/VisePanda.build/Debug-iphonesimulator/VisePandaTests.build/VisePandaTests-all-target-headers.hmap -Xcc -iquote -Xcc /Users/jtcao/Library/Caches/visepanda/place-grounding-20260914/Native/Build/Intermediates.noindex/VisePanda.build/Debug-iphonesimulator/VisePandaTests.build/VisePandaTests-project-headers.hmap -Xcc -I/Users/jtcao/Library/Caches/visepanda/place-grounding-20260914/Native/Build/Products/Debug-iphonesimulator/include -Xcc -I/Users/jtcao/Library/Caches/visepanda/place-grounding-20260914/Native/Build/Intermediates.noindex/VisePanda.build/Debug-iphonesimulator/VisePandaTests.build/DerivedSources-normal/arm64 -Xcc -I/Users/jtcao/Library/Caches/visepanda/place-grounding-20260914/Native/Build/Intermediates.noindex/VisePanda.build/Debug-iphonesimulator/VisePandaTests.build/DerivedSources/arm64 -Xcc -I/Users/jtcao/Library/Caches/visepanda/place-grounding-20260914/Native/Build/Intermediates.noindex/VisePanda.build/Debug-iphonesimulator/VisePandaTests.build/DerivedSources -emit-objc-header -emit-objc-header-path /Users/jtcao/Library/Caches/visepanda/place-grounding-20260914/Native/Build/Intermediates.noindex/VisePanda.build/Debug-iphonesimulator/VisePandaTests.build/Objects-normal/arm64/VisePandaTests-Swift.h -working-directory /Users/jtcao/Documents/VP-V4-S2-Place-Grounding/ios/VisePanda -experimental-emit-module-separately -disable-cmo

Ld /Users/jtcao/Library/Caches/visepanda/place-grounding-20260914/Native/Build/Products/Debug-iphonesimulator/VisePanda.app/PlugIns/VisePandaTests.xctest/VisePandaTests normal (in target 'VisePandaTests' from project 'VisePanda')
    cd /Users/jtcao/Documents/VP-V4-S2-Place-Grounding/ios/VisePanda
    /Applications/Xcode.app/Contents/Developer/Toolchains/XcodeDefault.xctoolchain/usr/bin/clang -Xlinker -reproducible -target arm64-apple-ios17.0-simulator -bundle -isysroot /Applications/Xcode.app/Contents/Developer/Platforms/iPhoneSimulator.platform/Developer/SDKs/iPhoneSimulator26.5.sdk -O0 -L/Users/jtcao/Library/Caches/visepanda/place-grounding-20260914/Native/Build/Intermediates.noindex/EagerLinkingTBDs/Debug-iphonesimulator -L/Users/jtcao/Library/Caches/visepanda/place-grounding-20260914/Native/Build/Products/Debug-iphonesimulator -L/Applications/Xcode.app/Contents/Developer/Platforms/iPhoneSimulator.platform/Developer/usr/lib -F/Users/jtcao/Library/Caches/visepanda/place-grounding-20260914/Native/Build/Intermediates.noindex/EagerLinkingTBDs/Debug-iphonesimulator -F/Users/jtcao/Library/Caches/visepanda/place-grounding-20260914/Native/Build/Products/Debug-iphonesimulator -iframework /Applications/Xcode.app/Contents/Developer/Platforms/iPhoneSimulator.platform/Developer/Library/Frameworks -iframework /Applications/Xcode.app/Contents/Developer/Platforms/iPhoneSimulator.platform/Developer/SDKs/iPhoneSimulator26.5.sdk/Developer/Library/Frameworks -filelist /Users/jtcao/Library/Caches/visepanda/place-grounding-20260914/Native/Build/Intermediates.noindex/VisePanda.build/Debug-iphonesimulator/VisePandaTests.build/Objects-normal/arm64/VisePandaTests.LinkFileList -Xlinker -rpath -Xlinker /usr/lib/swift -Xlinker -rpath -Xlinker @loader_path/Frameworks -Xlinker -rpath -Xlinker @executable_path/Frameworks -Xlinker -dead_strip -bundle_loader /Users/jtcao/Library/Caches/visepanda/place-grounding-20260914/Native/Build/Products/Debug-iphonesimulator/VisePanda.app/VisePanda -Xlinker -object_path_lto -Xlinker /Users/jtcao/Library/Caches/visepanda/place-grounding-20260914/Native/Build/Intermediates.noindex/VisePanda.build/Debug-iphonesimulator/VisePandaTests.build/Objects-normal/arm64/VisePandaTests_lto.o -rdynamic -Xlinker -no_deduplicate -Xlinker -objc_abi_version -Xlinker 2 -Xlinker -dependency_info -Xlinker /Users/jtcao/Library/Caches/visepanda/place-grounding-20260914/Native/Build/Intermediates.noindex/VisePanda.build/Debug-iphonesimulator/VisePandaTests.build/Objects-normal/arm64/VisePandaTests_dependency_info.dat -fobjc-link-runtime -L/Applications/Xcode.app/Contents/Developer/Toolchains/XcodeDefault.xctoolchain/usr/lib/swift/iphonesimulator -L/usr/lib/swift -Xlinker -add_ast_path -Xlinker /Users/jtcao/Library/Caches/visepanda/place-grounding-20260914/Native/Build/Intermediates.noindex/VisePanda.build/Debug-iphonesimulator/VisePandaTests.build/Objects-normal/arm64/VisePandaTests.swiftmodule @/Users/jtcao/Library/Caches/visepanda/place-grounding-20260914/Native/Build/Intermediates.noindex/VisePanda.build/Debug-iphonesimulator/VisePandaTests.build/Objects-normal/arm64/VisePandaTests-linker-args.resp -Xlinker -needed_framework -Xlinker XCTest -framework XCTest -Xlinker -needed-lXCTestSwiftSupport -lXCTestSwiftSupport /Users/jtcao/Library/Caches/visepanda/place-grounding-20260914/Native/Build/Products/Debug-iphonesimulator/VisePanda.app/VisePanda.debug.dylib -o /Users/jtcao/Library/Caches/visepanda/place-grounding-20260914/Native/Build/Products/Debug-iphonesimulator/VisePanda.app/PlugIns/VisePandaTests.xctest/VisePandaTests

ExtractAppIntentsMetadata (in target 'VisePandaTests' from project 'VisePanda')
    cd /Users/jtcao/Documents/VP-V4-S2-Place-Grounding/ios/VisePanda
    /Applications/Xcode.app/Contents/Developer/Toolchains/XcodeDefault.xctoolchain/usr/bin/appintentsmetadataprocessor --toolchain-dir /Applications/Xcode.app/Contents/Developer/Toolchains/XcodeDefault.xctoolchain --module-name VisePandaTests --sdk-root /Applications/Xcode.app/Contents/Developer/Platforms/iPhoneSimulator.platform/Developer/SDKs/iPhoneSimulator26.5.sdk --xcode-version 17F113 --platform-family iOS --deployment-target 17.0 --bundle-identifier space.go2china.VisePandaTests --output /Users/jtcao/Library/Caches/visepanda/place-grounding-20260914/Native/Build/Products/Debug-iphonesimulator/VisePanda.app/PlugIns/VisePandaTests.xctest --target-triple arm64-apple-ios17.0-simulator --binary-file /Users/jtcao/Library/Caches/visepanda/place-grounding-20260914/Native/Build/Products/Debug-iphonesimulator/VisePanda.app/PlugIns/VisePandaTests.xctest/VisePandaTests --dependency-file /Users/jtcao/Library/Caches/visepanda/place-grounding-20260914/Native/Build/Intermediates.noindex/VisePanda.build/Debug-iphonesimulator/VisePandaTests.build/Objects-normal/arm64/VisePandaTests_dependency_info.dat --stringsdata-file /Users/jtcao/Library/Caches/visepanda/place-grounding-20260914/Native/Build/Intermediates.noindex/VisePanda.build/Debug-iphonesimulator/VisePandaTests.build/Objects-normal/arm64/ExtractedAppShortcutsMetadata.stringsdata --source-file-list /Users/jtcao/Library/Caches/visepanda/place-grounding-20260914/Native/Build/Intermediates.noindex/VisePanda.build/Debug-iphonesimulator/VisePandaTests.build/Objects-normal/arm64/VisePandaTests.SwiftFileList --metadata-file-list /Users/jtcao/Library/Caches/visepanda/place-grounding-20260914/Native/Build/Intermediates.noindex/VisePanda.build/Debug-iphonesimulator/VisePandaTests.build/VisePandaTests.DependencyMetadataFileList --static-metadata-file-list /Users/jtcao/Library/Caches/visepanda/place-grounding-20260914/Native/Build/Intermediates.noindex/VisePanda.build/Debug-iphonesimulator/VisePandaTests.build/VisePandaTests.DependencyStaticMetadataFileList --swift-const-vals-list /Users/jtcao/Library/Caches/visepanda/place-grounding-20260914/Native/Build/Intermediates.noindex/VisePanda.build/Debug-iphonesimulator/VisePandaTests.build/Objects-normal/arm64/VisePandaTests.SwiftConstValuesFileList --compile-time-extraction --deployment-aware-processing --validate-assistant-intents --no-app-shortcuts-localization
2026-09-14 03:55:08.344 appintentsmetadataprocessor[59530:734004] Starting appintentsmetadataprocessor export
2026-09-14 03:55:08.345 appintentsmetadataprocessor[59530:734004] warning: Metadata extraction skipped. No AppIntents.framework dependency found.

CopySwiftLibs /Users/jtcao/Library/Caches/visepanda/place-grounding-20260914/Native/Build/Products/Debug-iphonesimulator/VisePanda.app/PlugIns/VisePandaTests.xctest (in target 'VisePandaTests' from project 'VisePanda')
    cd /Users/jtcao/Documents/VP-V4-S2-Place-Grounding/ios/VisePanda
    builtin-swiftStdLibTool --copy --verbose --scan-executable /Users/jtcao/Library/Caches/visepanda/place-grounding-20260914/Native/Build/Products/Debug-iphonesimulator/VisePanda.app/PlugIns/VisePandaTests.xctest/VisePandaTests --scan-folder /Users/jtcao/Library/Caches/visepanda/place-grounding-20260914/Native/Build/Products/Debug-iphonesimulator/VisePanda.app/PlugIns/VisePandaTests.xctest/Frameworks --scan-folder /Users/jtcao/Library/Caches/visepanda/place-grounding-20260914/Native/Build/Products/Debug-iphonesimulator/VisePanda.app/PlugIns/VisePandaTests.xctest/PlugIns --scan-folder /Users/jtcao/Library/Caches/visepanda/place-grounding-20260914/Native/Build/Products/Debug-iphonesimulator/VisePanda.app/PlugIns/VisePandaTests.xctest/SystemExtensions --scan-folder /Users/jtcao/Library/Caches/visepanda/place-grounding-20260914/Native/Build/Products/Debug-iphonesimulator/VisePanda.app/PlugIns/VisePandaTests.xctest/Extensions --platform iphonesimulator --toolchain /Applications/Xcode.app/Contents/Developer/Toolchains/XcodeDefault.xctoolchain --destination /Users/jtcao/Library/Caches/visepanda/place-grounding-20260914/Native/Build/Products/Debug-iphonesimulator/VisePanda.app/PlugIns/VisePandaTests.xctest/Frameworks --strip-bitcode --scan-executable /Applications/Xcode.app/Contents/Developer/Platforms/iPhoneSimulator.platform/Developer/usr/lib/libXCTestSwiftSupport.dylib --strip-bitcode-tool /Applications/Xcode.app/Contents/Developer/Toolchains/XcodeDefault.xctoolchain/usr/bin/bitcode_strip --emit-dependency-info /Users/jtcao/Library/Caches/visepanda/place-grounding-20260914/Native/Build/Intermediates.noindex/VisePanda.build/Debug-iphonesimulator/VisePandaTests.build/SwiftStdLibToolInputDependencies.dep --filter-for-swift-os
Ignoring --strip-bitcode because --sign was not passed

AppIntentsSSUTraining (in target 'VisePandaTests' from project 'VisePanda')
    cd /Users/jtcao/Documents/VP-V4-S2-Place-Grounding/ios/VisePanda
    /Applications/Xcode.app/Contents/Developer/Toolchains/XcodeDefault.xctoolchain/usr/bin/appintentsnltrainingprocessor --infoplist-path /Users/jtcao/Library/Caches/visepanda/place-grounding-20260914/Native/Build/Products/Debug-iphonesimulator/VisePanda.app/PlugIns/VisePandaTests.xctest/Info.plist --temp-dir-path /Users/jtcao/Library/Caches/visepanda/place-grounding-20260914/Native/Build/Intermediates.noindex/VisePanda.build/Debug-iphonesimulator/VisePandaTests.build/ssu --bundle-id space.go2china.VisePandaTests --product-path /Users/jtcao/Library/Caches/visepanda/place-grounding-20260914/Native/Build/Products/Debug-iphonesimulator/VisePanda.app/PlugIns/VisePandaTests.xctest --extracted-metadata-path /Users/jtcao/Library/Caches/visepanda/place-grounding-20260914/Native/Build/Products/Debug-iphonesimulator/VisePanda.app/PlugIns/VisePandaTests.xctest/Metadata.appintents --metadata-file-list /Users/jtcao/Library/Caches/visepanda/place-grounding-20260914/Native/Build/Intermediates.noindex/VisePanda.build/Debug-iphonesimulator/VisePandaTests.build/VisePandaTests.DependencyMetadataFileList --source-file /Users/jtcao/Library/Caches/visepanda/place-grounding-20260914/Native/Build/Products/Debug-iphonesimulator/VisePanda.app/PlugIns/VisePandaTests.xctest/Info.plist --archive-ssu-assets
2026-09-14 03:55:08.359 appintentsnltrainingprocessor[59535:734012] Parsing options for appintentsnltrainingprocessor
2026-09-14 03:55:08.360 appintentsnltrainingprocessor[59535:734012] Starting AppIntents SSU YAML Generation
2026-09-14 03:55:08.360 appintentsnltrainingprocessor[59535:734012] No AppShortcuts found - Skipping.

RegisterExecutionPolicyException /Users/jtcao/Library/Caches/visepanda/place-grounding-20260914/Native/Build/Products/Debug-iphonesimulator/VisePanda.app/PlugIns/VisePandaTests.xctest (in target 'VisePandaTests' from project 'VisePanda')
    cd /Users/jtcao/Documents/VP-V4-S2-Place-Grounding/ios/VisePanda
    builtin-RegisterExecutionPolicyException /Users/jtcao/Library/Caches/visepanda/place-grounding-20260914/Native/Build/Products/Debug-iphonesimulator/VisePanda.app/PlugIns/VisePandaTests.xctest

Touch /Users/jtcao/Library/Caches/visepanda/place-grounding-20260914/Native/Build/Products/Debug-iphonesimulator/VisePanda.app/PlugIns/VisePandaTests.xctest (in target 'VisePandaTests' from project 'VisePanda')
    cd /Users/jtcao/Documents/VP-V4-S2-Place-Grounding/ios/VisePanda
    /usr/bin/touch -c /Users/jtcao/Library/Caches/visepanda/place-grounding-20260914/Native/Build/Products/Debug-iphonesimulator/VisePanda.app/PlugIns/VisePandaTests.xctest

RegisterExecutionPolicyException /Users/jtcao/Library/Caches/visepanda/place-grounding-20260914/Native/Build/Products/Debug-iphonesimulator/VisePanda.app (in target 'VisePanda' from project 'VisePanda')
    cd /Users/jtcao/Documents/VP-V4-S2-Place-Grounding/ios/VisePanda
    builtin-RegisterExecutionPolicyException /Users/jtcao/Library/Caches/visepanda/place-grounding-20260914/Native/Build/Products/Debug-iphonesimulator/VisePanda.app

Validate /Users/jtcao/Library/Caches/visepanda/place-grounding-20260914/Native/Build/Products/Debug-iphonesimulator/VisePanda.app (in target 'VisePanda' from project 'VisePanda')
    cd /Users/jtcao/Documents/VP-V4-S2-Place-Grounding/ios/VisePanda
    builtin-validationUtility /Users/jtcao/Library/Caches/visepanda/place-grounding-20260914/Native/Build/Products/Debug-iphonesimulator/VisePanda.app -shallow-bundle -infoplist-subpath Info.plist

Touch /Users/jtcao/Library/Caches/visepanda/place-grounding-20260914/Native/Build/Products/Debug-iphonesimulator/VisePanda.app (in target 'VisePanda' from project 'VisePanda')
    cd /Users/jtcao/Documents/VP-V4-S2-Place-Grounding/ios/VisePanda
    /usr/bin/touch -c /Users/jtcao/Library/Caches/visepanda/place-grounding-20260914/Native/Build/Products/Debug-iphonesimulator/VisePanda.app

ProcessInfoPlistFile /Users/jtcao/Library/Caches/visepanda/place-grounding-20260914/Native/Build/Products/Debug-iphonesimulator/VisePandaUITests-Runner.app/PlugIns/VisePandaUITests.xctest/Info.plist /Users/jtcao/Library/Caches/visepanda/place-grounding-20260914/Native/Build/Intermediates.noindex/VisePanda.build/Debug-iphonesimulator/VisePandaUITests.build/empty-VisePandaUITests.plist (in target 'VisePandaUITests' from project 'VisePanda')
    cd /Users/jtcao/Documents/VP-V4-S2-Place-Grounding/ios/VisePanda
    builtin-infoPlistUtility /Users/jtcao/Library/Caches/visepanda/place-grounding-20260914/Native/Build/Intermediates.noindex/VisePanda.build/Debug-iphonesimulator/VisePandaUITests.build/empty-VisePandaUITests.plist -producttype com.apple.product-type.bundle.ui-testing -expandbuildsettings -format binary -platform iphonesimulator -additionalcontentfile /Users/jtcao/Library/Caches/visepanda/place-grounding-20260914/Native/Build/Intermediates.noindex/VisePanda.build/Debug-iphonesimulator/VisePandaUITests.build/ProductTypeInfoPlistAdditions.plist -o /Users/jtcao/Library/Caches/visepanda/place-grounding-20260914/Native/Build/Products/Debug-iphonesimulator/VisePandaUITests-Runner.app/PlugIns/VisePandaUITests.xctest/Info.plist

Ld /Users/jtcao/Library/Caches/visepanda/place-grounding-20260914/Native/Build/Products/Debug-iphonesimulator/VisePandaUITests-Runner.app/PlugIns/VisePandaUITests.xctest/VisePandaUITests normal (in target 'VisePandaUITests' from project 'VisePanda')
    cd /Users/jtcao/Documents/VP-V4-S2-Place-Grounding/ios/VisePanda
    /Applications/Xcode.app/Contents/Developer/Toolchains/XcodeDefault.xctoolchain/usr/bin/clang -Xlinker -reproducible -target arm64-apple-ios17.0-simulator -bundle -isysroot /Applications/Xcode.app/Contents/Developer/Platforms/iPhoneSimulator.platform/Developer/SDKs/iPhoneSimulator26.5.sdk -O0 -L/Users/jtcao/Library/Caches/visepanda/place-grounding-20260914/Native/Build/Intermediates.noindex/EagerLinkingTBDs/Debug-iphonesimulator -L/Users/jtcao/Library/Caches/visepanda/place-grounding-20260914/Native/Build/Products/Debug-iphonesimulator -L/Applications/Xcode.app/Contents/Developer/Platforms/iPhoneSimulator.platform/Developer/usr/lib -F/Users/jtcao/Library/Caches/visepanda/place-grounding-20260914/Native/Build/Intermediates.noindex/EagerLinkingTBDs/Debug-iphonesimulator -F/Users/jtcao/Library/Caches/visepanda/place-grounding-20260914/Native/Build/Products/Debug-iphonesimulator -iframework /Applications/Xcode.app/Contents/Developer/Platforms/iPhoneSimulator.platform/Developer/Library/Frameworks -iframework /Applications/Xcode.app/Contents/Developer/Platforms/iPhoneSimulator.platform/Developer/SDKs/iPhoneSimulator26.5.sdk/Developer/Library/Frameworks -filelist /Users/jtcao/Library/Caches/visepanda/place-grounding-20260914/Native/Build/Intermediates.noindex/VisePanda.build/Debug-iphonesimulator/VisePandaUITests.build/Objects-normal/arm64/VisePandaUITests.LinkFileList -Xlinker -rpath -Xlinker /usr/lib/swift -Xlinker -rpath -Xlinker @loader_path/Frameworks -Xlinker -dead_strip -Xlinker -object_path_lto -Xlinker /Users/jtcao/Library/Caches/visepanda/place-grounding-20260914/Native/Build/Intermediates.noindex/VisePanda.build/Debug-iphonesimulator/VisePandaUITests.build/Objects-normal/arm64/VisePandaUITests_lto.o -rdynamic -Xlinker -no_deduplicate -Xlinker -objc_abi_version -Xlinker 2 -Xlinker -dependency_info -Xlinker /Users/jtcao/Library/Caches/visepanda/place-grounding-20260914/Native/Build/Intermediates.noindex/VisePanda.build/Debug-iphonesimulator/VisePandaUITests.build/Objects-normal/arm64/VisePandaUITests_dependency_info.dat -fobjc-link-runtime -L/Applications/Xcode.app/Contents/Developer/Toolchains/XcodeDefault.xctoolchain/usr/lib/swift/iphonesimulator -L/usr/lib/swift -Xlinker -add_ast_path -Xlinker /Users/jtcao/Library/Caches/visepanda/place-grounding-20260914/Native/Build/Intermediates.noindex/VisePanda.build/Debug-iphonesimulator/VisePandaUITests.build/Objects-normal/arm64/VisePandaUITests.swiftmodule @/Users/jtcao/Library/Caches/visepanda/place-grounding-20260914/Native/Build/Intermediates.noindex/VisePanda.build/Debug-iphonesimulator/VisePandaUITests.build/Objects-normal/arm64/VisePandaUITests-linker-args.resp -Xlinker -needed_framework -Xlinker XCTest -framework XCTest -Xlinker -needed-lXCTestSwiftSupport -lXCTestSwiftSupport -o /Users/jtcao/Library/Caches/visepanda/place-grounding-20260914/Native/Build/Products/Debug-iphonesimulator/VisePandaUITests-Runner.app/PlugIns/VisePandaUITests.xctest/VisePandaUITests

CopySwiftLibs /Users/jtcao/Library/Caches/visepanda/place-grounding-20260914/Native/Build/Products/Debug-iphonesimulator/VisePandaUITests-Runner.app/PlugIns/VisePandaUITests.xctest (in target 'VisePandaUITests' from project 'VisePanda')
    cd /Users/jtcao/Documents/VP-V4-S2-Place-Grounding/ios/VisePanda
    builtin-swiftStdLibTool --copy --verbose --scan-executable /Users/jtcao/Library/Caches/visepanda/place-grounding-20260914/Native/Build/Products/Debug-iphonesimulator/VisePandaUITests-Runner.app/PlugIns/VisePandaUITests.xctest/VisePandaUITests --scan-folder /Users/jtcao/Library/Caches/visepanda/place-grounding-20260914/Native/Build/Products/Debug-iphonesimulator/VisePandaUITests-Runner.app/PlugIns/VisePandaUITests.xctest/Frameworks --scan-folder /Users/jtcao/Library/Caches/visepanda/place-grounding-20260914/Native/Build/Products/Debug-iphonesimulator/VisePandaUITests-Runner.app/PlugIns/VisePandaUITests.xctest/PlugIns --scan-folder /Users/jtcao/Library/Caches/visepanda/place-grounding-20260914/Native/Build/Products/Debug-iphonesimulator/VisePandaUITests-Runner.app/PlugIns/VisePandaUITests.xctest/SystemExtensions --scan-folder /Users/jtcao/Library/Caches/visepanda/place-grounding-20260914/Native/Build/Products/Debug-iphonesimulator/VisePandaUITests-Runner.app/PlugIns/VisePandaUITests.xctest/Extensions --platform iphonesimulator --toolchain /Applications/Xcode.app/Contents/Developer/Toolchains/XcodeDefault.xctoolchain --destination /Users/jtcao/Library/Caches/visepanda/place-grounding-20260914/Native/Build/Products/Debug-iphonesimulator/VisePandaUITests-Runner.app/PlugIns/VisePandaUITests.xctest/Frameworks --strip-bitcode --scan-executable /Applications/Xcode.app/Contents/Developer/Platforms/iPhoneSimulator.platform/Developer/usr/lib/libXCTestSwiftSupport.dylib --strip-bitcode-tool /Applications/Xcode.app/Contents/Developer/Toolchains/XcodeDefault.xctoolchain/usr/bin/bitcode_strip --emit-dependency-info /Users/jtcao/Library/Caches/visepanda/place-grounding-20260914/Native/Build/Intermediates.noindex/VisePanda.build/Debug-iphonesimulator/VisePandaUITests.build/SwiftStdLibToolInputDependencies.dep --filter-for-swift-os
Ignoring --strip-bitcode because --sign was not passed

ExtractAppIntentsMetadata (in target 'VisePandaUITests' from project 'VisePanda')
    cd /Users/jtcao/Documents/VP-V4-S2-Place-Grounding/ios/VisePanda
    /Applications/Xcode.app/Contents/Developer/Toolchains/XcodeDefault.xctoolchain/usr/bin/appintentsmetadataprocessor --toolchain-dir /Applications/Xcode.app/Contents/Developer/Toolchains/XcodeDefault.xctoolchain --module-name VisePandaUITests --sdk-root /Applications/Xcode.app/Contents/Developer/Platforms/iPhoneSimulator.platform/Developer/SDKs/iPhoneSimulator26.5.sdk --xcode-version 17F113 --platform-family iOS --deployment-target 17.0 --bundle-identifier space.go2china.VisePandaUITests --output /Users/jtcao/Library/Caches/visepanda/place-grounding-20260914/Native/Build/Products/Debug-iphonesimulator/VisePandaUITests-Runner.app/PlugIns/VisePandaUITests.xctest --target-triple arm64-apple-ios17.0-simulator --binary-file /Users/jtcao/Library/Caches/visepanda/place-grounding-20260914/Native/Build/Products/Debug-iphonesimulator/VisePandaUITests-Runner.app/PlugIns/VisePandaUITests.xctest/VisePandaUITests --dependency-file /Users/jtcao/Library/Caches/visepanda/place-grounding-20260914/Native/Build/Intermediates.noindex/VisePanda.build/Debug-iphonesimulator/VisePandaUITests.build/Objects-normal/arm64/VisePandaUITests_dependency_info.dat --stringsdata-file /Users/jtcao/Library/Caches/visepanda/place-grounding-20260914/Native/Build/Intermediates.noindex/VisePanda.build/Debug-iphonesimulator/VisePandaUITests.build/Objects-normal/arm64/ExtractedAppShortcutsMetadata.stringsdata --source-file-list /Users/jtcao/Library/Caches/visepanda/place-grounding-20260914/Native/Build/Intermediates.noindex/VisePanda.build/Debug-iphonesimulator/VisePandaUITests.build/Objects-normal/arm64/VisePandaUITests.SwiftFileList --metadata-file-list /Users/jtcao/Library/Caches/visepanda/place-grounding-20260914/Native/Build/Intermediates.noindex/VisePanda.build/Debug-iphonesimulator/VisePandaUITests.build/VisePandaUITests.DependencyMetadataFileList --static-metadata-file-list /Users/jtcao/Library/Caches/visepanda/place-grounding-20260914/Native/Build/Intermediates.noindex/VisePanda.build/Debug-iphonesimulator/VisePandaUITests.build/VisePandaUITests.DependencyStaticMetadataFileList --swift-const-vals-list /Users/jtcao/Library/Caches/visepanda/place-grounding-20260914/Native/Build/Intermediates.noindex/VisePanda.build/Debug-iphonesimulator/VisePandaUITests.build/Objects-normal/arm64/VisePandaUITests.SwiftConstValuesFileList --compile-time-extraction --deployment-aware-processing --validate-assistant-intents --no-app-shortcuts-localization
2026-09-14 03:55:08.543 appintentsmetadataprocessor[59545:734099] Starting appintentsmetadataprocessor export
2026-09-14 03:55:08.544 appintentsmetadataprocessor[59545:734099] warning: Metadata extraction skipped. No AppIntents.framework dependency found.

AppIntentsSSUTraining (in target 'VisePandaUITests' from project 'VisePanda')
    cd /Users/jtcao/Documents/VP-V4-S2-Place-Grounding/ios/VisePanda
    /Applications/Xcode.app/Contents/Developer/Toolchains/XcodeDefault.xctoolchain/usr/bin/appintentsnltrainingprocessor --infoplist-path /Users/jtcao/Library/Caches/visepanda/place-grounding-20260914/Native/Build/Products/Debug-iphonesimulator/VisePandaUITests-Runner.app/PlugIns/VisePandaUITests.xctest/Info.plist --temp-dir-path /Users/jtcao/Library/Caches/visepanda/place-grounding-20260914/Native/Build/Intermediates.noindex/VisePanda.build/Debug-iphonesimulator/VisePandaUITests.build/ssu --bundle-id space.go2china.VisePandaUITests --product-path /Users/jtcao/Library/Caches/visepanda/place-grounding-20260914/Native/Build/Products/Debug-iphonesimulator/VisePandaUITests-Runner.app/PlugIns/VisePandaUITests.xctest --extracted-metadata-path /Users/jtcao/Library/Caches/visepanda/place-grounding-20260914/Native/Build/Products/Debug-iphonesimulator/VisePandaUITests-Runner.app/PlugIns/VisePandaUITests.xctest/Metadata.appintents --metadata-file-list /Users/jtcao/Library/Caches/visepanda/place-grounding-20260914/Native/Build/Intermediates.noindex/VisePanda.build/Debug-iphonesimulator/VisePandaUITests.build/VisePandaUITests.DependencyMetadataFileList --source-file /Users/jtcao/Library/Caches/visepanda/place-grounding-20260914/Native/Build/Products/Debug-iphonesimulator/VisePandaUITests-Runner.app/PlugIns/VisePandaUITests.xctest/Info.plist --archive-ssu-assets
2026-09-14 03:55:08.558 appintentsnltrainingprocessor[59546:734110] Parsing options for appintentsnltrainingprocessor
2026-09-14 03:55:08.558 appintentsnltrainingprocessor[59546:734110] Starting AppIntents SSU YAML Generation
2026-09-14 03:55:08.558 appintentsnltrainingprocessor[59546:734110] No AppShortcuts found - Skipping.

Copy /Users/jtcao/Library/Caches/visepanda/place-grounding-20260914/Native/Build/Products/Debug-iphonesimulator/VisePandaUITests-Runner.app/PkgInfo /Applications/Xcode.app/Contents/Developer/Platforms/iPhoneSimulator.platform/Developer/Library/Xcode/Agents/XCTRunner.app/PkgInfo (in target 'VisePandaUITests' from project 'VisePanda')
    cd /Users/jtcao/Documents/VP-V4-S2-Place-Grounding/ios/VisePanda
    builtin-copy -exclude .DS_Store -exclude CVS -exclude .svn -exclude .git -exclude .hg -resolve-src-symlinks /Applications/Xcode.app/Contents/Developer/Platforms/iPhoneSimulator.platform/Developer/Library/Xcode/Agents/XCTRunner.app/PkgInfo /Users/jtcao/Library/Caches/visepanda/place-grounding-20260914/Native/Build/Products/Debug-iphonesimulator/VisePandaUITests-Runner.app

CopyPlistFile /Users/jtcao/Library/Caches/visepanda/place-grounding-20260914/Native/Build/Products/Debug-iphonesimulator/VisePandaUITests-Runner.app/Info.plist /Applications/Xcode.app/Contents/Developer/Platforms/iPhoneSimulator.platform/Developer/Library/Xcode/Agents/XCTRunner.app/Info.plist (in target 'VisePandaUITests' from project 'VisePanda')
    cd /Users/jtcao/Documents/VP-V4-S2-Place-Grounding/ios/VisePanda
    builtin-copyPlist --validate --convert xml1 --macro-expansion WRAPPEDPRODUCTNAME VisePandaUITests-Runner --macro-expansion WRAPPEDPRODUCTBUNDLEIDENTIFIER space.go2china.VisePandaUITests.xctrunner --macro-expansion TESTPRODUCTNAME VisePandaUITests --macro-expansion TESTPRODUCTBUNDLEIDENTIFIER space.go2china.VisePandaUITests --copy-value UIDeviceFamily /Users/jtcao/Library/Caches/visepanda/place-grounding-20260914/Native/Build/Products/Debug-iphonesimulator/VisePandaUITests-Runner.app/PlugIns/VisePandaUITests.xctest/Info.plist --outdir /Users/jtcao/Library/Caches/visepanda/place-grounding-20260914/Native/Build/Products/Debug-iphonesimulator/VisePandaUITests-Runner.app -- /Applications/Xcode.app/Contents/Developer/Platforms/iPhoneSimulator.platform/Developer/Library/Xcode/Agents/XCTRunner.app/Info.plist

CopyAndPreserveArchs /Users/jtcao/Library/Caches/visepanda/place-grounding-20260914/Native/Build/Products/Debug-iphonesimulator/VisePandaUITests-Runner.app/VisePandaUITests-Runner (in target 'VisePandaUITests' from project 'VisePanda')
    cd /Users/jtcao/Documents/VP-V4-S2-Place-Grounding/ios/VisePanda
    /Applications/Xcode.app/Contents/Developer/Toolchains/XcodeDefault.xctoolchain/usr/bin/lipo /Applications/Xcode.app/Contents/Developer/Platforms/iPhoneSimulator.platform/Developer/Library/Xcode/Agents/XCTRunner.app/XCTRunner -output /Users/jtcao/Library/Caches/visepanda/place-grounding-20260914/Native/Build/Products/Debug-iphonesimulator/VisePandaUITests-Runner.app/VisePandaUITests-Runner -extract arm64

MkDir /Users/jtcao/Library/Caches/visepanda/place-grounding-20260914/Native/Build/Products/Debug-iphonesimulator/VisePandaUITests-Runner.app (in target 'VisePandaUITests' from project 'VisePanda')
    cd /Users/jtcao/Documents/VP-V4-S2-Place-Grounding/ios/VisePanda
    /bin/mkdir -p /Users/jtcao/Library/Caches/visepanda/place-grounding-20260914/Native/Build/Products/Debug-iphonesimulator/VisePandaUITests-Runner.app

Copy /Users/jtcao/Library/Caches/visepanda/place-grounding-20260914/Native/Build/Products/Debug-iphonesimulator/VisePandaUITests-Runner.app/Frameworks/XCUnit.framework /Applications/Xcode.app/Contents/Developer/Platforms/iPhoneSimulator.platform/Developer/Library/PrivateFrameworks/XCUnit.framework (in target 'VisePandaUITests' from project 'VisePanda')
    cd /Users/jtcao/Documents/VP-V4-S2-Place-Grounding/ios/VisePanda
    builtin-copy -exclude .DS_Store -exclude CVS -exclude .svn -exclude .git -exclude .hg -exclude Headers -exclude PrivateHeaders -exclude Modules -exclude \*.tbd -resolve-src-symlinks /Applications/Xcode.app/Contents/Developer/Platforms/iPhoneSimulator.platform/Developer/Library/PrivateFrameworks/XCUnit.framework /Users/jtcao/Library/Caches/visepanda/place-grounding-20260914/Native/Build/Products/Debug-iphonesimulator/VisePandaUITests-Runner.app/Frameworks

Copy /Users/jtcao/Library/Caches/visepanda/place-grounding-20260914/Native/Build/Products/Debug-iphonesimulator/VisePandaUITests-Runner.app/Frameworks/XCTestSupport.framework /Applications/Xcode.app/Contents/Developer/Platforms/iPhoneSimulator.platform/Developer/Library/PrivateFrameworks/XCTestSupport.framework (in target 'VisePandaUITests' from project 'VisePanda')
    cd /Users/jtcao/Documents/VP-V4-S2-Place-Grounding/ios/VisePanda
    builtin-copy -exclude .DS_Store -exclude CVS -exclude .svn -exclude .git -exclude .hg -exclude Headers -exclude PrivateHeaders -exclude Modules -exclude \*.tbd -resolve-src-symlinks /Applications/Xcode.app/Contents/Developer/Platforms/iPhoneSimulator.platform/Developer/Library/PrivateFrameworks/XCTestSupport.framework /Users/jtcao/Library/Caches/visepanda/place-grounding-20260914/Native/Build/Products/Debug-iphonesimulator/VisePandaUITests-Runner.app/Frameworks

Copy /Users/jtcao/Library/Caches/visepanda/place-grounding-20260914/Native/Build/Products/Debug-iphonesimulator/VisePandaUITests-Runner.app/Frameworks/XCUIAutomation.framework /Applications/Xcode.app/Contents/Developer/Platforms/iPhoneSimulator.platform/Developer/Library/Frameworks/XCUIAutomation.framework (in target 'VisePandaUITests' from project 'VisePanda')
    cd /Users/jtcao/Documents/VP-V4-S2-Place-Grounding/ios/VisePanda
    builtin-copy -exclude .DS_Store -exclude CVS -exclude .svn -exclude .git -exclude .hg -exclude Headers -exclude PrivateHeaders -exclude Modules -exclude \*.tbd -resolve-src-symlinks /Applications/Xcode.app/Contents/Developer/Platforms/iPhoneSimulator.platform/Developer/Library/Frameworks/XCUIAutomation.framework /Users/jtcao/Library/Caches/visepanda/place-grounding-20260914/Native/Build/Products/Debug-iphonesimulator/VisePandaUITests-Runner.app/Frameworks

Copy /Users/jtcao/Library/Caches/visepanda/place-grounding-20260914/Native/Build/Products/Debug-iphonesimulator/VisePandaUITests-Runner.app/Frameworks/libXCTestSwiftSupport.dylib /Applications/Xcode.app/Contents/Developer/Platforms/iPhoneSimulator.platform/Developer/usr/lib/libXCTestSwiftSupport.dylib (in target 'VisePandaUITests' from project 'VisePanda')
    cd /Users/jtcao/Documents/VP-V4-S2-Place-Grounding/ios/VisePanda
    builtin-copy -exclude .DS_Store -exclude CVS -exclude .svn -exclude .git -exclude .hg -exclude Headers -exclude PrivateHeaders -exclude Modules -exclude \*.tbd -resolve-src-symlinks /Applications/Xcode.app/Contents/Developer/Platforms/iPhoneSimulator.platform/Developer/usr/lib/libXCTestSwiftSupport.dylib /Users/jtcao/Library/Caches/visepanda/place-grounding-20260914/Native/Build/Products/Debug-iphonesimulator/VisePandaUITests-Runner.app/Frameworks

Copy /Users/jtcao/Library/Caches/visepanda/place-grounding-20260914/Native/Build/Products/Debug-iphonesimulator/VisePandaUITests-Runner.app/Frameworks/XCTestCore.framework /Applications/Xcode.app/Contents/Developer/Platforms/iPhoneSimulator.platform/Developer/Library/PrivateFrameworks/XCTestCore.framework (in target 'VisePandaUITests' from project 'VisePanda')
    cd /Users/jtcao/Documents/VP-V4-S2-Place-Grounding/ios/VisePanda
    builtin-copy -exclude .DS_Store -exclude CVS -exclude .svn -exclude .git -exclude .hg -exclude Headers -exclude PrivateHeaders -exclude Modules -exclude \*.tbd -resolve-src-symlinks /Applications/Xcode.app/Contents/Developer/Platforms/iPhoneSimulator.platform/Developer/Library/PrivateFrameworks/XCTestCore.framework /Users/jtcao/Library/Caches/visepanda/place-grounding-20260914/Native/Build/Products/Debug-iphonesimulator/VisePandaUITests-Runner.app/Frameworks

Copy /Users/jtcao/Library/Caches/visepanda/place-grounding-20260914/Native/Build/Products/Debug-iphonesimulator/VisePandaUITests-Runner.app/Frameworks/XCTest.framework /Applications/Xcode.app/Contents/Developer/Platforms/iPhoneSimulator.platform/Developer/Library/Frameworks/XCTest.framework (in target 'VisePandaUITests' from project 'VisePanda')
    cd /Users/jtcao/Documents/VP-V4-S2-Place-Grounding/ios/VisePanda
    builtin-copy -exclude .DS_Store -exclude CVS -exclude .svn -exclude .git -exclude .hg -exclude Headers -exclude PrivateHeaders -exclude Modules -exclude \*.tbd -resolve-src-symlinks /Applications/Xcode.app/Contents/Developer/Platforms/iPhoneSimulator.platform/Developer/Library/Frameworks/XCTest.framework /Users/jtcao/Library/Caches/visepanda/place-grounding-20260914/Native/Build/Products/Debug-iphonesimulator/VisePandaUITests-Runner.app/Frameworks

Copy /Users/jtcao/Library/Caches/visepanda/place-grounding-20260914/Native/Build/Products/Debug-iphonesimulator/VisePandaUITests-Runner.app/Frameworks/XCTAutomationSupport.framework /Applications/Xcode.app/Contents/Developer/Platforms/iPhoneSimulator.platform/Developer/Library/PrivateFrameworks/XCTAutomationSupport.framework (in target 'VisePandaUITests' from project 'VisePanda')
    cd /Users/jtcao/Documents/VP-V4-S2-Place-Grounding/ios/VisePanda
    builtin-copy -exclude .DS_Store -exclude CVS -exclude .svn -exclude .git -exclude .hg -exclude Headers -exclude PrivateHeaders -exclude Modules -exclude \*.tbd -resolve-src-symlinks /Applications/Xcode.app/Contents/Developer/Platforms/iPhoneSimulator.platform/Developer/Library/PrivateFrameworks/XCTAutomationSupport.framework /Users/jtcao/Library/Caches/visepanda/place-grounding-20260914/Native/Build/Products/Debug-iphonesimulator/VisePandaUITests-Runner.app/Frameworks

Copy /Users/jtcao/Library/Caches/visepanda/place-grounding-20260914/Native/Build/Products/Debug-iphonesimulator/VisePandaUITests-Runner.app/Frameworks/Testing.framework /Applications/Xcode.app/Contents/Developer/Platforms/iPhoneSimulator.platform/Developer/Library/Frameworks/Testing.framework (in target 'VisePandaUITests' from project 'VisePanda')
    cd /Users/jtcao/Documents/VP-V4-S2-Place-Grounding/ios/VisePanda
    builtin-copy -exclude .DS_Store -exclude CVS -exclude .svn -exclude .git -exclude .hg -exclude Headers -exclude PrivateHeaders -exclude Modules -exclude \*.tbd -resolve-src-symlinks /Applications/Xcode.app/Contents/Developer/Platforms/iPhoneSimulator.platform/Developer/Library/Frameworks/Testing.framework /Users/jtcao/Library/Caches/visepanda/place-grounding-20260914/Native/Build/Products/Debug-iphonesimulator/VisePandaUITests-Runner.app/Frameworks

RegisterExecutionPolicyException /Users/jtcao/Library/Caches/visepanda/place-grounding-20260914/Native/Build/Products/Debug-iphonesimulator/VisePandaUITests-Runner.app/PlugIns/VisePandaUITests.xctest (in target 'VisePandaUITests' from project 'VisePanda')
    cd /Users/jtcao/Documents/VP-V4-S2-Place-Grounding/ios/VisePanda
    builtin-RegisterExecutionPolicyException /Users/jtcao/Library/Caches/visepanda/place-grounding-20260914/Native/Build/Products/Debug-iphonesimulator/VisePandaUITests-Runner.app/PlugIns/VisePandaUITests.xctest

Touch /Users/jtcao/Library/Caches/visepanda/place-grounding-20260914/Native/Build/Products/Debug-iphonesimulator/VisePandaUITests-Runner.app/PlugIns/VisePandaUITests.xctest (in target 'VisePandaUITests' from project 'VisePanda')
    cd /Users/jtcao/Documents/VP-V4-S2-Place-Grounding/ios/VisePanda
    /usr/bin/touch -c /Users/jtcao/Library/Caches/visepanda/place-grounding-20260914/Native/Build/Products/Debug-iphonesimulator/VisePandaUITests-Runner.app/PlugIns/VisePandaUITests.xctest

** TEST BUILD SUCCEEDED **
