2026-10-05T17:53:03.3899102Z Current runner version: '2.337.0'
2026-10-05T17:53:03.3923370Z ##[group]Runner Image Provisioner
2026-10-05T17:53:03.3924251Z Hosted Compute Agent
2026-10-05T17:53:03.3924936Z Version: 20260901.588
2026-10-05T17:53:03.3925573Z Commit: f88ec8081b781fac6c440065ac7ff9e710ce3d0b
2026-10-05T17:53:03.3926340Z Build Date: 2026-09-01T19:56:44Z
2026-10-05T17:53:03.3927049Z Worker ID: {bd46233c-43e3-42b1-8ec1-f36d8cd9b592}
2026-10-05T17:53:03.3927789Z Azure Region: westus2
2026-10-05T17:53:03.3928449Z ##[endgroup]
2026-10-05T17:53:03.3929881Z ##[group]Operating System
2026-10-05T17:53:03.3930876Z Ubuntu
2026-10-05T17:53:03.3931434Z 24.04.5
2026-10-05T17:53:03.3931996Z LTS
2026-10-05T17:53:03.3932565Z ##[endgroup]
2026-10-05T17:53:03.3933121Z ##[group]Runner Image
2026-10-05T17:53:03.3933720Z Image: ubuntu-24.04
2026-10-05T17:53:03.3934366Z Version: 20260927.320.1
2026-10-05T17:53:03.3935649Z Included Software: https://github.com/actions/runner-images/blob/ubuntu24/20260927.320/images/ubuntu/Ubuntu2404-Readme.md
2026-10-05T17:53:03.3937269Z Image Release: https://github.com/actions/runner-images/releases/tag/ubuntu24%2F20260927.320
2026-10-05T17:53:03.3938222Z ##[endgroup]
2026-10-05T17:53:03.3939474Z ##[group]GITHUB_TOKEN Permissions
2026-10-05T17:53:03.3941481Z Contents: read
2026-10-05T17:53:03.3942243Z Metadata: read
2026-10-05T17:53:03.3942804Z ##[endgroup]
2026-10-05T17:53:03.3944919Z Secret source: Actions
2026-10-05T17:53:03.3945880Z Cache mode: write
2026-10-05T17:53:03.3946619Z Prepare workflow directory
2026-10-05T17:53:03.4391509Z Prepare all required actions
2026-10-05T17:53:03.4440762Z Getting action download info
2026-10-05T17:53:03.8050584Z Download action repository 'actions/checkout@v4' (SHA:11d5960a326750d5838078e36cf38b85af677262)
2026-10-05T17:53:03.9154647Z Download action repository 'pnpm/action-setup@v4' (SHA:b906affcce14559ad1aafd4ab0e942779e9f58b1)
2026-10-05T17:53:04.2365896Z Download action repository 'actions/setup-node@v4' (SHA:49933ea5288caeca8642d1e84afbd3f7d6820020)
2026-10-05T17:53:04.3194652Z Download action repository 'supabase/setup-cli@v1' (SHA:1dedf2c611547ede7232d26866dd3c56ab903bbb)
2026-10-05T17:53:04.6667721Z Complete job name: lane (postgres)
2026-10-05T17:53:04.7535295Z ##[group]Run actions/checkout@v4
2026-10-05T17:53:04.7536954Z with:
2026-10-05T17:53:04.7537860Z   persist-credentials: false
2026-10-05T17:53:04.7538772Z   repository: JTCAO515/VP-V4
2026-10-05T17:53:04.7544480Z   token: ***
2026-10-05T17:53:04.7545254Z   ssh-strict: true
2026-10-05T17:53:04.7545991Z   ssh-user: git
2026-10-05T17:53:04.7546800Z   clean: true
2026-10-05T17:53:04.7547594Z   sparse-checkout-cone-mode: true
2026-10-05T17:53:04.7548485Z   fetch-depth: 1
2026-10-05T17:53:04.7549243Z   fetch-tags: false
2026-10-05T17:53:04.7550005Z   show-progress: true
2026-10-05T17:53:04.7551042Z   lfs: false
2026-10-05T17:53:04.7551809Z   submodules: false
2026-10-05T17:53:04.7552617Z   set-safe-directory: true
2026-10-05T17:53:04.7553473Z   allow-unsafe-pr-checkout: false
2026-10-05T17:53:04.7554705Z env:
2026-10-05T17:53:04.7555549Z   SUPABASE_CLI_VERSION: 2.117.0
2026-10-05T17:53:04.7556455Z   PG_CLIENT_VERSION: 8.13.1
2026-10-05T17:53:04.7557253Z ##[endgroup]
2026-10-05T17:53:04.8578664Z Syncing repository: JTCAO515/VP-V4
2026-10-05T17:53:04.8583192Z ##[group]Getting Git version info
2026-10-05T17:53:04.8584861Z Working directory is '/home/runner/work/VP-V4/VP-V4'
2026-10-05T17:53:04.8587372Z [command]/usr/bin/git version
2026-10-05T17:53:04.8634681Z git version 2.55.0
2026-10-05T17:53:04.8658176Z ##[endgroup]
2026-10-05T17:53:04.8673107Z Temporarily overriding HOME='/home/runner/work/_temp/990151f9-c647-4b4a-87dc-977df264c140' before making global git config changes
2026-10-05T17:53:04.8676927Z Adding repository directory to the temporary git global config as a safe directory
2026-10-05T17:53:04.8680126Z [command]/usr/bin/git config --global --add safe.directory /home/runner/work/VP-V4/VP-V4
2026-10-05T17:53:04.8738597Z Deleting the contents of '/home/runner/work/VP-V4/VP-V4'
2026-10-05T17:53:04.8743525Z ##[group]Initializing the repository
2026-10-05T17:53:04.8748126Z [command]/usr/bin/git init /home/runner/work/VP-V4/VP-V4
2026-10-05T17:53:04.8852666Z hint: Using 'master' as the name for the initial branch. This default branch name
2026-10-05T17:53:04.8856014Z hint: will change to "main" in Git 3.0. To configure the initial branch name
2026-10-05T17:53:04.8859013Z hint: to use in all of your new repositories, which will suppress this warning,
2026-10-05T17:53:04.8863867Z hint: call:
2026-10-05T17:53:04.8865752Z hint:
2026-10-05T17:53:04.8867980Z hint: 	git config --global init.defaultBranch <name>
2026-10-05T17:53:04.8870519Z hint:
2026-10-05T17:53:04.8872530Z hint: Names commonly chosen instead of 'master' are 'main', 'trunk' and
2026-10-05T17:53:04.8875584Z hint: 'development'. The just-created branch can be renamed via this command:
2026-10-05T17:53:04.8877415Z hint:
2026-10-05T17:53:04.8878482Z hint: 	git branch -m <name>
2026-10-05T17:53:04.8879612Z hint:
2026-10-05T17:53:04.8881646Z hint: Disable this message with "git config set advice.defaultBranchName false"
2026-10-05T17:53:04.8884758Z Initialized empty Git repository in /home/runner/work/VP-V4/VP-V4/.git/
2026-10-05T17:53:04.8888618Z [command]/usr/bin/git remote add origin https://github.com/JTCAO515/VP-V4
2026-10-05T17:53:04.8925019Z ##[endgroup]
2026-10-05T17:53:04.8927280Z ##[group]Disabling automatic garbage collection
2026-10-05T17:53:04.8928945Z [command]/usr/bin/git config --local gc.auto 0
2026-10-05T17:53:04.8963087Z ##[endgroup]
2026-10-05T17:53:04.8965101Z ##[group]Setting up auth
2026-10-05T17:53:04.8969930Z [command]/usr/bin/git config --local --name-only --get-regexp core\.sshCommand
2026-10-05T17:53:04.9005493Z [command]/usr/bin/git submodule foreach --recursive sh -c "git config --local --name-only --get-regexp 'core\.sshCommand' && git config --local --unset-all 'core.sshCommand' || :"
2026-10-05T17:53:04.9375246Z [command]/usr/bin/git config --local --name-only --get-regexp http\.https\:\/\/github\.com\/\.extraheader
2026-10-05T17:53:04.9414926Z [command]/usr/bin/git submodule foreach --recursive sh -c "git config --local --name-only --get-regexp 'http\.https\:\/\/github\.com\/\.extraheader' && git config --local --unset-all 'http.https://github.com/.extraheader' || :"
2026-10-05T17:53:04.9669287Z [command]/usr/bin/git config --local --name-only --get-regexp ^includeIf\.gitdir:
2026-10-05T17:53:04.9708793Z [command]/usr/bin/git submodule foreach --recursive git config --local --show-origin --name-only --get-regexp remote.origin.url
2026-10-05T17:53:04.9934504Z [command]/usr/bin/git config --local http.https://github.com/.extraheader AUTHORIZATION: basic ***
2026-10-05T17:53:04.9976754Z ##[endgroup]
2026-10-05T17:53:04.9979247Z ##[group]Fetching the repository
2026-10-05T17:53:04.9989347Z [command]/usr/bin/git -c protocol.version=2 fetch --no-tags --prune --no-recurse-submodules --depth=1 origin +697265c5bb16ed1268de02617520cc15c03bc2a8:refs/remotes/pull/662/merge
2026-10-05T17:54:50.3028476Z From https://github.com/JTCAO515/VP-V4
2026-10-05T17:54:50.3029495Z  * [new ref]         697265c5bb16ed1268de02617520cc15c03bc2a8 -> pull/662/merge
2026-10-05T17:54:50.3033580Z ##[endgroup]
2026-10-05T17:54:50.3034127Z ##[group]Determining the checkout info
2026-10-05T17:54:50.3036343Z ##[endgroup]
2026-10-05T17:54:50.3042896Z [command]/usr/bin/git sparse-checkout disable
2026-10-05T17:54:50.3096872Z [command]/usr/bin/git config --local --unset-all extensions.worktreeConfig
2026-10-05T17:54:50.3131398Z ##[group]Checking out the ref
2026-10-05T17:54:50.3135892Z [command]/usr/bin/git checkout --progress --force refs/remotes/pull/662/merge
2026-10-05T17:54:51.5831965Z Updating files:  66% (4574/6928)
2026-10-05T17:54:51.6095684Z Updating files:  67% (4642/6928)
2026-10-05T17:54:51.6156803Z Updating files:  68% (4712/6928)
2026-10-05T17:54:51.6285247Z Updating files:  69% (4781/6928)
2026-10-05T17:54:51.6325121Z Updating files:  70% (4850/6928)
2026-10-05T17:54:51.6385640Z Updating files:  71% (4919/6928)
2026-10-05T17:54:51.6467918Z Updating files:  72% (4989/6928)
2026-10-05T17:54:51.6588515Z Updating files:  73% (5058/6928)
2026-10-05T17:54:51.6637987Z Updating files:  74% (5127/6928)
2026-10-05T17:54:51.6706957Z Updating files:  75% (5196/6928)
2026-10-05T17:54:51.6763610Z Updating files:  76% (5266/6928)
2026-10-05T17:54:51.6817893Z Updating files:  77% (5335/6928)
2026-10-05T17:54:51.6872743Z Updating files:  78% (5404/6928)
2026-10-05T17:54:51.6927801Z Updating files:  79% (5474/6928)
2026-10-05T17:54:51.7009910Z Updating files:  80% (5543/6928)
2026-10-05T17:54:51.7078137Z Updating files:  81% (5612/6928)
2026-10-05T17:54:51.7123437Z Updating files:  82% (5681/6928)
2026-10-05T17:54:51.7167282Z Updating files:  83% (5751/6928)
2026-10-05T17:54:51.7210601Z Updating files:  84% (5820/6928)
2026-10-05T17:54:51.7253223Z Updating files:  85% (5889/6928)
2026-10-05T17:54:51.7298674Z Updating files:  86% (5959/6928)
2026-10-05T17:54:51.7515856Z Updating files:  87% (6028/6928)
2026-10-05T17:54:51.7564897Z Updating files:  88% (6097/6928)
2026-10-05T17:54:51.7611071Z Updating files:  89% (6166/6928)
2026-10-05T17:54:51.7676911Z Updating files:  90% (6236/6928)
2026-10-05T17:54:51.7732467Z Updating files:  91% (6305/6928)
2026-10-05T17:54:51.7771205Z Updating files:  92% (6374/6928)
2026-10-05T17:54:51.7816221Z Updating files:  93% (6444/6928)
2026-10-05T17:54:51.7857614Z Updating files:  94% (6513/6928)
2026-10-05T17:54:51.7915266Z Updating files:  95% (6582/6928)
2026-10-05T17:54:51.7984689Z Updating files:  96% (6651/6928)
2026-10-05T17:54:51.8037674Z Updating files:  97% (6721/6928)
2026-10-05T17:54:51.8083071Z Updating files:  98% (6790/6928)
2026-10-05T17:54:51.8128917Z Updating files:  99% (6859/6928)
2026-10-05T17:54:51.8129393Z Updating files: 100% (6928/6928)
2026-10-05T17:54:51.8129833Z Updating files: 100% (6928/6928), done.
2026-10-05T17:54:51.8210722Z Note: switching to 'refs/remotes/pull/662/merge'.
2026-10-05T17:54:51.8210967Z 
2026-10-05T17:54:51.8211186Z You are in 'detached HEAD' state. You can look around, make experimental
2026-10-05T17:54:51.8211831Z changes and commit them, and you can discard any commits you make in this
2026-10-05T17:54:51.8212385Z state without impacting any branches by switching back to a branch.
2026-10-05T17:54:51.8212903Z 
2026-10-05T17:54:51.8213101Z If you want to create a new branch to retain commits you create, you may
2026-10-05T17:54:51.8213562Z do so (now or later) by using -c with the switch command. Example:
2026-10-05T17:54:51.8213827Z 
2026-10-05T17:54:51.8213937Z   git switch -c <new-branch-name>
2026-10-05T17:54:51.8214101Z 
2026-10-05T17:54:51.8214204Z Or undo this operation with:
2026-10-05T17:54:51.8214359Z 
2026-10-05T17:54:51.8214452Z   git switch -
2026-10-05T17:54:51.8214570Z 
2026-10-05T17:54:51.8214786Z Turn off this advice by setting config variable advice.detachedHead to false
2026-10-05T17:54:51.8215118Z 
2026-10-05T17:54:51.8215458Z HEAD is now at 697265c Merge e46f291244cb4f651934fbb82be2aa01390952bb into 469c02dc75184937aba44b61ebf060e2b247c6ac
2026-10-05T17:54:51.8296624Z ##[endgroup]
2026-10-05T17:54:51.8343115Z [command]/usr/bin/git log -1 --format=%H
2026-10-05T17:54:51.8371761Z 697265c5bb16ed1268de02617520cc15c03bc2a8
2026-10-05T17:54:51.8381711Z ##[group]Removing auth
2026-10-05T17:54:51.8385406Z [command]/usr/bin/git config --local --name-only --get-regexp core\.sshCommand
2026-10-05T17:54:51.8420408Z [command]/usr/bin/git submodule foreach --recursive sh -c "git config --local --name-only --get-regexp 'core\.sshCommand' && git config --local --unset-all 'core.sshCommand' || :"
2026-10-05T17:54:51.8658451Z [command]/usr/bin/git config --local --name-only --get-regexp http\.https\:\/\/github\.com\/\.extraheader
2026-10-05T17:54:51.8686749Z http.https://github.com/.extraheader
2026-10-05T17:54:51.8695316Z [command]/usr/bin/git config --local --unset-all http.https://github.com/.extraheader
2026-10-05T17:54:51.8731980Z [command]/usr/bin/git submodule foreach --recursive sh -c "git config --local --name-only --get-regexp 'http\.https\:\/\/github\.com\/\.extraheader' && git config --local --unset-all 'http.https://github.com/.extraheader' || :"
2026-10-05T17:54:51.8962641Z [command]/usr/bin/git config --local --name-only --get-regexp ^includeIf\.gitdir:
2026-10-05T17:54:51.8995146Z [command]/usr/bin/git submodule foreach --recursive git config --local --show-origin --name-only --get-regexp remote.origin.url
2026-10-05T17:54:51.9222762Z ##[endgroup]
2026-10-05T17:54:51.9448255Z ##[group]Run pnpm/action-setup@v4
2026-10-05T17:54:51.9448532Z with:
2026-10-05T17:54:51.9448719Z   version: 9.15.9
2026-10-05T17:54:51.9448923Z   dest: ~/setup-pnpm
2026-10-05T17:54:51.9449133Z   run_install: null
2026-10-05T17:54:51.9449350Z   cache: false
2026-10-05T17:54:51.9449607Z   cache_dependency_path: pnpm-lock.yaml
2026-10-05T17:54:51.9449894Z   package_json_file: package.json
2026-10-05T17:54:51.9450434Z   standalone: false
2026-10-05T17:54:51.9450665Z env:
2026-10-05T17:54:51.9450856Z   SUPABASE_CLI_VERSION: 2.117.0
2026-10-05T17:54:51.9451110Z   PG_CLIENT_VERSION: 8.13.1
2026-10-05T17:54:51.9451331Z ##[endgroup]
2026-10-05T17:54:52.0893277Z ##[group]Running self-installer...
2026-10-05T17:54:52.4959099Z (node:2439) [DEP0169] DeprecationWarning: `url.parse()` behavior is not standardized and prone to errors that have security implications. Use the WHATWG URL API instead. CVEs are not issued for `url.parse()` vulnerabilities.
2026-10-05T17:54:52.4960661Z (Use `node --trace-deprecation ...` to show where the warning was created)
2026-10-05T17:54:52.6634803Z Progress: resolved 1, reused 0, downloaded 0, added 0
2026-10-05T17:54:52.6729491Z Packages: +1
2026-10-05T17:54:52.6730098Z +
2026-10-05T17:54:53.0804025Z Progress: resolved 1, reused 0, downloaded 1, added 1, done
2026-10-05T17:54:53.1212434Z 
2026-10-05T17:54:53.1212933Z dependencies:
2026-10-05T17:54:53.1213384Z + pnpm 9.15.9 (12.9.1 is available)
2026-10-05T17:54:53.1213734Z 
2026-10-05T17:54:53.1238893Z Done in 862ms
2026-10-05T17:54:53.1413597Z ##[endgroup]
2026-10-05T17:54:53.1414107Z Installation Completed!
2026-10-05T17:54:53.1587753Z ##[group]Run actions/setup-node@v4
2026-10-05T17:54:53.1588054Z with:
2026-10-05T17:54:53.1588290Z   node-version: 22
2026-10-05T17:54:53.1588489Z   cache: pnpm
2026-10-05T17:54:53.1588689Z   always-auth: false
2026-10-05T17:54:53.1588942Z   check-latest: false
2026-10-05T17:54:53.1591702Z   token: ***
2026-10-05T17:54:53.1591894Z env:
2026-10-05T17:54:53.1592084Z   SUPABASE_CLI_VERSION: 2.117.0
2026-10-05T17:54:53.1592335Z   PG_CLIENT_VERSION: 8.13.1
2026-10-05T17:54:53.1592632Z   PNPM_HOME: /home/runner/setup-pnpm/node_modules/.bin
2026-10-05T17:54:53.1592937Z ##[endgroup]
2026-10-05T17:54:53.2998179Z Found in cache @ /opt/hostedtoolcache/node/22.23.3/x64
2026-10-05T17:54:53.3002118Z (node:2453) [DEP0040] DeprecationWarning: The `punycode` module is deprecated. Please use a userland alternative instead.
2026-10-05T17:54:53.3002845Z (Use `node --trace-deprecation ...` to show where the warning was created)
2026-10-05T17:54:53.3005514Z ##[group]Environment details
2026-10-05T17:54:53.6882132Z node: v22.23.3
2026-10-05T17:54:53.6882581Z npm: 10.9.9
2026-10-05T17:54:53.6882938Z yarn: 1.22.22
2026-10-05T17:54:53.6883765Z ##[endgroup]
2026-10-05T17:54:53.6927434Z [command]/home/runner/setup-pnpm/node_modules/.bin/pnpm store path --silent
2026-10-05T17:54:54.0860424Z /home/runner/setup-pnpm/node_modules/.bin/store/v3
2026-10-05T17:54:54.3526862Z Cache hit for: node-cache-Linux-x64-pnpm-d1ebc984ada6eee62672937f6cfb0bc2a5ea83e3e74e72e756e3e9961056cdc6
2026-10-05T17:54:54.3632414Z (node:2453) [DEP0169] DeprecationWarning: `url.parse()` behavior is not standardized and prone to errors that have security implications. Use the WHATWG URL API instead. CVEs are not issued for `url.parse()` vulnerabilities.
2026-10-05T17:54:55.6498440Z Received 4194304 of 150644124 (2.8%), 4.0 MBs/sec
2026-10-05T17:54:56.6497482Z Received 96468992 of 150644124 (64.0%), 46.0 MBs/sec
2026-10-05T17:54:57.6501700Z Received 138412032 of 150644124 (91.9%), 44.0 MBs/sec
2026-10-05T17:54:58.5386373Z Received 150644124 of 150644124 (100.0%), 36.9 MBs/sec
2026-10-05T17:54:58.5387568Z Cache Size: ~144 MB (150644124 B)
2026-10-05T17:54:58.5506110Z [command]/usr/bin/tar -xf /home/runner/work/_temp/0a151bfa-1df3-4d09-92bd-0b5db2c592a5/cache.tzst -P -C /home/runner/work/VP-V4/VP-V4 --use-compress-program unzstd
2026-10-05T17:54:59.6943213Z Cache restored successfully
2026-10-05T17:54:59.7015757Z Cache restored from key: node-cache-Linux-x64-pnpm-d1ebc984ada6eee62672937f6cfb0bc2a5ea83e3e74e72e756e3e9961056cdc6
2026-10-05T17:54:59.7162779Z ##[group]Run pnpm install --frozen-lockfile
2026-10-05T17:54:59.7163196Z pnpm install --frozen-lockfile
2026-10-05T17:54:59.7427696Z shell: /usr/bin/bash -e {0}
2026-10-05T17:54:59.7428006Z env:
2026-10-05T17:54:59.7428251Z   SUPABASE_CLI_VERSION: 2.117.0
2026-10-05T17:54:59.7428556Z   PG_CLIENT_VERSION: 8.13.1
2026-10-05T17:54:59.7428906Z   PNPM_HOME: /home/runner/setup-pnpm/node_modules/.bin
2026-10-05T17:54:59.7429280Z ##[endgroup]
2026-10-05T17:55:00.1922441Z Lockfile is up to date, resolution step is skipped
2026-10-05T17:55:00.2197710Z Progress: resolved 1, reused 0, downloaded 0, added 0
2026-10-05T17:55:00.2551486Z Packages: +112
2026-10-05T17:55:00.2578407Z ++++++++++++++++++++++++++++++++++++++++++++++++++++++++++++++++++++++++++++++++
2026-10-05T17:55:00.8066289Z Progress: resolved 112, reused 112, downloaded 0, added 112, done
2026-10-05T17:55:00.9068675Z 
2026-10-05T17:55:00.9069052Z dependencies:
2026-10-05T17:55:00.9069732Z + @apple/app-store-server-library 3.1.0
2026-10-05T17:55:00.9070646Z + @supabase/ssr 0.12.5
2026-10-05T17:55:00.9071187Z + @supabase/supabase-js 2.112.4
2026-10-05T17:55:00.9071662Z + next 16.3.6
2026-10-05T17:55:00.9072036Z + react 19.2.6
2026-10-05T17:55:00.9072448Z + react-dom 19.2.6
2026-10-05T17:55:00.9072698Z 
2026-10-05T17:55:00.9072879Z devDependencies:
2026-10-05T17:55:00.9073325Z + @playwright/test 1.55.1
2026-10-05T17:55:00.9073820Z + @tailwindcss/postcss 4.2.1
2026-10-05T17:55:00.9074327Z + @types/node 22.19.19
2026-10-05T17:55:00.9074784Z + @types/react 19.2.14
2026-10-05T17:55:00.9075254Z + @types/react-dom 19.2.3
2026-10-05T17:55:00.9075678Z + postcss 8.5.26
2026-10-05T17:55:00.9076070Z + tailwindcss 4.2.1
2026-10-05T17:55:00.9076457Z + typescript 5.9.3
2026-10-05T17:55:00.9076676Z 
2026-10-05T17:55:00.9243785Z Done in 1.1s using pnpm v9.15.9
2026-10-05T17:55:00.9408498Z ##[group]Run node scripts/ci-suites/db-integration.mjs --list
2026-10-05T17:55:00.9408983Z node scripts/ci-suites/db-integration.mjs --list
2026-10-05T17:55:00.9471066Z shell: /usr/bin/bash -e {0}
2026-10-05T17:55:00.9471315Z env:
2026-10-05T17:55:00.9471520Z   SUPABASE_CLI_VERSION: 2.117.0
2026-10-05T17:55:00.9471775Z   PG_CLIENT_VERSION: 8.13.1
2026-10-05T17:55:00.9472077Z   PNPM_HOME: /home/runner/setup-pnpm/node_modules/.bin
2026-10-05T17:55:00.9472387Z ##[endgroup]
2026-10-05T17:55:00.9966547Z supabase-http-native   gated   tests/integration/artifacts/change-proposal-reference.test.mjs
2026-10-05T17:55:00.9968223Z supabase-http-native   gated   tests/integration/artifacts/trip-proposal-reference-discovery.test.mjs
2026-10-05T17:55:00.9969583Z test:integration       always  tests/integration/artifacts/user-artifact-integration.test.ts
2026-10-05T17:55:00.9970749Z test:integration       always  tests/integration/chat/launch-08-sse-replay.test.ts
2026-10-05T17:55:00.9972030Z supabase-http-native   gated   tests/integration/community/j1-http.test.mjs
2026-10-05T17:55:00.9972881Z postgres               gated   tests/integration/community/publication-j3j4-postgres.test.mjs
2026-10-05T17:55:00.9973681Z supabase-http-native   gated   tests/integration/community/publication/http.test.mjs
2026-10-05T17:55:00.9974386Z postgres               gated   tests/integration/community/review.test.mjs
2026-10-05T17:55:00.9975049Z postgres               gated   tests/integration/community/safety-j2-postgres.test.mjs
2026-10-05T17:55:00.9975759Z supabase-http-native   gated   tests/integration/community/safety/http.test.mjs
2026-10-05T17:55:00.9976614Z supabase-http-native   gated   tests/integration/community/submission-j1-jwt.test.mjs
2026-10-05T17:55:00.9977794Z postgres               gated   tests/integration/community/submission-j1-postgres.test.mjs
2026-10-05T17:55:00.9978553Z postgres               gated   tests/integration/cost/durable-budget.test.mjs
2026-10-05T17:55:00.9981119Z excluded               gated   tests/integration/cost/full-supabase-budget.test.mjs  — Historical one-off 25→26 upgrade rehearsal: needs an operator-prepared Supabase workdir frozen at migration 25 (VP_BUDGET_SUPABASE_WORKDIR) and hard-codes that container; the budget schema itself is covered by cost/durable-budget in the postgres lane.
2026-10-05T17:55:00.9982760Z test:integration       always  tests/integration/db/vpj-02-connections.test.mjs
2026-10-05T17:55:00.9983433Z test:integration       always  tests/integration/db/vpj-02-verification.test.mjs
2026-10-05T17:55:00.9984088Z test:integration       always  tests/integration/db/vpj-02-worker-idle.test.mjs
2026-10-05T17:55:00.9984769Z supabase-rls           gated   tests/integration/entitlements/storekit-ledger.test.mjs
2026-10-05T17:55:00.9985470Z postgres               gated   tests/integration/explore/place-actions-postgres.test.mjs
2026-10-05T17:55:00.9986181Z supabase-http-native   gated   tests/integration/guide/guide-http.test.mjs
2026-10-05T17:55:00.9986896Z test:integration       always  tests/integration/guide/http-ingress.test.mjs
2026-10-05T17:55:00.9987625Z postgres               gated   tests/integration/guide/place-guide-postgres.test.mjs
2026-10-05T17:55:00.9988315Z supabase-rls           gated   tests/integration/identity/function-acl.test.mjs
2026-10-05T17:55:00.9989087Z supabase-http-native   gated   tests/integration/identity/native-local-session.test.mjs
2026-10-05T17:55:00.9989870Z supabase-rls           gated   tests/integration/identity/pending-proposal-read.test.mjs
2026-10-05T17:55:00.9990930Z supabase-rls           gated   tests/integration/identity/profile-privacy-rpc.test.mjs
2026-10-05T17:55:00.9991639Z postgres               gated   tests/integration/intake/intake.test.mjs
2026-10-05T17:55:00.9992372Z supabase-http-native   gated   tests/integration/intake/pdf-intake-http.test.mjs
2026-10-05T17:55:00.9993110Z test:integration       always  tests/integration/jobs/projection-queue.test.ts
2026-10-05T17:55:00.9994138Z postgres               gated   tests/integration/knowledge/grounded-turn.test.mjs
2026-10-05T17:55:00.9994923Z supabase-http-ops      gated   tests/integration/knowledge/private-source.test.mjs
2026-10-05T17:55:00.9995698Z supabase-http-ops      gated   tests/integration/knowledge/publication.test.mjs
2026-10-05T17:55:00.9996382Z postgres               gated   tests/integration/knowledge/question.test.mjs
2026-10-05T17:55:00.9997058Z postgres-native        gated   tests/integration/knowledge/wiki-draft.test.mjs
2026-10-05T17:55:00.9997870Z postgres               gated   tests/integration/lodging/native-classification-context-joint.test.mjs
2026-10-05T17:55:00.9998705Z postgres               gated   tests/integration/lodging/reviewed-classification-postgres.test.mjs
2026-10-05T17:55:00.9999505Z postgres               gated   tests/integration/maps/foreground-traffic-postgres.test.mjs
2026-10-05T17:55:01.0000403Z postgres               gated   tests/integration/maps/place-quota.test.mjs
2026-10-05T17:55:01.0001309Z test:integration       always  tests/integration/media/private-media.test.ts
2026-10-05T17:55:01.0004561Z supabase-rls           gated   tests/integration/memory/create-undo.test.mjs
2026-10-05T17:55:01.0005183Z postgres               gated   tests/integration/memory/travel-pace.test.mjs
2026-10-05T17:55:01.0005915Z test:integration       always  tests/integration/model-gateway/provider-protocol/http-transport.test.ts
2026-10-05T17:55:01.0006672Z test:integration       always  tests/integration/model-gateway/route-observability.test.ts
2026-10-05T17:55:01.0007377Z postgres               gated   tests/integration/notifications/delivery-postgres.test.mjs
2026-10-05T17:55:01.0008000Z postgres               gated   tests/integration/notifications/storage.test.mjs
2026-10-05T17:55:01.0008618Z test:integration       always  tests/integration/observability/launch-14.test.ts
2026-10-05T17:55:01.0009442Z postgres               gated   tests/integration/observability/ops-ledger.test.mjs
2026-10-05T17:55:01.0010027Z supabase-http-ops      gated   tests/integration/ops/local-review.test.mjs
2026-10-05T17:55:01.0011696Z postgres               gated   tests/integration/pdf-intake/pdf-intake-postgres.test.mjs
2026-10-05T17:55:01.0012372Z postgres               gated   tests/integration/privacy/assistant-data-rights.test.mjs
2026-10-05T17:55:01.0013004Z postgres               gated   tests/integration/privacy/core-export-consumer.test.mjs
2026-10-05T17:55:01.0013604Z postgres               gated   tests/integration/privacy/core-export-d2.test.mjs
2026-10-05T17:55:01.0014201Z postgres               gated   tests/integration/privacy/entitlement-export-d5.test.mjs
2026-10-05T17:55:01.0014836Z postgres               gated   tests/integration/privacy/linked-trip-delete-d3.test.mjs
2026-10-05T17:55:01.0015440Z postgres               gated   tests/integration/privacy/memory-delete-d4.test.mjs
2026-10-05T17:55:01.0016072Z postgres               gated   tests/integration/privacy/memory-export-consumer-d4.test.mjs
2026-10-05T17:55:01.0016692Z postgres               gated   tests/integration/privacy/memory-export-d4.test.mjs
2026-10-05T17:55:01.0017284Z postgres               gated   tests/integration/privacy/result-data-rights.test.mjs
2026-10-05T17:55:01.0017890Z supabase-rls           gated   tests/integration/privacy/trip-deletion-live.test.mjs
2026-10-05T17:55:01.0018477Z postgres               gated   tests/integration/privacy/trip-deletion.test.mjs
2026-10-05T17:55:01.0019088Z postgres               gated   tests/integration/readiness/declarations-postgres.test.mjs
2026-10-05T17:55:01.0019784Z postgres               gated   tests/integration/readiness/native-readiness-actions-joint.test.mjs
2026-10-05T17:55:01.0020769Z postgres               gated   tests/integration/reservations/ledger-postgres.test.mjs
2026-10-05T17:55:01.0021425Z postgres               gated   tests/integration/reservations/native-return-joint.test.mjs
2026-10-05T17:55:01.0022064Z test:integration       always  tests/integration/restore/rehearsal-plan.test.mjs
2026-10-05T17:55:01.0022934Z postgres               gated   tests/integration/scoped-edit/scoped-edit-postgres.test.mjs
2026-10-05T17:55:01.0023606Z supabase-http-ops      gated   tests/integration/service-cases/access.test.mjs
2026-10-05T17:55:01.0024243Z supabase-http-native   gated   tests/integration/service-cases/brief-http.test.mjs
2026-10-05T17:55:01.0024882Z postgres               gated   tests/integration/service-cases/brief-postgres.test.mjs
2026-10-05T17:55:01.0025592Z supabase-http-native   gated   tests/integration/service-cases/operations-http.test.mjs
2026-10-05T17:55:01.0026282Z postgres               gated   tests/integration/service-cases/operations-postgres.test.mjs
2026-10-05T17:55:01.0026972Z postgres               gated   tests/integration/takedown/source-impact-outbox.test.mjs
2026-10-05T17:55:01.0027690Z supabase-http-native   gated   tests/integration/translate/history-http.test.mjs
2026-10-05T17:55:01.0028408Z postgres               gated   tests/integration/translate/history.test.mjs
2026-10-05T17:55:01.0029018Z supabase-http-native   gated   tests/integration/translate/trip-source-http.test.mjs
2026-10-05T17:55:01.0029620Z postgres               gated   tests/integration/trip/archive.test.mjs
2026-10-05T17:55:01.0030412Z supabase-rls           gated   tests/integration/trip/confirm-apply.test.mjs
2026-10-05T17:55:01.0031525Z supabase-http-native   gated   tests/integration/trip/lifecycle-http.test.mjs
2026-10-05T17:55:01.0032147Z postgres               gated   tests/integration/trip/lifecycle-postgres.test.mjs
2026-10-05T17:55:01.0032735Z postgres               gated   tests/integration/trip/local-recovery-guard.test.mjs
2026-10-05T17:55:01.0033344Z postgres               gated   tests/integration/trip/local-recovery-transport.test.mjs
2026-10-05T17:55:01.0033972Z supabase-http-native   gated   tests/integration/trip/native-same-trip.test.mjs
2026-10-05T17:55:01.0034763Z postgres               gated   tests/integration/trip/native-support-http-read.test.mjs
2026-10-05T17:55:01.0035388Z postgres               gated   tests/integration/trip/offline-source-consumer.test.mjs
2026-10-05T17:55:01.0036004Z postgres               gated   tests/integration/trip/offline-text-provenance.test.mjs
2026-10-05T17:55:01.0036612Z supabase-rls           gated   tests/integration/trip/proposal-reject.test.mjs
2026-10-05T17:55:01.0037217Z supabase-rls           gated   tests/integration/trip/proposal-revision.test.mjs
2026-10-05T17:55:01.0037819Z postgres               gated   tests/integration/trip/recovery-http-joint.test.mjs
2026-10-05T17:55:01.0038398Z postgres               gated   tests/integration/trip/trip-item-support.test.mjs
2026-10-05T17:55:01.0038961Z supabase-rls           gated   tests/integration/trip/v4-10-rollback.test.mjs
2026-10-05T17:55:01.0039546Z supabase-rls           gated   tests/integration/trip/v4-11-place-reference.test.mjs
2026-10-05T17:55:01.0040386Z supabase-rls           gated   tests/integration/trip/v4-12-trip-actions.test.mjs
2026-10-05T17:55:01.0041028Z supabase-http-native   gated   tests/integration/turn/assistant-rollback.test.mjs
2026-10-05T17:55:01.0041687Z supabase-http-native   gated   tests/integration/turn/assistant-task-activity.test.mjs
2026-10-05T17:55:01.0042309Z supabase-rls           gated   tests/integration/turn/durable-thread.test.mjs
2026-10-05T17:55:01.0042856Z postgres               gated   tests/integration/turn/durable-work.test.mjs
2026-10-05T17:55:01.0043457Z supabase-http-native   gated   tests/integration/turn/explicit-travel-intake.test.mjs
2026-10-05T17:55:01.0044095Z postgres               gated   tests/integration/turn/five-result-lifecycle.test.mjs
2026-10-05T17:55:01.0044693Z postgres               gated   tests/integration/turn/hosted-planning-worker.test.mjs
2026-10-05T17:55:01.0045256Z postgres               gated   tests/integration/turn/hosted-worker.test.mjs
2026-10-05T17:55:01.0045880Z supabase-http-native   gated   tests/integration/turn/journeys-goal-index-http.test.mjs
2026-10-05T17:55:01.0046706Z postgres               gated   tests/integration/turn/journeys-goal-index.test.mjs
2026-10-05T17:55:01.0047274Z postgres               gated   tests/integration/turn/journeys-pages.test.mjs
2026-10-05T17:55:01.0047997Z test:integration       always  tests/integration/turn/launch-05-message-retry.test.ts
2026-10-05T17:55:01.0048659Z supabase-http-native   gated   tests/integration/turn/native-grounded-http.test.mjs
2026-10-05T17:55:01.0049282Z postgres               gated   tests/integration/turn/native-memory-command.test.mjs
2026-10-05T17:55:01.0049892Z supabase-http-native   gated   tests/integration/turn/native-memory-http.test.mjs
2026-10-05T17:55:01.0051501Z supabase-http-native   gated   tests/integration/turn/native-planning-http.test.mjs
2026-10-05T17:55:01.0052199Z supabase-http-native   gated   tests/integration/turn/native-text-http.test.mjs
2026-10-05T17:55:01.0052854Z postgres               gated   tests/integration/turn/planning-action-receipts.test.mjs
2026-10-05T17:55:01.0053488Z postgres               gated   tests/integration/turn/planning-comparison.test.mjs
2026-10-05T17:55:01.0054098Z postgres               gated   tests/integration/turn/planning-intake-admission.test.mjs
2026-10-05T17:55:01.0054736Z supabase-http-native   gated   tests/integration/turn/planning-intake-http.test.mjs
2026-10-05T17:55:01.0055431Z postgres               gated   tests/integration/turn/planning-v2-canonical-sql-consumer.test.mjs
2026-10-05T17:55:01.0056135Z postgres               gated   tests/integration/turn/planning-v2-complete-worker-sql.test.mjs
2026-10-05T17:55:01.0056820Z postgres               gated   tests/integration/turn/planning-v2-durable-checkpoints.test.mjs
2026-10-05T17:55:01.0057492Z postgres               gated   tests/integration/turn/planning-v2-local-model-flow.test.mjs
2026-10-05T17:55:01.0058180Z postgres               gated   tests/integration/turn/planning-v2-model-attempt-binding.test.mjs
2026-10-05T17:55:01.0059083Z postgres               gated   tests/integration/turn/planning-v2-model-local-journal.test.mjs
2026-10-05T17:55:01.0059786Z postgres               gated   tests/integration/turn/planning-v2-real-journal-consumer.test.mjs
2026-10-05T17:55:01.0060767Z postgres               gated   tests/integration/turn/planning-v2-worker-protocol.test.mjs
2026-10-05T17:55:01.0061445Z postgres               gated   tests/integration/turn/qualified-intake-comparison.test.mjs
2026-10-05T17:55:01.0062117Z test:integration       always  tests/integration/turn/reliable-coordinator-retry.test.ts
2026-10-05T17:55:01.0062775Z postgres               gated   tests/integration/turn/selected-message-sources.test.mjs
2026-10-05T17:55:01.0063455Z supabase-http-native   gated   tests/integration/turn/selected-source-auth-http.test.mjs
2026-10-05T17:55:01.0064157Z postgres               gated   tests/integration/turn/selected-source-result-v2-compat.test.mjs
2026-10-05T17:55:01.0064763Z postgres               gated   tests/integration/turn/text-work.test.mjs
2026-10-05T17:55:01.0065377Z supabase-http-native   gated   tests/integration/web-trip-continuity/continuity.test.mjs
2026-10-05T17:55:01.0066090Z test:integration       always  tests/integration/web-trip-continuity/server-diagnostic.test.mjs
2026-10-05T17:55:01.0099133Z ##[group]Run for image in $(node scripts/ci-suites/db-integration.mjs --images); do
2026-10-05T17:55:01.0099730Z for image in $(node scripts/ci-suites/db-integration.mjs --images); do
2026-10-05T17:55:01.0100133Z   for attempt in 1 2 3; do
2026-10-05T17:55:01.0100788Z     if output=$(docker pull "$image" 2>&1); then
2026-10-05T17:55:01.0101135Z       printf '%s\n' "$output" | tail -1
2026-10-05T17:55:01.0101435Z       break
2026-10-05T17:55:01.0101650Z     else
2026-10-05T17:55:01.0101849Z       status=$?
2026-10-05T17:55:01.0102063Z     fi
2026-10-05T17:55:01.0102283Z     printf '%s\n' "$output"
2026-10-05T17:55:01.0102556Z     case "$output" in
2026-10-05T17:55:01.0102845Z       *toomanyrequests*|*"Rate exceeded"*) ;;
2026-10-05T17:55:01.0103168Z       *) exit "$status" ;;
2026-10-05T17:55:01.0103418Z     esac
2026-10-05T17:55:01.0103713Z     if [ "$attempt" -eq 3 ]; then exit "$status"; fi
2026-10-05T17:55:01.0104040Z     sleep "$((attempt * 10))"
2026-10-05T17:55:01.0104294Z   done
2026-10-05T17:55:01.0104492Z done
2026-10-05T17:55:01.0171787Z shell: /usr/bin/bash --noprofile --norc -e -o pipefail {0}
2026-10-05T17:55:01.0172150Z env:
2026-10-05T17:55:01.0172362Z   SUPABASE_CLI_VERSION: 2.117.0
2026-10-05T17:55:01.0172636Z   PG_CLIENT_VERSION: 8.13.1
2026-10-05T17:55:01.0172948Z   PNPM_HOME: /home/runner/setup-pnpm/node_modules/.bin
2026-10-05T17:55:01.0173261Z ##[endgroup]
2026-10-05T17:55:17.9617156Z public.ecr.aws/supabase/postgres:17.6.1.155
2026-10-05T17:55:34.2635887Z public.ecr.aws/supabase/postgres:17.6.1.159
2026-10-05T17:55:50.6648670Z public.ecr.aws/supabase/postgres:17.6.1.167
2026-10-05T17:55:51.3236079Z public.ecr.aws/supabase/postgrest:v16.2
2026-10-05T17:55:51.3312857Z ##[group]Run node scripts/ci-suites/db-integration.mjs --lane postgres
2026-10-05T17:55:51.3313461Z node scripts/ci-suites/db-integration.mjs --lane postgres
2026-10-05T17:55:51.3375486Z shell: /usr/bin/bash -e {0}
2026-10-05T17:55:51.3375738Z env:
2026-10-05T17:55:51.3375938Z   SUPABASE_CLI_VERSION: 2.117.0
2026-10-05T17:55:51.3376188Z   PG_CLIENT_VERSION: 8.13.1
2026-10-05T17:55:51.3376470Z   PNPM_HOME: /home/runner/setup-pnpm/node_modules/.bin
2026-10-05T17:55:51.3376784Z ##[endgroup]
2026-10-05T17:55:51.6999616Z 
2026-10-05T17:55:51.7000816Z ##[group]postgres / isolated-postgres
2026-10-05T17:55:51.7703657Z TAP version 13
2026-10-05T17:56:15.9386518Z # Subtest: full history replay rollback RPC exact prior body owner ACL and empty disabled defaults
2026-10-05T17:56:15.9388389Z ok 1 - full history replay rollback RPC exact prior body owner ACL and empty disabled defaults
2026-10-05T17:56:15.9390890Z   ---
2026-10-05T17:56:15.9391471Z   duration_ms: 23894.782873
2026-10-05T17:56:15.9412218Z   type: 'test'
2026-10-05T17:56:15.9415525Z   ...
2026-10-05T17:56:18.9881195Z # Subtest: complete preview consent independent rights publisher read search exact metadata save and unsave
2026-10-05T17:56:18.9892112Z ok 2 - complete preview consent independent rights publisher read search exact metadata save and unsave
2026-10-05T17:56:18.9892997Z   ---
2026-10-05T17:56:18.9893352Z   duration_ms: 3035.844571
2026-10-05T17:56:18.9893768Z   type: 'test'
2026-10-05T17:56:18.9894148Z   ...
2026-10-05T17:56:21.6180763Z # Subtest: preview digest excludes TTL but binds exact body disclosures and reviewed revisions
2026-10-05T17:56:21.6190813Z ok 3 - preview digest excludes TTL but binds exact body disclosures and reviewed revisions
2026-10-05T17:56:21.6198039Z   ---
2026-10-05T17:56:21.6202264Z   duration_ms: 2645.352698
2026-10-05T17:56:21.6202839Z   type: 'test'
2026-10-05T17:56:21.6207465Z   ...
2026-10-05T17:56:26.0448290Z # Subtest: source reader authority is distinct from qualification and all independence fences survive J1 erasure
2026-10-05T17:56:26.0450865Z ok 4 - source reader authority is distinct from qualification and all independence fences survive J1 erasure
2026-10-05T17:56:26.0454716Z   ---
2026-10-05T17:56:26.0455089Z   duration_ms: 4413.637253
2026-10-05T17:56:26.0456962Z   type: 'test'
2026-10-05T17:56:26.0457461Z   ...
2026-10-05T17:56:30.4292471Z # Subtest: current registered-reader expiry revocation block and UUID probes deny before CAS with zero effects
2026-10-05T17:56:30.4296806Z ok 5 - current registered-reader expiry revocation block and UUID probes deny before CAS with zero effects
2026-10-05T17:56:30.4302683Z   ---
2026-10-05T17:56:30.4303441Z   duration_ms: 4398.19593
2026-10-05T17:56:30.4305310Z   type: 'test'
2026-10-05T17:56:30.4305924Z   ...
2026-10-05T17:56:37.0814419Z # Subtest: original auth session epoch anonymous and malformed NULL guards precede any cleanup or CAS
2026-10-05T17:56:37.0832158Z ok 6 - original auth session epoch anonymous and malformed NULL guards precede any cleanup or CAS
2026-10-05T17:56:37.0853937Z   ---
2026-10-05T17:56:37.0878125Z   duration_ms: 6651.992907
2026-10-05T17:56:37.0936487Z   type: 'test'
2026-10-05T17:56:37.0937392Z   ...
2026-10-05T17:56:40.4447841Z # Subtest: exact byte idempotency absent abandon replay session fence and unknown outcome resolution
2026-10-05T17:56:40.4473090Z ok 7 - exact byte idempotency absent abandon replay session fence and unknown outcome resolution
2026-10-05T17:56:40.4480208Z   ---
2026-10-05T17:56:40.4483648Z   duration_ms: 3360.223033
2026-10-05T17:56:40.4484313Z   type: 'test'
2026-10-05T17:56:40.4485051Z   ...
2026-10-05T17:56:49.3623259Z # Subtest: withdraw revoke disabled rollback deny old detail search saved and committed body replay
2026-10-05T17:56:49.3681440Z ok 8 - withdraw revoke disabled rollback deny old detail search saved and committed body replay
2026-10-05T17:56:49.3737817Z   ---
2026-10-05T17:56:49.3738861Z   duration_ms: 8897.408678
2026-10-05T17:56:49.3739587Z   type: 'test'
2026-10-05T17:56:49.3741549Z   ...
2026-10-05T17:56:58.1602404Z # Subtest: J1 withdrawal source physical deletion and reviewer account deletion preserve permanent denial tombstones
2026-10-05T17:56:58.1686836Z ok 9 - J1 withdrawal source physical deletion and reviewer account deletion preserve permanent denial tombstones
2026-10-05T17:56:58.1711056Z   ---
2026-10-05T17:56:58.1722113Z   duration_ms: 8819.937771
2026-10-05T17:56:58.1757981Z   type: 'test'
2026-10-05T17:56:58.1765301Z   ...
2026-10-05T17:57:01.9088834Z # Subtest: J2 remove appeal restore cannot revive publication or silently rebind old reference
2026-10-05T17:57:01.9092807Z ok 10 - J2 remove appeal restore cannot revive publication or silently rebind old reference
2026-10-05T17:57:01.9094261Z   ---
2026-10-05T17:57:01.9094990Z   duration_ms: 3748.090338
2026-10-05T17:57:01.9096352Z   type: 'test'
2026-10-05T17:57:01.9096934Z   ...
2026-10-05T17:57:15.4589778Z # Subtest: rights/publisher revocation erasure and review deletion terminal forever under re-enrollment
2026-10-05T17:57:15.4633706Z ok 11 - rights/publisher revocation erasure and review deletion terminal forever under re-enrollment
2026-10-05T17:57:15.4656036Z   ---
2026-10-05T17:57:15.4656932Z   duration_ms: 13550.664194
2026-10-05T17:57:15.4657657Z   type: 'test'
2026-10-05T17:57:15.4658165Z   ...
2026-10-05T17:57:17.9842220Z # Subtest: scoped export includes authored foreign rights notes qualification receipts audits and metadata-only references
2026-10-05T17:57:17.9844429Z ok 12 - scoped export includes authored foreign rights notes qualification receipts audits and metadata-only references
2026-10-05T17:57:17.9845829Z   ---
2026-10-05T17:57:17.9846496Z   duration_ms: 2518.576542
2026-10-05T17:57:17.9847185Z   type: 'test'
2026-10-05T17:57:17.9847787Z   ...
2026-10-05T17:57:21.2303066Z # Subtest: scoped deletion erases declaration all authored notes qualifications links while exact receipts remain sanitized
2026-10-05T17:57:21.2326696Z ok 13 - scoped deletion erases declaration all authored notes qualifications links while exact receipts remain sanitized
2026-10-05T17:57:21.2351312Z   ---
2026-10-05T17:57:21.2367497Z   duration_ms: 3250.816866
2026-10-05T17:57:21.2403810Z   type: 'test'
2026-10-05T17:57:21.2404407Z   ...
2026-10-05T17:57:24.2502540Z # Subtest: 100 plus sentinel on each retained export collection fails whole export without truncation
2026-10-05T17:57:24.2511829Z ok 14 - 100 plus sentinel on each retained export collection fails whole export without truncation
2026-10-05T17:57:24.2512835Z   ---
2026-10-05T17:57:24.2514635Z   duration_ms: 3022.009245
2026-10-05T17:57:24.2515429Z   type: 'test'
2026-10-05T17:57:24.2515928Z   ...
2026-10-05T17:57:29.0614929Z # Subtest: ordered concurrent read publish withdraw erasure serialize or fail closed; retry cannot expose body
2026-10-05T17:57:29.0641957Z ok 15 - ordered concurrent read publish withdraw erasure serialize or fail closed; retry cannot expose body
2026-10-05T17:57:29.0662741Z   ---
2026-10-05T17:57:29.0669542Z   duration_ms: 4811.438258
2026-10-05T17:57:29.0681104Z   type: 'test'
2026-10-05T17:57:29.0682128Z   ...
2026-10-05T17:57:34.2372097Z # Subtest: rights rejection source J1 qualification revoke and owner inspection remain exact terminal metadata
2026-10-05T17:57:34.2386394Z ok 16 - rights rejection source J1 qualification revoke and owner inspection remain exact terminal metadata
2026-10-05T17:57:34.2409607Z   ---
2026-10-05T17:57:34.2475922Z   duration_ms: 5175.857462
2026-10-05T17:57:34.2491775Z   type: 'test'
2026-10-05T17:57:34.2517058Z   ...
2026-10-05T17:57:36.9010074Z # Subtest: ordinary 24k 10k original exactbytes supports escaped recovery outer above24k within49152
2026-10-05T17:57:36.9049354Z ok 17 - ordinary 24k 10k original exactbytes supports escaped recovery outer above24k within49152
2026-10-05T17:57:36.9069321Z   ---
2026-10-05T17:57:36.9078579Z   duration_ms: 2659.619189
2026-10-05T17:57:36.9081890Z   type: 'test'
2026-10-05T17:57:36.9083443Z   ...
2026-10-05T17:57:39.2993551Z # Subtest: pagination 51 sentinel uses sorted final returned cursor and complete pages for own metadata and saved refs
2026-10-05T17:57:39.3004274Z ok 18 - pagination 51 sentinel uses sorted final returned cursor and complete pages for own metadata and saved refs
2026-10-05T17:57:39.3005982Z   ---
2026-10-05T17:57:39.3007432Z   duration_ms: 2398.179297
2026-10-05T17:57:39.3008460Z   type: 'test'
2026-10-05T17:57:39.3009390Z   ...
2026-10-05T17:57:45.5256302Z # Subtest: deterministic uncommitted withdrawal and J1 source erasure deny concurrent reads before commit then sanitized replay
2026-10-05T17:57:45.5265849Z ok 19 - deterministic uncommitted withdrawal and J1 source erasure deny concurrent reads before commit then sanitized replay
2026-10-05T17:57:45.5271209Z   ---
2026-10-05T17:57:45.5272163Z   duration_ms: 6227.270865
2026-10-05T17:57:45.5273647Z   type: 'test'
2026-10-05T17:57:45.5274449Z   ...
2026-10-05T17:57:48.2142807Z # Subtest: legacy nullable benefit disclosure stays unknown and disclosure source changes invalidate consent permanently
2026-10-05T17:57:48.2160583Z ok 20 - legacy nullable benefit disclosure stays unknown and disclosure source changes invalidate consent permanently
2026-10-05T17:57:48.2171186Z   ---
2026-10-05T17:57:48.2189782Z   duration_ms: 2687.988066
2026-10-05T17:57:48.2190597Z   type: 'test'
2026-10-05T17:57:48.2191531Z   ...
2026-10-05T17:57:52.0387915Z # Subtest: canonical place projection uses original lawful mapping and never leaks private Trip reference or writes plan
2026-10-05T17:57:52.0391367Z ok 21 - canonical place projection uses original lawful mapping and never leaks private Trip reference or writes plan
2026-10-05T17:57:52.0398168Z   ---
2026-10-05T17:57:52.0404419Z   duration_ms: 3820.569056
2026-10-05T17:57:52.0405326Z   type: 'test'
2026-10-05T17:57:52.0406084Z   ...
2026-10-05T17:58:00.7575816Z # Subtest: owned auth account cascades erase author declaration reader links and foreign authored rights note without revival
2026-10-05T17:58:00.7590059Z ok 22 - owned auth account cascades erase author declaration reader links and foreign authored rights note without revival
2026-10-05T17:58:00.7591484Z   ---
2026-10-05T17:58:00.7591995Z   duration_ms: 8723.457054
2026-10-05T17:58:00.7592787Z   type: 'test'
2026-10-05T17:58:00.7593268Z   ...
2026-10-05T17:58:01.1511958Z # Subtest: default closed, explicit reviewer qualification, live registered session and private ACL
2026-10-05T17:58:01.1561561Z ok 23 - default closed, explicit reviewer qualification, live registered session and private ACL
2026-10-05T17:58:01.1633554Z   ---
2026-10-05T17:58:01.1668881Z   duration_ms: 21364.331083
2026-10-05T17:58:01.1744303Z   type: 'test'
2026-10-05T17:58:01.1803491Z   ...
2026-10-05T17:58:01.1877397Z # Subtest: author pending → independent internal publication → withdraw; projections and replay cannot resurrect body
2026-10-05T17:58:01.1928378Z ok 24 - author pending → independent internal publication → withdraw; projections and replay cannot resurrect body
2026-10-05T17:58:01.1969909Z   ---
2026-10-05T17:58:01.2002342Z   duration_ms: 2611.787608
2026-10-05T17:58:01.2029161Z   type: 'test'
2026-10-05T17:58:01.2047890Z   ...
2026-10-05T17:58:01.2049009Z # Subtest: rejection and pending withdrawal are terminal; forged body fields fail in direct RPC
2026-10-05T17:58:01.2050741Z ok 25 - rejection and pending withdrawal are terminal; forged body fields fail in direct RPC
2026-10-05T17:58:01.2052619Z   ---
2026-10-05T17:58:01.2053207Z   duration_ms: 2053.102164
2026-10-05T17:58:01.2053773Z   type: 'test'
2026-10-05T17:58:01.2054283Z   ...
2026-10-05T17:58:01.2055366Z # Subtest: opposing reviews and withdrawal/review race commit exactly one transition
2026-10-05T17:58:01.2056748Z ok 26 - opposing reviews and withdrawal/review race commit exactly one transition
2026-10-05T17:58:01.2057711Z   ---
2026-10-05T17:58:01.2058294Z   duration_ms: 954.461145
2026-10-05T17:58:01.2058925Z   type: 'test'
2026-10-05T17:58:01.2059470Z   ...
2026-10-05T17:58:01.2061381Z # Subtest: audit fault rolls back content, transition and receipt; gate rollback denies saved data
2026-10-05T17:58:01.2062974Z ok 27 - audit fault rolls back content, transition and receipt; gate rollback denies saved data
2026-10-05T17:58:01.2063976Z   ---
2026-10-05T17:58:01.2064512Z   duration_ms: 1783.508919
2026-10-05T17:58:01.2065106Z   type: 'test'
2026-10-05T17:58:01.2065654Z   ...
2026-10-05T17:58:01.2066784Z # Subtest: full migration rollback preserves original RPC owner ACL; defaults empty with no private grants
2026-10-05T17:58:01.2068431Z ok 28 - full migration rollback preserves original RPC owner ACL; defaults empty with no private grants
2026-10-05T17:58:01.2069465Z   ---
2026-10-05T17:58:01.2070039Z   duration_ms: 24428.190894
2026-10-05T17:58:01.2071283Z   type: 'test'
2026-10-05T17:58:01.2071843Z   ...
2026-10-05T17:58:01.2072878Z # Subtest: authority before all reads mutation replay abandonment erasure has zero writes
2026-10-05T17:58:01.2074728Z ok 29 - authority before all reads mutation replay abandonment erasure has zero writes
2026-10-05T17:58:01.2075681Z   ---
2026-10-05T17:58:01.2076237Z   duration_ms: 2219.984541
2026-10-05T17:58:01.2076846Z   type: 'test'
2026-10-05T17:58:01.2077402Z   ...
2026-10-05T17:58:01.2078624Z # Subtest: legitimate independent reader vs moderator; guesses expiry revocation and block metadata deny uniformly
2026-10-05T17:58:01.2112987Z ok 30 - legitimate independent reader vs moderator; guesses expiry revocation and block metadata deny uniformly
2026-10-05T17:58:01.2138636Z   ---
2026-10-05T17:58:01.2138998Z   duration_ms: 2867.174758
2026-10-05T17:58:01.2141644Z   type: 'test'
2026-10-05T17:58:01.2142029Z   ...
2026-10-05T17:58:01.2151372Z # Subtest: report sensitive body isolation author minimal disposition and independent conflict operators
2026-10-05T17:58:01.2156717Z ok 31 - report sensitive body isolation author minimal disposition and independent conflict operators
2026-10-05T17:58:01.2173279Z   ---
2026-10-05T17:58:01.2173753Z   duration_ms: 2321.427367
2026-10-05T17:58:01.2174187Z   type: 'test'
2026-10-05T17:58:01.2176205Z   ...
2026-10-05T17:58:01.2180320Z # Subtest: removal invalidates old J1 live read mine queue and committed exact-byte acknowledgements
2026-10-05T17:58:01.2201636Z ok 32 - removal invalidates old J1 live read mine queue and committed exact-byte acknowledgements
2026-10-05T17:58:01.2202610Z   ---
2026-10-05T17:58:01.2202995Z   duration_ms: 2074.118207
2026-10-05T17:58:01.2203441Z   type: 'test'
2026-10-05T17:58:01.2203807Z   ...
2026-10-05T17:58:01.2227455Z # Subtest: author recourse independent restore rechecks current retained source; withdrawal cannot resurrect
2026-10-05T17:58:01.2232117Z ok 33 - author recourse independent restore rechecks current retained source; withdrawal cannot resurrect
2026-10-05T17:58:01.2233420Z   ---
2026-10-05T17:58:01.2234048Z   duration_ms: 2627.685421
2026-10-05T17:58:01.2234698Z   type: 'test'
2026-10-05T17:58:01.2235253Z   ...
2026-10-05T17:58:01.2236499Z # Subtest: J1 rejected version2 restore requires both qualifications and distinct original reviewer; no old unique audit clash
2026-10-05T17:58:01.2238471Z ok 34 - J1 rejected version2 restore requires both qualifications and distinct original reviewer; no old unique audit clash
2026-10-05T17:58:01.2239527Z   ---
2026-10-05T17:58:01.2239890Z   duration_ms: 2114.724368
2026-10-05T17:58:01.2240650Z   type: 'test'
2026-10-05T17:58:01.2241023Z   ...
2026-10-05T17:58:01.2242350Z # Subtest: authored decisions/grants export complete with no foreign details; erasure retains foreign source state and independence fence
2026-10-05T17:58:01.2244469Z ok 35 - authored decisions/grants export complete with no foreign details; erasure retains foreign source state and independence fence
2026-10-05T17:58:01.2245588Z   ---
2026-10-05T17:58:01.2246061Z   duration_ms: 2720.000223
2026-10-05T17:58:01.2246501Z   type: 'test'
2026-10-05T17:58:01.2246870Z   ...
2026-10-05T17:58:01.2247964Z # Subtest: exact original bytes immutable session epoch operation fences abandoned replay and module-off erasure
2026-10-05T17:58:01.2250091Z ok 36 - exact original bytes immutable session epoch operation fences abandoned replay and module-off erasure
2026-10-05T17:58:01.2269785Z   ---
2026-10-05T17:58:01.2270550Z   duration_ms: 2300.834261
2026-10-05T17:58:01.2270949Z   type: 'test'
2026-10-05T17:58:01.2271244Z   ...
2026-10-05T17:58:01.2272312Z # Subtest: physical source/account deletion invalidates content while retaining independent sensitive records and removing own authored notes
2026-10-05T17:58:01.2274004Z ok 37 - physical source/account deletion invalidates content while retaining independent sensitive records and removing own authored notes
2026-10-05T17:58:01.2274917Z   ---
2026-10-05T17:58:01.2275208Z   duration_ms: 1917.667524
2026-10-05T17:58:01.2275556Z   type: 'test'
2026-10-05T17:58:01.2275842Z   ...
2026-10-05T17:58:01.2276777Z # Subtest: CAS competing independent dispositions, original withdrawal and erasure races produce no deadlock or resurrection
2026-10-05T17:58:01.2278574Z ok 38 - CAS competing independent dispositions, original withdrawal and erasure races produce no deadlock or resurrection
2026-10-05T17:58:01.2279393Z   ---
2026-10-05T17:58:01.2279679Z   duration_ms: 2670.348285
2026-10-05T17:58:01.2280026Z   type: 'test'
2026-10-05T17:58:01.2280536Z   ...
2026-10-05T17:58:01.2281376Z # Subtest: bounded keyset51 sentinel and each100+sentinel export fails closed without false completeness
2026-10-05T17:58:01.2282596Z ok 39 - bounded keyset51 sentinel and each100+sentinel export fails closed without false completeness
2026-10-05T17:58:01.2283298Z   ---
2026-10-05T17:58:01.2283590Z   duration_ms: 1674.848076
2026-10-05T17:58:01.2283939Z   type: 'test'
2026-10-05T17:58:01.2284233Z   ...
2026-10-05T17:58:01.2285051Z # Subtest: erasure rollback is atomic and source/operator deletion never unlocks an original-reviewer appeal
2026-10-05T17:58:01.2286312Z ok 40 - erasure rollback is atomic and source/operator deletion never unlocks an original-reviewer appeal
2026-10-05T17:58:01.2287031Z   ---
2026-10-05T17:58:01.2287317Z   duration_ms: 2933.145155
2026-10-05T17:58:01.2287666Z   type: 'test'
2026-10-05T17:58:01.2287951Z   ...
2026-10-05T17:58:01.2288816Z # Subtest: strict closed JSON raw UTF8 and UTF16 limits cannot write receipts; expired own grant export remains complete
2026-10-05T17:58:01.2290741Z ok 41 - strict closed JSON raw UTF8 and UTF16 limits cannot write receipts; expired own grant export remains complete
2026-10-05T17:58:01.2291540Z   ---
2026-10-05T17:58:01.2291850Z   duration_ms: 1851.473273
2026-10-05T17:58:01.2292208Z   type: 'test'
2026-10-05T17:58:01.2292526Z   ...
2026-10-05T17:58:01.2293355Z # Subtest: each report appeal disposition receipt audit array independently enforces complete bounded export
2026-10-05T17:58:01.2294645Z ok 42 - each report appeal disposition receipt audit array independently enforces complete bounded export
2026-10-05T17:58:01.2295393Z   ---
2026-10-05T17:58:01.2295688Z   duration_ms: 1760.967926
2026-10-05T17:58:01.2296042Z   type: 'test'
2026-10-05T17:58:01.2296342Z   ...
2026-10-05T17:58:01.2297353Z # Subtest: legacy original RPC source and current controlled-reader qualification cannot resurrect blocked or revoked content
2026-10-05T17:58:01.2298856Z ok 43 - legacy original RPC source and current controlled-reader qualification cannot resurrect blocked or revoked content
2026-10-05T17:58:01.2299685Z   ---
2026-10-05T17:58:01.2299987Z   duration_ms: 2866.233716
2026-10-05T17:58:01.2300568Z   type: 'test'
2026-10-05T17:58:01.2300873Z   ...
2026-10-05T17:58:01.2301834Z # Subtest: unavailable selected block target and exact receipt return only own null metadata, never cached source UUID
2026-10-05T17:58:01.2303234Z ok 44 - unavailable selected block target and exact receipt return only own null metadata, never cached source UUID
2026-10-05T17:58:01.2304078Z   ---
2026-10-05T17:58:01.2304397Z   duration_ms: 2186.347239
2026-10-05T17:58:01.2304769Z   type: 'test'
2026-10-05T17:58:01.2305069Z   ...
2026-10-05T17:58:01.2306188Z # Subtest: SQL NULL validation fails closed before direct RPC writes for nullable discriminators or enum decisions
2026-10-05T17:58:01.2307587Z ok 45 - SQL NULL validation fails closed before direct RPC writes for nullable discriminators or enum decisions
2026-10-05T17:58:01.2308345Z   ---
2026-10-05T17:58:01.2308657Z   duration_ms: 2125.368335
2026-10-05T17:58:01.2309018Z   type: 'test'
2026-10-05T17:58:01.2309320Z   ...
2026-10-05T17:58:01.2310393Z # Subtest: unauthorized guessed source and stale versions yield uniform not-found before CAS without metadata oracle
2026-10-05T17:58:01.2311809Z ok 46 - unauthorized guessed source and stale versions yield uniform not-found before CAS without metadata oracle
2026-10-05T17:58:01.2312592Z   ---
2026-10-05T17:58:01.2312897Z   duration_ms: 2644.581033
2026-10-05T17:58:01.2313250Z   type: 'test'
2026-10-05T17:58:01.2313550Z   ...
2026-10-05T17:58:01.2314569Z # Subtest: full migration replay rollback and unchanged signature ACL; module defaults and direct deny
2026-10-05T17:58:01.2315785Z ok 47 - full migration replay rollback and unchanged signature ACL; module defaults and direct deny
2026-10-05T17:58:01.2316494Z   ---
2026-10-05T17:58:01.2316798Z   duration_ms: 22267.495252
2026-10-05T17:58:01.2317176Z   type: 'test'
2026-10-05T17:58:01.2317477Z   ...
2026-10-05T17:58:01.2318241Z # Subtest: registered current-session roots precede reads mutation replay abandon or cleanup
2026-10-05T17:58:01.2319372Z ok 48 - registered current-session roots precede reads mutation replay abandon or cleanup
2026-10-05T17:58:01.2320048Z   ---
2026-10-05T17:58:01.2320582Z   duration_ms: 1483.476226
2026-10-05T17:58:01.2320954Z   type: 'test'
2026-10-05T17:58:01.2321253Z   ...
2026-10-05T17:58:01.2322070Z # Subtest: independent qualification trusted unknown disclosure owner isolation review withdraw replay
2026-10-05T17:58:01.2323305Z ok 49 - independent qualification trusted unknown disclosure owner isolation review withdraw replay
2026-10-05T17:58:01.2324042Z   ---
2026-10-05T17:58:01.2324343Z   duration_ms: 2193.999526
2026-10-05T17:58:01.2324862Z   type: 'test'
2026-10-05T17:58:01.2325177Z   ...
2026-10-05T17:58:01.2325845Z # Subtest: legacy notes stay private and original receipts are current safe metadata
2026-10-05T17:58:01.2326829Z ok 50 - legacy notes stay private and original receipts are current safe metadata
2026-10-05T17:58:01.2327446Z   ---
2026-10-05T17:58:01.2327756Z   duration_ms: 1360.36509
2026-10-05T17:58:01.2328119Z   type: 'test'
2026-10-05T17:58:01.2328434Z   ...
2026-10-05T17:58:01.2329132Z # Subtest: original exact bytes absent/abandon/commit closure and concurrent same-op race
2026-10-05T17:58:01.2330432Z ok 51 - original exact bytes absent/abandon/commit closure and concurrent same-op race
2026-10-05T17:58:01.2331104Z   ---
2026-10-05T17:58:01.2331414Z   duration_ms: 1143.714416
2026-10-05T17:58:01.2331772Z   type: 'test'
2026-10-05T17:58:01.2332085Z   ...
2026-10-05T17:58:01.2332805Z # Subtest: reject pending withdrawal stale versions strict syntax UTF16 and place reject
2026-10-05T17:58:01.2333918Z not ok 52 - reject pending withdrawal stale versions strict syntax UTF16 and place reject
2026-10-05T17:58:01.2334591Z   ---
2026-10-05T17:58:01.2334889Z   duration_ms: 1826.784486
2026-10-05T17:58:01.2335239Z   type: 'test'
2026-10-05T17:58:01.2336099Z   location: '/home/runner/work/VP-V4/VP-V4/tests/integration/community/submission-j1-postgres.test.mjs:12:22'
2026-10-05T17:58:01.2336968Z   failureType: 'testCodeFailure'
2026-10-05T17:58:01.2337586Z   error: 'actual canonical TS decoder rejects SQL response operation'
2026-10-05T17:58:01.2338155Z   code: 'ERR_ASSERTION'
2026-10-05T17:58:01.2338511Z   name: 'AssertionError'
2026-10-05T17:58:01.2338859Z   expected: true
2026-10-05T17:58:01.2339186Z   actual: ~
2026-10-05T17:58:01.2339523Z   operator: '=='
2026-10-05T17:58:01.2339926Z   stack: |-
2026-10-05T17:58:01.2341042Z     call (file:///home/runner/work/VP-V4/VP-V4/tests/integration/community/submission-j1-postgres.test.mjs:18:150)
2026-10-05T17:58:01.2342382Z     process.processTicksAndRejections (node:internal/process/task_queues:103:5)
2026-10-05T17:58:01.2343637Z     async TestContext.<anonymous> (file:///home/runner/work/VP-V4/VP-V4/tests/integration/community/submission-j1-postgres.test.mjs:104:69)
2026-10-05T17:58:01.2345005Z     async Test.run (node:internal/test_runner/test:1054:7)
2026-10-05T17:58:01.2346046Z     async Test.processPendingSubtests (node:internal/test_runner/test:744:7)
2026-10-05T17:58:01.2346727Z   ...
2026-10-05T17:58:01.2347559Z # Subtest: owner delete atomic rollback module-off revoked cleanup foreign attribution no revival
2026-10-05T17:58:01.2348876Z ok 53 - owner delete atomic rollback module-off revoked cleanup foreign attribution no revival
2026-10-05T17:58:01.2349637Z   ---
2026-10-05T17:58:01.2349967Z   duration_ms: 2719.703862
2026-10-05T17:58:01.2350569Z   type: 'test'
2026-10-05T17:58:01.2350903Z   ...
2026-10-05T17:58:01.2351879Z # Subtest: keyset sentinel prevents hidden pagination and export overflow fails closed
2026-10-05T17:58:01.2352988Z ok 54 - keyset sentinel prevents hidden pagination and export overflow fails closed
2026-10-05T17:58:01.2353657Z   ---
2026-10-05T17:58:01.2353966Z   duration_ms: 1044.054395
2026-10-05T17:58:01.2354343Z   type: 'test'
2026-10-05T17:58:01.2354661Z   ...
2026-10-05T17:58:01.2355619Z # Subtest: actual saved canonical association freezes Trip head and exact original provider mapping without writes
2026-10-05T17:58:01.2357123Z ok 55 - actual saved canonical association freezes Trip head and exact original provider mapping without writes
2026-10-05T17:58:01.2357980Z   ---
2026-10-05T17:58:01.2358289Z   duration_ms: 2028.515714
2026-10-05T17:58:01.2358662Z   type: 'test'
2026-10-05T17:58:01.2358996Z   ...
2026-10-05T17:58:01.2359994Z # Subtest: independent opposing reviews and reviewer/owner-cleanup contention preserve one transition without deadlock
2026-10-05T17:58:01.2361872Z ok 56 - independent opposing reviews and reviewer/owner-cleanup contention preserve one transition without deadlock
2026-10-05T17:58:01.2483596Z   ---
2026-10-05T17:58:01.2484029Z   duration_ms: 1336.673598
2026-10-05T17:58:01.2484484Z   type: 'test'
2026-10-05T17:58:01.2484830Z   ...
2026-10-05T17:58:01.2485968Z # Subtest: direct RPC JSON null review decision leaves pending row and no receipt, then valid same-op recovery succeeds
2026-10-05T17:58:01.2487620Z ok 57 - direct RPC JSON null review decision leaves pending row and no receipt, then valid same-op recovery succeeds
2026-10-05T17:58:01.2488538Z   ---
2026-10-05T17:58:01.2488889Z   duration_ms: 1340.130898
2026-10-05T17:58:01.2489304Z   type: 'test'
2026-10-05T17:58:01.2489637Z   ...
2026-10-05T17:58:01.2490594Z # Subtest: two separate SQL clients reserve and dispatch one duplicate attempt only once
2026-10-05T17:58:01.2491792Z ok 58 - two separate SQL clients reserve and dispatch one duplicate attempt only once
2026-10-05T17:58:01.2492506Z   ---
2026-10-05T17:58:01.2492857Z   duration_ms: 4020.742094
2026-10-05T17:58:01.2493256Z   type: 'test'
2026-10-05T17:58:01.2493586Z   ...
2026-10-05T17:58:01.2494268Z # Subtest: scope, provider, task, attempt and concurrency caps are atomic
2026-10-05T17:58:01.2495267Z ok 59 - scope, provider, task, attempt and concurrency caps are atomic
2026-10-05T17:58:01.2495883Z   ---
2026-10-05T17:58:01.2496211Z   duration_ms: 1645.000463
2026-10-05T17:58:01.2496625Z   type: 'test'
2026-10-05T17:58:01.2496951Z   ...
2026-10-05T17:58:01.2497784Z # Subtest: task cap is shared across provider attempts and provider caps cannot be transferred
2026-10-05T17:58:01.2499060Z ok 60 - task cap is shared across provider attempts and provider caps cannot be transferred
2026-10-05T17:58:01.2499810Z   ---
2026-10-05T17:58:01.2500307Z   duration_ms: 662.092622
2026-10-05T17:58:01.2500720Z   type: 'test'
2026-10-05T17:58:01.2501047Z   ...
2026-10-05T17:58:01.2501837Z # Subtest: owner/model/price mismatch and ordinary database roles cannot use the ledger
2026-10-05T17:58:01.2503041Z ok 61 - owner/model/price mismatch and ordinary database roles cannot use the ledger
2026-10-05T17:58:01.2503762Z   ---
2026-10-05T17:58:01.2504092Z   duration_ms: 1361.313991
2026-10-05T17:58:01.2504788Z   type: 'test'
2026-10-05T17:58:01.2505139Z   ...
2026-10-05T17:58:01.2505871Z # Subtest: kill and expiry are consumed after reserve and before provider callback
2026-10-05T17:58:01.2506961Z ok 62 - kill and expiry are consumed after reserve and before provider callback
2026-10-05T17:58:01.2507635Z   ---
2026-10-05T17:58:01.2507960Z   duration_ms: 1991.708643
2026-10-05T17:58:01.2508362Z   type: 'test'
2026-10-05T17:58:01.2508700Z   ...
2026-10-05T17:58:01.2509612Z # Subtest: settlement is idempotent; conflicting costs cannot overwrite and overrun freezes admission
2026-10-05T17:58:01.2522820Z ok 63 - settlement is idempotent; conflicting costs cannot overwrite and overrun freezes admission
2026-10-05T17:58:01.2523608Z   ---
2026-10-05T17:58:01.2524011Z   duration_ms: 1138.041086
2026-10-05T17:58:01.2524667Z   type: 'test'
2026-10-05T17:58:01.2525000Z   ...
2026-10-05T17:58:01.2525740Z # Subtest: consumer settles actual usage and returns duplicate without invoking again
2026-10-05T17:58:01.2526861Z ok 64 - consumer settles actual usage and returns duplicate without invoking again
2026-10-05T17:58:01.2527559Z   ---
2026-10-05T17:58:01.2527863Z   duration_ms: 750.134987
2026-10-05T17:58:01.2528253Z   type: 'test'
2026-10-05T17:58:01.2528601Z   ...
2026-10-05T17:58:01.2529417Z # Subtest: unknown usage, timeout and cancellation retain reservations; late results do not settle
2026-10-05T17:58:01.2530998Z ok 65 - unknown usage, timeout and cancellation retain reservations; late results do not settle
2026-10-05T17:58:01.2531790Z   ---
2026-10-05T17:58:01.2532110Z   duration_ms: 1844.412851
2026-10-05T17:58:01.2532510Z   type: 'test'
2026-10-05T17:58:01.2532845Z   ...
2026-10-05T17:58:01.2533571Z # Subtest: killed worker retains dispatched cost across a fresh worker process
2026-10-05T17:58:01.2534620Z ok 66 - killed worker retains dispatched cost across a fresh worker process
2026-10-05T17:58:01.2535270Z   ---
2026-10-05T17:58:01.2535630Z   duration_ms: 1288.376227
2026-10-05T17:58:01.2536000Z   type: 'test'
2026-10-05T17:58:01.2536292Z   ...
2026-10-05T17:58:01.2537209Z # Subtest: fsynced usage survives SIGKILL and reconciles exactly once after a lost settlement acknowledgement
2026-10-05T17:58:01.2538632Z ok 67 - fsynced usage survives SIGKILL and reconciles exactly once after a lost settlement acknowledgement
2026-10-05T17:58:01.2539498Z   ---
2026-10-05T17:58:01.2539845Z   duration_ms: 1758.816947
2026-10-05T17:58:01.2540504Z   type: 'test'
2026-10-05T17:58:01.2540849Z   ...
2026-10-05T17:58:01.2541664Z # Subtest: atomic stop releases only unsent work and retains unknown charge across repeat stop
2026-10-05T17:58:01.2542892Z ok 68 - atomic stop releases only unsent work and retains unknown charge across repeat stop
2026-10-05T17:58:01.2543650Z   ---
2026-10-05T17:58:01.2543998Z   duration_ms: 2681.577408
2026-10-05T17:58:01.2544424Z   type: 'test'
2026-10-05T17:58:01.2546074Z   ...
2026-10-05T17:58:01.2547439Z # Subtest: stop races dispatch and new reservation without releasing dispatched work
2026-10-05T17:58:01.2549010Z ok 69 - stop races dispatch and new reservation without releasing dispatched work
2026-10-05T17:58:01.2549733Z   ---
2026-10-05T17:58:01.2550088Z   duration_ms: 5167.235116
2026-10-05T17:58:01.2554146Z   type: 'test'
2026-10-05T17:58:01.2554489Z   ...
2026-10-05T17:58:01.2555314Z # Subtest: stop cannot target another owner or run under ordinary roles; in-flight usage still settles
2026-10-05T17:58:01.2582737Z ok 70 - stop cannot target another owner or run under ordinary roles; in-flight usage still settles
2026-10-05T17:58:01.2611479Z   ---
2026-10-05T17:58:01.2611879Z   duration_ms: 1239.5089
2026-10-05T17:58:01.2613328Z   type: 'test'
2026-10-05T17:58:01.2614231Z   ...
2026-10-05T17:58:01.2701545Z # Subtest: lost stop acknowledgment retries safely without clearing unknown holds
2026-10-05T17:58:01.2702715Z ok 71 - lost stop acknowledgment retries safely without clearing unknown holds
2026-10-05T17:58:01.2703376Z   ---
2026-10-05T17:58:01.2703697Z   duration_ms: 634.633497
2026-10-05T17:58:01.2704444Z   type: 'test'
2026-10-05T17:58:01.2704793Z   ...
2026-10-05T17:58:01.2705527Z # Subtest: full migration replay, rollback and default ACL deny every new authority
2026-10-05T17:58:01.2706550Z ok 72 - full migration replay, rollback and default ACL deny every new authority
2026-10-05T17:58:01.2707171Z   ---
2026-10-05T17:58:01.2707489Z   duration_ms: 20425.983194
2026-10-05T17:58:01.2707882Z   type: 'test'
2026-10-05T17:58:01.2708184Z   ...
2026-10-05T17:58:01.2708971Z # Subtest: context digest stable without clocks, no provider body, exact selection and status
2026-10-05T17:58:01.2710279Z ok 73 - context digest stable without clocks, no provider body, exact selection and status
2026-10-05T17:58:01.2711022Z   ---
2026-10-05T17:58:01.2711372Z   duration_ms: 1357.994709
2026-10-05T17:58:01.2712042Z   type: 'test'
2026-10-05T17:58:01.2712381Z   ...
2026-10-05T17:58:01.2713290Z # Subtest: CAS saves canonical oldest reference, unsave retains all references after mapping withdrawal
2026-10-05T17:58:01.2716349Z ok 74 - CAS saves canonical oldest reference, unsave retains all references after mapping withdrawal
2026-10-05T17:58:01.2738931Z   ---
2026-10-05T17:58:01.2739334Z   duration_ms: 1353.661868
2026-10-05T17:58:01.2739772Z   type: 'test'
2026-10-05T17:58:01.2740129Z   ...
2026-10-05T17:58:01.2741463Z # Subtest: lost ACK, exact full request replay survives head/archive/map drift; mismatch never reexecutes
2026-10-05T17:58:01.2742929Z ok 75 - lost ACK, exact full request replay survives head/archive/map drift; mismatch never reexecutes
2026-10-05T17:58:01.2743791Z   ---
2026-10-05T17:58:01.2744332Z   duration_ms: 1572.888979
2026-10-05T17:58:01.2744751Z   type: 'test'
2026-10-05T17:58:01.2746080Z   ...
2026-10-05T17:58:01.2746762Z # Subtest: ordinary session, native epoch and actual owner prevent forged/crossowner mutation
2026-10-05T17:58:01.2747998Z ok 76 - ordinary session, native epoch and actual owner prevent forged/crossowner mutation
2026-10-05T17:58:01.2748844Z   ---
2026-10-05T17:58:01.2749189Z   duration_ms: 1428.255413
2026-10-05T17:58:01.2749598Z   type: 'test'
2026-10-05T17:58:01.2749931Z   ...
2026-10-05T17:58:01.2750967Z # Subtest: strict closed input mirrors int32, UUID, Unicode, calendar, offset and 24h wire
2026-10-05T17:58:01.2752160Z ok 77 - strict closed input mirrors int32, UUID, Unicode, calendar, offset and 24h wire
2026-10-05T17:58:01.2752839Z   ---
2026-10-05T17:58:01.2753197Z   duration_ms: 1777.337211
2026-10-05T17:58:01.2753611Z   type: 'test'
2026-10-05T17:58:01.2753923Z   ...
2026-10-05T17:58:01.2754724Z # Subtest: actual original proposal creation is atomic with receipt, does not save or write Trip
2026-10-05T17:58:01.2755894Z ok 78 - actual original proposal creation is atomic with receipt, does not save or write Trip
2026-10-05T17:58:01.2756623Z   ---
2026-10-05T17:58:01.2756962Z   duration_ms: 1664.850608
2026-10-05T17:58:01.2757359Z   type: 'test'
2026-10-05T17:58:01.2757698Z   ...
2026-10-05T17:58:01.2758334Z # Subtest: actual same-key and CAS concurrency create only one effect
2026-10-05T17:58:01.2759247Z ok 79 - actual same-key and CAS concurrency create only one effect
2026-10-05T17:58:01.2759845Z   ---
2026-10-05T17:58:01.2760364Z   duration_ms: 731.893436
2026-10-05T17:58:01.2760760Z   type: 'test'
2026-10-05T17:58:01.2761098Z   ...
2026-10-05T17:58:01.2761870Z # Subtest: Trip and account delete cascades remove both private metadata domains
2026-10-05T17:58:01.2762923Z ok 80 - Trip and account delete cascades remove both private metadata domains
2026-10-05T17:58:01.2763576Z   ---
2026-10-05T17:58:01.2763915Z   duration_ms: 1487.559578
2026-10-05T17:58:01.2764316Z   type: 'test'
2026-10-05T17:58:01.2764648Z   ...
2026-10-05T17:58:01.2765629Z # Subtest: real reviewed publication/entity mapping produces qualified locale claim and source withdrawal removes it
2026-10-05T17:58:01.2767226Z ok 81 - real reviewed publication/entity mapping produces qualified locale claim and source withdrawal removes it
2026-10-05T17:58:01.2768075Z   ---
2026-10-05T17:58:01.2768653Z   duration_ms: 2352.203826
2026-10-05T17:58:01.2769082Z   type: 'test'
2026-10-05T17:58:01.2769422Z   ...
2026-10-05T17:58:01.2770499Z # Subtest: current fact expiry bounds context and live reviewer loss invalidates source eligibility
2026-10-05T17:58:01.2771918Z ok 82 - current fact expiry bounds context and live reviewer loss invalidates source eligibility
2026-10-05T17:58:01.2772744Z   ---
2026-10-05T17:58:01.2773132Z   duration_ms: 1996.429922
2026-10-05T17:58:01.2773579Z   type: 'test'
2026-10-05T17:58:01.2773969Z   ...
2026-10-05T17:58:01.2774973Z # Subtest: exact existing export job lease, generation, cursor source revision; unenrolled core scope stays partial
2026-10-05T17:58:01.2776457Z ok 83 - exact existing export job lease, generation, cursor source revision; unenrolled core scope stays partial
2026-10-05T17:58:01.2777533Z   ---
2026-10-05T17:58:01.2777867Z   duration_ms: 1919.349216
2026-10-05T17:58:01.2778280Z   type: 'test'
2026-10-05T17:58:01.2778604Z   ...
2026-10-05T17:58:01.2780337Z # Subtest: existing timed Trip items normalize into the strict shared snapshot wire without source edits
2026-10-05T17:58:01.2782417Z ok 84 - existing timed Trip items normalize into the strict shared snapshot wire without source edits
2026-10-05T17:58:01.2784299Z   ---
2026-10-05T17:58:01.2784684Z   duration_ms: 645.292266
2026-10-05T17:58:01.2785568Z   type: 'test'
2026-10-05T17:58:01.2785929Z   ...
2026-10-05T17:58:01.2787227Z # Subtest: abandon fences late execute, reads exact cancelled history; successful operation is never undone
2026-10-05T17:58:01.2789635Z ok 85 - abandon fences late execute, reads exact cancelled history; successful operation is never undone
2026-10-05T17:58:01.2790872Z   ---
2026-10-05T17:58:01.2791226Z   duration_ms: 2199.359945
2026-10-05T17:58:01.2791906Z   type: 'test'
2026-10-05T17:58:01.2792295Z   ...
2026-10-05T17:58:01.2793307Z # Subtest: actual execute vs abandon race has one durable terminal and at most one effect
2026-10-05T17:58:01.2794682Z ok 86 - actual execute vs abandon race has one durable terminal and at most one effect
2026-10-05T17:58:01.2795665Z   ---
2026-10-05T17:58:01.2796056Z   duration_ms: 2213.149693
2026-10-05T17:58:01.2796775Z   type: 'test'
2026-10-05T17:58:01.2797115Z   ...
2026-10-05T17:58:01.2798321Z # Subtest: saved reload returns original persisted identity after withdrawal and supports exact unsave
2026-10-05T17:58:01.2800293Z ok 87 - saved reload returns original persisted identity after withdrawal and supports exact unsave
2026-10-05T17:58:01.2801508Z   ---
2026-10-05T17:58:01.2801980Z   duration_ms: 2452.26887
2026-10-05T17:58:01.2802662Z   type: 'test'
2026-10-05T17:58:01.2803004Z   ...
2026-10-05T17:58:01.2804327Z # Subtest: saved pages expose completeness, exact cursor and current mapping drift; resave stores latest original identity
2026-10-05T17:58:01.2806495Z ok 88 - saved pages expose completeness, exact cursor and current mapping drift; resave stores latest original identity
2026-10-05T17:58:01.2807732Z   ---
2026-10-05T17:58:01.2808107Z   duration_ms: 1861.596768
2026-10-05T17:58:01.2808846Z   type: 'test'
2026-10-05T17:58:01.2809225Z   ...
2026-10-05T17:58:01.2810525Z # Subtest: saved metadata export contains original selection and cursor remains bound to new selection writes
2026-10-05T17:58:01.2812993Z ok 89 - saved metadata export contains original selection and cursor remains bound to new selection writes
2026-10-05T17:58:01.2816206Z   ---
2026-10-05T17:58:01.2816573Z   duration_ms: 833.752026
2026-10-05T17:58:01.2816986Z   type: 'test'
2026-10-05T17:58:01.2817342Z   ...
2026-10-05T17:58:01.2818392Z # Subtest: actual TS service consumes real authenticated PG place action producers across the full operation lifecycle
2026-10-05T17:58:01.2820080Z ok 90 - actual TS service consumes real authenticated PG place action producers across the full operation lifecycle
2026-10-05T17:58:01.2821324Z   ---
2026-10-05T17:58:01.2821679Z   duration_ms: 8861.647837
2026-10-05T17:58:01.2822096Z   type: 'test'
2026-10-05T17:58:01.2822397Z   ...
2026-10-05T17:58:04.4811794Z # Subtest: full append replay, original ACL and default deny, no content/role/grant seeds
2026-10-05T17:58:04.4859661Z ok 91 - full append replay, original ACL and default deny, no content/role/grant seeds
2026-10-05T17:58:04.4891759Z   ---
2026-10-05T17:58:04.4892537Z   duration_ms: 20153.674301
2026-10-05T17:58:04.4893472Z   type: 'test'
2026-10-05T17:58:04.4894051Z   ...
2026-10-05T17:58:04.4895361Z # Subtest: current exact canonical published fact, independent per-use rights, whole qualifiers, replay zero units
2026-10-05T17:58:04.4897315Z ok 92 - current exact canonical published fact, independent per-use rights, whole qualifiers, replay zero units
2026-10-05T17:58:04.4898441Z   ---
2026-10-05T17:58:04.4899021Z   duration_ms: 3965.850639
2026-10-05T17:58:04.4899657Z   type: 'test'
2026-10-05T17:58:04.4901024Z   ...
2026-10-05T17:58:04.4902197Z # Subtest: source withdrawal and use/member/canonical correction synchronously remove stale retained metadata
2026-10-05T17:58:04.4904089Z ok 93 - source withdrawal and use/member/canonical correction synchronously remove stale retained metadata
2026-10-05T17:58:04.4905176Z   ---
2026-10-05T17:58:04.4905680Z   duration_ms: 12287.966006
2026-10-05T17:58:04.4906236Z   type: 'test'
2026-10-05T17:58:04.4906720Z   ...
2026-10-05T17:58:04.4907588Z # Subtest: no inherited TTS/cache/prompt permission and closed head0 input
2026-10-05T17:58:04.4908864Z ok 94 - no inherited TTS/cache/prompt permission and closed head0 input
2026-10-05T17:58:04.4909707Z   ---
2026-10-05T17:58:04.4910548Z   duration_ms: 3096.117984
2026-10-05T17:58:04.4911163Z   type: 'test'
2026-10-05T17:58:04.4911636Z   ...
2026-10-05T17:58:04.4912769Z # Subtest: Guide marked original submission, current input/dispatch/completion/history and no standalone bypass
2026-10-05T17:58:04.4914529Z ok 95 - Guide marked original submission, current input/dispatch/completion/history and no standalone bypass
2026-10-05T17:58:04.4915593Z   ---
2026-10-05T17:58:04.4916141Z   duration_ms: 5278.368382
2026-10-05T17:58:04.4916691Z   type: 'test'
2026-10-05T17:58:04.4917180Z   ...
2026-10-05T17:58:04.4918376Z # Subtest: revocation between input and dispatch, after dispatch before completion and Trip/session deletion stay marked
2026-10-05T17:58:04.4920493Z ok 96 - revocation between input and dispatch, after dispatch before completion and Trip/session deletion stay marked
2026-10-05T17:58:04.4921630Z   ---
2026-10-05T17:58:04.4922116Z   duration_ms: 16446.951734
2026-10-05T17:58:04.4922723Z   type: 'test'
2026-10-05T17:58:04.4923221Z   ...
2026-10-05T17:58:04.4924334Z # Subtest: ordinary original admission/queue/lock bodies and all original ACL unchanged; only exact marked seams
2026-10-05T17:58:04.4926008Z ok 97 - ordinary original admission/queue/lock bodies and all original ACL unchanged; only exact marked seams
2026-10-05T17:58:04.4927025Z   ---
2026-10-05T17:58:04.4927476Z   duration_ms: 115.831361
2026-10-05T17:58:04.4928010Z   type: 'test'
2026-10-05T17:58:04.4928582Z   ...
2026-10-05T17:58:04.4980346Z # Subtest: actual ordinary role rejects foreign objects and pre-existing foreign/bound/inactive threads; original submit owns creation
2026-10-05T17:58:04.4982796Z ok 98 - actual ordinary role rejects foreign objects and pre-existing foreign/bound/inactive threads; original submit owns creation
2026-10-05T17:58:04.4984615Z   ---
2026-10-05T17:58:04.4985618Z   duration_ms: 4513.850298
2026-10-05T17:58:04.4986490Z   type: 'test'
2026-10-05T17:58:04.4987336Z   ...
2026-10-05T17:58:04.4996995Z # Subtest: whole qualifiers and exact UTF16/120sec limits never truncate or infer translation
2026-10-05T17:58:04.4998755Z ok 99 - whole qualifiers and exact UTF16/120sec limits never truncate or infer translation
2026-10-05T17:58:04.4999517Z   ---
2026-10-05T17:58:04.4999856Z   duration_ms: 4941.869113
2026-10-05T17:58:04.5000421Z   type: 'test'
2026-10-05T17:58:04.5000765Z   ...
2026-10-05T17:58:04.5001712Z # Subtest: expired original rights lease rejects work but owner forget/export retain safe metadata coverage
2026-10-05T17:58:04.5003501Z ok 100 - expired original rights lease rejects work but owner forget/export retain safe metadata coverage
2026-10-05T17:58:04.5004378Z   ---
2026-10-05T17:58:04.5004733Z   duration_ms: 5734.929248
2026-10-05T17:58:04.5005145Z   type: 'test'
2026-10-05T17:58:04.5005481Z   ...
2026-10-05T17:58:08.4238573Z # Subtest: cache false permits explicit prompt-only position on first new goal; original sameop change fails and terminal clears
2026-10-05T17:58:08.4241149Z ok 101 - cache false permits explicit prompt-only position on first new goal; original sameop change fails and terminal clears
2026-10-05T17:58:08.4242542Z   ---
2026-10-05T17:58:08.4243153Z   duration_ms: 3943.151454
2026-10-05T17:58:08.4243843Z   type: 'test'
2026-10-05T17:58:08.4244449Z   ...
2026-10-05T17:58:12.8288809Z # Subtest: foreign reads of expired or invalidated Guide bindings have zero metadata writes
2026-10-05T17:58:12.8324570Z ok 102 - foreign reads of expired or invalidated Guide bindings have zero metadata writes
2026-10-05T17:58:12.8327184Z   ---
2026-10-05T17:58:12.8327821Z   duration_ms: 4402.232415
2026-10-05T17:58:12.8370061Z   type: 'test'
2026-10-05T17:58:12.8371105Z   ...
2026-10-05T17:58:17.7947444Z # Subtest: invalid worker token on expired or invalidated Guide bindings has zero metadata writes
2026-10-05T17:58:17.7958225Z ok 103 - invalid worker token on expired or invalidated Guide bindings has zero metadata writes
2026-10-05T17:58:17.7962149Z   ---
2026-10-05T17:58:17.7963165Z   duration_ms: 4967.448737
2026-10-05T17:58:17.7963763Z   type: 'test'
2026-10-05T17:58:17.7964494Z   ...
2026-10-05T17:58:18.1602959Z # Subtest: research intake: real PostgreSQL/PostgREST lifecycle and adversarial cases
2026-10-05T17:58:18.1604155Z     # Subtest: direct public RPC validates consent, schema, email, honeypot and locale
2026-10-05T17:58:18.1605210Z     ok 1 - direct public RPC validates consent, schema, email, honeypot and locale
2026-10-05T17:58:18.1605926Z       ---
2026-10-05T17:58:18.1606423Z       duration_ms: 194.76484
2026-10-05T17:58:18.1607222Z       type: 'test'
2026-10-05T17:58:18.1607824Z       ...
2026-10-05T17:58:18.1609196Z     # Subtest: real HTTP handler → REST → PostgreSQL returns persisted receipt; retries are idempotent
2026-10-05T17:58:18.1610966Z     ok 2 - real HTTP handler → REST → PostgreSQL returns persisted receipt; retries are idempotent
2026-10-05T17:58:18.1612040Z       ---
2026-10-05T17:58:18.1612551Z       duration_ms: 526.83983
2026-10-05T17:58:18.1613119Z       type: 'test'
2026-10-05T17:58:18.1613620Z       ...
2026-10-05T17:58:18.1614437Z     # Subtest: direct table and staff RPC access denied for anon and signed-in users
2026-10-05T17:58:18.1615519Z     ok 3 - direct table and staff RPC access denied for anon and signed-in users
2026-10-05T17:58:18.1616335Z       ---
2026-10-05T17:58:18.1616826Z       duration_ms: 401.17441
2026-10-05T17:58:18.1617428Z       type: 'test'
2026-10-05T17:58:18.1617936Z       ...
2026-10-05T17:58:18.1618834Z     # Subtest: independent consent and ordered, idempotent staff events; no invented first value
2026-10-05T17:58:18.1620274Z     ok 4 - independent consent and ordered, idempotent staff events; no invented first value
2026-10-05T17:58:18.1621209Z       ---
2026-10-05T17:58:18.1621765Z       duration_ms: 1129.710677
2026-10-05T17:58:18.1622344Z       type: 'test'
2026-10-05T17:58:18.1622828Z       ...
2026-10-05T17:58:18.1623827Z     # Subtest: withdraw-before-submit fences a delayed submission and duplicate receipt cannot withdraw original
2026-10-05T17:58:18.1625335Z     ok 5 - withdraw-before-submit fences a delayed submission and duplicate receipt cannot withdraw original
2026-10-05T17:58:18.1626361Z       ---
2026-10-05T17:58:18.1626837Z       duration_ms: 127.104461
2026-10-05T17:58:18.1627562Z       type: 'test'
2026-10-05T17:58:18.1628058Z       ...
2026-10-05T17:58:18.1628802Z     # Subtest: process restart retains records, receipts and revocations
2026-10-05T17:58:18.1629793Z     ok 6 - process restart retains records, receipts and revocations
2026-10-05T17:58:18.1631231Z       ---
2026-10-05T17:58:18.1631887Z       duration_ms: 1704.668788
2026-10-05T17:58:18.1633561Z       type: 'test'
2026-10-05T17:58:18.1633953Z       ...
2026-10-05T17:58:18.1634685Z     # Subtest: rate limit is durable, races cannot exceed capacity, withdrawal remains usable
2026-10-05T17:58:18.1635829Z     ok 7 - rate limit is durable, races cannot exceed capacity, withdrawal remains usable
2026-10-05T17:58:18.1636563Z       ---
2026-10-05T17:58:18.1636892Z       duration_ms: 888.617474
2026-10-05T17:58:18.1637294Z       type: 'test'
2026-10-05T17:58:18.1637636Z       ...
2026-10-05T17:58:18.1637941Z     1..7
2026-10-05T17:58:18.1638686Z ok 104 - research intake: real PostgreSQL/PostgREST lifecycle and adversarial cases
2026-10-05T17:58:18.1639451Z   ---
2026-10-05T17:58:18.1639786Z   duration_ms: 9482.927871
2026-10-05T17:58:18.1640823Z   type: 'test'
2026-10-05T17:58:18.1641161Z   ...
2026-10-05T17:58:23.7750387Z # Subtest: grounded Turn: durable scope, private results and historical eligibility
2026-10-05T17:58:23.7894196Z     # Subtest: scope participates in exact retry and unsupported legacy admission is denied
2026-10-05T17:58:23.7914279Z     ok 1 - scope participates in exact retry and unsupported legacy admission is denied
2026-10-05T17:58:23.7915999Z       ---
2026-10-05T17:58:23.7916806Z       duration_ms: 931.204134
2026-10-05T17:58:23.7917435Z       type: 'test'
2026-10-05T17:58:23.7918263Z       ...
2026-10-05T17:58:23.7920106Z     # Subtest: leased current input and intent completion persist references, never factual generic output
2026-10-05T17:58:23.7922393Z     ok 2 - leased current input and intent completion persist references, never factual generic output
2026-10-05T17:58:23.7939993Z       ---
2026-10-05T17:58:23.7943073Z       duration_ms: 2523.601852
2026-10-05T17:58:23.7946331Z       type: 'test'
2026-10-05T17:58:23.7946932Z       ...
2026-10-05T17:58:23.7947857Z     # Subtest: specific gaps are current-input excerpts, private, atomic and immutable
2026-10-05T17:58:23.7949146Z     ok 3 - specific gaps are current-input excerpts, private, atomic and immutable
2026-10-05T17:58:23.7950080Z       ---
2026-10-05T17:58:23.7950869Z       duration_ms: 3130.559772
2026-10-05T17:58:23.7951656Z       type: 'test'
2026-10-05T17:58:23.7952191Z       ...
2026-10-05T17:58:23.7953293Z     # Subtest: events replay is stable, owner and selected-policy scoped with atomic current card
2026-10-05T17:58:23.7954849Z     ok 4 - events replay is stable, owner and selected-policy scoped with atomic current card
2026-10-05T17:58:23.7955855Z       ---
2026-10-05T17:58:23.7956441Z       duration_ms: 1217.925118
2026-10-05T17:58:23.7957093Z       type: 'test'
2026-10-05T17:58:23.7957608Z       ...
2026-10-05T17:58:23.7958611Z     # Subtest: session replacement cancels expired work and reads end without changing durable history
2026-10-05T17:58:23.7960110Z     ok 5 - session replacement cancels expired work and reads end without changing durable history
2026-10-05T17:58:23.7961358Z       ---
2026-10-05T17:58:23.7961900Z       duration_ms: 3131.448637
2026-10-05T17:58:23.7962489Z       type: 'test'
2026-10-05T17:58:23.7962993Z       ...
2026-10-05T17:58:23.7963875Z     # Subtest: only unfinished same-owner failed or cancelled work projects a terminal status
2026-10-05T17:58:23.7965152Z     ok 6 - only unfinished same-owner failed or cancelled work projects a terminal status
2026-10-05T17:58:23.7966006Z       ---
2026-10-05T17:58:23.7966555Z       duration_ms: 2260.899702
2026-10-05T17:58:23.7967215Z       type: 'test'
2026-10-05T17:58:23.7968041Z       ...
2026-10-05T17:58:23.7968967Z     # Subtest: history rechecks original evidence and cannot silently replace withdrawn support
2026-10-05T17:58:23.7970535Z     ok 7 - history rechecks original evidence and cannot silently replace withdrawn support
2026-10-05T17:58:23.7971650Z       ---
2026-10-05T17:58:23.7972190Z       duration_ms: 1557.763641
2026-10-05T17:58:23.7972824Z       type: 'test'
2026-10-05T17:58:23.7973347Z       ...
2026-10-05T17:58:23.7974636Z     # Subtest: new conflicting publication suppresses saved factual text without rewriting original outcome
2026-10-05T17:58:23.7976202Z     ok 8 - new conflicting publication suppresses saved factual text without rewriting original outcome
2026-10-05T17:58:23.7977389Z       ---
2026-10-05T17:58:23.7977950Z       duration_ms: 1598.677251
2026-10-05T17:58:23.7978507Z       type: 'test'
2026-10-05T17:58:23.7978985Z       ...
2026-10-05T17:58:23.7979959Z     # Subtest: additional needs stay partial; missing or disabled knowledge is not a complete answer
2026-10-05T17:58:23.7981649Z     ok 9 - additional needs stay partial; missing or disabled knowledge is not a complete answer
2026-10-05T17:58:23.7999493Z       ---
2026-10-05T17:58:23.8001013Z       duration_ms: 2199.514152
2026-10-05T17:58:23.8001881Z       type: 'test'
2026-10-05T17:58:23.8002988Z       ...
2026-10-05T17:58:23.8004052Z     # Subtest: clarification continuation retains task and scope without sending earlier turns
2026-10-05T17:58:23.8005514Z     ok 10 - clarification continuation retains task and scope without sending earlier turns
2026-10-05T17:58:23.8006460Z       ---
2026-10-05T17:58:23.8006932Z       duration_ms: 1683.616671
2026-10-05T17:58:23.8007488Z       type: 'test'
2026-10-05T17:58:23.8007989Z       ...
2026-10-05T17:58:23.8008966Z     # Subtest: payment task requires dispatch, freezes missing claims and rechecks withdrawn original facts
2026-10-05T17:58:23.8010748Z     ok 11 - payment task requires dispatch, freezes missing claims and rechecks withdrawn original facts
2026-10-05T17:58:23.8011903Z       ---
2026-10-05T17:58:23.8012554Z       duration_ms: 2689.080089
2026-10-05T17:58:23.8013293Z       type: 'test'
2026-10-05T17:58:23.8013892Z       ...
2026-10-05T17:58:23.8014871Z     # Subtest: SIM task uses the same dispatch boundary and keeps original missing and revoked claims
2026-10-05T17:58:23.8016324Z     ok 12 - SIM task uses the same dispatch boundary and keeps original missing and revoked claims
2026-10-05T17:58:23.8017313Z       ---
2026-10-05T17:58:23.8017908Z       duration_ms: 3166.363555
2026-10-05T17:58:23.8018554Z       type: 'test'
2026-10-05T17:58:23.8019113Z       ...
2026-10-05T17:58:23.8020512Z     # Subtest: natural publication expiry removes support and conflicts without expanding historical gaps
2026-10-05T17:58:23.8022216Z     ok 13 - natural publication expiry removes support and conflicts without expanding historical gaps
2026-10-05T17:58:23.8023349Z       ---
2026-10-05T17:58:23.8023926Z       duration_ms: 26425.931311
2026-10-05T17:58:23.8024553Z       type: 'test'
2026-10-05T17:58:23.8025063Z       ...
2026-10-05T17:58:26.6898830Z     # Subtest: typed place publications use ordinary review, exact city/name scope and private helpers
2026-10-05T17:58:26.6976930Z     ok 14 - typed place publications use ordinary review, exact city/name scope and private helpers
2026-10-05T17:58:26.7004530Z       ---
2026-10-05T17:58:26.7022286Z       duration_ms: 2914.792092
2026-10-05T17:58:26.7051035Z       type: 'test'
2026-10-05T17:58:26.7075018Z       ...
2026-10-05T17:58:33.8560577Z     # Subtest: place completion binds literal input and current city, then preserves subject and original gaps
2026-10-05T17:58:33.8589061Z     ok 15 - place completion binds literal input and current city, then preserves subject and original gaps
2026-10-05T17:58:33.8592907Z       ---
2026-10-05T17:58:33.8594032Z       duration_ms: 7167.334534
2026-10-05T17:58:33.8595056Z       type: 'test'
2026-10-05T17:58:33.8595767Z       ...
2026-10-05T17:58:36.7568274Z     # Subtest: four-turn cap preserves exact retries but rejects new clarification work
2026-10-05T17:58:36.7592262Z     ok 16 - four-turn cap preserves exact retries but rejects new clarification work
2026-10-05T17:58:36.7594740Z       ---
2026-10-05T17:58:36.7596042Z       duration_ms: 2902.173835
2026-10-05T17:58:36.7598322Z       type: 'test'
2026-10-05T17:58:36.7598977Z       ...
2026-10-05T17:58:42.4891858Z     # Subtest: publication wait cannot commit after the lease expires
2026-10-05T17:58:42.4913523Z     ok 17 - publication wait cannot commit after the lease expires
2026-10-05T17:58:42.4959146Z       ---
2026-10-05T17:58:42.4960039Z       duration_ms: 5728.949454
2026-10-05T17:58:42.4961318Z       type: 'test'
2026-10-05T17:58:42.4962191Z       ...
2026-10-05T17:58:43.6491734Z     # Subtest: ordinary roles cannot execute resolver or mutate results; revoked consent fences reads
2026-10-05T17:58:43.6496842Z     ok 18 - ordinary roles cannot execute resolver or mutate results; revoked consent fences reads
2026-10-05T17:58:43.6498125Z       ---
2026-10-05T17:58:43.6501758Z       duration_ms: 1162.946461
2026-10-05T17:58:43.6502391Z       type: 'test'
2026-10-05T17:58:43.6502777Z       ...
2026-10-05T17:58:44.0161295Z     1..18
2026-10-05T17:58:44.0172305Z ok 105 - grounded Turn: durable scope, private results and historical eligibility
2026-10-05T17:58:44.0173518Z   ---
2026-10-05T17:58:44.0174038Z   duration_ms: 95499.771772
2026-10-05T17:58:44.0174560Z   type: 'test'
2026-10-05T17:58:44.0175003Z   ...
2026-10-05T17:58:44.0432046Z # Subtest: first-party reviewed question: real PostgreSQL eligibility, coverage and isolation
2026-10-05T17:58:44.0487531Z     # Subtest: rollback, disabled switch, closed question scope and RPC roles
2026-10-05T17:58:44.0517869Z     ok 1 - rollback, disabled switch, closed question scope and RPC roles
2026-10-05T17:58:44.0529731Z       ---
2026-10-05T17:58:44.0546371Z       duration_ms: 853.073949
2026-10-05T17:58:44.0547645Z       type: 'test'
2026-10-05T17:58:44.0548206Z       ...
2026-10-05T17:58:44.0549399Z     # Subtest: missing support is honest; a single supported obligation stays partial
2026-10-05T17:58:44.0551173Z     ok 2 - missing support is honest; a single supported obligation stays partial
2026-10-05T17:58:44.0552264Z       ---
2026-10-05T17:58:44.0552762Z       duration_ms: 698.208232
2026-10-05T17:58:44.0553313Z       type: 'test'
2026-10-05T17:58:44.0553778Z       ...
2026-10-05T17:58:44.0554595Z     # Subtest: complete bilingual answers preserve exact qualifiers and source context
2026-10-05T17:58:44.0555833Z     ok 3 - complete bilingual answers preserve exact qualifiers and source context
2026-10-05T17:58:44.0556673Z       ---
2026-10-05T17:58:44.0557153Z       duration_ms: 767.685304
2026-10-05T17:58:44.0557672Z       type: 'test'
2026-10-05T17:58:44.0558120Z       ...
2026-10-05T17:58:44.0559033Z     # Subtest: corroboration is retained; incompatible wording cannot become a ranked complete answer
2026-10-05T17:58:44.0560671Z     ok 4 - corroboration is retained; incompatible wording cannot become a ranked complete answer
2026-10-05T17:58:44.0561694Z       ---
2026-10-05T17:58:44.0562155Z       duration_ms: 1248.09573
2026-10-05T17:58:44.0562686Z       type: 'test'
2026-10-05T17:58:44.0563151Z       ...
2026-10-05T17:58:44.0564031Z     # Subtest: a publication appearing after the base read is frozen behind its own revocation lock
2026-10-05T17:58:44.0565439Z     ok 5 - a publication appearing after the base read is frozen behind its own revocation lock
2026-10-05T17:58:44.0566594Z       ---
2026-10-05T17:58:44.0567059Z       duration_ms: 1081.588288
2026-10-05T17:58:44.0567791Z       type: 'test'
2026-10-05T17:58:44.0568170Z       ...
2026-10-05T17:58:44.0569081Z     # Subtest: revocation and expiry suppress text and identify observed causes
2026-10-05T17:58:44.0570296Z     ok 6 - revocation and expiry suppress text and identify observed causes
2026-10-05T17:58:44.0571287Z       ---
2026-10-05T17:58:44.0571655Z       duration_ms: 609.895858
2026-10-05T17:58:44.0572100Z       type: 'test'
2026-10-05T17:58:44.0572741Z       ...
2026-10-05T17:58:44.0573790Z     # Subtest: payment coverage preserves revoked obligations, exact relations and bilingual qualifiers
2026-10-05T17:58:44.0575380Z     ok 7 - payment coverage preserves revoked obligations, exact relations and bilingual qualifiers
2026-10-05T17:58:44.0576507Z       ---
2026-10-05T17:58:44.0576889Z       duration_ms: 3680.110324
2026-10-05T17:58:44.0577556Z       type: 'test'
2026-10-05T17:58:44.0577915Z       ...
2026-10-05T17:58:44.0579246Z     # Subtest: SIM claims bind exact scope and preserve missing, revoked and conflicting support in zh/en
2026-10-05T17:58:44.0580596Z     ok 8 - SIM claims bind exact scope and preserve missing, revoked and conflicting support in zh/en
2026-10-05T17:58:44.0581627Z       ---
2026-10-05T17:58:44.0582011Z       duration_ms: 4848.700728
2026-10-05T17:58:44.0582432Z       type: 'test'
2026-10-05T17:58:44.0582787Z       ...
2026-10-05T17:58:44.0583488Z     # Subtest: capacity overflow fails instead of hiding evidence behind a retrieval limit
2026-10-05T17:58:44.0584575Z     ok 9 - capacity overflow fails instead of hiding evidence behind a retrieval limit
2026-10-05T17:58:44.0585673Z       ---
2026-10-05T17:58:44.0586051Z       duration_ms: 18641.686496
2026-10-05T17:58:44.0586716Z       type: 'test'
2026-10-05T17:58:44.0587044Z       ...
2026-10-05T17:58:44.0587762Z     # Subtest: switch and session loss never masquerade as knowledge gaps; no task or model receipt
2026-10-05T17:58:44.0589262Z     ok 10 - switch and session loss never masquerade as knowledge gaps; no task or model receipt
2026-10-05T17:58:44.0590196Z       ---
2026-10-05T17:58:44.0590543Z       duration_ms: 500.74596
2026-10-05T17:58:44.0590934Z       type: 'test'
2026-10-05T17:58:44.0591526Z       ...
2026-10-05T17:58:44.0591829Z     1..10
2026-10-05T17:58:44.0592801Z ok 106 - first-party reviewed question: real PostgreSQL eligibility, coverage and isolation
2026-10-05T17:58:44.0593700Z   ---
2026-10-05T17:58:44.0594033Z   duration_ms: 53553.433699
2026-10-05T17:58:44.0594425Z   type: 'test'
2026-10-05T17:58:44.0596128Z   ...
2026-10-05T17:58:44.0598906Z # Subtest: current reviewed publication/canonical binding qualifies hotel through Native context; withdrawn classification never grants inventory or old evidence
2026-10-05T17:58:44.0604157Z ok 107 - current reviewed publication/canonical binding qualifies hotel through Native context; withdrawn classification never grants inventory or old evidence
2026-10-05T17:58:44.0605595Z   ---
2026-10-05T17:58:44.0606003Z   duration_ms: 23751.635963
2026-10-05T17:58:44.0606656Z   type: 'test'
2026-10-05T17:58:44.0607035Z   ...
2026-10-05T17:58:53.1074968Z # Subtest: strict new validator and true Ops review/publication/mapping yield hotel only; other/name/pending never qualify
2026-10-05T17:58:53.1076699Z ok 108 - strict new validator and true Ops review/publication/mapping yield hotel only; other/name/pending never qualify
2026-10-05T17:58:53.1077625Z   ---
2026-10-05T17:58:53.1078018Z   duration_ms: 22041.222006
2026-10-05T17:58:53.1082051Z   type: 'test'
2026-10-05T17:58:53.1082573Z   ...
2026-10-05T17:58:53.1083820Z # Subtest: current membership, source withdrawal, publication TTL/rights/revoke and canonical/provider/mapping drift fail closed
2026-10-05T17:58:53.1085520Z ok 109 - current membership, source withdrawal, publication TTL/rights/revoke and canonical/provider/mapping drift fail closed
2026-10-05T17:58:53.1086594Z   ---
2026-10-05T17:58:53.1087018Z   duration_ms: 12825.835003
2026-10-05T17:58:53.1087494Z   type: 'test'
2026-10-05T17:58:53.1087955Z   ...
2026-10-05T17:58:55.1244560Z # Subtest: owner/Trip/selector bounds and duplicate qualified identity refuse; new role ACL closed
2026-10-05T17:58:55.1252851Z ok 110 - owner/Trip/selector bounds and duplicate qualified identity refuse; new role ACL closed
2026-10-05T17:58:55.1254045Z   ---
2026-10-05T17:58:55.1255105Z   duration_ms: 2017.065824
2026-10-05T17:58:55.1255812Z   type: 'test'
2026-10-05T17:58:55.1256365Z   ...
2026-10-05T17:58:58.5069447Z # Subtest: two sessions canonical root serializes provider and approval-set phantom; no partial identity mutation
2026-10-05T17:58:58.5075356Z ok 111 - two sessions canonical root serializes provider and approval-set phantom; no partial identity mutation
2026-10-05T17:58:58.5076764Z   ---
2026-10-05T17:58:58.5077607Z   duration_ms: 3383.366683
2026-10-05T17:58:58.5078039Z   type: 'test'
2026-10-05T17:58:58.5078832Z   ...
2026-10-05T17:58:59.7963437Z # Subtest: real main history + new append compile/rollback; all roles denied and empty authority
2026-10-05T17:58:59.7967468Z ok 112 - real main history + new append compile/rollback; all roles denied and empty authority
2026-10-05T17:58:59.7970488Z   ---
2026-10-05T17:58:59.7971904Z   duration_ms: 20219.995502
2026-10-05T17:58:59.7974499Z   type: 'test'
2026-10-05T17:58:59.7975070Z   ...
2026-10-05T17:58:59.7976157Z # Subtest: empty policy blocks dispatch; ordinary forwarding and forged role claim cannot produce
2026-10-05T17:58:59.7977676Z ok 113 - empty policy blocks dispatch; ordinary forwarding and forged role claim cannot produce
2026-10-05T17:58:59.7978819Z   ---
2026-10-05T17:58:59.7979377Z   duration_ms: 587.714934
2026-10-05T17:58:59.7979990Z   type: 'test'
2026-10-05T17:58:59.7980704Z   ...
2026-10-05T17:58:59.7982049Z # Subtest: server transport without user JWT has live actor scope, walking without TMC grant, exact request, owner read and stop
2026-10-05T17:58:59.7984452Z ok 114 - server transport without user JWT has live actor scope, walking without TMC grant, exact request, owner read and stop
2026-10-05T17:58:59.7985659Z   ---
2026-10-05T17:58:59.7986172Z   duration_ms: 1822.095186
2026-10-05T17:58:59.7986719Z   type: 'test'
2026-10-05T17:58:59.7987195Z   ...
2026-10-05T17:58:59.7988164Z # Subtest: missing source association denies R2, policy change purges values but stop still works
2026-10-05T17:58:59.7989602Z ok 115 - missing source association denies R2, policy change purges values but stop still works
2026-10-05T17:58:59.7990714Z   ---
2026-10-05T17:58:59.7991197Z   duration_ms: 1578.484651
2026-10-05T17:58:59.7991724Z   type: 'test'
2026-10-05T17:58:59.7992184Z   ...
2026-10-05T17:58:59.7993168Z # Subtest: unknown dispatch freezes durable window; native epoch/mapping/head drift denies current read
2026-10-05T17:58:59.7994654Z ok 116 - unknown dispatch freezes durable window; native epoch/mapping/head drift denies current read
2026-10-05T17:58:59.7995551Z   ---
2026-10-05T17:58:59.7996038Z   duration_ms: 2611.538384
2026-10-05T17:58:59.7996640Z   type: 'test'
2026-10-05T17:58:59.7997174Z   ...
2026-10-05T17:58:59.7998127Z # Subtest: original quota and restricted request share atomic day cap under actual concurrency
2026-10-05T17:58:59.7999500Z ok 117 - original quota and restricted request share atomic day cap under actual concurrency
2026-10-05T17:58:59.8000587Z   ---
2026-10-05T17:58:59.8001087Z   duration_ms: 986.549423
2026-10-05T17:58:59.8001936Z   type: 'test'
2026-10-05T17:58:59.8002621Z   ...
2026-10-05T17:58:59.8004506Z # Subtest: endpoint before-dispatch refusal consumes nothing; TMC output requires its actual field rights
2026-10-05T17:58:59.8006757Z ok 118 - endpoint before-dispatch refusal consumes nothing; TMC output requires its actual field rights
2026-10-05T17:58:59.8007976Z   ---
2026-10-05T17:58:59.8008526Z   duration_ms: 1043.1158
2026-10-05T17:58:59.8009348Z   type: 'test'
2026-10-05T17:58:59.8009856Z   ...
2026-10-05T17:58:59.8012645Z # Subtest: actual reviewed ItemSupport chain qualifies changed receipt; deferred proof survives own Trip write and rejects source withdrawal
2026-10-05T17:58:59.8015340Z ok 119 - actual reviewed ItemSupport chain qualifies changed receipt; deferred proof survives own Trip write and rejects source withdrawal
2026-10-05T17:58:59.8016977Z   ---
2026-10-05T17:58:59.8017735Z   duration_ms: 3914.524923
2026-10-05T17:58:59.8018478Z   type: 'test'
2026-10-05T17:58:59.8019029Z   ...
2026-10-05T17:58:59.8021884Z # Subtest: owner scope read stops lost ACK without policy; no cross-owner epoch or implicit retry after receipt expiry
2026-10-05T17:58:59.8024233Z ok 120 - owner scope read stops lost ACK without policy; no cross-owner epoch or implicit retry after receipt expiry
2026-10-05T17:58:59.8025641Z   ---
2026-10-05T17:58:59.8026123Z   duration_ms: 1650.231988
2026-10-05T17:58:59.8026979Z   type: 'test'
2026-10-05T17:58:59.8027483Z   ...
2026-10-05T17:58:59.8028763Z # Subtest: bounded expiry purge, source-policy expiry, session and Trip cascades erase new metadata
2026-10-05T17:58:59.8031760Z ok 121 - bounded expiry purge, source-policy expiry, session and Trip cascades erase new metadata
2026-10-05T17:58:59.8032806Z   ---
2026-10-05T17:58:59.8033432Z   duration_ms: 2969.419997
2026-10-05T17:58:59.8033968Z   type: 'test'
2026-10-05T17:58:59.8034438Z   ...
2026-10-05T17:59:01.7734948Z # Subtest: D2 export uses exact real job lease generation session; bounded metadata contains no observation values
2026-10-05T17:59:01.7738189Z ok 122 - D2 export uses exact real job lease generation session; bounded metadata contains no observation values
2026-10-05T17:59:01.7771002Z   ---
2026-10-05T17:59:01.7789682Z   duration_ms: 1978.389282
2026-10-05T17:59:01.7792589Z   type: 'test'
2026-10-05T17:59:01.7793381Z   ...
2026-10-05T17:59:04.3811648Z # Subtest: duration delta below 120 seconds or 20 percent remains unchanged
2026-10-05T17:59:04.3896483Z ok 123 - duration delta below 120 seconds or 20 percent remains unchanged
2026-10-05T17:59:04.3902306Z   ---
2026-10-05T17:59:04.3908232Z   duration_ms: 2604.133666
2026-10-05T17:59:04.3910557Z   type: 'test'
2026-10-05T17:59:04.3923596Z   ...
2026-10-05T17:59:05.6315876Z # Subtest: function is SECURITY DEFINER with empty search_path, owner-isolated, executable only by authenticated
2026-10-05T17:59:05.6317787Z ok 124 - function is SECURITY DEFINER with empty search_path, owner-isolated, executable only by authenticated
2026-10-05T17:59:05.6318884Z   ---
2026-10-05T17:59:05.6319440Z   duration_ms: 20730.64839
2026-10-05T17:59:05.6320031Z   type: 'test'
2026-10-05T17:59:05.6320769Z   ...
2026-10-05T17:59:05.6321617Z # Subtest: rejects a missing actor and out-of-range thresholds without writing
2026-10-05T17:59:05.6353569Z ok 125 - rejects a missing actor and out-of-range thresholds without writing
2026-10-05T17:59:05.6361426Z   ---
2026-10-05T17:59:05.6362177Z   duration_ms: 1072.135563
2026-10-05T17:59:05.6369177Z   type: 'test'
2026-10-05T17:59:05.6387293Z   ...
2026-10-05T17:59:05.6388770Z # Subtest: per-minute limit: exact allowance, 429 decision with bounded retry, rejected calls consume nothing, window reset
2026-10-05T17:59:05.6391391Z ok 126 - per-minute limit: exact allowance, 429 decision with bounded retry, rejected calls consume nothing, window reset
2026-10-05T17:59:05.6392875Z   ---
2026-10-05T17:59:05.6393661Z   duration_ms: 1287.488691
2026-10-05T17:59:05.6394370Z   type: 'test'
2026-10-05T17:59:05.6395070Z   ...
2026-10-05T17:59:05.6396281Z # Subtest: per-day limit wins over the minute window and reports time to the next UTC day
2026-10-05T17:59:05.6397958Z ok 127 - per-day limit wins over the minute window and reports time to the next UTC day
2026-10-05T17:59:05.6399125Z   ---
2026-10-05T17:59:05.6400118Z   duration_ms: 418.331037
2026-10-05T17:59:05.6401028Z   type: 'test'
2026-10-05T17:59:05.6401690Z   ...
2026-10-05T17:59:05.6403719Z # Subtest: actors and buckets are isolated; deleting the account removes its counters
2026-10-05T17:59:05.6405541Z ok 128 - actors and buckets are isolated; deleting the account removes its counters
2026-10-05T17:59:05.6406847Z   ---
2026-10-05T17:59:05.6407687Z   duration_ms: 1265.247386
2026-10-05T17:59:05.6408549Z   type: 'test'
2026-10-05T17:59:05.6409060Z   ...
2026-10-05T17:59:05.6410112Z # Subtest: concurrent requests from one actor never exceed the limit
2026-10-05T17:59:05.6412395Z ok 129 - concurrent requests from one actor never exceed the limit
2026-10-05T17:59:05.6413537Z   ---
2026-10-05T17:59:05.6414066Z   duration_ms: 11563.605994
2026-10-05T17:59:05.6415015Z   type: 'test'
2026-10-05T17:59:05.6415551Z   ...
2026-10-05T17:59:05.6417301Z # Subtest: server helper → real RPC: configured limits and 429 mapping
2026-10-05T17:59:05.6418966Z ok 130 - server helper → real RPC: configured limits and 429 mapping
2026-10-05T17:59:05.6420094Z   ---
2026-10-05T17:59:05.6421115Z   duration_ms: 3594.384221
2026-10-05T17:59:05.6422079Z   type: 'test'
2026-10-05T17:59:05.6422610Z   ...
2026-10-05T17:59:07.2304299Z # Subtest: explicit cross-trip consent is required; profile defaults are never task inputs; owner/session gates
2026-10-05T17:59:07.2314813Z ok 131 - explicit cross-trip consent is required; profile defaults are never task inputs; owner/session gates
2026-10-05T17:59:07.2315931Z   ---
2026-10-05T17:59:07.2316319Z   duration_ms: 18249.877157
2026-10-05T17:59:07.2316888Z   type: 'test'
2026-10-05T17:59:07.2317287Z   ...
2026-10-05T17:59:07.2323971Z # Subtest: current requirement wins; skip is task-only; correction invalidates queued work and older retries
2026-10-05T17:59:07.2325770Z ok 132 - current requirement wins; skip is task-only; correction invalidates queued work and older retries
2026-10-05T17:59:07.2326807Z   ---
2026-10-05T17:59:07.2327418Z   duration_ms: 1792.007804
2026-10-05T17:59:07.2328076Z   type: 'test'
2026-10-05T17:59:07.2328648Z   ...
2026-10-05T17:59:07.2329847Z # Subtest: Undo restores exactly the last save; competing corrections and withdrawal prevent revival
2026-10-05T17:59:07.2353805Z ok 133 - Undo restores exactly the last save; competing corrections and withdrawal prevent revival
2026-10-05T17:59:07.2371380Z   ---
2026-10-05T17:59:07.2380076Z   duration_ms: 1738.926039
2026-10-05T17:59:07.2391662Z   type: 'test'
2026-10-05T17:59:07.2392708Z   ...
2026-10-05T17:59:07.2394858Z # Subtest: two devices cannot overwrite each other; legacy change revokes use; replaced session rejects replay
2026-10-05T17:59:07.2397433Z ok 134 - two devices cannot overwrite each other; legacy change revokes use; replaced session rejects replay
2026-10-05T17:59:07.2399081Z   ---
2026-10-05T17:59:07.2400233Z   duration_ms: 1322.998905
2026-10-05T17:59:07.2401445Z   type: 'test'
2026-10-05T17:59:07.2402496Z   ...
2026-10-05T17:59:08.5538768Z # Subtest: failed write rolls back version and preimage; code rollback never restores revoked qualification
2026-10-05T17:59:08.5555072Z ok 135 - failed write rolls back version and preimage; code rollback never restores revoked qualification
2026-10-05T17:59:08.5556178Z   ---
2026-10-05T17:59:08.5584088Z   duration_ms: 1317.022167
2026-10-05T17:59:08.5584828Z   type: 'test'
2026-10-05T17:59:08.5585320Z   ...
2026-10-05T17:59:19.7286977Z # Subtest: full replay rollback and ACL/RLS default deny, SQL transport disabled
2026-10-05T17:59:19.7291074Z ok 136 - full replay rollback and ACL/RLS default deny, SQL transport disabled
2026-10-05T17:59:19.7292260Z   ---
2026-10-05T17:59:19.7292779Z   duration_ms: 20820.908178
2026-10-05T17:59:19.7293629Z   type: 'test'
2026-10-05T17:59:19.7294100Z   ...
2026-10-05T17:59:22.0082942Z # Subtest: strict calendar/offset/zone/closed purpose rejects direct callers; IANA DST quiet hours
2026-10-05T17:59:22.0085186Z ok 137 - strict calendar/offset/zone/closed purpose rejects direct callers; IANA DST quiet hours
2026-10-05T17:59:22.0086506Z   ---
2026-10-05T17:59:22.0087088Z   duration_ms: 2283.129078
2026-10-05T17:59:22.0087736Z   type: 'test'
2026-10-05T17:59:22.0088314Z   ...
2026-10-05T17:59:24.7089857Z # Subtest: immutable exact full digest/replay and historical ACK cannot resurrect cancelled reminders
2026-10-05T17:59:24.7143169Z ok 138 - immutable exact full digest/replay and historical ACK cannot resurrect cancelled reminders
2026-10-05T17:59:24.7144306Z   ---
2026-10-05T17:59:24.7164886Z   duration_ms: 2702.828539
2026-10-05T17:59:24.7165939Z   type: 'test'
2026-10-05T17:59:24.7166716Z   ...
2026-10-05T17:59:28.7834261Z # Subtest: same operation abandon is serialized: absent tombstone blocks late execute, applied stays applied
2026-10-05T17:59:28.7837658Z ok 139 - same operation abandon is serialized: absent tombstone blocks late execute, applied stays applied
2026-10-05T17:59:28.7838763Z   ---
2026-10-05T17:59:28.7841150Z   duration_ms: 4072.552526
2026-10-05T17:59:28.7889916Z   type: 'test'
2026-10-05T17:59:28.7891174Z   ...
2026-10-05T17:59:32.2723177Z # Subtest: cross owner, false credential, stale mobile epoch and stolen device/token fail closed
2026-10-05T17:59:32.2736291Z ok 140 - cross owner, false credential, stale mobile epoch and stolen device/token fail closed
2026-10-05T17:59:32.2739520Z   ---
2026-10-05T17:59:32.2760917Z   duration_ms: 3492.18877
2026-10-05T17:59:32.2778077Z   type: 'test'
2026-10-05T17:59:32.2778972Z   ...
2026-10-05T17:59:35.2640642Z # Subtest: N1 dismissal survives content-identical head/timestamp changes, meaningful content creates new opaque ID
2026-10-05T17:59:35.2671681Z ok 141 - N1 dismissal survives content-identical head/timestamp changes, meaningful content creates new opaque ID
2026-10-05T17:59:35.2696419Z   ---
2026-10-05T17:59:35.2697209Z   duration_ms: 2988.830354
2026-10-05T17:59:35.2698125Z   type: 'test'
2026-10-05T17:59:35.2698798Z   ...
2026-10-05T17:59:41.7796036Z # Subtest: cancel before begin blocks; begin before cancel preserves exact accepted outcome and never regrants
2026-10-05T17:59:41.7804098Z ok 142 - cancel before begin blocks; begin before cancel preserves exact accepted outcome and never regrants
2026-10-05T17:59:41.7806057Z   ---
2026-10-05T17:59:41.7806621Z   duration_ms: 6516.973226
2026-10-05T17:59:41.7807447Z   type: 'test'
2026-10-05T17:59:41.7808214Z   ...
2026-10-05T17:59:46.5205566Z # Subtest: crashed lease resolves unknown, wrong tuple cannot finish, token-revoked cannot revoke a rotated token
2026-10-05T17:59:46.5211390Z ok 143 - crashed lease resolves unknown, wrong tuple cannot finish, token-revoked cannot revoke a rotated token
2026-10-05T17:59:46.5220959Z   ---
2026-10-05T17:59:46.5221646Z   duration_ms: 4743.92028
2026-10-05T17:59:46.5240824Z   type: 'test'
2026-10-05T17:59:46.5241419Z   ...
2026-10-05T18:00:00.5129362Z # Subtest: head/archive/end/expiry/session/quiet/OS fences suppress stale work; generic tap exact basis
2026-10-05T18:00:00.5134499Z ok 144 - head/archive/end/expiry/session/quiet/OS fences suppress stale work; generic tap exact basis
2026-10-05T18:00:00.5135737Z   ---
2026-10-05T18:00:00.5136442Z   duration_ms: 13987.826973
2026-10-05T18:00:00.5137217Z   type: 'test'
2026-10-05T18:00:00.5137987Z   ...
2026-10-05T18:00:03.4527120Z # Subtest: legacy v1 intent and complete/cancel stay compatible; metadata never copies registration token
2026-10-05T18:00:03.4595338Z ok 145 - legacy v1 intent and complete/cancel stay compatible; metadata never copies registration token
2026-10-05T18:00:03.4606122Z   ---
2026-10-05T18:00:03.4610937Z   duration_ms: 2778.054013
2026-10-05T18:00:03.4615216Z   type: 'test'
2026-10-05T18:00:03.4617526Z   ...
2026-10-05T18:00:08.9122002Z # Subtest: actual TS strict codecs and scheduler consume actual PG source, disabled zeroRPC and one send only
2026-10-05T18:00:08.9123827Z ok 146 - actual TS strict codecs and scheduler consume actual PG source, disabled zeroRPC and one send only
2026-10-05T18:00:08.9124906Z   ---
2026-10-05T18:00:08.9125222Z   duration_ms: 5609.991915
2026-10-05T18:00:08.9125577Z   type: 'test'
2026-10-05T18:00:08.9125879Z   ...
2026-10-05T18:00:18.7341827Z # Subtest: actual reviewed support baseline ignores revision/time refresh; exact approved acked recheck emits once and stops
2026-10-05T18:00:18.7344471Z ok 147 - actual reviewed support baseline ignores revision/time refresh; exact approved acked recheck emits once and stops
2026-10-05T18:00:18.7345930Z   ---
2026-10-05T18:00:18.7346645Z   duration_ms: 9834.386482
2026-10-05T18:00:18.7347401Z   type: 'test'
2026-10-05T18:00:18.7348000Z   ...
2026-10-05T18:00:24.1912919Z # Subtest: quiet oldest record does not block another owner; crashed attempt becomes truthful unknown without retry
2026-10-05T18:00:24.1914692Z ok 148 - quiet oldest record does not block another owner; crashed attempt becomes truthful unknown without retry
2026-10-05T18:00:24.1915877Z   ---
2026-10-05T18:00:24.1916769Z   duration_ms: 5458.236494
2026-10-05T18:00:24.1917666Z   type: 'test'
2026-10-05T18:00:24.1918478Z   ...
2026-10-05T18:00:26.9334149Z # Subtest: actual export adapter uses exact job lease, generation and stable source cursor; omits token/body/worker lease
2026-10-05T18:00:26.9342612Z ok 149 - actual export adapter uses exact job lease, generation and stable source cursor; omits token/body/worker lease
2026-10-05T18:00:26.9344560Z   ---
2026-10-05T18:00:26.9344948Z   duration_ms: 2741.8809
2026-10-05T18:00:26.9348154Z   type: 'test'
2026-10-05T18:00:26.9348611Z   ...
2026-10-05T18:00:29.8673039Z # Subtest: owned Trip/account cascades remove new records; rollback flag blocks grants and preserves existing receipts
2026-10-05T18:00:29.8683350Z ok 150 - owned Trip/account cascades remove new records; rollback flag blocks grants and preserves existing receipts
2026-10-05T18:00:29.8684707Z   ---
2026-10-05T18:00:29.8685239Z   duration_ms: 2930.569058
2026-10-05T18:00:29.8686088Z   type: 'test'
2026-10-05T18:00:29.8686680Z   ...
2026-10-05T18:00:38.1775441Z # Subtest: actual accepted Task result basis exposes generic N1; Memory/consent changes block source and dispatch
2026-10-05T18:00:38.1779205Z ok 151 - actual accepted Task result basis exposes generic N1; Memory/consent changes block source and dispatch
2026-10-05T18:00:38.1780987Z   ---
2026-10-05T18:00:38.1781533Z   duration_ms: 8312.961492
2026-10-05T18:00:38.1782139Z   type: 'test'
2026-10-05T18:00:38.1782680Z   ...
2026-10-05T18:00:43.6559304Z # Subtest: explicit revoke retains actual authorized OS declaration while disabling recipient; expiry and truncation stay truthful
2026-10-05T18:00:43.6593572Z ok 152 - explicit revoke retains actual authorized OS declaration while disabling recipient; expiry and truncation stay truthful
2026-10-05T18:00:43.6605276Z   ---
2026-10-05T18:00:43.6611986Z   duration_ms: 5479.218463
2026-10-05T18:00:43.6641831Z   type: 'test'
2026-10-05T18:00:43.6701199Z   ...
2026-10-05T18:00:44.0494321Z # Subtest: isolated PostgreSQL reminder storage, owner/session rejection, replay, transitions and rollback
2026-10-05T18:00:44.0525944Z ok 153 - isolated PostgreSQL reminder storage, owner/session rejection, replay, transitions and rollback
2026-10-05T18:00:44.0529310Z   ---
2026-10-05T18:00:44.0582787Z   duration_ms: 17325.450131
2026-10-05T18:00:44.0598663Z   type: 'test'
2026-10-05T18:00:44.0599804Z   ...
2026-10-05T18:00:44.0601592Z # Subtest: real ledger statuses and provider sums reconcile without multiplying a repeated task outcome
2026-10-05T18:00:44.0604087Z ok 154 - real ledger statuses and provider sums reconcile without multiplying a repeated task outcome
2026-10-05T18:00:44.0605493Z   ---
2026-10-05T18:00:44.0606373Z   duration_ms: 22875.044535
2026-10-05T18:00:44.0607306Z   type: 'test'
2026-10-05T18:00:44.0607864Z   ...
2026-10-05T18:00:44.0631876Z # Budget-scope operational snapshot\\nObserved at: 2026-10-05T17:59:28.911161+00:00\\nAdmission flags: enabled=true; frozen=false; expired=false\\nAttempts: 5 (reserved 1, dispatched 1, pending 1, settled 1, released 1)\\nLedger debit: 7 CNY micros; unresolved hold: 1000; conservative exposure: 1007. These are ledger amounts, not a supplier invoice.\\nDistinct ledger task IDs: 4; owner-matched Turns: 3; missing: 1; owner mismatch: 0. ServiceTask count: unknown.\\nTechnical states: active=0, failed=1, unknown=1, cancelled=0, completed=1, unavailable=1, proposalReady=0\\nRecorded business outcomes: blocked=1, partial=1, answered=0, unobserved=2, clarification=0, technicalFailure=0\\ndeepseek: attempts=1; ledger debit=0; unresolved hold=200; exposure=200\\nglm: attempts=2; ledger debit=0; unresolved hold=500; exposure=500\\nqwen: attempts=2; ledger debit=7; unresolved hold=300; exposure=307\\nIntegrity: inconsistent outcome tasks=0; duplicate terminal tasks=0\\nActual billed cost, provider latency, tool attempts, human time and semantic quality: unknown (no accepted source in this read model).\\nTechnical completion does not establish an answered request or semantic success. Task IDs are deduplicated before joining outcomes; attempts and money, not task counts, reconcile across providers.
2026-10-05T18:00:44.0656950Z # Subtest: empty scopes have observed zero rows, while missing scopes and denied roles yield no data
2026-10-05T18:00:44.0658545Z ok 155 - empty scopes have observed zero rows, while missing scopes and denied roles yield no data
2026-10-05T18:00:44.0660248Z   ---
2026-10-05T18:00:44.0660615Z   duration_ms: 843.697257
2026-10-05T18:00:44.0661003Z   type: 'test'
2026-10-05T18:00:44.0661727Z   ...
2026-10-05T18:00:44.0663364Z # Subtest: hidden text and foreign-owner task IDs do not become business successes or disclose identifiers
2026-10-05T18:00:44.0666779Z ok 156 - hidden text and foreign-owner task IDs do not become business successes or disclose identifiers
2026-10-05T18:00:44.0667980Z   ---
2026-10-05T18:00:44.0668339Z   duration_ms: 1814.759515
2026-10-05T18:00:44.0669038Z   type: 'test'
2026-10-05T18:00:44.0669384Z   ...
2026-10-05T18:00:44.0670604Z # Subtest: metadata anomalies are counted without inventing quality or treating an inconsistent outcome as answered
2026-10-05T18:00:44.0673170Z ok 157 - metadata anomalies are counted without inventing quality or treating an inconsistent outcome as answered
2026-10-05T18:00:44.0674324Z   ---
2026-10-05T18:00:44.0674927Z   duration_ms: 1158.066967
2026-10-05T18:00:44.0675932Z   type: 'test'
2026-10-05T18:00:44.0676284Z   ...
2026-10-05T18:00:44.0677550Z # Subtest: settlement concurrent with repeated snapshots preserves reconciliation and never changes another scope
2026-10-05T18:00:44.0679586Z ok 158 - settlement concurrent with repeated snapshots preserves reconciliation and never changes another scope
2026-10-05T18:00:44.0680757Z   ---
2026-10-05T18:00:44.0681086Z   duration_ms: 6735.318601
2026-10-05T18:00:44.0681513Z   type: 'test'
2026-10-05T18:00:44.0682079Z   ...
2026-10-05T18:00:44.0683125Z # Subtest: live Ops membership, session and switch gate the same sanitized ledger snapshot
2026-10-05T18:00:44.0684609Z ok 159 - live Ops membership, session and switch gate the same sanitized ledger snapshot
2026-10-05T18:00:44.0685588Z   ---
2026-10-05T18:00:44.0685949Z   duration_ms: 1836.743616
2026-10-05T18:00:44.0686378Z   type: 'test'
2026-10-05T18:00:44.0686710Z   ...
2026-10-05T18:00:44.0687384Z # Subtest: append replay, RLS and default deny before isolated enrollment
2026-10-05T18:00:44.0707069Z ok 160 - append replay, RLS and default deny before isolated enrollment
2026-10-05T18:00:44.0707721Z   ---
2026-10-05T18:00:44.0715859Z   duration_ms: 19236.513389
2026-10-05T18:00:44.0716355Z   type: 'test'
2026-10-05T18:00:44.0716949Z   ...
2026-10-05T18:00:44.0718560Z # Subtest: canonical bytes Unicode arrays numeric forms and UTF16 bounds
2026-10-05T18:00:44.0730489Z ok 161 - canonical bytes Unicode arrays numeric forms and UTF16 bounds
2026-10-05T18:00:44.0731160Z   ---
2026-10-05T18:00:44.0731579Z   duration_ms: 1752.193224
2026-10-05T18:00:44.0732006Z   type: 'test'
2026-10-05T18:00:44.0732343Z   ...
2026-10-05T18:00:44.0733223Z # Subtest: TTL worker and session/Trip/account lifecycle erase payload and temporary patch, preserve denial
2026-10-05T18:00:44.0734655Z ok 162 - TTL worker and session/Trip/account lifecycle erase payload and temporary patch, preserve denial
2026-10-05T18:00:44.0741568Z   ---
2026-10-05T18:00:44.0742380Z   duration_ms: 7204.11808
2026-10-05T18:00:44.0742833Z   type: 'test'
2026-10-05T18:00:44.0743499Z   ...
2026-10-05T18:00:44.0745214Z # Subtest: new exact export lease owner pages, actual cursor/source invalidation, no old completion retrofit
2026-10-05T18:00:44.0749219Z ok 163 - new exact export lease owner pages, actual cursor/source invalidation, no old completion retrofit
2026-10-05T18:00:44.0756660Z   ---
2026-10-05T18:00:44.0757017Z   duration_ms: 3776.65194
2026-10-05T18:00:44.0757416Z   type: 'test'
2026-10-05T18:00:44.0757751Z   ...
2026-10-05T18:00:44.0758714Z # Subtest: concurrent cancel/confirm and privacy/source contention abort without deadlock or partial apply
2026-10-05T18:00:44.0760385Z ok 164 - concurrent cancel/confirm and privacy/source contention abort without deadlock or partial apply
2026-10-05T18:00:44.0761683Z   ---
2026-10-05T18:00:44.0762310Z   duration_ms: 2475.879134
2026-10-05T18:00:44.0762720Z   type: 'test'
2026-10-05T18:00:44.0763394Z   ...
2026-10-05T18:00:44.0764481Z # Subtest: durable original-byte idempotency, original explicit writer and historical receipt
2026-10-05T18:00:44.0766274Z ok 165 - durable original-byte idempotency, original explicit writer and historical receipt
2026-10-05T18:00:44.0767522Z   ---
2026-10-05T18:00:44.0767857Z   duration_ms: 1839.830971
2026-10-05T18:00:44.0768253Z   type: 'test'
2026-10-05T18:00:44.0768563Z   ...
2026-10-05T18:00:44.0769614Z # Subtest: preview parity, repeat duplicate, conflicts preserve existing fixed items and order
2026-10-05T18:00:44.0771454Z ok 166 - preview parity, repeat duplicate, conflicts preserve existing fixed items and order
2026-10-05T18:00:44.0772583Z   ---
2026-10-05T18:00:44.0772952Z   duration_ms: 1615.144192
2026-10-05T18:00:44.0773790Z   type: 'test'
2026-10-05T18:00:44.0774155Z   ...
2026-10-05T18:00:44.0775372Z # Subtest: owner epoch Trip head digest limits cancel tombstone and marker successor denial
2026-10-05T18:00:44.0778527Z ok 167 - owner epoch Trip head digest limits cancel tombstone and marker successor denial
2026-10-05T18:00:44.0780074Z   ---
2026-10-05T18:00:44.0780876Z   duration_ms: 2373.229171
2026-10-05T18:00:44.0781333Z   type: 'test'
2026-10-05T18:00:44.0781676Z   ...
2026-10-05T18:00:44.0799327Z # Subtest: existing account cascade removes assistant associations/results and rejects late reads/writes
2026-10-05T18:00:44.0802676Z ok 168 - existing account cascade removes assistant associations/results and rejects late reads/writes
2026-10-05T18:00:44.0803517Z   ---
2026-10-05T18:00:44.0803883Z   duration_ms: 23688.063208
2026-10-05T18:00:44.0804298Z   type: 'test'
2026-10-05T18:00:44.0804631Z   ...
2026-10-05T18:00:44.0805574Z # Subtest: paginated service-only export reconstructs complete owned histories and Trip-link manifests
2026-10-05T18:00:44.0807039Z ok 169 - paginated service-only export reconstructs complete owned histories and Trip-link manifests
2026-10-05T18:00:44.0807874Z   ---
2026-10-05T18:00:44.0808272Z   duration_ms: 14813.79138
2026-10-05T18:00:44.0808771Z   type: 'test'
2026-10-05T18:00:44.0809196Z   ...
2026-10-05T18:00:44.0810844Z # Subtest: actual SQL authority and existing module exports interoperate with production worker encryption and strict receipt
2026-10-05T18:00:44.0812635Z ok 170 - actual SQL authority and existing module exports interoperate with production worker encryption and strict receipt
2026-10-05T18:00:44.0813585Z   ---
2026-10-05T18:00:44.0813903Z   duration_ms: 25324.324314
2026-10-05T18:00:44.0814297Z   type: 'test'
2026-10-05T18:00:44.0814609Z   ...
2026-10-05T18:00:44.0815602Z # Subtest: actual encrypted SQL artifact reaches protected HTTP only after real SQL one-use ACK (synthetic credentials)
2026-10-05T18:00:44.0817236Z ok 171 - actual encrypted SQL artifact reaches protected HTTP only after real SQL one-use ACK (synthetic credentials)
2026-10-05T18:00:44.0818143Z   ---
2026-10-05T18:00:44.0818479Z   duration_ms: 562.313555
2026-10-05T18:00:44.0818890Z   type: 'test'
2026-10-05T18:00:44.0819260Z   ...
2026-10-05T18:00:44.0820100Z # Subtest: real authenticated and service roles remain unable to EXECUTE new domain (no grants)
2026-10-05T18:00:44.0821691Z ok 172 - real authenticated and service roles remain unable to EXECUTE new domain (no grants)
2026-10-05T18:00:44.0822464Z   ---
2026-10-05T18:00:44.0822805Z   duration_ms: 217.092737
2026-10-05T18:00:44.0823196Z   type: 'test'
2026-10-05T18:00:44.0823529Z   ...
2026-10-05T18:00:44.0824369Z # Subtest: actual SQL failed terminal receipt decodes as failure with timestamp and no artifact
2026-10-05T18:00:44.0825703Z ok 173 - actual SQL failed terminal receipt decodes as failure with timestamp and no artifact
2026-10-05T18:00:44.0826533Z   ---
2026-10-05T18:00:44.0826897Z   duration_ms: 477.685574
2026-10-05T18:00:44.0827287Z   type: 'test'
2026-10-05T18:00:44.0827631Z   ...
2026-10-05T18:00:44.0828459Z # Subtest: real SQL commit accepts partial SOURCE_UNAVAILABLE after existing conversation pages
2026-10-05T18:00:44.0829708Z ok 174 - real SQL commit accepts partial SOURCE_UNAVAILABLE after existing conversation pages
2026-10-05T18:00:44.0833943Z   ---
2026-10-05T18:00:44.0834330Z   duration_ms: 5140.6887
2026-10-05T18:00:44.0834725Z   type: 'test'
2026-10-05T18:00:44.0835059Z   ...
2026-10-05T18:00:44.0836222Z # Subtest: real native-bound request/lease/current Trip page, closed role guards and unchanged intent
2026-10-05T18:00:44.0837650Z ok 175 - real native-bound request/lease/current Trip page, closed role guards and unchanged intent
2026-10-05T18:00:44.0838450Z   ---
2026-10-05T18:00:44.0838791Z   duration_ms: 20413.120359
2026-10-05T18:00:44.0839204Z   type: 'test'
2026-10-05T18:00:44.0839523Z   ...
2026-10-05T18:00:44.0840691Z # Subtest: atomic protected artifact ready_partial, exact lost ACK recovery and decrypt before one-use consume
2026-10-05T18:00:44.0842145Z ok 176 - atomic protected artifact ready_partial, exact lost ACK recovery and decrypt before one-use consume
2026-10-05T18:00:44.0842959Z   ---
2026-10-05T18:00:44.0843316Z   duration_ms: 1461.653611
2026-10-05T18:00:44.0843710Z   type: 'test'
2026-10-05T18:00:44.0844294Z   ...
2026-10-05T18:00:44.0845278Z # Subtest: expired lease CAS reclaims one generation, blocks old execution and late artifact faults roll back all writes
2026-10-05T18:00:44.0846857Z ok 177 - expired lease CAS reclaims one generation, blocks old execution and late artifact faults roll back all writes
2026-10-05T18:00:44.0847708Z   ---
2026-10-05T18:00:44.0848059Z   duration_ms: 1620.511948
2026-10-05T18:00:44.0848450Z   type: 'test'
2026-10-05T18:00:44.0848774Z   ...
2026-10-05T18:00:44.0849884Z # Subtest: tickets are request/session/epoch/digest bound; new issue invalidates ACK-lost predecessor without extending artifact TTL
2026-10-05T18:00:44.0851860Z ok 178 - tickets are request/session/epoch/digest bound; new issue invalidates ACK-lost predecessor without extending artifact TTL
2026-10-05T18:00:44.0852815Z   ---
2026-10-05T18:00:44.0853142Z   duration_ms: 2172.92461
2026-10-05T18:00:44.0853515Z   type: 'test'
2026-10-05T18:00:44.0853852Z   ...
2026-10-05T18:00:44.0854900Z # Subtest: size/module/expiry caps reject mismatches; TTL purge and account cascade erase only generated data; ACL remains closed
2026-10-05T18:00:44.0856658Z ok 179 - size/module/expiry caps reject mismatches; TTL purge and account cascade erase only generated data; ACL remains closed
2026-10-05T18:00:44.0857592Z   ---
2026-10-05T18:00:44.0857925Z   duration_ms: 3248.526245
2026-10-05T18:00:44.0858307Z   type: 'test'
2026-10-05T18:00:44.0858643Z   ...
2026-10-05T18:00:44.0859698Z # Subtest: partial SOURCE_UNAVAILABLE after collected pages commits retained data; zero-page partial and nonempty failed refuse
2026-10-05T18:00:44.0861799Z ok 180 - partial SOURCE_UNAVAILABLE after collected pages commits retained data; zero-page partial and nonempty failed refuse
2026-10-05T18:00:44.0862747Z   ---
2026-10-05T18:00:44.0863085Z   duration_ms: 940.861733
2026-10-05T18:00:44.0863477Z   type: 'test'
2026-10-05T18:00:44.0863787Z   ...
2026-10-05T18:00:44.0865430Z # Subtest: real StoreKit producer→bounded entitlement handler→protected artifact, no owner service leak or extra columns
2026-10-05T18:00:44.0867288Z ok 181 - real StoreKit producer→bounded entitlement handler→protected artifact, no owner service leak or extra columns
2026-10-05T18:00:44.0868219Z   ---
2026-10-05T18:00:44.0868548Z   duration_ms: 20450.814377
2026-10-05T18:00:44.0868938Z   type: 'test'
2026-10-05T18:00:44.0869281Z   ...
2026-10-05T18:00:44.0870561Z # Subtest: page chain/source revocation fences late commit and ready tickets; financial records retained and old ready not retrofitted
2026-10-05T18:00:44.0872295Z ok 182 - page chain/source revocation fences late commit and ready tickets; financial records retained and old ready not retrofitted
2026-10-05T18:00:44.0873267Z   ---
2026-10-05T18:00:44.0873581Z   duration_ms: 10583.575372
2026-10-05T18:00:44.0873974Z   type: 'test'
2026-10-05T18:00:44.0874303Z   ...
2026-10-05T18:00:44.0875394Z # Subtest: real production export worker registers entitlements through leased SQL, keeps Brief unavailable and commits actual coverage
2026-10-05T18:00:44.0877172Z ok 183 - real production export worker registers entitlements through leased SQL, keeps Brief unavailable and commits actual coverage
2026-10-05T18:00:44.0878133Z   ---
2026-10-05T18:00:44.0878681Z   duration_ms: 5734.963451
2026-10-05T18:00:44.0879105Z   type: 'test'
2026-10-05T18:00:44.0879419Z   ...
2026-10-05T18:00:44.0880482Z # Subtest: exact server plan and explicit scoped confirm queue then erase linked Trip with same receipt
2026-10-05T18:00:44.0881797Z ok 184 - exact server plan and explicit scoped confirm queue then erase linked Trip with same receipt
2026-10-05T18:00:44.0882561Z   ---
2026-10-05T18:00:44.0882894Z   duration_ms: 19024.559124
2026-10-05T18:00:44.0883290Z   type: 'test'
2026-10-05T18:00:44.0883648Z   ...
2026-10-05T18:00:44.0884777Z # Subtest: selected retained Task/capacity identities keep quota but private input/output are truly erased and old readers unavailable
2026-10-05T18:00:44.0886544Z ok 185 - selected retained Task/capacity identities keep quota but private input/output are truly erased and old readers unavailable
2026-10-05T18:00:44.0887904Z   ---
2026-10-05T18:00:44.0888220Z   duration_ms: 1335.599826
2026-10-05T18:00:44.0888593Z   type: 'test'
2026-10-05T18:00:44.0888939Z   ...
2026-10-05T18:00:44.0889901Z # Subtest: shared and active scopes conflict, selection/date changes require preview, queue blocks new related writes
2026-10-05T18:00:44.0891860Z ok 186 - shared and active scopes conflict, selection/date changes require preview, queue blocks new related writes
2026-10-05T18:00:44.0892715Z   ---
2026-10-05T18:00:44.0893044Z   duration_ms: 1868.416992
2026-10-05T18:00:44.0893434Z   type: 'test'
2026-10-05T18:00:44.0893735Z   ...
2026-10-05T18:00:44.0894794Z # Subtest: explicit export request selection invalidates whole owner-generated copies and blocks old/new collector until erase
2026-10-05T18:00:44.0896491Z ok 187 - explicit export request selection invalidates whole owner-generated copies and blocks old/new collector until erase
2026-10-05T18:00:44.0897377Z   ---
2026-10-05T18:00:44.0897674Z   duration_ms: 1477.886967
2026-10-05T18:00:44.0898034Z   type: 'test'
2026-10-05T18:00:44.0898326Z   ...
2026-10-05T18:00:44.0899382Z # Subtest: completed snapshots minimise deleted Trip text; bounded expiry purge preserves queued plans and account cascades new copies only
2026-10-05T18:00:44.0901288Z ok 188 - completed snapshots minimise deleted Trip text; bounded expiry purge preserves queued plans and account cascades new copies only
2026-10-05T18:00:44.0902250Z   ---
2026-10-05T18:00:44.0902550Z   duration_ms: 3036.593073
2026-10-05T18:00:44.0902908Z   type: 'test'
2026-10-05T18:00:44.0903194Z   ...
2026-10-05T18:00:44.0904186Z # Subtest: actual server consumer loopback SQL executes one scoped erase after lost ACK; default disabled zero RPC and actual ACL denied
2026-10-05T18:00:44.0905733Z ok 189 - actual server consumer loopback SQL executes one scoped erase after lost ACK; default disabled zero RPC and actual ACL denied
2026-10-05T18:00:44.0906600Z   ---
2026-10-05T18:00:44.0906907Z   duration_ms: 1190.929707
2026-10-05T18:00:44.0907252Z   type: 'test'
2026-10-05T18:00:44.0907546Z   ...
2026-10-05T18:00:47.8201880Z # Subtest: actual original command group tombstones and scrubs, default-disabled cleanup, exact lease completion and replay
2026-10-05T18:00:47.8204654Z ok 190 - actual original command group tombstones and scrubs, default-disabled cleanup, exact lease completion and replay
2026-10-05T18:00:47.8205986Z   ---
2026-10-05T18:00:47.8206852Z   duration_ms: 20353.104337
2026-10-05T18:00:47.8207536Z   type: 'test'
2026-10-05T18:00:47.8208117Z   ...
2026-10-05T18:00:47.8209304Z # Subtest: late original-command failure rolls back every tombstone, private receipt, counter and request
2026-10-05T18:00:47.8211277Z ok 191 - late original-command failure rolls back every tombstone, private receipt, counter and request
2026-10-05T18:00:47.8213151Z   ---
2026-10-05T18:00:47.8213768Z   duration_ms: 2184.028664
2026-10-05T18:00:47.8214408Z   type: 'test'
2026-10-05T18:00:47.8215002Z   ...
2026-10-05T18:00:47.8255232Z # Subtest: exact generated output and whole controlled export cleanup retains original input, Trip and other owner data; queued writer fences
2026-10-05T18:00:47.8261640Z ok 192 - exact generated output and whole controlled export cleanup retains original input, Trip and other owner data; queued writer fences
2026-10-05T18:00:47.8272674Z   ---
2026-10-05T18:00:47.8273355Z   duration_ms: 4987.230769
2026-10-05T18:00:47.8280976Z   type: 'test'
2026-10-05T18:00:47.8282243Z   ...
2026-10-05T18:00:51.8569712Z # Subtest: source CAS, foreign owner, terminal/active scope, full sentinel and purge do not permit truncated confirmation
2026-10-05T18:00:51.8627369Z ok 193 - source CAS, foreign owner, terminal/active scope, full sentinel and purge do not permit truncated confirmation
2026-10-05T18:00:51.8650848Z   ---
2026-10-05T18:00:51.8664628Z   duration_ms: 4042.998156
2026-10-05T18:00:51.8665372Z   type: 'test'
2026-10-05T18:00:51.8665895Z   ...
2026-10-05T18:00:54.8487198Z # Subtest: unselected Memory revision increments do not strand cleanup; selected tombstone tampering fails closed
2026-10-05T18:00:54.8498266Z ok 194 - unselected Memory revision increments do not strand cleanup; selected tombstone tampering fails closed
2026-10-05T18:00:54.8500353Z   ---
2026-10-05T18:00:54.8501108Z   duration_ms: 2990.38244
2026-10-05T18:00:54.8501911Z   type: 'test'
2026-10-05T18:00:54.8502626Z   ...
2026-10-05T18:00:57.8247222Z # Subtest: actual owner HTTP to SQL and one-shot worker transport survive lost ACK with one exact cleanup; real new ACL denies
2026-10-05T18:00:57.8249277Z ok 195 - actual owner HTTP to SQL and one-shot worker transport survive lost ACK with one exact cleanup; real new ACL denies
2026-10-05T18:00:57.8276642Z   ---
2026-10-05T18:00:57.8277680Z   duration_ms: 2970.758228
2026-10-05T18:00:57.8278352Z   type: 'test'
2026-10-05T18:00:57.8279998Z   ...
2026-10-05T18:01:07.0403898Z # Subtest: foreign generated basis reveals no foreign IDs; reference overflow returns no executable subset; two sessions preserve lock ordering
2026-10-05T18:01:07.0493709Z ok 196 - foreign generated basis reveals no foreign IDs; reference overflow returns no executable subset; two sessions preserve lock ordering
2026-10-05T18:01:07.0524693Z   ---
2026-10-05T18:01:07.0564387Z   duration_ms: 9215.68988
2026-10-05T18:01:07.0697391Z   type: 'test'
2026-10-05T18:01:07.0812906Z   ...
2026-10-05T18:01:10.6973760Z # Subtest: real6 source rows/page ledger interoperate with full producer and exact protected artifact
2026-10-05T18:01:10.6999183Z ok 197 - real6 source rows/page ledger interoperate with full producer and exact protected artifact
2026-10-05T18:01:10.7000838Z   ---
2026-10-05T18:01:10.7001674Z   duration_ms: 26257.103129
2026-10-05T18:01:10.7002167Z   type: 'test'
2026-10-05T18:01:10.7002541Z   ...
2026-10-05T18:01:10.7003718Z # Subtest: source drift after ready denies every controlled download despite valid original artifact
2026-10-05T18:01:10.7005547Z ok 198 - source drift after ready denies every controlled download despite valid original artifact
2026-10-05T18:01:10.7006367Z   ---
2026-10-05T18:01:10.7006708Z   duration_ms: 275.620967
2026-10-05T18:01:10.7007324Z   type: 'test'
2026-10-05T18:01:10.7007690Z   ...
2026-10-05T18:01:10.7021068Z # Subtest: mutation during producer collection fails closed before ciphertext commit
2026-10-05T18:01:10.7022537Z ok 199 - mutation during producer collection fails closed before ciphertext commit
2026-10-05T18:01:10.7025917Z   ---
2026-10-05T18:01:10.7026329Z   duration_ms: 5262.351251
2026-10-05T18:01:10.7026737Z   type: 'test'
2026-10-05T18:01:10.7027103Z   ...
2026-10-05T18:01:10.9032635Z # Subtest: actual API EXECUTE denial is separate from administrator-only synthetic successes
2026-10-05T18:01:10.9058820Z ok 200 - actual API EXECUTE denial is separate from administrator-only synthetic successes
2026-10-05T18:01:10.9059895Z   ---
2026-10-05T18:01:10.9091514Z   duration_ms: 206.432085
2026-10-05T18:01:10.9092650Z   type: 'test'
2026-10-05T18:01:10.9093229Z   ...
2026-10-05T18:01:13.6263925Z # Subtest: all actual Memory sources export only current summary/minimal closed metadata and true reader counters
2026-10-05T18:01:13.6281603Z ok 201 - all actual Memory sources export only current summary/minimal closed metadata and true reader counters
2026-10-05T18:01:13.6285116Z   ---
2026-10-05T18:01:13.6285515Z   duration_ms: 21442.70666
2026-10-05T18:01:13.6285907Z   type: 'test'
2026-10-05T18:01:13.6286209Z   ...
2026-10-05T18:01:13.6318801Z # Subtest: mutation between pages or after ready revokes every controlled disclosure path without rebasing old jobs
2026-10-05T18:01:13.6320495Z ok 202 - mutation between pages or after ready revokes every controlled disclosure path without rebasing old jobs
2026-10-05T18:01:13.6321302Z   ---
2026-10-05T18:01:13.6322329Z   duration_ms: 3747.901017
2026-10-05T18:01:13.6322723Z   type: 'test'
2026-10-05T18:01:13.6323058Z   ...
2026-10-05T18:01:13.6365547Z # Subtest: true ordered keyset progress forbids cursor skipping, limit drift or invented complete receipts; old jobs stay unfenced
2026-10-05T18:01:13.6368247Z ok 203 - true ordered keyset progress forbids cursor skipping, limit drift or invented complete receipts; old jobs stay unfenced
2026-10-05T18:01:13.6377409Z   ---
2026-10-05T18:01:13.6392377Z   duration_ms: 2334.130344
2026-10-05T18:01:13.6393447Z   type: 'test'
2026-10-05T18:01:13.6393823Z   ...
2026-10-05T18:01:13.6396034Z # Subtest: two actual SQL sessions: raw service write NOWAIT fails without partial source change; native writer and account GC retain old boundaries
2026-10-05T18:01:13.6398663Z ok 204 - two actual SQL sessions: raw service write NOWAIT fails without partial source change; native writer and account GC retain old boundaries
2026-10-05T18:01:13.6399958Z   ---
2026-10-05T18:01:13.6400656Z   duration_ms: 3025.20601
2026-10-05T18:01:13.6401111Z   type: 'test'
2026-10-05T18:01:13.6402185Z   ...
2026-10-05T18:01:23.2628247Z # Subtest: service-only result export pages reconstruct owned retained revisions and exact event references
2026-10-05T18:01:23.2634525Z ok 205 - service-only result export pages reconstruct owned retained revisions and exact event references
2026-10-05T18:01:23.2635990Z   ---
2026-10-05T18:01:23.2637019Z   duration_ms: 39109.179881
2026-10-05T18:01:23.2637775Z   type: 'test'
2026-10-05T18:01:23.2638400Z   ...
2026-10-05T18:01:26.3099072Z # Subtest: Trip deletion SQL: reauthentication, fencing, atomic completion, isolation and tombstone
2026-10-05T18:01:26.3101389Z ok 206 - Trip deletion SQL: reauthentication, fencing, atomic completion, isolation and tombstone
2026-10-05T18:01:26.3103361Z   ---
2026-10-05T18:01:26.3104449Z   duration_ms: 18579.307714
2026-10-05T18:01:26.3105127Z   type: 'test'
2026-10-05T18:01:26.3106120Z   ...
2026-10-05T18:01:32.8578721Z # Subtest: true Task/confirmed link owner declarations persist across Native/Web; exact operation replay and CAS create no Task
2026-10-05T18:01:32.8596477Z ok 207 - true Task/confirmed link owner declarations persist across Native/Web; exact operation replay and CAS create no Task
2026-10-05T18:01:32.8598908Z   ---
2026-10-05T18:01:32.8630871Z   duration_ms: 21475.687487
2026-10-05T18:01:32.8640298Z   type: 'test'
2026-10-05T18:01:32.8667879Z   ...
2026-10-05T18:01:36.5204873Z # Subtest: real confirmed date/zone patch makes old reports stale; rebase clears every prior yes and old ACK
2026-10-05T18:01:36.5262383Z ok 208 - real confirmed date/zone patch makes old reports stale; rebase clears every prior yes and old ACK
2026-10-05T18:01:36.5280828Z   ---
2026-10-05T18:01:36.5305086Z   duration_ms: 3666.154251
2026-10-05T18:01:36.5321204Z   type: 'test'
2026-10-05T18:01:36.5321841Z   ...
2026-10-05T18:01:45.3781309Z # Subtest: foreign/unlinked Task and hidden/revoked/terminal lifecycle clear reports while retaining original Task
2026-10-05T18:01:45.3822971Z ok 209 - foreign/unlinked Task and hidden/revoked/terminal lifecycle clear reports while retaining original Task
2026-10-05T18:01:45.3832338Z   ---
2026-10-05T18:01:45.3833149Z   duration_ms: 8853.594324
2026-10-05T18:01:45.3833825Z   type: 'test'
2026-10-05T18:01:45.3834473Z   ...
2026-10-05T18:01:50.6358650Z # Subtest: two real transactions serialize scoped CAS; private export is exact job/lease-only and old granted output unchanged
2026-10-05T18:01:50.6381756Z ok 210 - two real transactions serialize scoped CAS; private export is exact job/lease-only and old granted output unchanged
2026-10-05T18:01:50.6382887Z   ---
2026-10-05T18:01:50.6405606Z   duration_ms: 5251.751624
2026-10-05T18:01:50.6448521Z   type: 'test'
2026-10-05T18:01:50.6480993Z   ...
2026-10-05T18:01:51.0223069Z # Subtest: actual SQL declaration/current date/source permissions survive Native HTTP read/save/lost-ACK retry; no task or Trip writer
2026-10-05T18:01:51.0241967Z ok 211 - actual SQL declaration/current date/source permissions survive Native HTTP read/save/lost-ACK retry; no task or Trip writer
2026-10-05T18:01:51.0243307Z   ---
2026-10-05T18:01:51.0248154Z   duration_ms: 33743.161882
2026-10-05T18:01:51.0249424Z   type: 'test'
2026-10-05T18:01:51.0250600Z   ...
2026-10-05T18:01:51.2186514Z # Subtest: original actor/current Trip confirms exact original operation ACK; CAS/amend/cancel never writes Trip
2026-10-05T18:01:51.2196043Z ok 212 - original actor/current Trip confirms exact original operation ACK; CAS/amend/cancel never writes Trip
2026-10-05T18:01:51.2197248Z   ---
2026-10-05T18:01:51.2197948Z   duration_ms: 21453.318852
2026-10-05T18:01:51.2198620Z   type: 'test'
2026-10-05T18:01:51.2199241Z   ...
2026-10-05T18:01:51.2200747Z # Subtest: closed validation refuses unavailable artifact, controls, invented tiers, impossible clocks and revision overflow
2026-10-05T18:01:51.2202824Z ok 213 - closed validation refuses unavailable artifact, controls, invented tiers, impossible clocks and revision overflow
2026-10-05T18:01:51.2204146Z   ---
2026-10-05T18:01:51.2204774Z   duration_ms: 3139.638027
2026-10-05T18:01:51.2205558Z   type: 'test'
2026-10-05T18:01:51.2206263Z   ...
2026-10-05T18:01:51.2207865Z # Subtest: owner/current-head list and single reads have exact cursor fences and original ACK head after confirmed Trip patch
2026-10-05T18:01:51.2210442Z ok 214 - owner/current-head list and single reads have exact cursor fences and original ACK head after confirmed Trip patch
2026-10-05T18:01:51.2211838Z   ---
2026-10-05T18:01:51.2212462Z   duration_ms: 2971.761049
2026-10-05T18:01:51.2213282Z   type: 'test'
2026-10-05T18:01:51.2214359Z   ...
2026-10-05T18:01:54.1713061Z # Subtest: server identity separates supplier/owner/Trip; official code alone never merges vendors; UTC equivalent complete fields dedupe
2026-10-05T18:01:54.1718243Z ok 215 - server identity separates supplier/owner/Trip; official code alone never merges vendors; UTC equivalent complete fields dedupe
2026-10-05T18:01:54.1719961Z   ---
2026-10-05T18:01:54.1720565Z   duration_ms: 2946.796089
2026-10-05T18:01:54.1721724Z   type: 'test'
2026-10-05T18:01:54.1722616Z   ...
2026-10-05T18:01:58.2741982Z # Subtest: two live PostgreSQL transactions serialize duplicate create/CAS and retain only one winning event
2026-10-05T18:01:58.2803188Z ok 216 - two live PostgreSQL transactions serialize duplicate create/CAS and retain only one winning event
2026-10-05T18:01:58.2804448Z   ---
2026-10-05T18:01:58.2804990Z   duration_ms: 4111.942497
2026-10-05T18:01:58.2805826Z   type: 'test'
2026-10-05T18:01:58.2806434Z   ...
2026-10-05T18:02:00.1639551Z # Subtest: late acknowledgement insert failure rolls back new/current/history; immutable metadata never exposes prior payload
2026-10-05T18:02:00.1643900Z ok 217 - late acknowledgement insert failure rolls back new/current/history; immutable metadata never exposes prior payload
2026-10-05T18:02:00.1654322Z   ---
2026-10-05T18:02:00.1655217Z   duration_ms: 1889.808726
2026-10-05T18:02:00.1655767Z   type: 'test'
2026-10-05T18:02:00.1656446Z   ...
2026-10-05T18:02:05.6160890Z # Subtest: original archive/D1/D3/account lifecycle erases all reservation state and prevents replay; financial minimum survives D3
2026-10-05T18:02:05.6179780Z ok 218 - original archive/D1/D3/account lifecycle erases all reservation state and prevents replay; financial minimum survives D3
2026-10-05T18:02:05.6181938Z   ---
2026-10-05T18:02:05.6205997Z   duration_ms: 5452.277048
2026-10-05T18:02:05.6216992Z   type: 'test'
2026-10-05T18:02:05.6229765Z   ...
2026-10-05T18:02:10.3742964Z # Subtest: private exact D2 lease export shows corrected current only; existing inventory stays partial and every default ACL is closed
2026-10-05T18:02:10.3757796Z ok 219 - private exact D2 lease export shows corrected current only; existing inventory stays partial and every default ACL is closed
2026-10-05T18:02:10.3759283Z   ---
2026-10-05T18:02:10.3760172Z   duration_ms: 4761.013838
2026-10-05T18:02:10.3760781Z   type: 'test'
2026-10-05T18:02:10.3761670Z   ...
2026-10-05T18:02:10.7581355Z # Subtest: actual current ledger/HTTP binds ACK and lost-response recovery; amendments cancel history without supplier or Trip writes
2026-10-05T18:02:10.7584571Z ok 220 - actual current ledger/HTTP binds ACK and lost-response recovery; amendments cancel history without supplier or Trip writes
2026-10-05T18:02:10.7586337Z   ---
2026-10-05T18:02:10.7586956Z   duration_ms: 29885.936609
2026-10-05T18:02:10.7587727Z   type: 'test'
2026-10-05T18:02:10.7588420Z   ...
2026-10-05T18:02:11.1354776Z # Subtest: append-only migration replay compiles under original schema
2026-10-05T18:02:11.1357728Z ok 221 - append-only migration replay compiles under original schema
2026-10-05T18:02:11.1358736Z   ---
2026-10-05T18:02:11.1359453Z   duration_ms: 19458.02206
2026-10-05T18:02:11.1360076Z   type: 'test'
2026-10-05T18:02:11.1361247Z   ...
2026-10-05T18:02:11.1404815Z # Subtest: manual candidate is unconfirmed until original exact writer; current scope snapshot and receipt are closed
2026-10-05T18:02:11.1426837Z ok 222 - manual candidate is unconfirmed until original exact writer; current scope snapshot and receipt are closed
2026-10-05T18:02:11.1469364Z   ---
2026-10-05T18:02:11.1470492Z   duration_ms: 1299.469679
2026-10-05T18:02:11.1509555Z   type: 'test'
2026-10-05T18:02:11.1510124Z   ...
2026-10-05T18:02:11.1512428Z # Subtest: sparse real reorder preserves unselected fields and slot; legacy edits preserve persisted order; rollback reloads order
2026-10-05T18:02:11.1515151Z ok 223 - sparse real reorder preserves unselected fields and slot; legacy edits preserve persisted order; rollback reloads order
2026-10-05T18:02:11.1516912Z   ---
2026-10-05T18:02:11.1517464Z   duration_ms: 1861.253312
2026-10-05T18:02:11.1518630Z   type: 'test'
2026-10-05T18:02:11.1519465Z   ...
2026-10-05T18:02:12.0746200Z # Subtest: selected move permits natural slot shift and retains all unselected fields and relative order
2026-10-05T18:02:12.0773123Z ok 224 - selected move permits natural slot shift and retains all unselected fields and relative order
2026-10-05T18:02:12.0794314Z   ---
2026-10-05T18:02:12.0821323Z   duration_ms: 943.829218
2026-10-05T18:02:12.0837164Z   type: 'test'
2026-10-05T18:02:12.0883464Z   ...
2026-10-05T18:02:13.3977456Z # Subtest: explicit lock CAS is distinct from manual edits and invalidates all older contexts
2026-10-05T18:02:13.3997722Z ok 225 - explicit lock CAS is distinct from manual edits and invalidates all older contexts
2026-10-05T18:02:13.3998788Z   ---
2026-10-05T18:02:13.3999362Z   duration_ms: 1321.277144
2026-10-05T18:02:13.4000074Z   type: 'test'
2026-10-05T18:02:13.4001010Z   ...
2026-10-05T18:02:14.8364732Z # Subtest: abandon before submit creates durable tombstone; committed proposal remains pending, never undo or reject
2026-10-05T18:02:14.8366232Z ok 226 - abandon before submit creates durable tombstone; committed proposal remains pending, never undo or reject
2026-10-05T18:02:14.8367281Z   ---
2026-10-05T18:02:14.8367676Z   duration_ms: 1441.100184
2026-10-05T18:02:14.8368313Z   type: 'test'
2026-10-05T18:02:14.8368678Z   ...
2026-10-05T18:02:15.9183240Z # Subtest: direct RPC refuses invalid scope/source/client fields, cross actor and context swap
2026-10-05T18:02:15.9199139Z ok 227 - direct RPC refuses invalid scope/source/client fields, cross actor and context swap
2026-10-05T18:02:15.9200431Z   ---
2026-10-05T18:02:15.9201056Z   duration_ms: 1083.415011
2026-10-05T18:02:15.9201661Z   type: 'test'
2026-10-05T18:02:15.9202478Z   ...
2026-10-05T18:02:18.5903476Z # Subtest: profile/Memory/session/source changes reject before original Trip write
2026-10-05T18:02:18.5905084Z ok 228 - profile/Memory/session/source changes reject before original Trip write
2026-10-05T18:02:18.5926018Z   ---
2026-10-05T18:02:18.5958149Z   duration_ms: 2671.747073
2026-10-05T18:02:18.5959710Z   type: 'test'
2026-10-05T18:02:18.5960681Z   ...
2026-10-05T18:02:19.4859531Z # Subtest: same-transaction source changes after writer force deferred rollback
2026-10-05T18:02:19.4867561Z ok 229 - same-transaction source changes after writer force deferred rollback
2026-10-05T18:02:19.4868665Z   ---
2026-10-05T18:02:19.4869427Z   duration_ms: 891.669004
2026-10-05T18:02:19.4870037Z   type: 'test'
2026-10-05T18:02:19.4871125Z   ...
2026-10-05T18:02:20.4652430Z # Subtest: marked revision and successor cannot escape immutable lineage; expired context cleanup still blocks confirmation
2026-10-05T18:02:20.4672338Z ok 230 - marked revision and successor cannot escape immutable lineage; expired context cleanup still blocks confirmation
2026-10-05T18:02:20.4673637Z   ---
2026-10-05T18:02:20.4674172Z   duration_ms: 983.047234
2026-10-05T18:02:20.4674777Z   type: 'test'
2026-10-05T18:02:20.4675268Z   ...
2026-10-05T18:02:23.4997296Z # Subtest: real two-transaction submit/abandon races create one outcome with exact-body receipt recovery
2026-10-05T18:02:23.5011927Z ok 231 - real two-transaction submit/abandon races create one outcome with exact-body receipt recovery
2026-10-05T18:02:23.5052077Z   ---
2026-10-05T18:02:23.5057616Z   duration_ms: 3029.862344
2026-10-05T18:02:23.5070475Z   type: 'test'
2026-10-05T18:02:23.5071030Z   ...
2026-10-05T18:02:28.8463062Z # Subtest: new capabilities default deny all roles and original archive/deletion/account cascades erase scope metadata
2026-10-05T18:02:28.8465043Z ok 232 - new capabilities default deny all roles and original archive/deletion/account cascades erase scope metadata
2026-10-05T18:02:28.8466578Z   ---
2026-10-05T18:02:28.8467177Z   duration_ms: 5345.094736
2026-10-05T18:02:28.8467761Z   type: 'test'
2026-10-05T18:02:28.8468237Z   ...
2026-10-05T18:02:32.0233931Z # Subtest: worker stays default pending without qualification; original queue and synthetic budget produce settled candidate with no Proposal
2026-10-05T18:02:32.0242641Z ok 233 - worker stays default pending without qualification; original queue and synthetic budget produce settled candidate with no Proposal
2026-10-05T18:02:32.0243834Z   ---
2026-10-05T18:02:32.0244222Z   duration_ms: 3180.413416
2026-10-05T18:02:32.0244736Z   type: 'test'
2026-10-05T18:02:32.0245201Z   ...
2026-10-05T18:02:35.0306290Z # Subtest: current consent/global stop/source gates prevent effects; lease reclaim reuses output and original budget attempt
2026-10-05T18:02:35.0310153Z ok 234 - current consent/global stop/source gates prevent effects; lease reclaim reuses output and original budget attempt
2026-10-05T18:02:35.0313857Z   ---
2026-10-05T18:02:35.0316329Z   duration_ms: 3007.619623
2026-10-05T18:02:35.0321106Z   type: 'test'
2026-10-05T18:02:35.0327100Z   ...
2026-10-05T18:02:37.8566375Z # Subtest: typed add replace remove are constrained to current context sources and deterministic IDs
2026-10-05T18:02:37.8567764Z ok 235 - typed add replace remove are constrained to current context sources and deterministic IDs
2026-10-05T18:02:37.8568526Z   ---
2026-10-05T18:02:37.8568891Z   duration_ms: 2825.446408
2026-10-05T18:02:37.8569293Z   type: 'test'
2026-10-05T18:02:37.8569622Z   ...
2026-10-05T18:02:40.2257172Z # Subtest: reservation preservation is explicit exact revision binding, unknown stays unavailable and changes invalidate confirmation
2026-10-05T18:02:40.2259247Z ok 236 - reservation preservation is explicit exact revision binding, unknown stays unavailable and changes invalidate confirmation
2026-10-05T18:02:40.2268153Z   ---
2026-10-05T18:02:40.2268723Z   duration_ms: 2365.771157
2026-10-05T18:02:40.2269560Z   type: 'test'
2026-10-05T18:02:40.2270048Z   ...
2026-10-05T18:02:41.9616302Z # Subtest: live TTL and bounded cleanup preserve lineage and never permit old candidate confirmation
2026-10-05T18:02:41.9635045Z ok 237 - live TTL and bounded cleanup preserve lineage and never permit old candidate confirmation
2026-10-05T18:02:41.9644725Z   ---
2026-10-05T18:02:41.9645397Z   duration_ms: 1736.396023
2026-10-05T18:02:41.9646403Z   type: 'test'
2026-10-05T18:02:41.9647340Z   ...
2026-10-05T18:02:44.1829289Z # Subtest: exact export lease pages all scoped metadata sections; old inventory remains unenrolled partial
2026-10-05T18:02:44.1864163Z ok 238 - exact export lease pages all scoped metadata sections; old inventory remains unenrolled partial
2026-10-05T18:02:44.1865769Z   ---
2026-10-05T18:02:44.1906076Z   duration_ms: 2044.081659
2026-10-05T18:02:44.1946858Z   type: 'test'
2026-10-05T18:02:44.1970824Z   ...
2026-10-05T18:02:47.0744410Z # Subtest: real TypeScript service consumes SQL context, immutable candidates, explicit selection and original exact proposal
2026-10-05T18:02:47.0750800Z ok 239 - real TypeScript service consumes SQL context, immutable candidates, explicit selection and original exact proposal
2026-10-05T18:02:47.0752326Z   ---
2026-10-05T18:02:47.0752956Z   duration_ms: 3060.548315
2026-10-05T18:02:47.0753594Z   type: 'test'
2026-10-05T18:02:47.0754159Z   ...
2026-10-05T18:02:49.1013474Z # Subtest: provider destination uses exact current prompt/tuple/digest/configuration and phase order without network
2026-10-05T18:02:49.1015184Z ok 240 - provider destination uses exact current prompt/tuple/digest/configuration and phase order without network
2026-10-05T18:02:49.1016652Z   ---
2026-10-05T18:02:49.1017705Z   duration_ms: 1918.307656
2026-10-05T18:02:49.1062331Z   type: 'test'
2026-10-05T18:02:49.1066535Z   ...
2026-10-05T18:02:57.4023957Z # Subtest: actual executor uses real SQL budget/source/usage/candidate RPCs with a synthetic provider, recovers lost ACKs and creates no Proposal
2026-10-05T18:02:57.4037112Z ok 241 - actual executor uses real SQL budget/source/usage/candidate RPCs with a synthetic provider, recovers lost ACKs and creates no Proposal
2026-10-05T18:02:57.4054676Z   ---
2026-10-05T18:02:57.4055122Z   duration_ms: 8420.500578
2026-10-05T18:02:57.4055553Z   type: 'test'
2026-10-05T18:02:57.4055917Z   ...
2026-10-05T18:02:58.7012303Z # Subtest: marked proposal reader and operation become stale on source change before original confirmation
2026-10-05T18:02:58.7020071Z ok 242 - marked proposal reader and operation become stale on source change before original confirmation
2026-10-05T18:02:58.7021568Z   ---
2026-10-05T18:02:58.7022145Z   duration_ms: 1297.832638
2026-10-05T18:02:58.7022718Z   type: 'test'
2026-10-05T18:02:58.7023293Z   ...
2026-10-05T18:03:00.1519698Z # Subtest: legacy intake-v2 remains a legal work mode with an existing row during scoped migration
2026-10-05T18:03:00.1544336Z ok 243 - legacy intake-v2 remains a legal work mode with an existing row during scoped migration
2026-10-05T18:03:00.1545446Z   ---
2026-10-05T18:03:00.1546073Z   duration_ms: 1448.472965
2026-10-05T18:03:00.1546724Z   type: 'test'
2026-10-05T18:03:00.1547253Z   ...
2026-10-05T18:03:02.6505453Z # Subtest: known settled cannot-edit ends original task as declined; unknown usage cannot fake a refusal
2026-10-05T18:03:02.6549765Z ok 244 - known settled cannot-edit ends original task as declined; unknown usage cannot fake a refusal
2026-10-05T18:03:02.6590823Z   ---
2026-10-05T18:03:02.6596338Z   duration_ms: 2500.588867
2026-10-05T18:03:02.6596970Z   type: 'test'
2026-10-05T18:03:02.6597854Z   ...
2026-10-05T18:03:04.8065211Z # Subtest: composed candidate applies reorder before removal in the original operation order
2026-10-05T18:03:04.8066500Z ok 245 - composed candidate applies reorder before removal in the original operation order
2026-10-05T18:03:04.8067379Z   ---
2026-10-05T18:03:04.8067733Z   duration_ms: 2154.529107
2026-10-05T18:03:04.8068147Z   type: 'test'
2026-10-05T18:03:04.8068487Z   ...
2026-10-05T18:03:17.8566801Z # Subtest: append replay and rollback; new ACL/RLS deny, disabled switch, no enrollment
2026-10-05T18:03:17.8607978Z ok 246 - append replay and rollback; new ACL/RLS deny, disabled switch, no enrollment
2026-10-05T18:03:17.8695624Z   ---
2026-10-05T18:03:17.8698577Z   duration_ms: 22272.577448
2026-10-05T18:03:17.8699770Z   type: 'test'
2026-10-05T18:03:17.8701303Z   ...
2026-10-05T18:03:17.8703202Z # Subtest: preview alone denies staff; explicit selection produces exact sources and minimal audit
2026-10-05T18:03:17.8705549Z ok 247 - preview alone denies staff; explicit selection produces exact sources and minimal audit
2026-10-05T18:03:17.8706933Z   ---
2026-10-05T18:03:17.8707529Z   duration_ms: 2060.021714
2026-10-05T18:03:17.8708430Z   type: 'test'
2026-10-05T18:03:17.8709260Z   ...
2026-10-05T18:03:17.8710731Z # Subtest: byte digest, whitespace reuse, current-head CAS, immutable receipt, abandon race
2026-10-05T18:03:17.8713719Z ok 248 - byte digest, whitespace reuse, current-head CAS, immutable receipt, abandon race
2026-10-05T18:03:17.8715152Z   ---
2026-10-05T18:03:17.8716147Z   duration_ms: 3680.697342
2026-10-05T18:03:17.8716909Z   type: 'test'
2026-10-05T18:03:17.8717999Z   ...
2026-10-05T18:03:17.8719909Z # Subtest: pace and selected Memory authority; selected-only refs survive unselected pace change
2026-10-05T18:03:17.8722553Z ok 249 - pace and selected Memory authority; selected-only refs survive unselected pace change
2026-10-05T18:03:17.8724121Z   ---
2026-10-05T18:03:17.8725162Z   duration_ms: 2510.983893
2026-10-05T18:03:17.8726212Z   type: 'test'
2026-10-05T18:03:17.8726884Z   ...
2026-10-05T18:03:17.8728819Z # Subtest: withdraw/delete and feature-off owner privacy; deletion receipt survives original Case deletion
2026-10-05T18:03:17.8731091Z ok 250 - withdraw/delete and feature-off owner privacy; deletion receipt survives original Case deletion
2026-10-05T18:03:17.8731963Z   ---
2026-10-05T18:03:17.8732321Z   duration_ms: 2238.516439
2026-10-05T18:03:17.8732768Z   type: 'test'
2026-10-05T18:03:17.8733143Z   ...
2026-10-05T18:03:17.8734132Z # Subtest: unique Case Trip intake via actual original goal/link/intake writers; explicit intake overrides profile
2026-10-05T18:03:17.8735621Z ok 251 - unique Case Trip intake via actual original goal/link/intake writers; explicit intake overrides profile
2026-10-05T18:03:17.8736482Z   ---
2026-10-05T18:03:17.8736822Z   duration_ms: 2738.765724
2026-10-05T18:03:17.8737221Z   type: 'test'
2026-10-05T18:03:17.8737554Z   ...
2026-10-05T18:03:17.8738578Z # Subtest: intake ambiguity/unrelated messages are unknown; null fields stay unknown and receipt/head rights requalify
2026-10-05T18:03:17.8740615Z ok 252 - intake ambiguity/unrelated messages are unknown; null fields stay unknown and receipt/head rights requalify
2026-10-05T18:03:17.8741685Z   ---
2026-10-05T18:03:17.8742036Z   duration_ms: 17832.545378
2026-10-05T18:03:17.8742447Z   type: 'test'
2026-10-05T18:03:17.8742793Z   ...
2026-10-05T18:03:17.8743797Z # Subtest: Case correction/grant replacement/revoke/expiry invalidates, while expired/revoked owner cleanup stays usable
2026-10-05T18:03:17.8746140Z ok 253 - Case correction/grant replacement/revoke/expiry invalidates, while expired/revoked owner cleanup stays usable
2026-10-05T18:03:17.8747001Z   ---
2026-10-05T18:03:17.8747414Z   duration_ms: 6627.369543
2026-10-05T18:03:17.8747824Z   type: 'test'
2026-10-05T18:03:17.8748162Z   ...
2026-10-05T18:03:17.8749252Z # Subtest: latest three eligible explicit Memory candidates, foreign consent/receipt and inferred/hard sources excluded
2026-10-05T18:03:17.8751400Z ok 254 - latest three eligible explicit Memory candidates, foreign consent/receipt and inferred/hard sources excluded
2026-10-05T18:03:17.8752631Z   ---
2026-10-05T18:03:17.8752999Z   duration_ms: 3115.827217
2026-10-05T18:03:17.8753506Z   type: 'test'
2026-10-05T18:03:17.8753906Z   ...
2026-10-05T18:03:17.8754945Z # Subtest: recipient membership/shift/slot withdrawal erases old head and re-enrollment never revives it
2026-10-05T18:03:17.8756953Z ok 255 - recipient membership/shift/slot withdrawal erases old head and re-enrollment never revives it
2026-10-05T18:03:17.8757906Z   ---
2026-10-05T18:03:17.8758283Z   duration_ms: 7242.569759
2026-10-05T18:03:17.8758727Z   type: 'test'
2026-10-05T18:03:17.8759102Z   ...
2026-10-05T18:03:17.8760684Z # Subtest: real correction/revoke/read/delete/session/account lock races; original writers commit and old refs never revive
2026-10-05T18:03:17.8791597Z ok 256 - real correction/revoke/read/delete/session/account lock races; original writers commit and old refs never revive
2026-10-05T18:03:17.8792726Z   ---
2026-10-05T18:03:17.8792974Z   duration_ms: 16219.567409
2026-10-05T18:03:17.8793500Z   type: 'test'
2026-10-05T18:03:17.8793827Z   ...
2026-10-05T18:03:23.9109620Z # Subtest: export exact 30s lease, reference-only projection, invalidation after source/audit/data change, complete bounds
2026-10-05T18:03:23.9113428Z ok 257 - export exact 30s lease, reference-only projection, invalidation after source/audit/data change, complete bounds
2026-10-05T18:03:23.9114759Z   ---
2026-10-05T18:03:23.9115159Z   duration_ms: 6053.639172
2026-10-05T18:03:23.9115828Z   type: 'test'
2026-10-05T18:03:23.9116204Z   ...
2026-10-05T18:03:25.8487500Z # Subtest: canonical native credential-proof login replacement logout, original guard and Brief session erasure
2026-10-05T18:03:25.8489750Z ok 258 - canonical native credential-proof login replacement logout, original guard and Brief session erasure
2026-10-05T18:03:25.8491135Z   ---
2026-10-05T18:03:25.8491929Z   duration_ms: 1934.615794
2026-10-05T18:03:25.8492915Z   type: 'test'
2026-10-05T18:03:25.8493693Z   ...
2026-10-05T18:03:30.2730029Z # Subtest: owner_state metadata permits feature-off cleanup after audit overflow, revoked/expired, absent revision zero; staff and foreign owner deny
2026-10-05T18:03:30.2739626Z ok 259 - owner_state metadata permits feature-off cleanup after audit overflow, revoked/expired, absent revision zero; staff and foreign owner deny
2026-10-05T18:03:30.2741418Z   ---
2026-10-05T18:03:30.2742074Z   duration_ms: 4427.258604
2026-10-05T18:03:30.2742815Z   type: 'test'
2026-10-05T18:03:30.2743386Z   ...
2026-10-05T18:03:36.5081901Z # Subtest: null intake fields remain unknown, originals never inferred; selected intake Memory dependencies and Trip deletion erase refs
2026-10-05T18:03:36.5119292Z ok 260 - null intake fields remain unknown, originals never inferred; selected intake Memory dependencies and Trip deletion erase refs
2026-10-05T18:03:36.5144176Z   ---
2026-10-05T18:03:36.5146027Z   duration_ms: 6236.172881
2026-10-05T18:03:36.5146628Z   type: 'test'
2026-10-05T18:03:36.5147418Z   ...
2026-10-05T18:03:36.8698270Z # Subtest: full replay rollback, private RLS/ACL deny, empty operators and disabled RPC
2026-10-05T18:03:36.8720521Z ok 261 - full replay rollback, private RLS/ACL deny, empty operators and disabled RPC
2026-10-05T18:03:36.8722211Z   ---
2026-10-05T18:03:36.8723119Z   duration_ms: 20830.375326
2026-10-05T18:03:36.8723761Z   type: 'test'
2026-10-05T18:03:36.8724298Z   ...
2026-10-05T18:03:36.8725337Z # Subtest: existing grants only, no guessed staff, no Trip/Brief reads, strict closed commands
2026-10-05T18:03:36.8726738Z ok 262 - existing grants only, no guessed staff, no Trip/Brief reads, strict closed commands
2026-10-05T18:03:36.8727652Z   ---
2026-10-05T18:03:36.8728187Z   duration_ms: 2068.263495
2026-10-05T18:03:36.8728770Z   type: 'test'
2026-10-05T18:03:36.8729291Z   ...
2026-10-05T18:03:36.8730535Z # Subtest: exact UTF8 bytes, changed whitespace reuse409, immutable receipt and no cross session/surface
2026-10-05T18:03:36.8732066Z ok 263 - exact UTF8 bytes, changed whitespace reuse409, immutable receipt and no cross session/surface
2026-10-05T18:03:36.8733033Z   ---
2026-10-05T18:03:36.8733558Z   duration_ms: 1425.859062
2026-10-05T18:03:36.8734135Z   type: 'test'
2026-10-05T18:03:36.8734854Z   ...
2026-10-05T18:03:36.8735770Z # Subtest: unknown ACK abandon fence and execute race share original operation bytes
2026-10-05T18:03:36.8737348Z ok 264 - unknown ACK abandon fence and execute race share original operation bytes
2026-10-05T18:03:36.8738211Z   ---
2026-10-05T18:03:36.8738749Z   duration_ms: 1762.474097
2026-10-05T18:03:36.8739334Z   type: 'test'
2026-10-05T18:03:36.8739840Z   ...
2026-10-05T18:03:36.8741315Z # Subtest: one actual slot accepts exactly one Case, inactive/unenrolled/no slots reject
2026-10-05T18:03:36.8742597Z ok 265 - one actual slot accepts exactly one Case, inactive/unenrolled/no slots reject
2026-10-05T18:03:36.8743470Z   ---
2026-10-05T18:03:36.8744002Z   duration_ms: 3117.354397
2026-10-05T18:03:36.8744594Z   type: 'test'
2026-10-05T18:03:36.8745143Z   ...
2026-10-05T18:03:36.8746197Z # Subtest: recorded seconds aggregate to minutes, reject future/overlap and contact-only resolution
2026-10-05T18:03:36.8747734Z ok 266 - recorded seconds aggregate to minutes, reject future/overlap and contact-only resolution
2026-10-05T18:03:36.8749459Z   ---
2026-10-05T18:03:36.8750046Z   duration_ms: 2210.927271
2026-10-05T18:03:36.8750935Z   type: 'test'
2026-10-05T18:03:36.8751588Z   ...
2026-10-05T18:03:36.8764782Z # Subtest: legacy revoke/replace wipes source bytes and refs, owner cancel receipt survives fresh read
2026-10-05T18:03:36.8766546Z ok 267 - legacy revoke/replace wipes source bytes and refs, owner cancel receipt survives fresh read
2026-10-05T18:03:36.8767563Z   ---
2026-10-05T18:03:36.8767975Z   duration_ms: 3317.873711
2026-10-05T18:03:36.8768371Z   type: 'test'
2026-10-05T18:03:36.8768580Z   ...
2026-10-05T18:03:36.8769466Z # Subtest: TTL releases capacity and scrubs through bounded maintenance, old staff receipt never replays
2026-10-05T18:03:36.8770753Z ok 268 - TTL releases capacity and scrubs through bounded maintenance, old staff receipt never replays
2026-10-05T18:03:36.8771253Z   ---
2026-10-05T18:03:36.8771640Z   duration_ms: 1661.934737
2026-10-05T18:03:36.8771926Z   type: 'test'
2026-10-05T18:03:36.8772127Z   ...
2026-10-05T18:03:36.8772760Z # Subtest: owner binds original pending Proposal only; staff gets no Trip and archive retains service
2026-10-05T18:03:36.8773619Z ok 269 - owner binds original pending Proposal only; staff gets no Trip and archive retains service
2026-10-05T18:03:36.8774403Z   ---
2026-10-05T18:03:36.8774756Z   duration_ms: 1993.101444
2026-10-05T18:03:36.8775179Z   type: 'test'
2026-10-05T18:03:36.8775505Z   ...
2026-10-05T18:03:36.8776470Z # Subtest: Trip deletion erases binding/evidence/operations but keeps Case; explicit Case delete cascades
2026-10-05T18:03:36.8777964Z ok 270 - Trip deletion erases binding/evidence/operations but keeps Case; explicit Case delete cascades
2026-10-05T18:03:36.8778820Z   ---
2026-10-05T18:03:36.8779172Z   duration_ms: 1722.450102
2026-10-05T18:03:36.8779544Z   type: 'test'
2026-10-05T18:03:36.8779868Z   ...
2026-10-05T18:03:36.8780803Z # Subtest: workspace beyond 50 fails explicitly instead of silently truncating
2026-10-05T18:03:36.8781860Z ok 271 - workspace beyond 50 fails explicitly instead of silently truncating
2026-10-05T18:03:36.8782255Z   ---
2026-10-05T18:03:36.8782637Z   duration_ms: 479.667527
2026-10-05T18:03:36.8782957Z   type: 'test'
2026-10-05T18:03:36.8783153Z   ...
2026-10-05T18:03:36.8783871Z # Subtest: versioned export exact lease, unenrolled partial, cursor replay and source-change invalidation
2026-10-05T18:03:36.8785411Z ok 272 - versioned export exact lease, unenrolled partial, cursor replay and source-change invalidation
2026-10-05T18:03:36.8786221Z   ---
2026-10-05T18:03:36.8786606Z   duration_ms: 4035.253924
2026-10-05T18:03:36.8787000Z   type: 'test'
2026-10-05T18:03:36.8787305Z   ...
2026-10-05T18:03:36.8788250Z # Subtest: explicit owner deletion CAS, irreversible minimal receipt and original-byte late request fence
2026-10-05T18:03:36.8789846Z ok 273 - explicit owner deletion CAS, irreversible minimal receipt and original-byte late request fence
2026-10-05T18:03:36.8790984Z   ---
2026-10-05T18:03:36.8791361Z   duration_ms: 4174.19403
2026-10-05T18:03:36.8791824Z   type: 'test'
2026-10-05T18:03:36.8792172Z   ...
2026-10-05T18:03:36.8793426Z # Subtest: owner export companion source digest, closed columns, no staff session, bounds and source erasure
2026-10-05T18:03:36.8795078Z ok 274 - owner export companion source digest, closed columns, no staff session, bounds and source erasure
2026-10-05T18:03:36.8795946Z   ---
2026-10-05T18:03:36.8796316Z   duration_ms: 5128.523388
2026-10-05T18:03:36.8796723Z   type: 'test'
2026-10-05T18:03:36.8797075Z   ...
2026-10-05T18:03:36.8797852Z # Subtest: membership/shift/slot withdrawn after commit denies staff body and receipt replay
2026-10-05T18:03:36.8799118Z ok 275 - membership/shift/slot withdrawn after commit denies staff body and receipt replay
2026-10-05T18:03:36.8799839Z   ---
2026-10-05T18:03:36.8800291Z   duration_ms: 4556.680516
2026-10-05T18:03:36.8800672Z   type: 'test'
2026-10-05T18:03:36.8800991Z   ...
2026-10-05T18:03:36.8802075Z # Subtest: business switch off preserves independent owner data recovery/export/delete and isolation
2026-10-05T18:03:36.8803319Z ok 276 - business switch off preserves independent owner data recovery/export/delete and isolation
2026-10-05T18:03:36.8804111Z   ---
2026-10-05T18:03:36.8804440Z   duration_ms: 1692.667892
2026-10-05T18:03:36.8804862Z   type: 'test'
2026-10-05T18:03:36.8805202Z   ...
2026-10-05T18:03:36.8806096Z # Subtest: old grant revoke races acceptance on shared Case lock; replacement never revives old staff
2026-10-05T18:03:36.8807430Z ok 277 - old grant revoke races acceptance on shared Case lock; replacement never revives old staff
2026-10-05T18:03:36.8808195Z   ---
2026-10-05T18:03:36.8808561Z   duration_ms: 3214.695448
2026-10-05T18:03:36.8808989Z   type: 'test'
2026-10-05T18:03:36.8809371Z   ...
2026-10-05T18:03:36.8810587Z # Subtest: canonical version zero Trip binding and original pending Proposal keep owner/current guards
2026-10-05T18:03:36.8812036Z ok 278 - canonical version zero Trip binding and original pending Proposal keep owner/current guards
2026-10-05T18:03:36.8812830Z   ---
2026-10-05T18:03:36.8813215Z   duration_ms: 4243.540682
2026-10-05T18:03:36.8813634Z   type: 'test'
2026-10-05T18:03:36.8814005Z   ...
2026-10-05T18:03:36.8815233Z # Subtest: actual withdrawal signal captures bounded graph, independent review, persistent effect+ACK and no fake unsupported consumer
2026-10-05T18:03:36.8817233Z ok 279 - actual withdrawal signal captures bounded graph, independent review, persistent effect+ACK and no fake unsupported consumer
2026-10-05T18:03:36.8818257Z   ---
2026-10-05T18:03:36.8818621Z   duration_ms: 21907.003045
2026-10-05T18:03:36.8819055Z   type: 'test'
2026-10-05T18:03:36.8819422Z   ...
2026-10-05T18:03:36.8820771Z # Subtest: real graph insertion before cursor makes append/review stale and current source CAS refuses old signal
2026-10-05T18:03:36.8822407Z ok 280 - real graph insertion before cursor makes append/review stale and current source CAS refuses old signal
2026-10-05T18:03:36.8823273Z   ---
2026-10-05T18:03:36.8823599Z   duration_ms: 1700.168671
2026-10-05T18:03:36.8824003Z   type: 'test'
2026-10-05T18:03:36.8824343Z   ...
2026-10-05T18:03:36.8825495Z # Subtest: old lease cannot ACK/fail newer generation; real apply rollback leaves no marker and revoked reviewer blocks effects
2026-10-05T18:03:36.8827257Z ok 281 - old lease cannot ACK/fail newer generation; real apply rollback leaves no marker and revoked reviewer blocks effects
2026-10-05T18:03:36.8828225Z   ---
2026-10-05T18:03:36.8828565Z   duration_ms: 2839.449246
2026-10-05T18:03:36.8828977Z   type: 'test'
2026-10-05T18:03:36.8829305Z   ...
2026-10-05T18:03:36.8830654Z # Subtest: historical payload mismatch stays a source-linked recheck candidate, without collecting private dialog or proving current facts
2026-10-05T18:03:36.8832642Z ok 282 - historical payload mismatch stays a source-linked recheck candidate, without collecting private dialog or proving current facts
2026-10-05T18:03:36.8833671Z   ---
2026-10-05T18:03:36.8834057Z   duration_ms: 2527.557032
2026-10-05T18:03:36.8834485Z   type: 'test'
2026-10-05T18:03:36.8834819Z   ...
2026-10-05T18:03:36.8835930Z # Subtest: hard graph1000+sentinel overflow cannot approve or silently become a100-item whole set
2026-10-05T18:03:36.8837199Z ok 283 - hard graph1000+sentinel overflow cannot approve or silently become a100-item whole set
2026-10-05T18:03:36.8837978Z   ---
2026-10-05T18:03:36.8838312Z   duration_ms: 1559.094393
2026-10-05T18:03:36.8838749Z   type: 'test'
2026-10-05T18:03:36.8839068Z   ...
2026-10-05T18:03:36.8840347Z # Subtest: new derived historical metadata sanitizes on hide/turn delete, invalidates old review/cursors and retains public audit
2026-10-05T18:03:36.8842117Z ok 284 - new derived historical metadata sanitizes on hide/turn delete, invalidates old review/cursors and retains public audit
2026-10-05T18:03:36.8843031Z   ---
2026-10-05T18:03:36.8843349Z   duration_ms: 13130.169757
2026-10-05T18:03:36.8843764Z   type: 'test'
2026-10-05T18:03:36.8844333Z   ...
2026-10-05T18:04:03.6679145Z # Subtest: translation older than the legacy20 reopens through bounded pages and exact same source
2026-10-05T18:04:03.6685835Z ok 285 - translation older than the legacy20 reopens through bounded pages and exact same source
2026-10-05T18:04:03.6686964Z   ---
2026-10-05T18:04:03.6687590Z   duration_ms: 33566.356076
2026-10-05T18:04:03.6688378Z   type: 'test'
2026-10-05T18:04:03.6688926Z   ...
2026-10-05T18:04:03.6690589Z # Subtest: sparse raw128 window is unavailable without exposing a hidden scan cursor or partial phrase
2026-10-05T18:04:03.6692481Z ok 286 - sparse raw128 window is unavailable without exposing a hidden scan cursor or partial phrase
2026-10-05T18:04:03.6693794Z   ---
2026-10-05T18:04:03.6694579Z   duration_ms: 34634.724519
2026-10-05T18:04:03.6695425Z   type: 'test'
2026-10-05T18:04:03.6695978Z   ...
2026-10-05T18:04:09.9482456Z # Subtest: same list/exact eligibility rejects status, hidden/deleted/thread, consent/policy and replaced actor
2026-10-05T18:04:09.9486153Z ok 287 - same list/exact eligibility rejects status, hidden/deleted/thread, consent/policy and replaced actor
2026-10-05T18:04:09.9487425Z   ---
2026-10-05T18:04:09.9488108Z   duration_ms: 6280.132818
2026-10-05T18:04:09.9488771Z   type: 'test'
2026-10-05T18:04:09.9489339Z   ...
2026-10-05T18:04:10.3563904Z # Subtest: archive SQL: owner isolation, atomic retries, failure preservation, service retention and fresh Trip
2026-10-05T18:04:10.3568355Z ok 288 - archive SQL: owner isolation, atomic retries, failure preservation, service retention and fresh Trip
2026-10-05T18:04:10.3569731Z   ---
2026-10-05T18:04:10.3570685Z   duration_ms: 23770.988003
2026-10-05T18:04:10.3571402Z   type: 'test'
2026-10-05T18:04:10.3572104Z   ...
2026-10-05T18:04:17.3472678Z # Subtest: VPJ-61 SQL lifecycle, existing writers, locks, erasure and versioned export
2026-10-05T18:04:17.3483141Z     # Subtest: ACL/RLS/default-deny and legacy reconciliation
2026-10-05T18:04:17.3484269Z     ok 1 - ACL/RLS/default-deny and legacy reconciliation
2026-10-05T18:04:17.3485178Z       ---
2026-10-05T18:04:17.3485788Z       duration_ms: 1698.3531
2026-10-05T18:04:17.3486454Z       type: 'test'
2026-10-05T18:04:17.3487035Z       ...
2026-10-05T18:04:17.3488070Z     # Subtest: bulk Trip INSERT validates statement capacity, legacy, RLS and concurrent rollback
2026-10-05T18:04:17.3489565Z     ok 2 - bulk Trip INSERT validates statement capacity, legacy, RLS and concurrent rollback
2026-10-05T18:04:17.3490831Z       ---
2026-10-05T18:04:17.3491431Z       duration_ms: 6235.879515
2026-10-05T18:04:17.3492052Z       type: 'test'
2026-10-05T18:04:17.3492639Z       ...
2026-10-05T18:04:17.3493552Z     # Subtest: canonical input, exact raw replay, durable rejection and unknown abandon
2026-10-05T18:04:17.3494845Z     ok 3 - canonical input, exact raw replay, durable rejection and unknown abandon
2026-10-05T18:04:17.3495793Z       ---
2026-10-05T18:04:17.3496457Z       duration_ms: 2724.409375
2026-10-05T18:04:17.3497110Z       type: 'test'
2026-10-05T18:04:17.3499491Z       ...
2026-10-05T18:04:17.3501369Z     # Subtest: old direct create shares capacity, actual producer confirm, active swaps and rollback
2026-10-05T18:04:17.3504882Z     ok 4 - old direct create shares capacity, actual producer confirm, active swaps and rollback
2026-10-05T18:04:17.3506371Z       ---
2026-10-05T18:04:17.3506942Z       duration_ms: 2787.374958
2026-10-05T18:04:17.3511020Z       type: 'test'
2026-10-05T18:04:17.3511668Z       ...
2026-10-05T18:04:17.3512724Z     # Subtest: original archive atomic failure, keep/skip qualification, services retained and erasure
2026-10-05T18:04:17.3514296Z     ok 5 - original archive atomic failure, keep/skip qualification, services retained and erasure
2026-10-05T18:04:17.3515346Z       ---
2026-10-05T18:04:17.3516501Z       duration_ms: 4275.833865
2026-10-05T18:04:17.3517156Z       type: 'test'
2026-10-05T18:04:17.3517693Z       ...
2026-10-05T18:04:17.3518721Z     # Subtest: paginated revision fences real head/delete mutations and old replay survives archive
2026-10-05T18:04:17.3520692Z     ok 6 - paginated revision fences real head/delete mutations and old replay survives archive
2026-10-05T18:04:17.3521720Z       ---
2026-10-05T18:04:17.3522362Z       duration_ms: 1593.337664
2026-10-05T18:04:17.3522971Z       type: 'test'
2026-10-05T18:04:17.3523503Z       ...
2026-10-05T18:04:17.3524585Z     # Subtest: real lock conflicts remain unknown, same-op concurrent create, account replacement and rollback
2026-10-05T18:04:17.3526092Z     ok 7 - real lock conflicts remain unknown, same-op concurrent create, account replacement and rollback
2026-10-05T18:04:17.3527167Z       ---
2026-10-05T18:04:17.3527891Z       duration_ms: 6336.941604
2026-10-05T18:04:17.3528561Z       type: 'test'
2026-10-05T18:04:17.3529127Z       ...
2026-10-05T18:04:17.3530407Z     # Subtest: actual old create/confirm/archive/delete/replacement transactions race the lifecycle entry
2026-10-05T18:04:17.3547032Z     ok 8 - actual old create/confirm/archive/delete/replacement transactions race the lifecycle entry
2026-10-05T18:04:17.3639101Z       ---
2026-10-05T18:04:17.3640258Z       duration_ms: 6268.32664
2026-10-05T18:04:17.3641452Z       type: 'test'
2026-10-05T18:04:17.3649613Z       ...
2026-10-05T18:04:17.3651285Z     # Subtest: archive historical exact references retain original readers and refuse withdrawn sources
2026-10-05T18:04:17.3653819Z     ok 9 - archive historical exact references retain original readers and refuse withdrawn sources
2026-10-05T18:04:17.3655002Z       ---
2026-10-05T18:04:17.3655930Z       duration_ms: 21116.420038
2026-10-05T18:04:17.3656748Z       type: 'test'
2026-10-05T18:04:17.3657277Z       ...
2026-10-05T18:04:19.7386246Z     # Subtest: v2 export exact lease enrollment, old decoder preservation, source fence and delete cascade
2026-10-05T18:04:19.7412610Z     ok 10 - v2 export exact lease enrollment, old decoder preservation, source fence and delete cascade
2026-10-05T18:04:19.7493812Z       ---
2026-10-05T18:04:19.7494451Z       duration_ms: 2391.292111
2026-10-05T18:04:19.7494991Z       type: 'test'
2026-10-05T18:04:19.7495522Z       ...
2026-10-05T18:04:20.0668877Z     1..10
2026-10-05T18:04:20.0707727Z ok 289 - VPJ-61 SQL lifecycle, existing writers, locks, erasure and versioned export
2026-10-05T18:04:20.0713271Z   ---
2026-10-05T18:04:20.0713813Z   duration_ms: 74761.124827
2026-10-05T18:04:20.0714457Z   type: 'test'
2026-10-05T18:04:20.0714992Z   ...
2026-10-05T18:04:21.4108553Z # Subtest: full migration compile and default revoked ACL/RLS; ordinary original writer unchanged
2026-10-05T18:04:21.4169401Z ok 290 - full migration compile and default revoked ACL/RLS; ordinary original writer unchanged
2026-10-05T18:04:21.4220272Z   ---
2026-10-05T18:04:21.4232405Z   duration_ms: 20711.919338
2026-10-05T18:04:21.4233469Z   type: 'test'
2026-10-05T18:04:21.4234293Z   ...
2026-10-05T18:04:21.4237123Z # Subtest: missing actual reservation authority fails closed, no context/proposal or Trip write
2026-10-05T18:04:21.4239401Z ok 291 - missing actual reservation authority fails closed, no context/proposal or Trip write
2026-10-05T18:04:21.4240890Z   ---
2026-10-05T18:04:21.4242254Z   duration_ms: 1535.228552
2026-10-05T18:04:21.4243230Z   type: 'test'
2026-10-05T18:04:21.4244462Z   ...
2026-10-05T18:04:21.4252886Z # Subtest: closed typed input future/stale/highrisk/fixed/foreign scope rejects without writes
2026-10-05T18:04:21.4296277Z ok 292 - closed typed input future/stale/highrisk/fixed/foreign scope rejects without writes
2026-10-05T18:04:21.4301229Z   ---
2026-10-05T18:04:21.4302226Z   duration_ms: 2579.828041
2026-10-05T18:04:21.4303583Z   type: 'test'
2026-10-05T18:04:21.4305017Z   ...
2026-10-05T18:04:21.4307094Z # Subtest: permanent recovery marker without association rejects direct original confirm and revision; full rollback
2026-10-05T18:04:21.4501580Z ok 293 - permanent recovery marker without association rejects direct original confirm and revision; full rollback
2026-10-05T18:04:21.4515705Z   ---
2026-10-05T18:04:21.4549848Z   duration_ms: 1598.276614
2026-10-05T18:04:21.4552677Z   type: 'test'
2026-10-05T18:04:21.4553331Z   ...
2026-10-05T18:04:21.4554618Z # Subtest: transport closed source input never fabricates user report; absent real reader/proof callback leaves no context
2026-10-05T18:04:21.4556398Z ok 294 - transport closed source input never fabricates user report; absent real reader/proof callback leaves no context
2026-10-05T18:04:21.4557449Z   ---
2026-10-05T18:04:21.4557929Z   duration_ms: 3690.761384
2026-10-05T18:04:21.4558461Z   type: 'test'
2026-10-05T18:04:21.4558927Z   ...
2026-10-05T18:04:21.4560093Z # Subtest: unqualified transport association rejects before first Trip mutation; private proof cannot be client minted
2026-10-05T18:04:21.4562506Z ok 295 - unqualified transport association rejects before first Trip mutation; private proof cannot be client minted
2026-10-05T18:04:21.4563435Z   ---
2026-10-05T18:04:21.4563832Z   duration_ms: 2496.741611
2026-10-05T18:04:21.4564244Z   type: 'test'
2026-10-05T18:04:21.4564618Z   ...
2026-10-05T18:04:21.4565479Z # Subtest: server context exact replay/current Profile; same operation changed body conflicts
2026-10-05T18:04:21.4566882Z ok 296 - server context exact replay/current Profile; same operation changed body conflicts
2026-10-05T18:04:21.4567621Z   ---
2026-10-05T18:04:21.4567949Z   duration_ms: 1490.50639
2026-10-05T18:04:21.4568336Z   type: 'test'
2026-10-05T18:04:21.4568664Z   ...
2026-10-05T18:04:21.4569698Z # Subtest: single original confirm preserves all fixed/unselected/date/window scope; exact historical retry/read
2026-10-05T18:04:21.4571715Z ok 297 - single original confirm preserves all fixed/unselected/date/window scope; exact historical retry/read
2026-10-05T18:04:21.4572568Z   ---
2026-10-05T18:04:21.4572885Z   duration_ms: 2141.277412
2026-10-05T18:04:21.4573265Z   type: 'test'
2026-10-05T18:04:21.4573593Z   ...
2026-10-05T18:04:21.4574638Z # Subtest: lost ACK exact submit/read concurrent replay creates one proposal/operation; changed choice conflicts
2026-10-05T18:04:21.4576177Z ok 298 - lost ACK exact submit/read concurrent replay creates one proposal/operation; changed choice conflicts
2026-10-05T18:04:21.4577035Z   ---
2026-10-05T18:04:21.4577373Z   duration_ms: 1863.264942
2026-10-05T18:04:21.4577754Z   type: 'test'
2026-10-05T18:04:21.4578089Z   ...
2026-10-05T18:04:21.4579111Z # Subtest: concurrent same-key original confirmation applies once with one event/version and exact operation recovery
2026-10-05T18:04:21.4580990Z ok 299 - concurrent same-key original confirmation applies once with one event/version and exact operation recovery
2026-10-05T18:04:21.4581916Z   ---
2026-10-05T18:04:21.4582283Z   duration_ms: 1723.995299
2026-10-05T18:04:21.4582691Z   type: 'test'
2026-10-05T18:04:21.4583036Z   ...
2026-10-05T18:04:21.4584120Z # Subtest: Profile change direct original confirm rolls back; malformed alternate support cannot bypass the original writer
2026-10-05T18:04:21.4585797Z ok 300 - Profile change direct original confirm rolls back; malformed alternate support cannot bypass the original writer
2026-10-05T18:04:21.4586702Z   ---
2026-10-05T18:04:21.4587022Z   duration_ms: 1789.25234
2026-10-05T18:04:21.4587399Z   type: 'test'
2026-10-05T18:04:21.4587706Z   ...
2026-10-05T18:04:21.4588824Z # Subtest: all recovery revisions including same patch are rejected; title/rollback/expiry cannot bypass
2026-10-05T18:04:21.4601283Z ok 301 - all recovery revisions including same patch are rejected; title/rollback/expiry cannot bypass
2026-10-05T18:04:21.4602132Z   ---
2026-10-05T18:04:21.4602620Z   duration_ms: 2344.804489
2026-10-05T18:04:21.4603025Z   type: 'test'
2026-10-05T18:04:21.4603382Z   ...
2026-10-05T18:04:21.4604289Z # Subtest: expiry clock at commit rejects original writer even if legacy now() allowed the patch
2026-10-05T18:04:21.4605675Z ok 302 - expiry clock at commit rejects original writer even if legacy now() allowed the patch
2026-10-05T18:04:21.4606429Z   ---
2026-10-05T18:04:21.4606752Z   duration_ms: 3262.004511
2026-10-05T18:04:21.4607542Z   type: 'test'
2026-10-05T18:04:21.4607897Z   ...
2026-10-05T18:04:21.4608883Z # Subtest: new source reservation / reference correction invalidates actual confirmation atomically
2026-10-05T18:04:21.4610515Z ok 303 - new source reservation / reference correction invalidates actual confirmation atomically
2026-10-05T18:04:21.4611327Z   ---
2026-10-05T18:04:21.4611682Z   duration_ms: 1797.554494
2026-10-05T18:04:21.4612072Z   type: 'test'
2026-10-05T18:04:21.4612419Z   ...
2026-10-05T18:04:21.4613670Z # Subtest: user-confirmed preservation binds exact current real order without qualification upgrade; unknown/missing/date/duplicate blocked
2026-10-05T18:04:21.4615672Z ok 304 - user-confirmed preservation binds exact current real order without qualification upgrade; unknown/missing/date/duplicate blocked
2026-10-05T18:04:21.4616893Z   ---
2026-10-05T18:04:21.4617250Z   duration_ms: 3491.320573
2026-10-05T18:04:21.4617715Z   type: 'test'
2026-10-05T18:04:21.4618088Z   ...
2026-10-05T18:04:23.1512331Z # Subtest: late source drift in same original writer transaction rejects all writes at deferred guard
2026-10-05T18:04:23.1518544Z ok 305 - late source drift in same original writer transaction rejects all writes at deferred guard
2026-10-05T18:04:23.1519948Z   ---
2026-10-05T18:04:23.1520918Z   duration_ms: 1749.683855
2026-10-05T18:04:23.1521872Z   type: 'test'
2026-10-05T18:04:23.1522681Z   ...
2026-10-05T18:04:27.8808685Z # Subtest: account/Trip deletion cascades personal rows; clearing association keeps permanent rejection marker
2026-10-05T18:04:27.8832547Z ok 306 - account/Trip deletion cascades personal rows; clearing association keeps permanent rejection marker
2026-10-05T18:04:27.8848777Z   ---
2026-10-05T18:04:27.8849393Z   duration_ms: 4717.186478
2026-10-05T18:04:27.8849940Z   type: 'test'
2026-10-05T18:04:27.8850848Z   ...
2026-10-05T18:04:35.7808491Z # Subtest: lifecycle-only unqualified records cascade on real archive/deletion request/account/Trip paths
2026-10-05T18:04:35.7831931Z ok 307 - lifecycle-only unqualified records cascade on real archive/deletion request/account/Trip paths
2026-10-05T18:04:35.7833189Z   ---
2026-10-05T18:04:35.7833818Z   duration_ms: 7907.608124
2026-10-05T18:04:35.7834540Z   type: 'test'
2026-10-05T18:04:35.7835130Z   ...
2026-10-05T18:04:39.5091585Z # Subtest: private exact real export lease reads only owned metadata, is partial/unenrolled and rejects wrong lease/cursor
2026-10-05T18:04:39.5096405Z ok 308 - private exact real export lease reads only owned metadata, is partial/unenrolled and rejects wrong lease/cursor
2026-10-05T18:04:39.5097674Z   ---
2026-10-05T18:04:39.5098257Z   duration_ms: 3730.253086
2026-10-05T18:04:39.5098901Z   type: 'test'
2026-10-05T18:04:39.5099450Z   ...
2026-10-05T18:04:39.7066838Z # Subtest: private export stays partial unenrolled and requires exact live original lease; no ordinary ACL
2026-10-05T18:04:39.7071590Z ok 309 - private export stays partial unenrolled and requires exact live original lease; no ordinary ACL
2026-10-05T18:04:39.7072720Z   ---
2026-10-05T18:04:39.7073345Z   duration_ms: 197.073438
2026-10-05T18:04:39.7074000Z   type: 'test'
2026-10-05T18:04:39.7074552Z   ...
2026-10-05T18:04:44.7614531Z # Subtest: R2 actual reservation basis/qualified address source to public preparation/selection/original concurrent confirmation and same operation read
2026-10-05T18:04:44.7640975Z ok 310 - R2 actual reservation basis/qualified address source to public preparation/selection/original concurrent confirmation and same operation read
2026-10-05T18:04:44.7642472Z   ---
2026-10-05T18:04:44.7643010Z   duration_ms: 24540.423812
2026-10-05T18:04:44.7643585Z   type: 'test'
2026-10-05T18:04:44.7644091Z   ...
2026-10-05T18:04:44.7645351Z # Subtest: R2 original writer deferred guard rolls back same transaction stop/policy/member/source/receipt changes
2026-10-05T18:04:44.7647141Z ok 311 - R2 original writer deferred guard rolls back same transaction stop/policy/member/source/receipt changes
2026-10-05T18:04:44.7648246Z   ---
2026-10-05T18:04:44.7649180Z   duration_ms: 25546.241497
2026-10-05T18:04:44.7649830Z   type: 'test'
2026-10-05T18:04:44.7650908Z   ...
2026-10-05T18:04:44.7652194Z # Subtest: R2 shortest qualified deadline expires at original commit and rolls back actual Trip/idempotency/proof
2026-10-05T18:04:44.7654055Z ok 312 - R2 shortest qualified deadline expires at original commit and rolls back actual Trip/idempotency/proof
2026-10-05T18:04:44.7655222Z   ---
2026-10-05T18:04:44.7655777Z   duration_ms: 7255.888918
2026-10-05T18:04:44.7656365Z   type: 'test'
2026-10-05T18:04:44.7656870Z   ...
2026-10-05T18:04:44.7658079Z # Subtest: R2 mobile epoch mutation and concurrent reservation change cannot bypass original source/owner scope
2026-10-05T18:04:44.7659802Z ok 313 - R2 mobile epoch mutation and concurrent reservation change cannot bypass original source/owner scope
2026-10-05T18:04:44.7661084Z   ---
2026-10-05T18:04:44.7661654Z   duration_ms: 10460.644763
2026-10-05T18:04:44.7662281Z   type: 'test'
2026-10-05T18:04:44.7662837Z   ...
2026-10-05T18:04:45.1285190Z # Subtest: fixed SQL current support12 fields survive real HTTP decoding; withdrawn values stay null and Ops IDs excluded
2026-10-05T18:04:45.1295418Z ok 314 - fixed SQL current support12 fields survive real HTTP decoding; withdrawn values stay null and Ops IDs excluded
2026-10-05T18:04:45.1296719Z   ---
2026-10-05T18:04:45.1297297Z   duration_ms: 22620.157606
2026-10-05T18:04:45.1297886Z   type: 'test'
2026-10-05T18:04:45.1298387Z   ...
2026-10-05T18:04:45.1299438Z # Subtest: immutable SQL qualified subset and field hashes interoperate with actual TS parser and signer
2026-10-05T18:04:45.1301140Z ok 315 - immutable SQL qualified subset and field hashes interoperate with actual TS parser and signer
2026-10-05T18:04:45.1302070Z   ---
2026-10-05T18:04:45.1302528Z   duration_ms: 20850.601605
2026-10-05T18:04:45.1303060Z   type: 'test'
2026-10-05T18:04:45.1303507Z   ...
2026-10-05T18:04:45.1304536Z # Subtest: real authenticated EXECUTE denial remains unavailable in TS error mapping; no grants/Auth bypass
2026-10-05T18:04:45.1306064Z ok 316 - real authenticated EXECUTE denial remains unavailable in TS error mapping; no grants/Auth bypass
2026-10-05T18:04:45.1306974Z   ---
2026-10-05T18:04:45.1307445Z   duration_ms: 492.293135
2026-10-05T18:04:45.1308107Z   type: 'test'
2026-10-05T18:04:45.1308925Z   ...
2026-10-05T18:04:53.9452045Z # Subtest: controlled command is candidate only, confirm binds exact fields; same operation retries do not mint rights
2026-10-05T18:04:53.9488208Z ok 317 - controlled command is candidate only, confirm binds exact fields; same operation retries do not mint rights
2026-10-05T18:04:53.9489445Z   ---
2026-10-05T18:04:53.9492470Z   duration_ms: 20467.532189
2026-10-05T18:04:53.9493710Z   type: 'test'
2026-10-05T18:04:53.9494541Z   ...
2026-10-05T18:04:55.9846996Z # Subtest: existing ordinary content remains online, partial qualified subset and canonical bytes preserve opaque IDs
2026-10-05T18:04:55.9854117Z ok 318 - existing ordinary content remains online, partial qualified subset and canonical bytes preserve opaque IDs
2026-10-05T18:04:55.9855326Z   ---
2026-10-05T18:04:55.9855695Z   duration_ms: 2039.77546
2026-10-05T18:04:55.9856087Z   type: 'test'
2026-10-05T18:04:55.9856410Z   ...
2026-10-05T18:04:58.8643530Z # Subtest: same-date/new command cannot overwrite, old revision/rejection/expiry/rollback cannot acquire provenance
2026-10-05T18:04:58.8658780Z ok 319 - same-date/new command cannot overwrite, old revision/rejection/expiry/rollback cannot acquire provenance
2026-10-05T18:04:58.8691125Z   ---
2026-10-05T18:04:58.8703202Z   duration_ms: 2877.028179
2026-10-05T18:04:58.8716812Z   type: 'test'
2026-10-05T18:04:58.8758689Z   ...
2026-10-05T18:05:00.9062815Z # Subtest: revoke, epoch replacement, archive/deletion, foreign actor and closed ACL all fail read without grants
2026-10-05T18:05:00.9066438Z ok 320 - revoke, epoch replacement, archive/deletion, foreign actor and closed ACL all fail read without grants
2026-10-05T18:05:00.9067697Z   ---
2026-10-05T18:05:00.9068293Z   duration_ms: 2045.23365
2026-10-05T18:05:00.9069388Z   type: 'test'
2026-10-05T18:05:00.9069954Z   ...
2026-10-05T18:05:02.7871688Z # Subtest: archive and queued/completed Trip deletion close reads and cascade source metadata through old lifecycle
2026-10-05T18:05:02.7877290Z ok 321 - archive and queued/completed Trip deletion close reads and cascade source metadata through old lifecycle
2026-10-05T18:05:02.7878626Z   ---
2026-10-05T18:05:02.7879202Z   duration_ms: 1870.739372
2026-10-05T18:05:02.7879829Z   type: 'test'
2026-10-05T18:05:02.7880642Z   ...
2026-10-05T18:05:04.1071530Z # Subtest: late source binding fault rolls back original confirmation; no snapshot/event/head/receipt partial write
2026-10-05T18:05:04.1090639Z ok 322 - late source binding fault rolls back original confirmation; no snapshot/event/head/receipt partial write
2026-10-05T18:05:04.1111076Z   ---
2026-10-05T18:05:04.1111750Z   duration_ms: 1330.49043
2026-10-05T18:05:04.1112340Z   type: 'test'
2026-10-05T18:05:04.1112842Z   ...
2026-10-05T18:05:06.1933089Z # Subtest: independent export sections page metadata only; owner cursor isolation and all API rights stay revoked
2026-10-05T18:05:06.1959316Z ok 323 - independent export sections page metadata only; owner cursor isolation and all API rights stay revoked
2026-10-05T18:05:06.1972076Z   ---
2026-10-05T18:05:06.2003191Z   duration_ms: 2086.209403
2026-10-05T18:05:06.2024099Z   type: 'test'
2026-10-05T18:05:06.2052779Z   ...
2026-10-05T18:05:18.4115422Z # Subtest: actual SQL/HTTP source qualification and original confirmation; missing reader is pending without invented order scope
2026-10-05T18:05:18.4121254Z ok 324 - actual SQL/HTTP source qualification and original confirmation; missing reader is pending without invented order scope
2026-10-05T18:05:18.4122615Z   ---
2026-10-05T18:05:18.4123222Z   duration_ms: 37763.348409
2026-10-05T18:05:18.4123883Z   type: 'test'
2026-10-05T18:05:18.4124474Z   ...
2026-10-05T18:05:23.1293346Z # Subtest: full200 migration compiles and all new support APIs remain default revoked with no direct ordinary Trip mutation
2026-10-05T18:05:23.1297284Z ok 325 - full200 migration compiles and all new support APIs remain default revoked with no direct ordinary Trip mutation
2026-10-05T18:05:23.1301168Z   ---
2026-10-05T18:05:23.1301845Z   duration_ms: 19649.997402
2026-10-05T18:05:23.1302470Z   type: 'test'
2026-10-05T18:05:23.1303028Z   ...
2026-10-05T18:05:23.1304384Z # Subtest: actual typed window NULL/missing/bad calendar cannot become matched; replacement window re-evaluates current item
2026-10-05T18:05:23.1306474Z ok 326 - actual typed window NULL/missing/bad calendar cannot become matched; replacement window re-evaluates current item
2026-10-05T18:05:23.1315422Z   ---
2026-10-05T18:05:23.1316083Z   duration_ms: 1352.407623
2026-10-05T18:05:23.1316687Z   type: 'test'
2026-10-05T18:05:23.1317103Z   ...
2026-10-05T18:05:23.1318337Z # Subtest: actual reviewed source and entity mapping -> selected receipt -> original confirmation and support, replay selection cannot change
2026-10-05T18:05:23.1319744Z ok 327 - actual reviewed source and entity mapping -> selected receipt -> original confirmation and support, replay selection cannot change
2026-10-05T18:05:23.1320792Z   ---
2026-10-05T18:05:23.1321566Z   duration_ms: 3806.224027
2026-10-05T18:05:23.1322006Z   type: 'test'
2026-10-05T18:05:23.1322355Z   ...
2026-10-05T18:05:23.1323477Z # Subtest: actual renewal with reviewed noncovering window loses matched and old/renewed private rows follow deletion ordering
2026-10-05T18:05:23.1325238Z ok 328 - actual renewal with reviewed noncovering window loses matched and old/renewed private rows follow deletion ordering
2026-10-05T18:05:23.1326177Z   ---
2026-10-05T18:05:23.1326554Z   duration_ms: 4866.405786
2026-10-05T18:05:23.1326964Z   type: 'test'
2026-10-05T18:05:23.1327302Z   ...
2026-10-05T18:05:23.1328553Z # Subtest: source loss between selection and confirmation preserves Trip but emits minimal marker; owner deletion removes support inventory
2026-10-05T18:05:23.1331266Z ok 329 - source loss between selection and confirmation preserves Trip but emits minimal marker; owner deletion removes support inventory
2026-10-05T18:05:23.1332312Z   ---
2026-10-05T18:05:23.1332692Z   duration_ms: 3766.239042
2026-10-05T18:05:23.1333102Z   type: 'test'
2026-10-05T18:05:23.1333431Z   ...
2026-10-05T18:05:23.1334602Z # Subtest: actual one reviewed source set delivers two supports with lost ACK and immutable provenance; renewed receipt makes old set stale
2026-10-05T18:05:23.1336500Z ok 330 - actual one reviewed source set delivers two supports with lost ACK and immutable provenance; renewed receipt makes old set stale
2026-10-05T18:05:23.1337586Z   ---
2026-10-05T18:05:23.1337924Z   duration_ms: 7235.078206
2026-10-05T18:05:23.1338309Z   type: 'test'
2026-10-05T18:05:23.1338675Z   ...
2026-10-05T18:05:31.8045168Z # Subtest: admission binds owner, session and immutable retry limits; duplicate admission is atomic
2026-10-05T18:05:31.8076768Z ok 331 - admission binds owner, session and immutable retry limits; duplicate admission is atomic
2026-10-05T18:05:31.8118479Z   ---
2026-10-05T18:05:31.8138618Z   duration_ms: 20138.62413
2026-10-05T18:05:31.8139997Z   type: 'test'
2026-10-05T18:05:31.8140587Z   ...
2026-10-05T18:05:31.8141416Z # Subtest: concurrent SQL clients claim once; expiry fences the old lease
2026-10-05T18:05:31.8146564Z ok 332 - concurrent SQL clients claim once; expiry fences the old lease
2026-10-05T18:05:31.8147931Z   ---
2026-10-05T18:05:31.8148286Z   duration_ms: 1177.915798
2026-10-05T18:05:31.8159693Z   type: 'test'
2026-10-05T18:05:31.8160336Z   ...
2026-10-05T18:05:31.8161125Z # Subtest: retry exhaustion and expired final attempt quarantine exactly once
2026-10-05T18:05:31.8162243Z ok 333 - retry exhaustion and expired final attempt quarantine exactly once
2026-10-05T18:05:31.8163034Z   ---
2026-10-05T18:05:31.8221452Z   duration_ms: 2011.843153
2026-10-05T18:05:31.8222410Z   type: 'test'
2026-10-05T18:05:31.8223170Z   ...
2026-10-05T18:05:31.8224214Z # Subtest: real cancellation RPC and worker finish race produce one terminal
2026-10-05T18:05:31.8225765Z ok 334 - real cancellation RPC and worker finish race produce one terminal
2026-10-05T18:05:31.8226856Z   ---
2026-10-05T18:05:31.8227596Z   duration_ms: 3643.381332
2026-10-05T18:05:31.8228328Z   type: 'test'
2026-10-05T18:05:31.8228933Z   ...
2026-10-05T18:05:31.8230892Z # Subtest: revoked sessions, archived threads and mobile replacement reject late completion
2026-10-05T18:05:31.8233024Z ok 335 - revoked sessions, archived threads and mobile replacement reject late completion
2026-10-05T18:05:31.8234425Z   ---
2026-10-05T18:05:31.8235045Z   duration_ms: 2736.765888
2026-10-05T18:05:31.8236054Z   type: 'test'
2026-10-05T18:05:31.8236955Z   ...
2026-10-05T18:05:31.8238222Z # Subtest: ordinary roles cannot read the queue or call worker RPCs; deletion cascades
2026-10-05T18:05:31.8240038Z ok 336 - ordinary roles cannot read the queue or call worker RPCs; deletion cascades
2026-10-05T18:05:31.8241619Z   ---
2026-10-05T18:05:31.8242248Z   duration_ms: 1343.077759
2026-10-05T18:05:31.8243209Z   type: 'test'
2026-10-05T18:05:31.8244131Z   ...
2026-10-05T18:05:31.8246987Z # Subtest: TypeScript consumer uses durable finish; abort keeps work recoverable without late completion
2026-10-05T18:05:31.8268948Z ok 337 - TypeScript consumer uses durable finish; abort keeps work recoverable without late completion
2026-10-05T18:05:31.8270484Z   ---
2026-10-05T18:05:31.8271754Z   duration_ms: 1489.709545
2026-10-05T18:05:31.8272715Z   type: 'test'
2026-10-05T18:05:31.8273364Z   ...
2026-10-05T18:05:31.8274594Z # Subtest: SIGKILL after committed claim preserves work for a fresh process
2026-10-05T18:05:31.8276428Z ok 338 - SIGKILL after committed claim preserves work for a fresh process
2026-10-05T18:05:31.8277598Z   ---
2026-10-05T18:05:31.8278222Z   duration_ms: 1015.014501
2026-10-05T18:05:31.8279152Z   type: 'test'
2026-10-05T18:05:31.8280349Z   ...
2026-10-05T18:05:31.8282659Z # Subtest: retryable failure requeues, a fresh lease succeeds without duplicate terminal
2026-10-05T18:05:31.8284656Z ok 339 - retryable failure requeues, a fresh lease succeeds without duplicate terminal
2026-10-05T18:05:31.8285595Z   ---
2026-10-05T18:05:31.8286350Z   duration_ms: 1138.751903
2026-10-05T18:05:31.8286999Z   type: 'test'
2026-10-05T18:05:31.8287557Z   ...
2026-10-05T18:05:31.8288585Z # Subtest: competing claimers clean expired items across owners without accumulating owner locks
2026-10-05T18:05:31.8291260Z ok 340 - competing claimers clean expired items across owners without accumulating owner locks
2026-10-05T18:05:31.8292520Z   ---
2026-10-05T18:05:31.8293129Z   duration_ms: 11813.378738
2026-10-05T18:05:31.8296178Z   type: 'test'
2026-10-05T18:05:31.8296778Z   ...
2026-10-05T18:05:34.7564604Z # Subtest: five-type migration current source installs with API ACL and validates closed types
2026-10-05T18:05:34.7572928Z ok 341 - five-type migration current source installs with API ACL and validates closed types
2026-10-05T18:05:34.7593542Z   ---
2026-10-05T18:05:34.7594837Z   duration_ms: 19959.660707
2026-10-05T18:05:34.7596033Z   type: 'test'
2026-10-05T18:05:34.7597001Z   ...
2026-10-05T18:05:34.7598550Z # Subtest: comparison and decision share atomic revision/events and explicit owner choice CAS; service cannot choose
2026-10-05T18:05:34.7601545Z ok 342 - comparison and decision share atomic revision/events and explicit owner choice CAS; service cannot choose
2026-10-05T18:05:34.7603214Z   ---
2026-10-05T18:05:34.7604136Z   duration_ms: 2976.950366
2026-10-05T18:05:34.7604795Z   type: 'test'
2026-10-05T18:05:34.7605707Z   ...
2026-10-05T18:05:34.7607707Z # Subtest: journey task draft is immutable domain preview; practical content comes from real saved translation projection
2026-10-05T18:05:34.7610339Z ok 343 - journey task draft is immutable domain preview; practical content comes from real saved translation projection
2026-10-05T18:05:34.7612154Z   ---
2026-10-05T18:05:34.7613222Z   duration_ms: 1917.451213
2026-10-05T18:05:34.7614223Z   type: 'test'
2026-10-05T18:05:34.7614815Z   ...
2026-10-05T18:05:34.7616806Z # Subtest: Trip snapshot/proposal preview/reference share real domain basis; new Trip/proposal bases invalidate without executing a change
2026-10-05T18:05:34.7620010Z ok 344 - Trip snapshot/proposal preview/reference share real domain basis; new Trip/proposal bases invalidate without executing a change
2026-10-05T18:05:34.7621903Z   ---
2026-10-05T18:05:34.7622898Z   duration_ms: 3092.699281
2026-10-05T18:05:34.7624041Z   type: 'test'
2026-10-05T18:05:34.7625110Z   ...
2026-10-05T18:05:39.6639725Z # Subtest: canonical knowledge evidence revocation, CAS rollback, export and cascading source deletion protect every result
2026-10-05T18:05:39.6671871Z ok 345 - canonical knowledge evidence revocation, CAS rollback, export and cascading source deletion protect every result
2026-10-05T18:05:39.6673551Z   ---
2026-10-05T18:05:39.6690026Z   duration_ms: 4910.73428
2026-10-05T18:05:39.6690746Z   type: 'test'
2026-10-05T18:05:39.6691556Z   ...
2026-10-05T18:05:41.2100813Z # Subtest: publication retry cannot manufacture a current receipt after source consent withdrawal
2026-10-05T18:05:41.2104780Z ok 346 - publication retry cannot manufacture a current receipt after source consent withdrawal
2026-10-05T18:05:41.2106728Z   ---
2026-10-05T18:05:41.2107708Z   duration_ms: 1547.042433
2026-10-05T18:05:41.2122271Z   type: 'test'
2026-10-05T18:05:41.2122940Z   ...
2026-10-05T18:06:03.4912933Z # Subtest: default closed and invalid owner/budget configuration send neither maps nor model
2026-10-05T18:06:03.4918874Z ok 347 - default closed and invalid owner/budget configuration send neither maps nor model
2026-10-05T18:06:03.4927651Z   ---
2026-10-05T18:06:03.4928471Z   duration_ms: 44534.704536
2026-10-05T18:06:03.4929171Z   type: 'test'
2026-10-05T18:06:03.4929752Z   ...
2026-10-05T18:06:48.1901684Z # Subtest: each map request stops after current claimed task loses authorization
2026-10-05T18:06:48.1908528Z ok 348 - each map request stops after current claimed task loses authorization
2026-10-05T18:06:48.1909628Z   ---
2026-10-05T18:06:48.1909993Z   duration_ms: 44697.374604
2026-10-05T18:06:48.1910639Z   type: 'test'
2026-10-05T18:06:48.1910995Z   ...
2026-10-05T18:06:56.1758204Z # Subtest: correction after the final tool checkpoint stops before a new model budget attempt
2026-10-05T18:06:56.1777589Z ok 349 - correction after the final tool checkpoint stops before a new model budget attempt
2026-10-05T18:06:56.1791888Z   ---
2026-10-05T18:06:56.1810900Z   duration_ms: 7983.730017
2026-10-05T18:06:56.1843063Z   type: 'test'
2026-10-05T18:06:56.1871813Z   ...
2026-10-05T18:07:06.0061400Z # Subtest: SIGKILL after persisted place checkpoint resumes in new competing processes without repeated maps or model
2026-10-05T18:07:06.0063141Z ok 350 - SIGKILL after persisted place checkpoint resumes in new competing processes without repeated maps or model
2026-10-05T18:07:06.0064277Z   ---
2026-10-05T18:07:06.0064639Z   duration_ms: 9831.291456
2026-10-05T18:07:06.0065064Z   type: 'test'
2026-10-05T18:07:06.0065455Z   ...
2026-10-05T18:07:14.2489200Z # Subtest: SIGKILL during dispatched paid attempt persists paused_unknown after restart with no blind replay
2026-10-05T18:07:14.2499482Z ok 351 - SIGKILL during dispatched paid attempt persists paused_unknown after restart with no blind replay
2026-10-05T18:07:14.2500991Z   ---
2026-10-05T18:07:14.2501617Z   duration_ms: 8245.273096
2026-10-05T18:07:14.2502304Z   type: 'test'
2026-10-05T18:07:14.2502858Z   ...
2026-10-05T18:07:29.5546324Z # Subtest: mixed queues cannot lend later readiness or unknown cleanup permission to the claimed earliest task
2026-10-05T18:07:29.5549556Z ok 352 - mixed queues cannot lend later readiness or unknown cleanup permission to the claimed earliest task
2026-10-05T18:07:29.5550936Z   ---
2026-10-05T18:07:29.5551593Z   duration_ms: 15306.477707
2026-10-05T18:07:29.5552364Z   type: 'test'
2026-10-05T18:07:29.5552986Z   ...
2026-10-05T18:07:36.9663187Z # Subtest: planning usage journal failure keeps pending cost and does not repeat the paid request
2026-10-05T18:07:36.9666856Z ok 353 - planning usage journal failure keeps pending cost and does not repeat the paid request
2026-10-05T18:07:36.9668214Z   ---
2026-10-05T18:07:36.9668803Z   duration_ms: 7410.54328
2026-10-05T18:07:36.9669481Z   type: 'test'
2026-10-05T18:07:36.9670039Z   ...
2026-10-05T18:07:45.0496210Z # Subtest: natural demo goal survives real planning composition without dropping its unconfirmed source
2026-10-05T18:07:45.0513701Z ok 354 - natural demo goal survives real planning composition without dropping its unconfirmed source
2026-10-05T18:07:45.0514795Z   ---
2026-10-05T18:07:45.0515360Z   duration_ms: 8088.22122
2026-10-05T18:07:45.0515950Z   type: 'test'
2026-10-05T18:07:45.0516463Z   ...
2026-10-05T18:07:45.4973220Z # Subtest: migration is service-only and starts disabled: no discovery, no claim, no provider call
2026-10-05T18:07:45.4974741Z ok 355 - migration is service-only and starts disabled: no discovery, no claim, no provider call
2026-10-05T18:07:45.4975718Z   ---
2026-10-05T18:07:45.4976084Z   duration_ms: 28692.426668
2026-10-05T18:07:45.4976554Z   type: 'test'
2026-10-05T18:07:45.4976918Z   ...
2026-10-05T18:07:45.4978319Z # Subtest: multi-owner and multi-policy: text, task, grounded and translation answered and read back by owners only
2026-10-05T18:07:45.4979998Z ok 356 - multi-owner and multi-policy: text, task, grounded and translation answered and read back by owners only
2026-10-05T18:07:45.4981151Z   ---
2026-10-05T18:07:45.4981503Z   duration_ms: 9102.096872
2026-10-05T18:07:45.4982224Z   type: 'test'
2026-10-05T18:07:45.4982581Z   ...
2026-10-05T18:07:45.4983317Z # Subtest: budget exhaustion ends honestly as failed without any provider call
2026-10-05T18:07:45.4984663Z ok 357 - budget exhaustion ends honestly as failed without any provider call
2026-10-05T18:07:45.4985411Z   ---
2026-10-05T18:07:45.4985744Z   duration_ms: 4999.675472
2026-10-05T18:07:45.4986193Z   type: 'test'
2026-10-05T18:07:45.4986571Z   ...
2026-10-05T18:07:45.4987833Z # Subtest: user cancellation before claim and during the provider call never stores a late answer
2026-10-05T18:07:45.4989164Z ok 358 - user cancellation before claim and during the provider call never stores a late answer
2026-10-05T18:07:45.4990008Z   ---
2026-10-05T18:07:45.4990765Z   duration_ms: 7559.555579
2026-10-05T18:07:45.4991210Z   type: 'test'
2026-10-05T18:07:45.4991732Z   ...
2026-10-05T18:07:45.4992924Z # Subtest: SIGKILL mid-dispatch keeps the unknown charge; lease recovery by two competing workers answers exactly once
2026-10-05T18:07:45.5011763Z ok 359 - SIGKILL mid-dispatch keeps the unknown charge; lease recovery by two competing workers answers exactly once
2026-10-05T18:07:45.5012536Z   ---
2026-10-05T18:07:45.5013536Z   duration_ms: 11008.188457
2026-10-05T18:07:45.5014133Z   type: 'test'
2026-10-05T18:07:45.5014637Z   ...
2026-10-05T18:07:45.5015396Z # Subtest: operator stop switch halts new claims while running and resumes on re-enable
2026-10-05T18:07:45.5016510Z ok 360 - operator stop switch halts new claims while running and resumes on re-enable
2026-10-05T18:07:45.5017273Z   ---
2026-10-05T18:07:45.5017648Z   duration_ms: 11260.098731
2026-10-05T18:07:45.5018106Z   type: 'test'
2026-10-05T18:07:45.5018500Z   ...
2026-10-05T18:07:45.5019463Z # Subtest: same owner explicit save, same-profile update and bounded exact update Undo; immutable retries
2026-10-05T18:07:45.5021252Z ok 361 - same owner explicit save, same-profile update and bounded exact update Undo; immutable retries
2026-10-05T18:07:45.5022119Z   ---
2026-10-05T18:07:45.5022477Z   duration_ms: 19342.238227
2026-10-05T18:07:45.5022910Z   type: 'test'
2026-10-05T18:07:45.5023266Z   ...
2026-10-05T18:07:45.5024139Z # Subtest: CAS one winner, wrong actor/operation/extra input and temporary override never write
2026-10-05T18:07:45.5025531Z ok 362 - CAS one winner, wrong actor/operation/extra input and temporary override never write
2026-10-05T18:07:45.5026443Z   ---
2026-10-05T18:07:45.5026855Z   duration_ms: 1263.617104
2026-10-05T18:07:45.5027307Z   type: 'test'
2026-10-05T18:07:45.5027654Z   ...
2026-10-05T18:07:45.5028752Z # Subtest: revocation/deletion scrubs preimages; pause and expiry cannot restore qualification; session replacement rejects
2026-10-05T18:07:45.5031071Z ok 363 - revocation/deletion scrubs preimages; pause and expiry cannot restore qualification; session replacement rejects
2026-10-05T18:07:45.5032115Z   ---
2026-10-05T18:07:45.5032494Z   duration_ms: 5687.092124
2026-10-05T18:07:45.5032911Z   type: 'test'
2026-10-05T18:07:45.5033264Z   ...
2026-10-05T18:07:45.5034209Z # Subtest: existing create Undo operation relation and least privilege; receipts contain no summaries
2026-10-05T18:07:45.5035669Z ok 364 - existing create Undo operation relation and least privilege; receipts contain no summaries
2026-10-05T18:07:45.5036541Z   ---
2026-10-05T18:07:45.5036913Z   duration_ms: 1590.325312
2026-10-05T18:07:45.5037339Z   type: 'test'
2026-10-05T18:07:45.5037708Z   ...
2026-10-05T18:07:45.5038784Z # Subtest: two actual sessions: worker owner KEY SHARE/account wait and Memory account holder never upgrade owner lock
2026-10-05T18:07:45.5041130Z ok 365 - two actual sessions: worker owner KEY SHARE/account wait and Memory account holder never upgrade owner lock
2026-10-05T18:07:45.5042123Z   ---
2026-10-05T18:07:45.5042508Z   duration_ms: 1467.683334
2026-10-05T18:07:45.5042948Z   type: 'test'
2026-10-05T18:07:45.5043311Z   ...
2026-10-05T18:07:45.5044262Z # Subtest: lease-bound planning receipts are durable, bounded, and fail closed on stale authority
2026-10-05T18:07:45.5045910Z ok 366 - lease-bound planning receipts are durable, bounded, and fail closed on stale authority
2026-10-05T18:07:45.5046744Z   ---
2026-10-05T18:07:45.5047477Z   duration_ms: 16073.980432
2026-10-05T18:07:45.5047904Z   type: 'test'
2026-10-05T18:07:45.5048242Z   ...
2026-10-05T18:07:45.5048963Z # Subtest: planning comparison migration is disabled and service-only
2026-10-05T18:07:45.5049966Z ok 367 - planning comparison migration is disabled and service-only
2026-10-05T18:07:45.5051218Z   ---
2026-10-05T18:07:45.5051597Z   duration_ms: 13722.183577
2026-10-05T18:07:45.5052065Z   type: 'test'
2026-10-05T18:07:45.5052395Z   ...
2026-10-05T18:07:45.5053290Z # Subtest: one synthetic owner task follows existing lease, checkpoint, budget and comparison readback
2026-10-05T18:07:45.5054716Z ok 368 - one synthetic owner task follows existing lease, checkpoint, budget and comparison readback
2026-10-05T18:07:45.5055541Z   ---
2026-10-05T18:07:45.5055896Z   duration_ms: 24208.719762
2026-10-05T18:07:45.5056330Z   type: 'test'
2026-10-05T18:07:45.5056659Z   ...
2026-10-05T18:07:45.5057536Z # Subtest: legacy planning admission invalidates current typed source without replacing its binding
2026-10-05T18:07:45.5058950Z ok 369 - legacy planning admission invalidates current typed source without replacing its binding
2026-10-05T18:07:45.5059757Z   ---
2026-10-05T18:07:45.5060087Z   duration_ms: 24158.048406
2026-10-05T18:07:45.5060788Z   type: 'test'
2026-10-05T18:07:45.5061136Z   ...
2026-10-05T18:07:45.5062541Z # {"container":"vpj80-intake-prep-74937b13","migrationSource":"supabase/migrations (current checkout, lexical order)","network":"none","socket":"/tmp/vpj59-socket"}
2026-10-05T18:07:45.5068350Z # {"admission":{"kind":"accepted","reused":false,"taskId":"21615ed3-a1dd-485a-bb27-b7cd83f9a933","turnId":"0c6511c5-9d3e-4599-a730-31adc6d97f33","artifactId":"dbc79915-0f76-4272-b0fe-126b8c09b4ad"},"originalIntakeReceipt":{"kind":"accepted","goalId":"ce12c0b0-c3df-443c-9902-90e3f3e1797a","reused":false,"current":true,"messageId":"c39dd04e-624d-41ff-992c-fe458ce3d76c","goalVersion":1,"contextDigest":"e068f9f804e55b70b254c6ff67f6cb794d2235a8918c3c415b3eae646ffdd1ac","conversationId":"7258c57c-e035-4647-bac8-847f41bdbf96","intakeRevision":1,"messageSequence":1,"readyForProvider":false}}
2026-10-05T18:07:45.5080056Z # {"qualifiedReadBefore":{"kind":"travel_intake","goalId":"ce12c0b0-c3df-443c-9902-90e3f3e1797a","intake":{"city":"shanghai","pace":"relaxed","dates":null,"interests":["food","photography"],"partySize":2,"durationDays":10,"lodgingBudget":null,"schemaVersion":"stay-area-intake/1","comparisonTarget":"area_transport","mobilityConstraints":[]},"messageId":"c39dd04e-624d-41ff-992c-fe458ce3d76c","readiness":{"kind":"ready","scope":"transport_screening","unknown":["lodgingBudget","dates"]},"sourceKind":"explicit_current_input","goalVersion":1,"memoryBasis":[],"contextDigest":"e068f9f804e55b70b254c6ff67f6cb794d2235a8918c3c415b3eae646ffdd1ac","schemaVersion":"assistant-travel-current-basis/1","conversationId":"7258c57c-e035-4647-bac8-847f41bdbf96","intakeRevision":1,"messageSequence":1,"readyForProvider":false},"qualifiedReadAfter":{"kind":"unavailable","reason":"stale_basis"},"state":{"text":"First China visit, ten days with partner, food and photography, relaxed pace.","work":1,"tasks":1,"intakes":1,"attempts":0,"capacity":0,"messages":2,"planning":1,"sequence":3,"goalVersion":1}}
2026-10-05T18:07:45.5087678Z # Subtest: same legacy admission request races atomically and creates one Task/Turn/artifact identity
2026-10-05T18:07:45.5089063Z ok 370 - same legacy admission request races atomically and creates one Task/Turn/artifact identity
2026-10-05T18:07:45.5089861Z   ---
2026-10-05T18:07:45.5090719Z   duration_ms: 762.607879
2026-10-05T18:07:45.5091202Z   type: 'test'
2026-10-05T18:07:45.5091552Z   ...
2026-10-05T18:07:45.5092473Z # Subtest: explicit correction versus legacy admission has one winner and the losing transaction rolls back
2026-10-05T18:07:45.5093984Z ok 371 - explicit correction versus legacy admission has one winner and the losing transaction rolls back
2026-10-05T18:07:45.5094883Z   ---
2026-10-05T18:07:45.5095230Z   duration_ms: 1195.381135
2026-10-05T18:07:45.5095653Z   type: 'test'
2026-10-05T18:07:45.5096010Z   ...
2026-10-05T18:07:45.5096820Z # Subtest: controlled lock waits in both writer orders preserve rollback and never deadlock
2026-10-05T18:07:45.5098096Z ok 372 - controlled lock waits in both writer orders preserve rollback and never deadlock
2026-10-05T18:07:45.5099214Z   ---
2026-10-05T18:07:45.5099571Z   duration_ms: 5540.194358
2026-10-05T18:07:45.5099986Z   type: 'test'
2026-10-05T18:07:45.5100605Z   ...
2026-10-05T18:07:45.5105485Z # {"first":"correction","observedWait":"Lock","firstExit":0,"secondExit":3,"secondError":"ERROR:  SERVICE_TASK_CONFLICT\\nCONTEXT:  PL/pgSQL function public.submit_assistant_message_v1(uuid,uuid,uuid,uuid,text,text,text,uuid,integer,uuid,uuid,uuid) line 48 at RAISE\\nPL/pgSQL function public.submit_planning_comparison_v1(uuid,uuid,integer,uuid,uuid,uuid,uuid,uuid,uuid,uuid,uuid,uuid,text,text,jsonb) line 26 at assignment","state":{"text":"Explicit full correction to balanced pace","work":0,"tasks":0,"intakes":2,"attempts":0,"capacity":0,"messages":2,"planning":0,"sequence":3,"goalVersion":2}}
2026-10-05T18:07:45.5113300Z # {"first":"planning","observedWait":"Lock","firstExit":0,"secondExit":3,"secondError":"ERROR:  SERVICE_TASK_CONFLICT\\nCONTEXT:  PL/pgSQL function public.submit_assistant_travel_intake_v1(uuid,uuid,uuid,uuid,integer,integer,uuid,uuid,text,text,text,jsonb,jsonb) line 34 at RAISE","state":{"text":"First China visit, ten days with partner, food and photography, relaxed pace.","work":1,"tasks":1,"intakes":1,"attempts":0,"capacity":0,"messages":2,"planning":1,"sequence":3,"goalVersion":1}}
2026-10-05T18:07:45.5117036Z # Subtest: staged Task then nested old planning admission is rejected and fully rolled back
2026-10-05T18:07:45.5125360Z ok 373 - staged Task then nested old planning admission is rejected and fully rolled back
2026-10-05T18:07:45.5126536Z   ---
2026-10-05T18:07:45.5127237Z   duration_ms: 838.60482
2026-10-05T18:07:45.5149993Z   type: 'test'
2026-10-05T18:07:45.5151071Z   ...
2026-10-05T18:07:45.5154245Z # {"disprovenComposition":"stage_task_then_nested_v1","exit":3,"error":"ERROR:  SERVICE_TASK_CONFLICT\\nCONTEXT:  PL/pgSQL function public.submit_planning_comparison_v1(uuid,uuid,integer,uuid,uuid,uuid,uuid,uuid,uuid,uuid,uuid,uuid,text,text,jsonb) line 40 at RAISE","rollback":true}
2026-10-05T18:07:45.5179814Z # Subtest: v2 atomically binds new latest typed source with distinct digests and idempotent receipts
2026-10-05T18:07:45.5182069Z ok 374 - v2 atomically binds new latest typed source with distinct digests and idempotent receipts
2026-10-05T18:07:45.5183228Z   ---
2026-10-05T18:07:45.5183603Z   duration_ms: 2096.611262
2026-10-05T18:07:45.5184361Z   type: 'test'
2026-10-05T18:07:45.5184709Z   ...
2026-10-05T18:07:45.5197960Z # {"boundReceipt":{"kind":"accepted","goalId":"c167713c-a5c3-42ff-bfca-b4882f81dd05","reused":false,"taskId":"259c8bc5-95a1-418c-8d0a-0b02a54ed918","turnId":"22029e33-f03b-47bc-b8d7-ea9d09040c28","current":true,"messageId":"896a50c3-03cb-4742-a199-d2166de218c9","artifactId":"c0526cfd-b2e4-463e-9c7e-596d7286bc4e","goalVersion":1,"conversationId":"7519d55a-4d65-4a00-97e3-093b01bfbffc","intakeRevision":2,"messageSequence":2,"readyForProvider":false,"executionAvailable":false,"intakeContextDigest":"fe43bc1818b34bff519400ea0472294395d76632e879b8c552860fb8377433ef","planningContextDigest":"05acdffabeca0778c29f8e6b872ec6be4c32f0f8ed1cf687d53771996a67c75a"},"historicalReceipt":{"kind":"accepted","goalId":"c167713c-a5c3-42ff-bfca-b4882f81dd05","reused":true,"taskId":"259c8bc5-95a1-418c-8d0a-0b02a54ed918","turnId":"22029e33-f03b-47bc-b8d7-ea9d09040c28","current":false,"messageId":"896a50c3-03cb-4742-a199-d2166de218c9","artifactId":"c0526cfd-b2e4-463e-9c7e-596d7286bc4e","goalVersion":1,"conversationId":"7519d55a-4d65-4a00-97e3-093b01bfbffc","intakeRevision":2,"messageSequence":2,"readyForProvider":false,"executionAvailable":false},"revokedExit":3}
2026-10-05T18:07:45.5219417Z # Subtest: v2 rejects changed projection, identities, schema and Memory refs without provisional writes
2026-10-05T18:07:45.5222944Z ok 375 - v2 rejects changed projection, identities, schema and Memory refs without provisional writes
2026-10-05T18:07:45.5223851Z   ---
2026-10-05T18:07:45.5228591Z   duration_ms: 10436.521163
2026-10-05T18:07:45.5229109Z   type: 'test'
2026-10-05T18:07:45.5229499Z   ...
2026-10-05T18:07:45.5230825Z # Subtest: v2 source sequence is exact while new sequence follows the SQL conversation allocator
2026-10-05T18:07:45.5232108Z ok 376 - v2 source sequence is exact while new sequence follows the SQL conversation allocator
2026-10-05T18:07:45.5232852Z   ---
2026-10-05T18:07:45.5233189Z   duration_ms: 841.725418
2026-10-05T18:07:45.5233600Z   type: 'test'
2026-10-05T18:07:45.5233912Z   ...
2026-10-05T18:07:45.5234620Z # Subtest: v2 same-key and different-key races preserve one exact atomic binding
2026-10-05T18:07:45.5240834Z ok 377 - v2 same-key and different-key races preserve one exact atomic binding
2026-10-05T18:07:45.5243064Z   ---
2026-10-05T18:07:45.5243481Z   duration_ms: 2004.045364
2026-10-05T18:07:45.5245402Z   type: 'test'
2026-10-05T18:07:45.5245861Z   ...
2026-10-05T18:07:45.5248177Z # Subtest: v2 late private binding failure rolls back message, intake, Task, work and enforced capacity
2026-10-05T18:07:45.5252610Z ok 378 - v2 late private binding failure rolls back message, intake, Task, work and enforced capacity
2026-10-05T18:07:45.5254852Z   ---
2026-10-05T18:07:45.5255239Z   duration_ms: 1348.038088
2026-10-05T18:07:45.5257016Z   type: 'test'
2026-10-05T18:07:45.5257349Z   ...
2026-10-05T18:07:45.5258512Z # Subtest: synthetic valid v2 lease cannot use any legacy read, dispatch, checkpoint or completion entry
2026-10-05T18:07:45.5260073Z ok 379 - synthetic valid v2 lease cannot use any legacy read, dispatch, checkpoint or completion entry
2026-10-05T18:07:45.5261123Z   ---
2026-10-05T18:07:45.5261671Z   duration_ms: 6945.382128
2026-10-05T18:07:45.5262079Z   type: 'test'
2026-10-05T18:07:45.5262396Z   ...
2026-10-05T18:07:45.5270027Z # {"legacyEntriesBlocked":["read_text_work","authorize_text_dispatch","authorize_text_task_dispatch","complete_text_work","read_grounded_work","authorize_grounded_dispatch","complete_grounded_work","complete_grounded_work_with_needs","complete_grounded_place_work","finish_turn_work","claim_planning_action_v1","finish_planning_action_v1","read_planning_comparison_work_v1","authorize_planning_read_v1","authorize_planning_dispatch_v1","pause_planning_comparison_v1","complete_planning_observation_v1","read_planning_observations_v1","complete_planning_comparison_v1"],"validLease":"54a841f9-1603-4b29-a307-3767c94f4788","qualifiedIntakeDigest":"92afe98b3ceab847c45a87ef9c2927abe113a48b922200a366a6d7f7ae9dacd2","planningContextDigest":"c9142c313eee7f6e254e4a30819743b802533ac4ac4f29e1d19049f8ffc1bc95","dispatches":0,"artifacts":0,"events":0}
2026-10-05T18:07:45.5276043Z # Subtest: common actor lock serializes the mixed legacy C/G-to-Task writer and v2 rolls back
2026-10-05T18:07:45.5277230Z ok 380 - common actor lock serializes the mixed legacy C/G-to-Task writer and v2 rolls back
2026-10-05T18:07:45.5277933Z   ---
2026-10-05T18:07:45.5278261Z   duration_ms: 5528.576932
2026-10-05T18:07:45.5278639Z   type: 'test'
2026-10-05T18:07:45.5278953Z   ...
2026-10-05T18:07:45.5289791Z # {"owner":"4c142ee0-e233-44b0-a115-904ec81e9f66","goal":"77ba9523-4cfc-411c-b9c4-f7340564c2d3","sourceMessage":"adebc66d-1f23-418f-93bb-e4684edcd15f","legacyMessage":"7795d341-9af8-4d61-9085-29ae71dd2dc9","legacyTask":"bfe53764-016c-49d8-8b72-5892d21ba4a4","candidateTask":"9783f478-826a-4e5d-b355-9be0e29b79be","candidateTurn":"8213911a-79cd-41b8-93cf-52d0a952d760","candidateMessage":"b1f8ca76-c6ab-429a-ae7c-09e51d75255c","lockChain":[{"wait":"Lock","blockedBy":["vpj80-mixed-29c95210-task"],"application":"vpj80-mixed-29c95210-legacy"},{"wait":"Lock","blockedBy":["vpj80-mixed-29c95210-legacy"],"application":"vpj80-mixed-29c95210-candidate"}],"holderExit":0,"legacyExit":0,"legacyReceipt":{"kind":"accepted","goalId":"77ba9523-4cfc-411c-b9c4-f7340564c2d3","reused":false,"turnId":null,"sequence":4,"messageId":"7795d341-9af8-4d61-9085-29ae71dd2dc9","scopeVersion":2,"conversationId":"474bd189-214d-43b8-b1d8-b51a41d27936"},"legacyObservedWait":"Lock","commonActorGate":"text_owner -> guard_mobile_rpc_v2 account UPDATE","v2Exit":3,"v2Error":"ERROR:  SERVICE_TASK_CONFLICT\\nCONTEXT:  PL/pgSQL function public.submit_planning_comparison_v2(uuid,uuid,integer,uuid,uuid,uuid,uuid,uuid,uuid,uuid,uuid,uuid,text,text,jsonb,uuid,bigint,integer,text,jsonb) line 59 at RAISE","legacyCompleted":true,"provisionalRollback":true}
2026-10-05T18:07:45.5299193Z # Subtest: v2 ACL, foreign actor/session and policy withdrawal preserve zero admission effects
2026-10-05T18:07:45.5300640Z ok 381 - v2 ACL, foreign actor/session and policy withdrawal preserve zero admission effects
2026-10-05T18:07:45.5301395Z   ---
2026-10-05T18:07:45.5301734Z   duration_ms: 4348.431451
2026-10-05T18:07:45.5302131Z   type: 'test'
2026-10-05T18:07:45.5302433Z   ...
2026-10-05T18:07:45.5303148Z # Subtest: v2 exact Memory set is canonical, retained and rechecked for update/withdrawal
2026-10-05T18:07:45.5304237Z ok 382 - v2 exact Memory set is canonical, retained and rechecked for update/withdrawal
2026-10-05T18:07:45.5304897Z   ---
2026-10-05T18:07:45.5305214Z   duration_ms: 4629.76341
2026-10-05T18:07:45.5305575Z   type: 'test'
2026-10-05T18:07:45.5305875Z   ...
2026-10-05T18:07:45.5306748Z # Subtest: v2 conversation NOWAIT fails fast after provisional Task admission with complete rollback
2026-10-05T18:07:45.5308163Z ok 383 - v2 conversation NOWAIT fails fast after provisional Task admission with complete rollback
2026-10-05T18:07:45.5308960Z   ---
2026-10-05T18:07:45.5309282Z   duration_ms: 2853.110993
2026-10-05T18:07:45.5309658Z   type: 'test'
2026-10-05T18:07:45.5309983Z   ...
2026-10-05T18:07:45.5310654Z # {"nowaitExit":3,"rollback":true}
2026-10-05T18:07:45.5311568Z # Subtest: legacy text and v1 planning still commit under the appended v2 isolation guards
2026-10-05T18:07:45.5312722Z ok 384 - legacy text and v1 planning still commit under the appended v2 isolation guards
2026-10-05T18:07:45.5313425Z   ---
2026-10-05T18:07:45.5313766Z   duration_ms: 5055.098681
2026-10-05T18:07:45.5314150Z   type: 'test'
2026-10-05T18:07:45.5314470Z   ...
2026-10-05T18:07:45.5315369Z # Subtest: binding metadata export is service-only bounded owner pagination with safe cascade deletion
2026-10-05T18:07:45.5316761Z ok 385 - binding metadata export is service-only bounded owner pagination with safe cascade deletion
2026-10-05T18:07:45.5317559Z   ---
2026-10-05T18:07:45.5317899Z   duration_ms: 4028.996611
2026-10-05T18:07:45.5318288Z   type: 'test'
2026-10-05T18:07:45.5318608Z   ...
2026-10-05T18:07:45.5319597Z # Subtest: actual SQL serializer matches independent hardcoded UTF8 vectors and inclusive65536 hashes byte for byte
2026-10-05T18:07:45.5321518Z ok 386 - actual SQL serializer matches independent hardcoded UTF8 vectors and inclusive65536 hashes byte for byte
2026-10-05T18:07:45.5322433Z   ---
2026-10-05T18:07:45.5322769Z   duration_ms: 21676.799905
2026-10-05T18:07:45.5323179Z   type: 'test'
2026-10-05T18:07:45.5323513Z   ...
2026-10-05T18:07:45.5324582Z # {"sources":"all current-checkout migrations and golden constants","vectors":3,"exactBoundaryBytes":65536,"network":"none"}
2026-10-05T18:07:45.5326205Z # Subtest: actual SQL returns NULL for invalid closed fields/canonical tuple and cannot accept unsupported Unicode
2026-10-05T18:07:45.5328072Z ok 387 - actual SQL returns NULL for invalid closed fields/canonical tuple and cannot accept unsupported Unicode
2026-10-05T18:07:45.5329188Z   ---
2026-10-05T18:07:45.5329794Z   duration_ms: 2418.168426
2026-10-05T18:07:45.5330392Z   type: 'test'
2026-10-05T18:07:45.5330726Z   ...
2026-10-05T18:07:45.5331664Z # Subtest: actual SQL independently validates TS output/usage digests and rejects tamper without API EXECUTE
2026-10-05T18:07:45.5333138Z ok 388 - actual SQL independently validates TS output/usage digests and rejects tamper without API EXECUTE
2026-10-05T18:07:45.5333980Z   ---
2026-10-05T18:07:45.5334303Z   duration_ms: 2270.328767
2026-10-05T18:07:45.5334693Z   type: 'test'
2026-10-05T18:07:45.5335012Z   ...
2026-10-05T18:07:45.5335908Z # Subtest: actual current SQL batch default closed and administrator fixture claim has exact fixed wire
2026-10-05T18:07:45.5337291Z ok 389 - actual current SQL batch default closed and administrator fixture claim has exact fixed wire
2026-10-05T18:07:45.5338293Z   ---
2026-10-05T18:07:45.5338613Z   duration_ms: 21512.002361
2026-10-05T18:07:45.5339013Z   type: 'test'
2026-10-05T18:07:45.5339330Z   ...
2026-10-05T18:07:45.5340582Z # Subtest: administrator-synthetic exact whole batch publishes atomically; lost ACK uses current completed receipt only
2026-10-05T18:07:45.5342239Z ok 390 - administrator-synthetic exact whole batch publishes atomically; lost ACK uses current completed receipt only
2026-10-05T18:07:45.5343184Z   ---
2026-10-05T18:07:45.5343517Z   duration_ms: 4453.913892
2026-10-05T18:07:45.5343910Z   type: 'test'
2026-10-05T18:07:45.5344230Z   ...
2026-10-05T18:07:45.5345134Z # LOCAL_ADMIN_FIXTURE_ONLY: network none Unix socket; no signed collector, provider send or real fee origin
2026-10-05T18:07:45.5346680Z # Subtest: staging admin claims never acquire collector principal; source/profile stop and bounded map leaf allowance
2026-10-05T18:07:45.5348273Z ok 391 - staging admin claims never acquire collector principal; source/profile stop and bounded map leaf allowance
2026-10-05T18:07:45.5349174Z   ---
2026-10-05T18:07:45.5349510Z   duration_ms: 4353.596303
2026-10-05T18:07:45.5349906Z   type: 'test'
2026-10-05T18:07:45.5350489Z   ...
2026-10-05T18:07:45.5351545Z # Subtest: late capacity/publisher failures rollback all completion writes, wrong content/proof/transaction never publish
2026-10-05T18:07:45.5353216Z ok 392 - late capacity/publisher failures rollback all completion writes, wrong content/proof/transaction never publish
2026-10-05T18:07:45.5354138Z   ---
2026-10-05T18:07:45.5354462Z   duration_ms: 5771.848363
2026-10-05T18:07:45.5354840Z   type: 'test'
2026-10-05T18:07:45.5355158Z   ...
2026-10-05T18:07:45.5356218Z # Subtest: fresh completed place and trusted settled output recover under a new qualified lease without a second paid attempt
2026-10-05T18:07:45.5357904Z ok 393 - fresh completed place and trusted settled output recover under a new qualified lease without a second paid attempt
2026-10-05T18:07:45.5358806Z   ---
2026-10-05T18:07:45.5359115Z   duration_ms: 7981.680577
2026-10-05T18:07:45.5359482Z   type: 'test'
2026-10-05T18:07:45.5359785Z   ...
2026-10-05T18:07:45.5361115Z # Subtest: real NULL-scope admission rejects invalid currency atomically; ledger bridge never releases dispatched or falsifies actual
2026-10-05T18:07:45.5362939Z ok 394 - real NULL-scope admission rejects invalid currency atomically; ledger bridge never releases dispatched or falsifies actual
2026-10-05T18:07:45.5363920Z   ---
2026-10-05T18:07:45.5364230Z   duration_ms: 5400.23452
2026-10-05T18:07:45.5364595Z   type: 'test'
2026-10-05T18:07:45.5364902Z   ...
2026-10-05T18:07:45.5365984Z # Subtest: publication proof cannot be reused in its transaction; ordinary roles denied; legacy service publisher retains exact path
2026-10-05T18:07:45.5367773Z ok 395 - publication proof cannot be reused in its transaction; ordinary roles denied; legacy service publisher retains exact path
2026-10-05T18:07:45.5368721Z   ---
2026-10-05T18:07:45.5369031Z   duration_ms: 4795.36699
2026-10-05T18:07:45.5369387Z   type: 'test'
2026-10-05T18:07:45.5369686Z   ...
2026-10-05T18:07:45.5371197Z # Subtest: actual model step authorizes reserved SQL before dispatch and reaches mock provider once without post-dispatch permission forgery
2026-10-05T18:07:45.5373113Z ok 396 - actual model step authorizes reserved SQL before dispatch and reaches mock provider once without post-dispatch permission forgery
2026-10-05T18:07:45.5374115Z   ---
2026-10-05T18:07:45.5374432Z   duration_ms: 4466.644107
2026-10-05T18:07:45.5374811Z   type: 'test'
2026-10-05T18:07:45.5375135Z   ...
2026-10-05T18:07:45.5376322Z # ACTUAL_SQL_AUTHORITY_AND_BUDGET_BRIDGE; administrator local fixture + mock supplier response only, no signed collector or real provider/fees
2026-10-05T18:07:48.7124816Z # Subtest: transactional migration and current exact identity nonnull active lease gate
2026-10-05T18:07:48.7138829Z ok 397 - transactional migration and current exact identity nonnull active lease gate
2026-10-05T18:07:48.7140408Z   ---
2026-10-05T18:07:48.7140949Z   duration_ms: 25612.30493
2026-10-05T18:07:48.7141363Z   type: 'test'
2026-10-05T18:07:48.7141697Z   ...
2026-10-05T18:07:48.7143137Z # {"network":"none","container":"vpj78-checkpoints-dacf0494","base":"a9e02f3a","migration":"20261003040000_vpj78_v2_durable_checkpoints.sql","providerCalls":0}
2026-10-05T18:07:48.7145092Z # Subtest: concurrent claim holds one started receipt and duplicate cannot mint another request
2026-10-05T18:07:48.7146405Z ok 398 - concurrent claim holds one started receipt and duplicate cannot mint another request
2026-10-05T18:07:48.7147196Z   ---
2026-10-05T18:07:48.7147528Z   duration_ms: 2430.493694
2026-10-05T18:07:48.7147924Z   type: 'test'
2026-10-05T18:07:48.7148258Z   ...
2026-10-05T18:07:48.7149121Z # Subtest: started crash or unknown remains durable and lease rotation cannot redo or save the claim
2026-10-05T18:07:48.7150886Z ok 399 - started crash or unknown remains durable and lease rotation cannot redo or save the claim
2026-10-05T18:07:48.7151723Z   ---
2026-10-05T18:07:48.7152082Z   duration_ms: 5535.232824
2026-10-05T18:07:48.7152505Z   type: 'test'
2026-10-05T18:07:48.7152850Z   ...
2026-10-05T18:07:48.7153797Z # Subtest: save commit lost response recovers through fresh process read only, including active new lease
2026-10-05T18:07:48.7155387Z ok 400 - save commit lost response recovers through fresh process read only, including active new lease
2026-10-05T18:07:48.7156250Z   ---
2026-10-05T18:07:48.7156606Z   duration_ms: 2756.980886
2026-10-05T18:07:48.7157031Z   type: 'test'
2026-10-05T18:07:48.7157371Z   ...
2026-10-05T18:07:48.7158327Z # Subtest: closed source environment freshness and numeric ranges reject malformed observations without reset
2026-10-05T18:07:48.7159824Z ok 401 - closed source environment freshness and numeric ranges reject malformed observations without reset
2026-10-05T18:07:48.7161593Z   ---
2026-10-05T18:07:48.7161946Z   duration_ms: 8058.354802
2026-10-05T18:07:48.7162369Z   type: 'test'
2026-10-05T18:07:48.7162708Z   ...
2026-10-05T18:08:03.6467323Z # Subtest: ordinary correction and policy/Memory withdrawals block reuse and old writes while retaining receipt
2026-10-05T18:08:03.6469763Z ok 402 - ordinary correction and policy/Memory withdrawals block reuse and old writes while retaining receipt
2026-10-05T18:08:03.6470978Z   ---
2026-10-05T18:08:03.6471372Z   duration_ms: 14930.617449
2026-10-05T18:08:03.6471792Z   type: 'test'
2026-10-05T18:08:03.6472201Z   ...
2026-10-05T18:08:12.1318427Z # Subtest: model ledger is readonly and ambiguous/unknown/active/settled attempts never become none or permit claim
2026-10-05T18:08:12.1323344Z ok 403 - model ledger is readonly and ambiguous/unknown/active/settled attempts never become none or permit claim
2026-10-05T18:08:12.1324444Z   ---
2026-10-05T18:08:12.1324929Z   duration_ms: 8483.870394
2026-10-05T18:08:12.1325446Z   type: 'test'
2026-10-05T18:08:12.1325894Z   ...
2026-10-05T18:08:17.7540763Z # Subtest: private API privileges and immutable row identity leave completion fences intact
2026-10-05T18:08:17.7545834Z ok 404 - private API privileges and immutable row identity leave completion fences intact
2026-10-05T18:08:17.7547424Z   ---
2026-10-05T18:08:17.7548089Z   duration_ms: 5624.957738
2026-10-05T18:08:17.7548780Z   type: 'test'
2026-10-05T18:08:17.7549375Z   ...
2026-10-05T18:08:21.5042360Z # Subtest: bounded service owner keyset export hides lease and cascade removes only the selected owner
2026-10-05T18:08:21.5072414Z ok 405 - bounded service owner keyset export hides lease and cascade removes only the selected owner
2026-10-05T18:08:21.5075179Z   ---
2026-10-05T18:08:21.5075969Z   duration_ms: 3748.991785
2026-10-05T18:08:21.5076984Z   type: 'test'
2026-10-05T18:08:21.5077855Z   ...
2026-10-05T18:08:23.1730938Z # Subtest: strict injected private ports recover saved receipt in a new process without Map or replay
2026-10-05T18:08:23.1780367Z ok 406 - strict injected private ports recover saved receipt in a new process without Map or replay
2026-10-05T18:08:23.1807875Z   ---
2026-10-05T18:08:23.1812965Z   duration_ms: 1668.685669
2026-10-05T18:08:23.1814570Z   type: 'test'
2026-10-05T18:08:23.1815410Z   ...
2026-10-05T18:08:47.2010792Z # Subtest: the same UTC millisecond observation matches SQL, strict adapter and current worker date acceptance
2026-10-05T18:08:47.2016279Z ok 407 - the same UTC millisecond observation matches SQL, strict adapter and current worker date acceptance
2026-10-05T18:08:47.2017479Z   ---
2026-10-05T18:08:47.2018022Z   duration_ms: 24030.313773
2026-10-05T18:08:47.2018693Z   type: 'test'
2026-10-05T18:08:47.2019216Z   ...
2026-10-05T18:08:47.2021165Z # {"case":"future","generatedAt":"2026-10-05T18:08:44.998Z","observedAt":"2026-10-05T18:09:44.998Z","serverAfter":"2026-10-05T18:08:45.235Z","futureDeltaMs":59762.10595703125,"unchangedMaxFutureMs":5000}
2026-10-05T18:08:47.2030712Z # {"workerSource":"current normal import","workerSha256":"2779289970e1b367d0302a3ee208f43f45eb22bbbb9508ea82847759bab01206","SQLSource":"current40000","matrix":[{"name":"utc-seconds","SQL":true,"adapter":true,"worker":true},{"name":"utc-tenths","SQL":true,"adapter":true,"worker":true},{"name":"utc-hundredths","SQL":true,"adapter":true,"worker":true},{"name":"utc-milliseconds","SQL":true,"adapter":true,"worker":true},{"name":"zero-offset","SQL":false,"adapter":false,"worker":false},{"name":"positive-offset","SQL":false,"adapter":false,"worker":false},{"name":"negative-offset","SQL":false,"adapter":false,"worker":false},{"name":"fraction-four","SQL":false,"adapter":false,"worker":false},{"name":"microseconds","SQL":false,"adapter":false,"worker":false},{"name":"invalid-calendar","SQL":false,"adapter":false,"worker":false},{"name":"hour-24","SQL":false,"adapter":false,"worker":false},{"name":"leap-second","SQL":false,"adapter":false,"worker":false},{"name":"expired","SQL":false,"adapter":false,"worker":false},{"name":"future","SQL":false,"adapter":false,"worker":false},{"name":"date-array","SQL":false,"adapter":false,"worker":false}],"providerCalls":0,"preparationProbeOnly":true}
2026-10-05T18:08:47.5875837Z # Subtest: exact serializer bytes make one loopback HTTP round trip and strict real SQL response readback survives lost write ACK
2026-10-05T18:08:47.5879981Z ok 408 - exact serializer bytes make one loopback HTTP round trip and strict real SQL response readback survives lost write ACK
2026-10-05T18:08:47.5881676Z   ---
2026-10-05T18:08:47.5882321Z   duration_ms: 23623.213044
2026-10-05T18:08:47.5883009Z   type: 'test'
2026-10-05T18:08:47.5883558Z   ...
2026-10-05T18:08:47.6030661Z # {"source":"current-checkout SQL/TS","providerSends":1,"exactBytes":true,"readRevision":3,"providerOriginVerified":false,"actualMicros":"synthetic known zero; ledger remains dispatched"}
2026-10-05T18:08:47.6032471Z # Subtest: local transport timeout becomes sticky unknown without retry or lease adoption
2026-10-05T18:08:47.6033525Z ok 409 - local transport timeout becomes sticky unknown without retry or lease adoption
2026-10-05T18:08:47.6034190Z   ---
2026-10-05T18:08:47.6034498Z   duration_ms: 3487.783227
2026-10-05T18:08:47.6034857Z   type: 'test'
2026-10-05T18:08:47.6035153Z   ...
2026-10-05T18:08:47.6036347Z # {"mode":"timeout","providerSends":1,"stickyUnknown":true,"providerOriginVerified":false,"ledgerUnchanged":true}
2026-10-05T18:08:47.6037746Z # Subtest: local transport disconnected becomes sticky unknown without retry or lease adoption
2026-10-05T18:08:47.6038868Z ok 410 - local transport disconnected becomes sticky unknown without retry or lease adoption
2026-10-05T18:08:47.6039538Z   ---
2026-10-05T18:08:47.6039829Z   duration_ms: 2854.097773
2026-10-05T18:08:47.6040366Z   type: 'test'
2026-10-05T18:08:47.6040700Z   ...
2026-10-05T18:08:47.6041593Z # {"mode":"disconnected","providerSends":1,"stickyUnknown":true,"providerOriginVerified":false,"ledgerUnchanged":true}
2026-10-05T18:08:48.1447703Z # Subtest: first binding only reserved/live scope and exact full tuple, zero ledger writes
2026-10-05T18:08:48.1561695Z ok 411 - first binding only reserved/live scope and exact full tuple, zero ledger writes
2026-10-05T18:08:48.1584331Z   ---
2026-10-05T18:08:48.1585573Z   duration_ms: 26016.191916
2026-10-05T18:08:48.1618338Z   type: 'test'
2026-10-05T18:08:48.1619206Z   ...
2026-10-05T18:08:48.1621593Z # {"network":"none","container":"vpj78-model-binding-87371b7d","base":"f97ecc5d","migration":"20261003050000_vpj78_v2_model_attempt_binding.sql","providerCalls":0}
2026-10-05T18:08:48.1623975Z # Subtest: dispatched/pending/settled/released cannot receive retroactive first binding
2026-10-05T18:08:48.1625209Z ok 412 - dispatched/pending/settled/released cannot receive retroactive first binding
2026-10-05T18:08:48.1625956Z   ---
2026-10-05T18:08:48.1626300Z   duration_ms: 11554.317992
2026-10-05T18:08:48.1626696Z   type: 'test'
2026-10-05T18:08:48.1627034Z   ...
2026-10-05T18:08:48.1627958Z # Subtest: same binding reports exact subsequent ledger states and sticky unknown without rewriting budget
2026-10-05T18:08:48.1629392Z ok 413 - same binding reports exact subsequent ledger states and sticky unknown without rewriting budget
2026-10-05T18:08:48.1630380Z   ---
2026-10-05T18:08:48.1630736Z   duration_ms: 4815.328471
2026-10-05T18:08:48.1631133Z   type: 'test'
2026-10-05T18:08:48.1631432Z   ...
2026-10-05T18:08:48.1632122Z # Subtest: basis/policy/session/lease/scope mismatch blocks even a stored settled receipt
2026-10-05T18:08:48.1632846Z ok 414 - basis/policy/session/lease/scope mismatch blocks even a stored settled receipt
2026-10-05T18:08:48.1633612Z   ---
2026-10-05T18:08:48.1633978Z   duration_ms: 15125.107928
2026-10-05T18:08:48.1634423Z   type: 'test'
2026-10-05T18:08:48.1634760Z   ...
2026-10-05T18:08:48.1635458Z # Subtest: extra/unknown attempts cannot become none or permit a new attempt
2026-10-05T18:08:48.1636520Z ok 415 - extra/unknown attempts cannot become none or permit a new attempt
2026-10-05T18:08:48.1637160Z   ---
2026-10-05T18:08:48.1637501Z   duration_ms: 3359.893544
2026-10-05T18:08:48.1637916Z   type: 'test'
2026-10-05T18:08:48.1638311Z   ...
2026-10-05T18:08:48.1639209Z # Subtest: controlled reserve and settle lock orders fail closed without partial bindings or deadlock
2026-10-05T18:08:48.1716551Z ok 416 - controlled reserve and settle lock orders fail closed without partial bindings or deadlock
2026-10-05T18:08:48.1717724Z   ---
2026-10-05T18:08:48.1718424Z   duration_ms: 4821.18754
2026-10-05T18:08:48.1718827Z   type: 'test'
2026-10-05T18:08:48.1719438Z   ...
2026-10-05T18:08:48.1720683Z # {"mode":"reserve","held":"Task->scope","conflict":"blocked","partialBinding":false,"providerCalls":0}
2026-10-05T18:08:48.1722237Z # {"mode":"settle","held":"scope->attempt","conflict":"blocked","partialBinding":false,"providerCalls":0}
2026-10-05T18:08:48.1723556Z # Subtest: account-held session revocation commits before qualification, with no partial binding
2026-10-05T18:08:48.1724863Z ok 417 - account-held session revocation commits before qualification, with no partial binding
2026-10-05T18:08:48.1725619Z   ---
2026-10-05T18:08:48.1725948Z   duration_ms: 2391.430799
2026-10-05T18:08:48.1726352Z   type: 'test'
2026-10-05T18:08:48.1726681Z   ...
2026-10-05T18:08:48.1727813Z # Synthetic old Auth session deletion under account lock; real native session API remains UNRUN
2026-10-05T18:08:48.1728916Z # Subtest: private binding ACL/immutable keys retain v2 completion fences
2026-10-05T18:08:48.1729869Z ok 418 - private binding ACL/immutable keys retain v2 completion fences
2026-10-05T18:08:48.1730657Z   ---
2026-10-05T18:08:48.1730989Z   duration_ms: 3424.482171
2026-10-05T18:08:48.1731370Z   type: 'test'
2026-10-05T18:08:48.1731724Z   ...
2026-10-05T18:08:51.9204726Z # Subtest: concurrent identical attempt binds once while real cross actor/Task/attempt and expired lease fail
2026-10-05T18:08:51.9234446Z ok 419 - concurrent identical attempt binds once while real cross actor/Task/attempt and expired lease fail
2026-10-05T18:08:51.9254790Z   ---
2026-10-05T18:08:51.9281782Z   duration_ms: 3778.939005
2026-10-05T18:08:51.9320931Z   type: 'test'
2026-10-05T18:08:51.9328393Z   ...
2026-10-05T18:08:59.0004155Z # Subtest: controlled ordinary Memory/source correction commits before current basis and leaves no binding or ledger write
2026-10-05T18:08:59.0007177Z ok 420 - controlled ordinary Memory/source correction commits before current basis and leaves no binding or ledger write
2026-10-05T18:08:59.0008013Z   ---
2026-10-05T18:08:59.0011331Z   duration_ms: 7077.733965
2026-10-05T18:08:59.0036650Z   type: 'test'
2026-10-05T18:08:59.0039930Z   ...
2026-10-05T18:08:59.0042359Z # {"change":"memory","qualificationAfterCommit":true,"partialBinding":false,"providerCalls":0}
2026-10-05T18:08:59.0044003Z # {"change":"source","qualificationAfterCommit":true,"partialBinding":false,"providerCalls":0}
2026-10-05T18:09:00.5507329Z # Subtest: existing v1 dispatch still uses its old authority; private v2 binding never grants it
2026-10-05T18:09:00.5534720Z ok 421 - existing v1 dispatch still uses its old authority; private v2 binding never grants it
2026-10-05T18:09:00.5547424Z   ---
2026-10-05T18:09:00.5548082Z   duration_ms: 1552.309126
2026-10-05T18:09:00.5548987Z   type: 'test'
2026-10-05T18:09:00.5580710Z   ...
2026-10-05T18:09:00.9663683Z # Subtest: real SQL request bytes equal lowercase shared golden hashes and JS Unicode/control/65536 boundaries
2026-10-05T18:09:00.9672449Z ok 422 - real SQL request bytes equal lowercase shared golden hashes and JS Unicode/control/65536 boundaries
2026-10-05T18:09:00.9690914Z   ---
2026-10-05T18:09:00.9691351Z   duration_ms: 19831.674692
2026-10-05T18:09:00.9692107Z   type: 'test'
2026-10-05T18:09:00.9692544Z   ...
2026-10-05T18:09:00.9693527Z # {"goldenSource":"4cc lowercase vectors, superseded final9c9 UUID rule","network":"none","container":"vpj78-journal-ef483fbc","providerCalls":0}
2026-10-05T18:09:00.9694756Z # Subtest: SQL independently validates closed output and recomputes exact fixed TS digest bytes
2026-10-05T18:09:00.9695803Z ok 423 - SQL independently validates closed output and recomputes exact fixed TS digest bytes
2026-10-05T18:09:00.9696418Z   ---
2026-10-05T18:09:00.9696869Z   duration_ms: 760.51011
2026-10-05T18:09:00.9697244Z   type: 'test'
2026-10-05T18:09:00.9697563Z   ...
2026-10-05T18:09:00.9698572Z # Subtest: real journal phases, no raw prompt storage, exact loss-ack readback and closed UTCms wire
2026-10-05T18:09:00.9699782Z ok 424 - real journal phases, no raw prompt storage, exact loss-ack readback and closed UTCms wire
2026-10-05T18:09:00.9700796Z   ---
2026-10-05T18:09:00.9701280Z   duration_ms: 3281.420834
2026-10-05T18:09:00.9701809Z   type: 'test'
2026-10-05T18:09:00.9739152Z   ...
2026-10-05T18:09:00.9741840Z # Subtest: settled amount must match, unknown sticky survives settlement, old lease refuses read/write
2026-10-05T18:09:00.9743302Z ok 425 - settled amount must match, unknown sticky survives settlement, old lease refuses read/write
2026-10-05T18:09:00.9744390Z   ---
2026-10-05T18:09:00.9744962Z   duration_ms: 4639.854357
2026-10-05T18:09:00.9745528Z   type: 'test'
2026-10-05T18:09:00.9746033Z   ...
2026-10-05T18:09:00.9747281Z # Subtest: concurrent response CAS has one winner, malformed/foreign observations and digests rejected
2026-10-05T18:09:00.9748893Z ok 426 - concurrent response CAS has one winner, malformed/foreign observations and digests rejected
2026-10-05T18:09:00.9749528Z   ---
2026-10-05T18:09:00.9749882Z   duration_ms: 3611.71952
2026-10-05T18:09:00.9750625Z   type: 'test'
2026-10-05T18:09:00.9751095Z   ...
2026-10-05T18:09:00.9752033Z # Subtest: malformed payload/observation, revised settled amount, expired lease and API roles remain closed
2026-10-05T18:09:00.9753022Z ok 427 - malformed payload/observation, revised settled amount, expired lease and API roles remain closed
2026-10-05T18:09:00.9753511Z   ---
2026-10-05T18:09:00.9753714Z   duration_ms: 7786.906638
2026-10-05T18:09:00.9753944Z   type: 'test'
2026-10-05T18:09:00.9754133Z   ...
2026-10-05T18:09:00.9754586Z # Subtest: journal identity/phase cannot reset and turn deletion cascades only its local row
2026-10-05T18:09:00.9755278Z ok 428 - journal identity/phase cannot reset and turn deletion cascades only its local row
2026-10-05T18:09:00.9755936Z   ---
2026-10-05T18:09:00.9756129Z   duration_ms: 3671.646739
2026-10-05T18:09:00.9756360Z   type: 'test'
2026-10-05T18:09:00.9756602Z   ...
2026-10-05T18:09:00.9757247Z # Subtest: NULL/non-string digest cannot bypass validator, response gate or table trigger
2026-10-05T18:09:00.9758481Z ok 429 - NULL/non-string digest cannot bypass validator, response gate or table trigger
2026-10-05T18:09:00.9759098Z   ---
2026-10-05T18:09:00.9759301Z   duration_ms: 6189.889826
2026-10-05T18:09:00.9759537Z   type: 'test'
2026-10-05T18:09:00.9759724Z   ...
2026-10-05T18:09:00.9760839Z # Subtest: real intent/send/response commits survive discarded write acknowledgments with exact qualified readback and no resend
2026-10-05T18:09:00.9761903Z ok 430 - real intent/send/response commits survive discarded write acknowledgments with exact qualified readback and no resend
2026-10-05T18:09:00.9762856Z   ---
2026-10-05T18:09:00.9763230Z   duration_ms: 22429.062314
2026-10-05T18:09:00.9763653Z   type: 'test'
2026-10-05T18:09:00.9764017Z   ...
2026-10-05T18:09:00.9765422Z # {"source":"all current-checkout migrations","discardedWriteACK":"controlled fixture","readKeys":19,"revision":3,"providerSends":0,"providerOriginVerified":false}
2026-10-05T18:09:00.9767365Z # Subtest: real SQL server timestamp truncation preserves internal microseconds and nullable phase fields for TS decoder
2026-10-05T18:09:00.9769186Z ok 431 - real SQL server timestamp truncation preserves internal microseconds and nullable phase fields for TS decoder
2026-10-05T18:09:00.9770646Z   ---
2026-10-05T18:09:00.9771033Z   duration_ms: 1685.34829
2026-10-05T18:09:00.9771434Z   type: 'test'
2026-10-05T18:09:00.9771757Z   ...
2026-10-05T18:09:00.9773098Z # Subtest: real unknown/original lease/current source and settled-amount conflict fail closed without changing recorded phase
2026-10-05T18:09:00.9775448Z ok 432 - real unknown/original lease/current source and settled-amount conflict fail closed without changing recorded phase
2026-10-05T18:09:00.9776698Z   ---
2026-10-05T18:09:00.9777303Z   duration_ms: 4279.147131
2026-10-05T18:09:00.9777738Z   type: 'test'
2026-10-05T18:09:00.9778353Z   ...
2026-10-05T18:09:00.9779690Z # Subtest: fixed NULL digest rejection returns strict false/blocked and preserves journal/ledger with trigger rollback
2026-10-05T18:09:00.9782004Z ok 433 - fixed NULL digest rejection returns strict false/blocked and preserves journal/ledger with trigger rollback
2026-10-05T18:09:00.9783256Z   ---
2026-10-05T18:09:00.9783637Z   duration_ms: 3234.307905
2026-10-05T18:09:00.9784032Z   type: 'test'
2026-10-05T18:09:00.9784337Z   ...
2026-10-05T18:09:01.2470958Z # Subtest: actual old worker read rejects the synthetic valid v2 lease; new protocol stops at prepared
2026-10-05T18:09:01.2488615Z ok 434 - actual old worker read rejects the synthetic valid v2 lease; new protocol stops at prepared
2026-10-05T18:09:01.2503156Z   ---
2026-10-05T18:09:01.2503997Z   duration_ms: 24162.147344
2026-10-05T18:09:01.2504808Z   type: 'test'
2026-10-05T18:09:01.2505607Z   ...
2026-10-05T18:09:01.2508019Z # {"container":"vpj80-v2-protocol-c7591039","privateSource":"current checkout actual migrations","oldRead":"blocked","protocol":"prepared","mapCalls":13,"modelAttempts":0,"artifacts":0,"publication":false}
2026-10-05T18:09:01.2530954Z # Subtest: decoder rejects swapped hashes, foreign identities and execution/publication capability inflation
2026-10-05T18:09:01.2533359Z ok 435 - decoder rejects swapped hashes, foreign identities and execution/publication capability inflation
2026-10-05T18:09:01.2582480Z   ---
2026-10-05T18:09:01.2583317Z   duration_ms: 815.190917
2026-10-05T18:09:01.2584147Z   type: 'test'
2026-10-05T18:09:01.2584755Z   ...
2026-10-05T18:09:01.2586205Z # Subtest: ordinary correction after response one prevents later requests and started/unknown effects never replay
2026-10-05T18:09:01.2588462Z ok 436 - ordinary correction after response one prevents later requests and started/unknown effects never replay
2026-10-05T18:09:01.2601726Z   ---
2026-10-05T18:09:01.2602091Z   duration_ms: 3167.691838
2026-10-05T18:09:01.2602504Z   type: 'test'
2026-10-05T18:09:01.2602928Z   ...
2026-10-05T18:09:01.2603747Z # Subtest: existing actual attempt states never cause a new tool/model invocation
2026-10-05T18:09:01.2604885Z ok 437 - existing actual attempt states never cause a new tool/model invocation
2026-10-05T18:09:01.2605548Z   ---
2026-10-05T18:09:01.2605889Z   duration_ms: 4157.128789
2026-10-05T18:09:01.2606327Z   type: 'test'
2026-10-05T18:09:01.2606685Z   ...
2026-10-05T18:09:08.8263419Z # Subtest: completed checkpoint survives a new process lease and persistence uncertainty does not replay
2026-10-05T18:09:08.8286978Z ok 438 - completed checkpoint survives a new process lease and persistence uncertainty does not replay
2026-10-05T18:09:08.8301480Z   ---
2026-10-05T18:09:08.8304401Z   duration_ms: 7580.339028
2026-10-05T18:09:08.8305022Z   type: 'test'
2026-10-05T18:09:08.8305546Z   ...
2026-10-05T18:09:21.8161112Z # Subtest: projection forgery or late correction cannot inflate prepared coverage or publication
2026-10-05T18:09:21.8170196Z ok 439 - projection forgery or late correction cannot inflate prepared coverage or publication
2026-10-05T18:09:21.8172307Z   ---
2026-10-05T18:09:21.8173336Z   duration_ms: 12990.160978
2026-10-05T18:09:21.8174323Z   type: 'test'
2026-10-05T18:09:21.8175128Z   ...
2026-10-05T18:09:22.8028729Z # Subtest: missing fake permit and nonlocal protocol mode send zero requests
2026-10-05T18:09:22.8042326Z ok 440 - missing fake permit and nonlocal protocol mode send zero requests
2026-10-05T18:09:22.8043080Z   ---
2026-10-05T18:09:22.8043468Z   duration_ms: 988.775047
2026-10-05T18:09:22.8043888Z   type: 'test'
2026-10-05T18:09:22.8044260Z   ...
2026-10-05T18:09:23.8911569Z # Subtest: released later attempt cannot hide an earlier unresolved effect
2026-10-05T18:09:23.8913094Z ok 441 - released later attempt cannot hide an earlier unresolved effect
2026-10-05T18:09:23.8914164Z   ---
2026-10-05T18:09:23.8914787Z   duration_ms: 1088.485249
2026-10-05T18:09:23.8915421Z   type: 'test'
2026-10-05T18:09:23.8915961Z   ...
2026-10-05T18:09:25.2431620Z # Subtest: malformed scalar enums, dates beyond frozen bound and invalid clock fail before requests
2026-10-05T18:09:25.2446148Z ok 442 - malformed scalar enums, dates beyond frozen bound and invalid clock fail before requests
2026-10-05T18:09:25.2458858Z   ---
2026-10-05T18:09:25.2460769Z   duration_ms: 1348.025513
2026-10-05T18:09:25.2462292Z   type: 'test'
2026-10-05T18:09:25.2464726Z   ...
2026-10-05T18:09:28.4094977Z # Subtest: current-union real private adapter canonical Z claim/save and new lease readback do not repeat calls
2026-10-05T18:09:28.4096698Z ok 443 - current-union real private adapter canonical Z claim/save and new lease readback do not repeat calls
2026-10-05T18:09:28.4097760Z   ---
2026-10-05T18:09:28.4098315Z   duration_ms: 3170.184873
2026-10-05T18:09:28.4098892Z   type: 'test'
2026-10-05T18:09:28.4099437Z   ...
2026-10-05T18:09:28.4102947Z # {"checkpointSource":"current40000","workerSource":"current imported module","privateProjectionSource":"current03030000","timestampCoverage":"canonical Z milliseconds final union","mapCalls":13,"preparedOnly":true,"transportScalars":[{"operation":"save_planning_v2_place_v1","serializedScalar":"true"}]}
2026-10-05T18:09:32.5992894Z # Subtest: current-union private started/unknown and lost save acknowledgment use only durable readback
2026-10-05T18:09:32.5995364Z ok 444 - current-union private started/unknown and lost save acknowledgment use only durable readback
2026-10-05T18:09:32.5996577Z   ---
2026-10-05T18:09:32.5997193Z   duration_ms: 4189.738153
2026-10-05T18:09:32.5997813Z   type: 'test'
2026-10-05T18:09:32.5998407Z   ...
2026-10-05T18:09:32.5999785Z # {"sqlFunctionType":"boolean","rawRepeatScalar":"f","adapterUses":"to_jsonb(single function invocation)::text, explicit SQL NULL"}
2026-10-05T18:09:33.9135369Z # Subtest: current-union private current-source correction cannot rewrite started or replay
2026-10-05T18:09:33.9142437Z ok 445 - current-union private current-source correction cannot rewrite started or replay
2026-10-05T18:09:33.9143763Z   ---
2026-10-05T18:09:33.9144451Z   duration_ms: 1310.147294
2026-10-05T18:09:33.9145259Z   type: 'test'
2026-10-05T18:09:33.9145781Z   ...
2026-10-05T18:09:34.2049252Z # Subtest: fixed current binding yields exact TS projection in en/zh, no action/storage/execution authority and transactional migration rollback
2026-10-05T18:09:34.2054105Z ok 446 - fixed current binding yields exact TS projection in en/zh, no action/storage/execution authority and transactional migration rollback
2026-10-05T18:09:34.2055653Z   ---
2026-10-05T18:09:34.2056204Z   duration_ms: 23162.702076
2026-10-05T18:09:34.2056612Z   type: 'test'
2026-10-05T18:09:34.2056947Z   ...
2026-10-05T18:09:34.2057869Z # {"dependencies":"all current checkout migrations","network":"none","container":"vpj79-qualified-41b0cd5b"}
2026-10-05T18:09:34.2059541Z # Subtest: wrong owner/source/lease/digests/locale and observation source/time/schema/ranges never produce a valid projection
2026-10-05T18:09:34.2061491Z ok 447 - wrong owner/source/lease/digests/locale and observation source/time/schema/ranges never produce a valid projection
2026-10-05T18:09:34.2063719Z   ---
2026-10-05T18:09:34.2064122Z   duration_ms: 3693.452368
2026-10-05T18:09:34.2064545Z   type: 'test'
2026-10-05T18:09:34.2064889Z   ...
2026-10-05T18:09:34.2066348Z # {"generatedAt":"2026-10-05T18:09:01.661Z","observedAt":"2026-10-05T18:10:01.661Z","serverAfter":"2026-10-05T18:09:01.894Z","futureDeltaMs":59766.68310546875,"unchangedMaxFutureMs":5000}
2026-10-05T18:09:34.2068423Z # Subtest: ordinary explicit correction, source hide and consent withdrawal invalidate the old bridge binding without historical fallback
2026-10-05T18:09:34.2070650Z ok 448 - ordinary explicit correction, source hide and consent withdrawal invalidate the old bridge binding without historical fallback
2026-10-05T18:09:34.2071738Z   ---
2026-10-05T18:09:34.2072111Z   duration_ms: 3441.683637
2026-10-05T18:09:34.2072542Z   type: 'test'
2026-10-05T18:09:34.2072891Z   ...
2026-10-05T18:09:34.2073947Z # Subtest: all API roles cannot execute private functions and valid preparation cannot remove v2 completion hard fences
2026-10-05T18:09:34.2075638Z ok 449 - all API roles cannot execute private functions and valid preparation cannot remove v2 completion hard fences
2026-10-05T18:09:34.2076558Z   ---
2026-10-05T18:09:34.2076929Z   duration_ms: 2161.701529
2026-10-05T18:09:34.2077355Z   type: 'test'
2026-10-05T18:09:34.2077709Z   ...
2026-10-05T18:09:34.2078621Z # Subtest: ordinary v2 message captures empty/Trip refs atomically, same key replay and no new task
2026-10-05T18:09:34.2080007Z ok 450 - ordinary v2 message captures empty/Trip refs atomically, same key replay and no new task
2026-10-05T18:09:34.2085348Z   ---
2026-10-05T18:09:34.2085572Z   duration_ms: 22144.897142
2026-10-05T18:09:34.2085823Z   type: 'test'
2026-10-05T18:09:34.2086042Z   ...
2026-10-05T18:09:34.2086636Z # {"network":"none","container":"vpj78-selected-src-bbe085bf","scope":"ordinary message/source refs","newPaidTasks":0}
2026-10-05T18:09:34.2096074Z # Subtest: selected artifact exact revision/current actor captured and own amendment is explicit previous reference
2026-10-05T18:09:34.2097908Z ok 451 - selected artifact exact revision/current actor captured and own amendment is explicit previous reference
2026-10-05T18:09:34.2099060Z   ---
2026-10-05T18:09:34.2099687Z   duration_ms: 2755.499225
2026-10-05T18:09:34.2100530Z   type: 'test'
2026-10-05T18:09:34.2101044Z   ...
2026-10-05T18:09:34.2102082Z # Subtest: two source-bound goal amendments have one CAS winner; stale/extra refs roll back and export has exact owner
2026-10-05T18:09:34.2103572Z ok 452 - two source-bound goal amendments have one CAS winner; stale/extra refs roll back and export has exact owner
2026-10-05T18:09:34.2104792Z   ---
2026-10-05T18:09:34.2105392Z   duration_ms: 1494.509235
2026-10-05T18:09:34.2106065Z   type: 'test'
2026-10-05T18:09:34.2106560Z   ...
2026-10-05T18:09:34.2107695Z # Subtest: qualified published evidence records exact scope/version and revocation blocks context without exposing private source
2026-10-05T18:09:34.2109489Z ok 453 - qualified published evidence records exact scope/version and revocation blocks context without exposing private source
2026-10-05T18:09:34.2110637Z   ---
2026-10-05T18:09:34.2110976Z   duration_ms: 2181.6174
2026-10-05T18:09:34.2111575Z   type: 'test'
2026-10-05T18:09:34.2111886Z   ...
2026-10-05T18:09:34.2112475Z # Subtest: new result revision is not latest fallback; source receipt is immutable and conversation deletion cascades
2026-10-05T18:09:34.2113631Z ok 454 - new result revision is not latest fallback; source receipt is immutable and conversation deletion cascades
2026-10-05T18:09:34.2114147Z   ---
2026-10-05T18:09:34.2114352Z   duration_ms: 1897.327693
2026-10-05T18:09:34.2114705Z   type: 'test'
2026-10-05T18:09:34.2114910Z   ...
2026-10-05T18:09:34.2115442Z # Subtest: previous-result purpose cannot resurrect a changed Memory dependency or withdrawn artifact
2026-10-05T18:09:34.2116368Z ok 455 - previous-result purpose cannot resurrect a changed Memory dependency or withdrawn artifact
2026-10-05T18:09:34.2116960Z   ---
2026-10-05T18:09:34.2117191Z   duration_ms: 3047.77117
2026-10-05T18:09:34.2117491Z   type: 'test'
2026-10-05T18:09:34.2117749Z   ...
2026-10-05T18:09:34.2118250Z # Subtest: actual v2 domain reader supports selected journey draft and decision without old v1fallback
2026-10-05T18:09:34.2119158Z ok 456 - actual v2 domain reader supports selected journey draft and decision without old v1fallback
2026-10-05T18:09:34.2119603Z   ---
2026-10-05T18:09:34.2119891Z   duration_ms: 22409.869064
2026-10-05T18:09:34.2120285Z   type: 'test'
2026-10-05T18:09:34.2120482Z   ...
2026-10-05T18:09:34.2121226Z # Subtest: practical translation uses actual domain projection; hide causes source refusal, not latest fallback
2026-10-05T18:09:34.2122105Z ok 457 - practical translation uses actual domain projection; hide causes source refusal, not latest fallback
2026-10-05T18:09:34.2122594Z   ---
2026-10-05T18:09:34.2122784Z   duration_ms: 1513.645106
2026-10-05T18:09:34.2123013Z   type: 'test'
2026-10-05T18:09:34.2123205Z   ...
2026-10-05T18:09:34.2123701Z # Subtest: new domain exact comparison historical self-amend remains first-party previous reference
2026-10-05T18:09:34.2124447Z ok 458 - new domain exact comparison historical self-amend remains first-party previous reference
2026-10-05T18:09:34.2124898Z   ---
2026-10-05T18:09:34.2125088Z   duration_ms: 1051.982261
2026-10-05T18:09:34.2125310Z   type: 'test'
2026-10-05T18:09:34.2125502Z   ...
2026-10-05T18:09:34.2126349Z # {"network":"none","container":"vpj78-context-v2-4bc35c8e","domainSource":"68bd4b4 actual checkout","sourceAdapter":"120000 appended","old090Modified":false,"providerCalls":0}
2026-10-05T18:09:35.9592860Z # Subtest: durable owner consent gates input; exact retries reuse and changed text rejects
2026-10-05T18:09:35.9594627Z ok 459 - durable owner consent gates input; exact retries reuse and changed text rejects
2026-10-05T18:09:35.9595953Z   ---
2026-10-05T18:09:35.9596618Z   duration_ms: 20509.610295
2026-10-05T18:09:35.9597321Z   type: 'test'
2026-10-05T18:09:35.9597895Z   ...
2026-10-05T18:09:35.9599189Z # Subtest: cross-owner/session and ordinary roles cannot access private text or service dispatch
2026-10-05T18:09:35.9600812Z ok 460 - cross-owner/session and ordinary roles cannot access private text or service dispatch
2026-10-05T18:09:35.9601725Z   ---
2026-10-05T18:09:35.9602087Z   duration_ms: 954.204581
2026-10-05T18:09:35.9602478Z   type: 'test'
2026-10-05T18:09:35.9602808Z   ...
2026-10-05T18:09:35.9603349Z # Subtest: withdrawal persists across new clients and denies new attempts, late write and owner reads
2026-10-05T18:09:35.9604141Z ok 461 - withdrawal persists across new clients and denies new attempts, late write and owner reads
2026-10-05T18:09:35.9604594Z   ---
2026-10-05T18:09:35.9605035Z   duration_ms: 919.514846
2026-10-05T18:09:35.9605262Z   type: 'test'
2026-10-05T18:09:35.9605454Z   ...
2026-10-05T18:09:35.9605846Z # Subtest: recipient substitution, replay and policy revocation fail closed
2026-10-05T18:09:35.9606573Z ok 462 - recipient substitution, replay and policy revocation fail closed
2026-10-05T18:09:35.9607100Z   ---
2026-10-05T18:09:35.9607301Z   duration_ms: 966.65941
2026-10-05T18:09:35.9607540Z   type: 'test'
2026-10-05T18:09:35.9607728Z   ...
2026-10-05T18:09:35.9608138Z # Subtest: atomic output maps all five business outcomes to correct terminal, once
2026-10-05T18:09:35.9608978Z ok 463 - atomic output maps all five business outcomes to correct terminal, once
2026-10-05T18:09:35.9609669Z   ---
2026-10-05T18:09:35.9609989Z   duration_ms: 3444.557605
2026-10-05T18:09:35.9610617Z   type: 'test'
2026-10-05T18:09:35.9610980Z   ...
2026-10-05T18:09:37.6150963Z # Subtest: cancel and expired leases prevent late output; cancellation race has one terminal
2026-10-05T18:09:37.6152187Z ok 464 - cancel and expired leases prevent late output; cancellation race has one terminal
2026-10-05T18:09:37.6152810Z   ---
2026-10-05T18:09:37.6153281Z   duration_ms: 1656.110432
2026-10-05T18:09:37.6153782Z   type: 'test'
2026-10-05T18:09:37.6154222Z   ...
2026-10-05T18:09:38.2353276Z # Subtest: UTF-16 input/output limits and secret-bearing envelope alternatives are rejected
2026-10-05T18:09:38.2354634Z ok 465 - UTF-16 input/output limits and secret-bearing envelope alternatives are rejected
2026-10-05T18:09:38.2355622Z   ---
2026-10-05T18:09:38.2356113Z   duration_ms: 620.292155
2026-10-05T18:09:38.2356527Z   type: 'test'
2026-10-05T18:09:38.2356856Z   ...
2026-10-05T18:09:39.4291939Z # Subtest: deletion hides but retains consented content without resurrecting recreated IDs
2026-10-05T18:09:39.4293283Z ok 466 - deletion hides but retains consented content without resurrecting recreated IDs
2026-10-05T18:09:39.4294037Z   ---
2026-10-05T18:09:39.4294392Z   duration_ms: 1188.414731
2026-10-05T18:09:39.4294849Z   type: 'test'
2026-10-05T18:09:39.4295197Z   ...
2026-10-05T18:09:44.1353577Z # Subtest: complete worker uses real SQL budget + controlled HTTP, persists validated outcomes and retains unknown charges
2026-10-05T18:09:44.1355648Z ok 467 - complete worker uses real SQL budget + controlled HTTP, persists validated outcomes and retains unknown charges
2026-10-05T18:09:44.1356634Z   ---
2026-10-05T18:09:44.1357010Z   duration_ms: 4710.962944
2026-10-05T18:09:44.1357446Z   type: 'test'
2026-10-05T18:09:44.1357804Z   ...
2026-10-05T18:09:45.3095676Z # Subtest: thread/user deletion lock barriers roll back busy work without deadlock or false cancellation
2026-10-05T18:09:45.3096611Z ok 468 - thread/user deletion lock barriers roll back busy work without deadlock or false cancellation
2026-10-05T18:09:45.3097083Z   ---
2026-10-05T18:09:45.3097293Z   duration_ms: 1174.279732
2026-10-05T18:09:45.3097528Z   type: 'test'
2026-10-05T18:09:45.3097729Z   ...
2026-10-05T18:09:46.2774228Z # Subtest: withdrawal at the final egress gate prevents HTTP even after budget dispatch
2026-10-05T18:09:46.2775999Z ok 469 - withdrawal at the final egress gate prevents HTTP even after budget dispatch
2026-10-05T18:09:46.2777005Z   ---
2026-10-05T18:09:46.2777976Z   duration_ms: 967.799955
2026-10-05T18:09:46.2778655Z   type: 'test'
2026-10-05T18:09:46.2779209Z   ...
2026-10-05T18:09:48.1764912Z # Subtest: cancel while provider is in flight rejects late answer; unknown extra fields never persist
2026-10-05T18:09:48.1766037Z ok 470 - cancel while provider is in flight rejects late answer; unknown extra fields never persist
2026-10-05T18:09:48.1766786Z   ---
2026-10-05T18:09:48.1767185Z   duration_ms: 1899.358437
2026-10-05T18:09:48.1767613Z   type: 'test'
2026-10-05T18:09:48.1767958Z   ...
2026-10-05T18:09:49.2762584Z # Subtest: unverified model usage retains the full budget hold instead of using the configured tariff
2026-10-05T18:09:49.2763777Z ok 471 - unverified model usage retains the full budget hold instead of using the configured tariff
2026-10-05T18:09:49.2764788Z   ---
2026-10-05T18:09:49.2765305Z   duration_ms: 1099.33611
2026-10-05T18:09:49.2765762Z   type: 'test'
2026-10-05T18:09:49.2766121Z   ...
2026-10-05T18:10:00.6702582Z # Subtest: verified model charges survive business failures while unproved protocol failures remain pending
2026-10-05T18:10:00.6704186Z ok 472 - verified model charges survive business failures while unproved protocol failures remain pending
2026-10-05T18:10:00.6705040Z   ---
2026-10-05T18:10:00.6705377Z   duration_ms: 11394.198423
2026-10-05T18:10:00.6705776Z   type: 'test'
2026-10-05T18:10:00.6706101Z   ...
2026-10-05T18:10:01.6118259Z # Subtest: scoped claimer leaves other owners, other policies and metadata-only work untouched
2026-10-05T18:10:01.6119798Z ok 473 - scoped claimer leaves other owners, other policies and metadata-only work untouched
2026-10-05T18:10:01.6120957Z   ---
2026-10-05T18:10:01.6121330Z   duration_ms: 941.706376
2026-10-05T18:10:01.6121810Z   type: 'test'
2026-10-05T18:10:01.6122231Z   ...
2026-10-05T18:10:02.3274976Z # Subtest: scoped and legacy claimers serialize; expired leases recover once and old tokens cannot dispatch
2026-10-05T18:10:02.3275938Z ok 474 - scoped and legacy claimers serialize; expired leases recover once and old tokens cannot dispatch
2026-10-05T18:10:02.3276452Z   ---
2026-10-05T18:10:02.3276665Z   duration_ms: 715.368573
2026-10-05T18:10:02.3276903Z   type: 'test'
2026-10-05T18:10:02.3277103Z   ...
2026-10-05T18:10:08.4727802Z # Subtest: scoped claim refuses ordinary roles and leaves revoked or hidden content unleased
2026-10-05T18:10:08.4730567Z ok 475 - scoped claim refuses ordinary roles and leaves revoked or hidden content unleased
2026-10-05T18:10:08.4731333Z   ---
2026-10-05T18:10:08.4731698Z   duration_ms: 6145.311043
2026-10-05T18:10:08.4732103Z   type: 'test'
2026-10-05T18:10:08.4732436Z   ...
2026-10-05T18:10:09.2528784Z # Subtest: scoped claim rolls back on deletion lock contention and can be disabled without changing retained records
2026-10-05T18:10:09.2530061Z ok 476 - scoped claim rolls back on deletion lock contention and can be disabled without changing retained records
2026-10-05T18:10:09.2531325Z   ---
2026-10-05T18:10:09.2531833Z   duration_ms: 780.021006
2026-10-05T18:10:09.2532306Z   type: 'test'
2026-10-05T18:10:09.2532663Z   ...
2026-10-05T18:10:10.8615876Z # Subtest: ServiceTask records exact request replay and a latest-parent clarification/repair chain
2026-10-05T18:10:10.8617061Z ok 477 - ServiceTask records exact request replay and a latest-parent clarification/repair chain
2026-10-05T18:10:10.8617908Z   ---
2026-10-05T18:10:10.8618300Z   duration_ms: 1608.689976
2026-10-05T18:10:10.8618722Z   type: 'test'
2026-10-05T18:10:10.8619068Z   ...
2026-10-05T18:10:12.1180821Z # Subtest: development capacity serializes the last text slot and settles only a readable answer
2026-10-05T18:10:12.1182237Z ok 478 - development capacity serializes the last text slot and settles only a readable answer
2026-10-05T18:10:12.1183034Z   ---
2026-10-05T18:10:12.1183426Z   duration_ms: 1256.462221
2026-10-05T18:10:12.1183838Z   type: 'test'
2026-10-05T18:10:12.1184178Z   ...
2026-10-05T18:10:12.7217435Z # Subtest: U1 capacity cannot be relabeled as a Trip or reviewed-answer task
2026-10-05T18:10:12.7218614Z ok 479 - U1 capacity cannot be relabeled as a Trip or reviewed-answer task
2026-10-05T18:10:12.7219023Z   ---
2026-10-05T18:10:12.7219238Z   duration_ms: 603.324694
2026-10-05T18:10:12.7219482Z   type: 'test'
2026-10-05T18:10:12.7219680Z   ...
2026-10-05T18:10:13.2483145Z # Subtest: concurrent task relabel and capacity insert cannot commit a mismatched task
2026-10-05T18:10:13.2484199Z ok 480 - concurrent task relabel and capacity insert cannot commit a mismatched task
2026-10-05T18:10:13.2484894Z   ---
2026-10-05T18:10:13.2485311Z   duration_ms: 526.817099
2026-10-05T18:10:13.2485736Z   type: 'test'
2026-10-05T18:10:13.2486108Z   ...
2026-10-05T18:10:13.8081690Z # Subtest: concurrent capacity insert and Trip rebind cannot commit a metered Trip thread
2026-10-05T18:10:13.8083105Z ok 481 - concurrent capacity insert and Trip rebind cannot commit a metered Trip thread
2026-10-05T18:10:13.8083917Z   ---
2026-10-05T18:10:13.8084440Z   duration_ms: 559.774377
2026-10-05T18:10:13.8084916Z   type: 'test'
2026-10-05T18:10:13.8085282Z   ...
2026-10-05T18:10:15.3469950Z # Subtest: clarification and failed repair retain one task identity and re-admit after release
2026-10-05T18:10:15.3471694Z ok 482 - clarification and failed repair retain one task identity and re-admit after release
2026-10-05T18:10:15.3472364Z   ---
2026-10-05T18:10:15.3472573Z   duration_ms: 1538.563018
2026-10-05T18:10:15.3472814Z   type: 'test'
2026-10-05T18:10:15.3473010Z   ...
2026-10-05T18:10:16.4269209Z # Subtest: partial text keeps readable output but releases capacity without a later settlement path
2026-10-05T18:10:16.4271841Z ok 483 - partial text keeps readable output but releases capacity without a later settlement path
2026-10-05T18:10:16.4272902Z   ---
2026-10-05T18:10:16.4273507Z   duration_ms: 1080.101081
2026-10-05T18:10:16.4273861Z   type: 'test'
2026-10-05T18:10:16.4274071Z   ...
2026-10-05T18:10:16.9944231Z # Subtest: missing development capacity settings fail closed without a task or Turn
2026-10-05T18:10:16.9945303Z ok 484 - missing development capacity settings fail closed without a task or Turn
2026-10-05T18:10:16.9946147Z   ---
2026-10-05T18:10:16.9946574Z   duration_ms: 567.346657
2026-10-05T18:10:16.9946994Z   type: 'test'
2026-10-05T18:10:16.9947352Z   ...
2026-10-05T18:10:18.1089074Z # Subtest: future and revoked Sandbox grants never authorize text capacity or late settlement
2026-10-05T18:10:18.1090737Z ok 485 - future and revoked Sandbox grants never authorize text capacity or late settlement
2026-10-05T18:10:18.1096180Z   ---
2026-10-05T18:10:18.1096832Z   duration_ms: 1114.082634
2026-10-05T18:10:18.1097524Z   type: 'test'
2026-10-05T18:10:18.1097877Z   ...
2026-10-05T18:10:19.0989376Z # Subtest: ServiceTask competing continuations and legacy v1/state admissions cannot split the task
2026-10-05T18:10:19.0991148Z ok 486 - ServiceTask competing continuations and legacy v1/state admissions cannot split the task
2026-10-05T18:10:19.0991981Z   ---
2026-10-05T18:10:19.0992346Z   duration_ms: 990.146417
2026-10-05T18:10:19.0992765Z   type: 'test'
2026-10-05T18:10:19.0993124Z   ...
2026-10-05T18:10:20.8158610Z # Subtest: ServiceTask shared cost is canonical for old Turn workers, pinned across scope changes and denied to ordinary roles
2026-10-05T18:10:20.8159686Z ok 487 - ServiceTask shared cost is canonical for old Turn workers, pinned across scope changes and denied to ordinary roles
2026-10-05T18:10:20.8160509Z   ---
2026-10-05T18:10:20.8160720Z   duration_ms: 1716.79999
2026-10-05T18:10:20.8160955Z   type: 'test'
2026-10-05T18:10:20.8161150Z   ...
2026-10-05T18:10:24.3693598Z # Subtest: ServiceTask withdrawal and physical deletion preserve hidden records but forbid continuation and dispatch
2026-10-05T18:10:24.3695334Z ok 488 - ServiceTask withdrawal and physical deletion preserve hidden records but forbid continuation and dispatch
2026-10-05T18:10:24.3696219Z   ---
2026-10-05T18:10:24.3696727Z   duration_ms: 3553.527822
2026-10-05T18:10:24.3697133Z   type: 'test'
2026-10-05T18:10:24.3697456Z   ...
2026-10-05T18:10:25.1592641Z # Subtest: ServiceTask and legacy Turn IDs cannot collide in either direction or concurrent creation
2026-10-05T18:10:25.1594139Z ok 489 - ServiceTask and legacy Turn IDs cannot collide in either direction or concurrent creation
2026-10-05T18:10:25.1594979Z   ---
2026-10-05T18:10:25.1595457Z   duration_ms: 789.798166
2026-10-05T18:10:25.1595854Z   type: 'test'
2026-10-05T18:10:25.1596181Z   ...
2026-10-05T18:10:26.3731060Z # Subtest: task history requires a new immutable policy and consent; legacy claimers leave it recoverable
2026-10-05T18:10:26.3732694Z ok 490 - task history requires a new immutable policy and consent; legacy claimers leave it recoverable
2026-10-05T18:10:26.3733536Z   ---
2026-10-05T18:10:26.3734140Z   duration_ms: 1213.771485
2026-10-05T18:10:26.3734910Z   type: 'test'
2026-10-05T18:10:26.3735157Z   ...
2026-10-05T18:10:28.2634598Z # Subtest: task history is ordered and capped at four turns with exact replay at the bound
2026-10-05T18:10:28.2635872Z ok 491 - task history is ordered and capped at four turns with exact replay at the bound
2026-10-05T18:10:28.2636645Z   ---
2026-10-05T18:10:28.2636995Z   duration_ms: 1890.178577
2026-10-05T18:10:28.2637390Z   type: 'test'
2026-10-05T18:10:28.2637641Z   ...
2026-10-05T18:10:32.0686226Z # Subtest: task dispatch rejects a deleted intermediate ancestor or withdrawn consent after reading
2026-10-05T18:10:32.0688089Z ok 492 - task dispatch rejects a deleted intermediate ancestor or withdrawn consent after reading
2026-10-05T18:10:32.0689338Z   ---
2026-10-05T18:10:32.0690624Z   duration_ms: 3804.704661
2026-10-05T18:10:32.0691097Z   type: 'test'
2026-10-05T18:10:32.0691460Z   ...
2026-10-05T18:10:32.3015249Z 1..492
2026-10-05T18:10:32.3015706Z # tests 537
2026-10-05T18:10:32.3016176Z # suites 0
2026-10-05T18:10:32.3016569Z # pass 536
2026-10-05T18:10:32.3016787Z # fail 1
2026-10-05T18:10:32.3016981Z # cancelled 0
2026-10-05T18:10:32.3017198Z # skipped 0
2026-10-05T18:10:32.3017395Z # todo 0
2026-10-05T18:10:32.3017623Z # duration_ms 880569.82862
2026-10-05T18:10:32.3090540Z ##[endgroup]
2026-10-05T18:10:32.3100453Z 
2026-10-05T18:10:32.3100949Z ##[group]postgres / journeys-pages
2026-10-05T18:10:32.3505366Z TAP version 13
2026-10-05T18:10:40.4221242Z # Subtest: 100 current-conversation goals are readable in five stable pages without message bodies
2026-10-05T18:10:40.4227502Z ok 1 - 100 current-conversation goals are readable in five stable pages without message bodies
2026-10-05T18:10:40.4228773Z   ---
2026-10-05T18:10:40.4229418Z   duration_ms: 8026.380977
2026-10-05T18:10:40.4229856Z   type: 'test'
2026-10-05T18:10:40.4230898Z   ...
2026-10-05T18:10:41.1569379Z # Subtest: foreign, withdrawn, changed membership and replaced latest conversation cursors return no metadata
2026-10-05T18:10:41.1575114Z ok 2 - foreign, withdrawn, changed membership and replaced latest conversation cursors return no metadata
2026-10-05T18:10:41.1575743Z   ---
2026-10-05T18:10:41.1575954Z   duration_ms: 735.076163
2026-10-05T18:10:41.1576213Z   type: 'test'
2026-10-05T18:10:41.1576425Z   ...
2026-10-05T18:10:41.6258932Z # Subtest: malformed/memberless cursor and over-cap source fail closed; new RPC ACL excludes anonymous/service
2026-10-05T18:10:41.6265147Z ok 3 - malformed/memberless cursor and over-cap source fail closed; new RPC ACL excludes anonymous/service
2026-10-05T18:10:41.6266035Z   ---
2026-10-05T18:10:41.6266393Z   duration_ms: 469.121439
2026-10-05T18:10:41.6266796Z   type: 'test'
2026-10-05T18:10:41.6267144Z   ...
2026-10-05T18:10:42.3572190Z # Subtest: relation eligibility is live per page when Trip head/archive/deletion changes without goal-version changes
2026-10-05T18:10:42.3574461Z ok 4 - relation eligibility is live per page when Trip head/archive/deletion changes without goal-version changes
2026-10-05T18:10:42.3575459Z   ---
2026-10-05T18:10:42.3575959Z   duration_ms: 731.450705
2026-10-05T18:10:42.3576363Z   type: 'test'
2026-10-05T18:10:42.3576689Z   ...
2026-10-05T18:10:43.9443254Z # Subtest: canonical unlink and queued-deletion paths cross ordinary 10000 to terminal 10001 without hiding the rest of a page
2026-10-05T18:10:43.9445141Z ok 5 - canonical unlink and queued-deletion paths cross ordinary 10000 to terminal 10001 without hiding the rest of a page
2026-10-05T18:10:43.9445962Z   ---
2026-10-05T18:10:43.9446448Z   duration_ms: 1587.244736
2026-10-05T18:10:43.9446847Z   type: 'test'
2026-10-05T18:10:43.9447167Z   ...
2026-10-05T18:10:44.1323410Z 1..5
2026-10-05T18:10:44.1324036Z # tests 5
2026-10-05T18:10:44.1324446Z # suites 0
2026-10-05T18:10:44.1324950Z # pass 5
2026-10-05T18:10:44.1325474Z # fail 0
2026-10-05T18:10:44.1325915Z # cancelled 0
2026-10-05T18:10:44.1326468Z # skipped 0
2026-10-05T18:10:44.1326984Z # todo 0
2026-10-05T18:10:44.1327501Z # duration_ms 11794.169402
2026-10-05T18:10:44.1374050Z ##[endgroup]
2026-10-05T18:10:44.1378498Z 
2026-10-05T18:10:44.1378990Z ##[group]postgres / journeys-goal-index
2026-10-05T18:10:44.1798691Z TAP version 13
2026-10-05T18:10:52.2421020Z # Subtest: cross-conversation index includes older goals, has exact references, stable pages and closed payload
2026-10-05T18:10:52.2428686Z ok 1 - cross-conversation index includes older goals, has exact references, stable pages and closed payload
2026-10-05T18:10:52.2429458Z   ---
2026-10-05T18:10:52.2429939Z   duration_ms: 8018.162497
2026-10-05T18:10:52.2430685Z   type: 'test'
2026-10-05T18:10:52.2431142Z   ...
2026-10-05T18:10:53.1214214Z # Subtest: foreign owner/session, correction/deletion/new conversation invalidate cursors without metadata
2026-10-05T18:10:53.1218252Z ok 2 - foreign owner/session, correction/deletion/new conversation invalidate cursors without metadata
2026-10-05T18:10:53.1219085Z   ---
2026-10-05T18:10:53.1219426Z   duration_ms: 879.216258
2026-10-05T18:10:53.1219821Z   type: 'test'
2026-10-05T18:10:53.1220391Z   ...
2026-10-05T18:10:53.7777161Z # Subtest: withdrawal/policy expiry/account deletion fail closed and ineligible old consent titles never escape
2026-10-05T18:10:53.7778798Z ok 3 - withdrawal/policy expiry/account deletion fail closed and ineligible old consent titles never escape
2026-10-05T18:10:53.7779663Z   ---
2026-10-05T18:10:53.7779996Z   duration_ms: 656.179669
2026-10-05T18:10:53.7780648Z   type: 'test'
2026-10-05T18:10:53.7781000Z   ...
2026-10-05T18:10:54.3279585Z # Subtest: hard bounded candidate scans including sparse ineligible histories return unavailable not empty
2026-10-05T18:10:54.3281653Z ok 4 - hard bounded candidate scans including sparse ineligible histories return unavailable not empty
2026-10-05T18:10:54.3282860Z   ---
2026-10-05T18:10:54.3283453Z   duration_ms: 550.745465
2026-10-05T18:10:54.3283776Z   type: 'test'
2026-10-05T18:10:54.3283992Z   ...
2026-10-05T18:10:55.2121833Z # Subtest: Trip head/archive changes invalidate cursor; fresh unknown has no Trip ID; terminal10001 remains read only
2026-10-05T18:10:55.2123273Z ok 5 - Trip head/archive changes invalidate cursor; fresh unknown has no Trip ID; terminal10001 remains read only
2026-10-05T18:10:55.2123960Z   ---
2026-10-05T18:10:55.2124206Z   duration_ms: 884.157401
2026-10-05T18:10:55.2124455Z   type: 'test'
2026-10-05T18:10:55.2124658Z   ...
2026-10-05T18:10:55.9460532Z # Subtest: malformed/memberless cursor and direct RPC ACL exclude anon/service and internal helper
2026-10-05T18:10:55.9462164Z ok 6 - malformed/memberless cursor and direct RPC ACL exclude anon/service and internal helper
2026-10-05T18:10:55.9463198Z   ---
2026-10-05T18:10:55.9463744Z   duration_ms: 733.919641
2026-10-05T18:10:55.9464317Z   type: 'test'
2026-10-05T18:10:55.9464825Z   ...
2026-10-05T18:10:56.4090660Z # Subtest: exact hard boundaries of100 conversations/500 goals pass,501st sparse candidate fails closed
2026-10-05T18:10:56.4092091Z ok 7 - exact hard boundaries of100 conversations/500 goals pass,501st sparse candidate fails closed
2026-10-05T18:10:56.4092761Z   ---
2026-10-05T18:10:56.4092992Z   duration_ms: 460.975051
2026-10-05T18:10:56.4093245Z   type: 'test'
2026-10-05T18:10:56.4093451Z   ...
2026-10-05T18:10:57.4242951Z # Subtest: queued Trip deletion and missing canonical receipt invalidate relation/page with no receipt leak
2026-10-05T18:10:57.4243994Z ok 8 - queued Trip deletion and missing canonical receipt invalidate relation/page with no receipt leak
2026-10-05T18:10:57.4244497Z   ---
2026-10-05T18:10:57.4244707Z   duration_ms: 1016.839085
2026-10-05T18:10:57.4244943Z   type: 'test'
2026-10-05T18:10:57.4245143Z   ...
2026-10-05T18:10:57.6013617Z 1..8
2026-10-05T18:10:57.6014248Z # tests 8
2026-10-05T18:10:57.6014947Z # suites 0
2026-10-05T18:10:57.6015325Z # pass 8
2026-10-05T18:10:57.6015679Z # fail 0
2026-10-05T18:10:57.6016043Z # cancelled 0
2026-10-05T18:10:57.6016429Z # skipped 0
2026-10-05T18:10:57.6016805Z # todo 0
2026-10-05T18:10:57.6017209Z # duration_ms 13435.165649
2026-10-05T18:10:57.6065061Z ##[endgroup]
2026-10-05T18:10:57.6068857Z VP_DB_INTEGRATION_RESULT {"lane":"postgres","step":"isolated-postgres","files":67,"tests":537,"pass":536,"fail":1,"cancelled":0,"skipped":0,"todo":0,"runs":1,"seconds":881,"outcome":"failed","problems":["exit 1","fail=1"]}
2026-10-05T18:10:57.6071029Z VP_DB_INTEGRATION_RESULT {"lane":"postgres","step":"journeys-pages","files":1,"tests":5,"pass":5,"fail":0,"cancelled":0,"skipped":0,"todo":0,"runs":1,"seconds":12,"outcome":"passed","problems":[]}
2026-10-05T18:10:57.6072831Z VP_DB_INTEGRATION_RESULT {"lane":"postgres","step":"journeys-goal-index","files":1,"tests":8,"pass":8,"fail":0,"cancelled":0,"skipped":0,"todo":0,"runs":1,"seconds":13,"outcome":"passed","problems":[]}
2026-10-05T18:10:57.6123695Z ##[error]Process completed with exit code 1.
2026-10-05T18:10:57.6223254Z Post job cleanup.
2026-10-05T18:10:57.7701459Z Pruning is unnecessary.
2026-10-05T18:10:57.7897337Z Post job cleanup.
2026-10-05T18:10:57.8816080Z [command]/usr/bin/git version
2026-10-05T18:10:57.8861034Z git version 2.55.0
2026-10-05T18:10:57.8901597Z Temporarily overriding HOME='/home/runner/work/_temp/a9c4736e-8696-4400-862c-f8ae035d00d2' before making global git config changes
2026-10-05T18:10:57.8903166Z Adding repository directory to the temporary git global config as a safe directory
2026-10-05T18:10:57.8906579Z [command]/usr/bin/git config --global --add safe.directory /home/runner/work/VP-V4/VP-V4
2026-10-05T18:10:57.8945801Z [command]/usr/bin/git config --local --name-only --get-regexp core\.sshCommand
2026-10-05T18:10:57.8980807Z [command]/usr/bin/git submodule foreach --recursive sh -c "git config --local --name-only --get-regexp 'core\.sshCommand' && git config --local --unset-all 'core.sshCommand' || :"
2026-10-05T18:10:57.9249709Z [command]/usr/bin/git config --local --name-only --get-regexp http\.https\:\/\/github\.com\/\.extraheader
2026-10-05T18:10:57.9288885Z [command]/usr/bin/git submodule foreach --recursive sh -c "git config --local --name-only --get-regexp 'http\.https\:\/\/github\.com\/\.extraheader' && git config --local --unset-all 'http.https://github.com/.extraheader' || :"
2026-10-05T18:10:57.9557097Z [command]/usr/bin/git config --local --name-only --get-regexp ^includeIf\.gitdir:
2026-10-05T18:10:57.9605332Z [command]/usr/bin/git submodule foreach --recursive git config --local --show-origin --name-only --get-regexp remote.origin.url
2026-10-05T18:10:57.9998540Z Cleaning up orphan processes
2026-10-05T18:10:58.0345463Z ##[warning]Node.js 20 is deprecated. The following actions target Node.js 20 but are being forced to run on Node.js 24: actions/checkout@v4, actions/setup-node@v4, pnpm/action-setup@v4. For more information see: https://github.blog/changelog/2025-09-19-deprecation-of-node-20-on-github-actions-runners/
