2026-10-05T17:11:33.4587241Z Current runner version: '2.337.0'
2026-10-05T17:11:33.4607338Z ##[group]Runner Image Provisioner
2026-10-05T17:11:33.4608111Z Hosted Compute Agent
2026-10-05T17:11:33.4608611Z Version: 20260901.588
2026-10-05T17:11:33.4609131Z Commit: f88ec8081b781fac6c440065ac7ff9e710ce3d0b
2026-10-05T17:11:33.4609766Z Build Date: 2026-09-01T19:56:44Z
2026-10-05T17:11:33.4610358Z Worker ID: {868b40d2-4500-4324-bcf2-da587753e3d1}
2026-10-05T17:11:33.4611071Z Azure Region: northcentralus
2026-10-05T17:11:33.4611642Z ##[endgroup]
2026-10-05T17:11:33.4612748Z ##[group]Operating System
2026-10-05T17:11:33.4613301Z Ubuntu
2026-10-05T17:11:33.4613808Z 24.04.5
2026-10-05T17:11:33.4614241Z LTS
2026-10-05T17:11:33.4614746Z ##[endgroup]
2026-10-05T17:11:33.4615210Z ##[group]Runner Image
2026-10-05T17:11:33.4615725Z Image: ubuntu-24.04
2026-10-05T17:11:33.4616238Z Version: 20260927.320.1
2026-10-05T17:11:33.4617287Z Included Software: https://github.com/actions/runner-images/blob/ubuntu24/20260927.320/images/ubuntu/Ubuntu2404-Readme.md
2026-10-05T17:11:33.4618543Z Image Release: https://github.com/actions/runner-images/releases/tag/ubuntu24%2F20260927.320
2026-10-05T17:11:33.4619355Z ##[endgroup]
2026-10-05T17:11:33.4620274Z ##[group]GITHUB_TOKEN Permissions
2026-10-05T17:11:33.4621980Z Contents: read
2026-10-05T17:11:33.4622481Z Metadata: read
2026-10-05T17:11:33.4622973Z ##[endgroup]
2026-10-05T17:11:33.4624688Z Secret source: Actions
2026-10-05T17:11:33.4625502Z Cache mode: write
2026-10-05T17:11:33.4626180Z Prepare workflow directory
2026-10-05T17:11:33.5133583Z Prepare all required actions
2026-10-05T17:11:33.5171880Z Getting action download info
2026-10-05T17:11:33.7509445Z Download action repository 'actions/checkout@v4' (SHA:11d5960a326750d5838078e36cf38b85af677262)
2026-10-05T17:11:34.2224715Z Download action repository 'pnpm/action-setup@v4' (SHA:b906affcce14559ad1aafd4ab0e942779e9f58b1)
2026-10-05T17:11:35.0203867Z Download action repository 'actions/setup-node@v4' (SHA:49933ea5288caeca8642d1e84afbd3f7d6820020)
2026-10-05T17:11:35.2755025Z Download action repository 'supabase/setup-cli@v1' (SHA:1dedf2c611547ede7232d26866dd3c56ab903bbb)
2026-10-05T17:11:35.6689546Z Complete job name: lane (postgres)
2026-10-05T17:11:35.7284075Z ##[group]Run actions/checkout@v4
2026-10-05T17:11:35.7284750Z with:
2026-10-05T17:11:35.7285222Z   persist-credentials: false
2026-10-05T17:11:35.7285647Z   repository: JTCAO515/VP-V4
2026-10-05T17:11:35.7287988Z   token: ***
2026-10-05T17:11:35.7288414Z   ssh-strict: true
2026-10-05T17:11:35.7288792Z   ssh-user: git
2026-10-05T17:11:35.7289195Z   clean: true
2026-10-05T17:11:35.7289576Z   sparse-checkout-cone-mode: true
2026-10-05T17:11:35.7289975Z   fetch-depth: 1
2026-10-05T17:11:35.7290427Z   fetch-tags: false
2026-10-05T17:11:35.7290806Z   show-progress: true
2026-10-05T17:11:35.7291381Z   lfs: false
2026-10-05T17:11:35.7291754Z   submodules: false
2026-10-05T17:11:35.7292153Z   set-safe-directory: true
2026-10-05T17:11:35.7292641Z   allow-unsafe-pr-checkout: false
2026-10-05T17:11:35.7293270Z env:
2026-10-05T17:11:35.7293689Z   SUPABASE_CLI_VERSION: 2.117.0
2026-10-05T17:11:35.7294118Z   PG_CLIENT_VERSION: 8.13.1
2026-10-05T17:11:35.7294496Z ##[endgroup]
2026-10-05T17:11:35.8095097Z Syncing repository: JTCAO515/VP-V4
2026-10-05T17:11:35.8097194Z ##[group]Getting Git version info
2026-10-05T17:11:35.8098255Z Working directory is '/home/runner/work/VP-V4/VP-V4'
2026-10-05T17:11:35.8099574Z [command]/usr/bin/git version
2026-10-05T17:11:35.8148296Z git version 2.55.0
2026-10-05T17:11:35.8164138Z ##[endgroup]
2026-10-05T17:11:35.8175208Z Temporarily overriding HOME='/home/runner/work/_temp/bb621acd-4189-4cf7-9953-c55f0d017fa0' before making global git config changes
2026-10-05T17:11:35.8176874Z Adding repository directory to the temporary git global config as a safe directory
2026-10-05T17:11:35.8183354Z [command]/usr/bin/git config --global --add safe.directory /home/runner/work/VP-V4/VP-V4
2026-10-05T17:11:35.8232015Z Deleting the contents of '/home/runner/work/VP-V4/VP-V4'
2026-10-05T17:11:35.8236260Z ##[group]Initializing the repository
2026-10-05T17:11:35.8239836Z [command]/usr/bin/git init /home/runner/work/VP-V4/VP-V4
2026-10-05T17:11:35.8322041Z hint: Using 'master' as the name for the initial branch. This default branch name
2026-10-05T17:11:35.8326412Z hint: will change to "main" in Git 3.0. To configure the initial branch name
2026-10-05T17:11:35.8327382Z hint: to use in all of your new repositories, which will suppress this warning,
2026-10-05T17:11:35.8328128Z hint: call:
2026-10-05T17:11:35.8328642Z hint:
2026-10-05T17:11:35.8329151Z hint: 	git config --global init.defaultBranch <name>
2026-10-05T17:11:35.8329661Z hint:
2026-10-05T17:11:35.8330143Z hint: Names commonly chosen instead of 'master' are 'main', 'trunk' and
2026-10-05T17:11:35.8330783Z hint: 'development'. The just-created branch can be renamed via this command:
2026-10-05T17:11:35.8331679Z hint:
2026-10-05T17:11:35.8332214Z hint: 	git branch -m <name>
2026-10-05T17:11:35.8332688Z hint:
2026-10-05T17:11:35.8333197Z hint: Disable this message with "git config set advice.defaultBranchName false"
2026-10-05T17:11:35.8333868Z Initialized empty Git repository in /home/runner/work/VP-V4/VP-V4/.git/
2026-10-05T17:11:35.8335243Z [command]/usr/bin/git remote add origin https://github.com/JTCAO515/VP-V4
2026-10-05T17:11:35.8378744Z ##[endgroup]
2026-10-05T17:11:35.8379609Z ##[group]Disabling automatic garbage collection
2026-10-05T17:11:35.8381558Z [command]/usr/bin/git config --local gc.auto 0
2026-10-05T17:11:35.8411351Z ##[endgroup]
2026-10-05T17:11:35.8412474Z ##[group]Setting up auth
2026-10-05T17:11:35.8417493Z [command]/usr/bin/git config --local --name-only --get-regexp core\.sshCommand
2026-10-05T17:11:35.8444885Z [command]/usr/bin/git submodule foreach --recursive sh -c "git config --local --name-only --get-regexp 'core\.sshCommand' && git config --local --unset-all 'core.sshCommand' || :"
2026-10-05T17:11:35.8802468Z [command]/usr/bin/git config --local --name-only --get-regexp http\.https\:\/\/github\.com\/\.extraheader
2026-10-05T17:11:35.8832673Z [command]/usr/bin/git submodule foreach --recursive sh -c "git config --local --name-only --get-regexp 'http\.https\:\/\/github\.com\/\.extraheader' && git config --local --unset-all 'http.https://github.com/.extraheader' || :"
2026-10-05T17:11:35.9019704Z [command]/usr/bin/git config --local --name-only --get-regexp ^includeIf\.gitdir:
2026-10-05T17:11:35.9049063Z [command]/usr/bin/git submodule foreach --recursive git config --local --show-origin --name-only --get-regexp remote.origin.url
2026-10-05T17:11:35.9236750Z [command]/usr/bin/git config --local http.https://github.com/.extraheader AUTHORIZATION: basic ***
2026-10-05T17:11:35.9271755Z ##[endgroup]
2026-10-05T17:11:35.9272448Z ##[group]Fetching the repository
2026-10-05T17:11:35.9278911Z [command]/usr/bin/git -c protocol.version=2 fetch --no-tags --prune --no-recurse-submodules --depth=1 origin +039928d9ca758a94d15550b54f4d4193f03bdfd7:refs/remotes/pull/662/merge
2026-10-05T17:11:43.5433113Z From https://github.com/JTCAO515/VP-V4
2026-10-05T17:11:43.5433874Z  * [new ref]         039928d9ca758a94d15550b54f4d4193f03bdfd7 -> pull/662/merge
2026-10-05T17:11:43.5436329Z ##[endgroup]
2026-10-05T17:11:43.5437225Z ##[group]Determining the checkout info
2026-10-05T17:11:43.5438818Z ##[endgroup]
2026-10-05T17:11:43.5445078Z [command]/usr/bin/git sparse-checkout disable
2026-10-05T17:11:43.5496547Z [command]/usr/bin/git config --local --unset-all extensions.worktreeConfig
2026-10-05T17:11:43.5539443Z ##[group]Checking out the ref
2026-10-05T17:11:43.5540308Z [command]/usr/bin/git checkout --progress --force refs/remotes/pull/662/merge
2026-10-05T17:11:44.6206615Z Updating files:  66% (4571/6923)
2026-10-05T17:11:44.6433332Z Updating files:  67% (4639/6923)
2026-10-05T17:11:44.6482480Z Updating files:  68% (4708/6923)
2026-10-05T17:11:44.6587431Z Updating files:  69% (4777/6923)
2026-10-05T17:11:44.6619643Z Updating files:  70% (4847/6923)
2026-10-05T17:11:44.6664342Z Updating files:  71% (4916/6923)
2026-10-05T17:11:44.6726433Z Updating files:  72% (4985/6923)
2026-10-05T17:11:44.6828241Z Updating files:  73% (5054/6923)
2026-10-05T17:11:44.6867129Z Updating files:  74% (5124/6923)
2026-10-05T17:11:44.6925351Z Updating files:  75% (5193/6923)
2026-10-05T17:11:44.6983364Z Updating files:  76% (5262/6923)
2026-10-05T17:11:44.7041815Z Updating files:  77% (5331/6923)
2026-10-05T17:11:44.7085174Z Updating files:  78% (5400/6923)
2026-10-05T17:11:44.7129671Z Updating files:  79% (5470/6923)
2026-10-05T17:11:44.7195460Z Updating files:  80% (5539/6923)
2026-10-05T17:11:44.7250299Z Updating files:  81% (5608/6923)
2026-10-05T17:11:44.7285472Z Updating files:  82% (5677/6923)
2026-10-05T17:11:44.7319905Z Updating files:  83% (5747/6923)
2026-10-05T17:11:44.7354269Z Updating files:  84% (5816/6923)
2026-10-05T17:11:44.7385778Z Updating files:  85% (5885/6923)
2026-10-05T17:11:44.7421542Z Updating files:  86% (5954/6923)
2026-10-05T17:11:44.7603616Z Updating files:  87% (6024/6923)
2026-10-05T17:11:44.7641007Z Updating files:  88% (6093/6923)
2026-10-05T17:11:44.7675331Z Updating files:  89% (6162/6923)
2026-10-05T17:11:44.7732215Z Updating files:  90% (6231/6923)
2026-10-05T17:11:44.7776849Z Updating files:  91% (6300/6923)
2026-10-05T17:11:44.7806525Z Updating files:  92% (6370/6923)
2026-10-05T17:11:44.7840243Z Updating files:  93% (6439/6923)
2026-10-05T17:11:44.7869352Z Updating files:  94% (6508/6923)
2026-10-05T17:11:44.7913110Z Updating files:  95% (6577/6923)
2026-10-05T17:11:44.7969281Z Updating files:  96% (6647/6923)
2026-10-05T17:11:44.8011096Z Updating files:  97% (6716/6923)
2026-10-05T17:11:44.8045068Z Updating files:  98% (6785/6923)
2026-10-05T17:11:44.8079860Z Updating files:  99% (6854/6923)
2026-10-05T17:11:44.8080435Z Updating files: 100% (6923/6923)
2026-10-05T17:11:44.8080773Z Updating files: 100% (6923/6923), done.
2026-10-05T17:11:44.8145770Z Note: switching to 'refs/remotes/pull/662/merge'.
2026-10-05T17:11:44.8146074Z 
2026-10-05T17:11:44.8146311Z You are in 'detached HEAD' state. You can look around, make experimental
2026-10-05T17:11:44.8146868Z changes and commit them, and you can discard any commits you make in this
2026-10-05T17:11:44.8147261Z state without impacting any branches by switching back to a branch.
2026-10-05T17:11:44.8147790Z 
2026-10-05T17:11:44.8148026Z If you want to create a new branch to retain commits you create, you may
2026-10-05T17:11:44.8148575Z do so (now or later) by using -c with the switch command. Example:
2026-10-05T17:11:44.8148898Z 
2026-10-05T17:11:44.8149039Z   git switch -c <new-branch-name>
2026-10-05T17:11:44.8149263Z 
2026-10-05T17:11:44.8149392Z Or undo this operation with:
2026-10-05T17:11:44.8149578Z 
2026-10-05T17:11:44.8149686Z   git switch -
2026-10-05T17:11:44.8149834Z 
2026-10-05T17:11:44.8150080Z Turn off this advice by setting config variable advice.detachedHead to false
2026-10-05T17:11:44.8150319Z 
2026-10-05T17:11:44.8150592Z HEAD is now at 039928d Merge 13abbe2ef8d63223da334b1477dcd0d42a4f7155 into 469c02dc75184937aba44b61ebf060e2b247c6ac
2026-10-05T17:11:44.8679343Z ##[endgroup]
2026-10-05T17:11:44.8687874Z [command]/usr/bin/git log -1 --format=%H
2026-10-05T17:11:44.8711229Z 039928d9ca758a94d15550b54f4d4193f03bdfd7
2026-10-05T17:11:44.8718983Z ##[group]Removing auth
2026-10-05T17:11:44.8721962Z [command]/usr/bin/git config --local --name-only --get-regexp core\.sshCommand
2026-10-05T17:11:44.8748736Z [command]/usr/bin/git submodule foreach --recursive sh -c "git config --local --name-only --get-regexp 'core\.sshCommand' && git config --local --unset-all 'core.sshCommand' || :"
2026-10-05T17:11:44.8947439Z [command]/usr/bin/git config --local --name-only --get-regexp http\.https\:\/\/github\.com\/\.extraheader
2026-10-05T17:11:44.8972166Z http.https://github.com/.extraheader
2026-10-05T17:11:44.8981592Z [command]/usr/bin/git config --local --unset-all http.https://github.com/.extraheader
2026-10-05T17:11:44.9010602Z [command]/usr/bin/git submodule foreach --recursive sh -c "git config --local --name-only --get-regexp 'http\.https\:\/\/github\.com\/\.extraheader' && git config --local --unset-all 'http.https://github.com/.extraheader' || :"
2026-10-05T17:11:44.9211521Z [command]/usr/bin/git config --local --name-only --get-regexp ^includeIf\.gitdir:
2026-10-05T17:11:44.9236803Z [command]/usr/bin/git submodule foreach --recursive git config --local --show-origin --name-only --get-regexp remote.origin.url
2026-10-05T17:11:44.9433714Z ##[endgroup]
2026-10-05T17:11:44.9613164Z ##[group]Run pnpm/action-setup@v4
2026-10-05T17:11:44.9613384Z with:
2026-10-05T17:11:44.9613542Z   version: 9.15.9
2026-10-05T17:11:44.9613714Z   dest: ~/setup-pnpm
2026-10-05T17:11:44.9613885Z   run_install: null
2026-10-05T17:11:44.9614053Z   cache: false
2026-10-05T17:11:44.9614230Z   cache_dependency_path: pnpm-lock.yaml
2026-10-05T17:11:44.9614456Z   package_json_file: package.json
2026-10-05T17:11:44.9614649Z   standalone: false
2026-10-05T17:11:44.9614808Z env:
2026-10-05T17:11:44.9614969Z   SUPABASE_CLI_VERSION: 2.117.0
2026-10-05T17:11:44.9615176Z   PG_CLIENT_VERSION: 8.13.1
2026-10-05T17:11:44.9615355Z ##[endgroup]
2026-10-05T17:11:45.0713601Z ##[group]Running self-installer...
2026-10-05T17:11:45.3717945Z (node:2177) [DEP0169] DeprecationWarning: `url.parse()` behavior is not standardized and prone to errors that have security implications. Use the WHATWG URL API instead. CVEs are not issued for `url.parse()` vulnerabilities.
2026-10-05T17:11:45.3719319Z (Use `node --trace-deprecation ...` to show where the warning was created)
2026-10-05T17:11:45.5763559Z Progress: resolved 1, reused 0, downloaded 0, added 0
2026-10-05T17:11:45.5833361Z Packages: +1
2026-10-05T17:11:45.5833725Z +
2026-10-05T17:11:45.9644870Z Progress: resolved 1, reused 0, downloaded 1, added 1, done
2026-10-05T17:11:46.1747210Z 
2026-10-05T17:11:46.1747714Z dependencies:
2026-10-05T17:11:46.1748037Z + pnpm 9.15.9 (12.9.1 is available)
2026-10-05T17:11:46.1748279Z 
2026-10-05T17:11:46.2043647Z Done in 1s
2026-10-05T17:11:46.2190786Z ##[endgroup]
2026-10-05T17:11:46.2191196Z Installation Completed!
2026-10-05T17:11:46.2335820Z ##[group]Run actions/setup-node@v4
2026-10-05T17:11:46.2336053Z with:
2026-10-05T17:11:46.2336211Z   node-version: 22
2026-10-05T17:11:46.2336380Z   cache: pnpm
2026-10-05T17:11:46.2336543Z   always-auth: false
2026-10-05T17:11:46.2336720Z   check-latest: false
2026-10-05T17:11:46.2338680Z   token: ***
2026-10-05T17:11:46.2338844Z env:
2026-10-05T17:11:46.2339005Z   SUPABASE_CLI_VERSION: 2.117.0
2026-10-05T17:11:46.2339217Z   PG_CLIENT_VERSION: 8.13.1
2026-10-05T17:11:46.2339458Z   PNPM_HOME: /home/runner/setup-pnpm/node_modules/.bin
2026-10-05T17:11:46.2339705Z ##[endgroup]
2026-10-05T17:11:46.3455577Z Found in cache @ /opt/hostedtoolcache/node/22.23.3/x64
2026-10-05T17:11:46.3458420Z (node:2191) [DEP0040] DeprecationWarning: The `punycode` module is deprecated. Please use a userland alternative instead.
2026-10-05T17:11:46.3458969Z (Use `node --trace-deprecation ...` to show where the warning was created)
2026-10-05T17:11:46.3461017Z ##[group]Environment details
2026-10-05T17:11:46.6675540Z node: v22.23.3
2026-10-05T17:11:46.6675832Z npm: 10.9.9
2026-10-05T17:11:46.6676069Z yarn: 1.22.22
2026-10-05T17:11:46.6676506Z ##[endgroup]
2026-10-05T17:11:46.6692795Z [command]/home/runner/setup-pnpm/node_modules/.bin/pnpm store path --silent
2026-10-05T17:11:47.0031099Z /home/runner/setup-pnpm/node_modules/.bin/store/v3
2026-10-05T17:11:47.1556354Z Cache hit for: node-cache-Linux-x64-pnpm-d1ebc984ada6eee62672937f6cfb0bc2a5ea83e3e74e72e756e3e9961056cdc6
2026-10-05T17:11:47.1634520Z (node:2191) [DEP0169] DeprecationWarning: `url.parse()` behavior is not standardized and prone to errors that have security implications. Use the WHATWG URL API instead. CVEs are not issued for `url.parse()` vulnerabilities.
2026-10-05T17:11:48.2610046Z Received 130023424 of 150644124 (86.3%), 124.0 MBs/sec
2026-10-05T17:11:48.5332848Z Received 150644124 of 150644124 (100.0%), 112.9 MBs/sec
2026-10-05T17:11:48.5333749Z Cache Size: ~144 MB (150644124 B)
2026-10-05T17:11:48.5427906Z [command]/usr/bin/tar -xf /home/runner/work/_temp/c1508282-7f7f-4a38-8d3c-0f2fe8f0ad91/cache.tzst -P -C /home/runner/work/VP-V4/VP-V4 --use-compress-program unzstd
2026-10-05T17:11:49.3951464Z Cache restored successfully
2026-10-05T17:11:49.4015950Z Cache restored from key: node-cache-Linux-x64-pnpm-d1ebc984ada6eee62672937f6cfb0bc2a5ea83e3e74e72e756e3e9961056cdc6
2026-10-05T17:11:49.4162545Z ##[group]Run pnpm install --frozen-lockfile
2026-10-05T17:11:49.4162905Z pnpm install --frozen-lockfile
2026-10-05T17:11:49.6098671Z shell: /usr/bin/bash -e {0}
2026-10-05T17:11:49.6099034Z env:
2026-10-05T17:11:49.6099298Z   SUPABASE_CLI_VERSION: 2.117.0
2026-10-05T17:11:49.6099609Z   PG_CLIENT_VERSION: 8.13.1
2026-10-05T17:11:49.6099983Z   PNPM_HOME: /home/runner/setup-pnpm/node_modules/.bin
2026-10-05T17:11:49.6100372Z ##[endgroup]
2026-10-05T17:11:49.9717026Z Lockfile is up to date, resolution step is skipped
2026-10-05T17:11:49.9933156Z Progress: resolved 1, reused 0, downloaded 0, added 0
2026-10-05T17:11:50.0140092Z Packages: +112
2026-10-05T17:11:50.0146737Z ++++++++++++++++++++++++++++++++++++++++++++++++++++++++++++++++++++++++++++++++
2026-10-05T17:11:50.4649072Z Progress: resolved 112, reused 112, downloaded 0, added 112, done
2026-10-05T17:11:50.5970794Z 
2026-10-05T17:11:50.5971757Z dependencies:
2026-10-05T17:11:50.5972353Z + @apple/app-store-server-library 3.1.0
2026-10-05T17:11:50.5972715Z + @supabase/ssr 0.12.5
2026-10-05T17:11:50.5973043Z + @supabase/supabase-js 2.112.4
2026-10-05T17:11:50.5973322Z + next 16.3.6
2026-10-05T17:11:50.5973556Z + react 19.2.6
2026-10-05T17:11:50.5973793Z + react-dom 19.2.6
2026-10-05T17:11:50.5973950Z 
2026-10-05T17:11:50.5974056Z devDependencies:
2026-10-05T17:11:50.5974344Z + @playwright/test 1.55.1
2026-10-05T17:11:50.5974653Z + @tailwindcss/postcss 4.2.1
2026-10-05T17:11:50.5974949Z + @types/node 22.19.19
2026-10-05T17:11:50.5975208Z + @types/react 19.2.14
2026-10-05T17:11:50.5975481Z + @types/react-dom 19.2.3
2026-10-05T17:11:50.5975745Z + postcss 8.5.26
2026-10-05T17:11:50.5975999Z + tailwindcss 4.2.1
2026-10-05T17:11:50.5976266Z + typescript 5.9.3
2026-10-05T17:11:50.5976421Z 
2026-10-05T17:11:50.6134778Z Done in 940ms using pnpm v9.15.9
2026-10-05T17:11:50.6262954Z ##[group]Run node scripts/ci-suites/db-integration.mjs --list
2026-10-05T17:11:50.6263334Z node scripts/ci-suites/db-integration.mjs --list
2026-10-05T17:11:50.6318899Z shell: /usr/bin/bash -e {0}
2026-10-05T17:11:50.6319109Z env:
2026-10-05T17:11:50.6319285Z   SUPABASE_CLI_VERSION: 2.117.0
2026-10-05T17:11:50.6319494Z   PG_CLIENT_VERSION: 8.13.1
2026-10-05T17:11:50.6319729Z   PNPM_HOME: /home/runner/setup-pnpm/node_modules/.bin
2026-10-05T17:11:50.6319987Z ##[endgroup]
2026-10-05T17:11:50.6761174Z supabase-http-native   gated   tests/integration/artifacts/change-proposal-reference.test.mjs
2026-10-05T17:11:50.6762168Z supabase-http-native   gated   tests/integration/artifacts/trip-proposal-reference-discovery.test.mjs
2026-10-05T17:11:50.6763182Z test:integration       always  tests/integration/artifacts/user-artifact-integration.test.ts
2026-10-05T17:11:50.6764055Z test:integration       always  tests/integration/chat/launch-08-sse-replay.test.ts
2026-10-05T17:11:50.6764891Z supabase-http-native   gated   tests/integration/community/j1-http.test.mjs
2026-10-05T17:11:50.6765420Z postgres               gated   tests/integration/community/publication-j3j4-postgres.test.mjs
2026-10-05T17:11:50.6765991Z supabase-http-native   gated   tests/integration/community/publication/http.test.mjs
2026-10-05T17:11:50.6766481Z postgres               gated   tests/integration/community/review.test.mjs
2026-10-05T17:11:50.6766931Z postgres               gated   tests/integration/community/safety-j2-postgres.test.mjs
2026-10-05T17:11:50.6767417Z supabase-http-native   gated   tests/integration/community/safety/http.test.mjs
2026-10-05T17:11:50.6767929Z supabase-http-native   gated   tests/integration/community/submission-j1-jwt.test.mjs
2026-10-05T17:11:50.6768501Z postgres               gated   tests/integration/community/submission-j1-postgres.test.mjs
2026-10-05T17:11:50.6768967Z postgres               gated   tests/integration/cost/durable-budget.test.mjs
2026-10-05T17:11:50.6771251Z excluded               gated   tests/integration/cost/full-supabase-budget.test.mjs  — Historical one-off 25→26 upgrade rehearsal: needs an operator-prepared Supabase workdir frozen at migration 25 (VP_BUDGET_SUPABASE_WORKDIR) and hard-codes that container; the budget schema itself is covered by cost/durable-budget in the postgres lane.
2026-10-05T17:11:50.6773142Z test:integration       always  tests/integration/db/vpj-02-connections.test.mjs
2026-10-05T17:11:50.6773899Z test:integration       always  tests/integration/db/vpj-02-verification.test.mjs
2026-10-05T17:11:50.6774665Z test:integration       always  tests/integration/db/vpj-02-worker-idle.test.mjs
2026-10-05T17:11:50.6775491Z supabase-rls           gated   tests/integration/entitlements/storekit-ledger.test.mjs
2026-10-05T17:11:50.6776450Z postgres               gated   tests/integration/explore/place-actions-postgres.test.mjs
2026-10-05T17:11:50.6777342Z supabase-http-native   gated   tests/integration/guide/guide-http.test.mjs
2026-10-05T17:11:50.6778206Z test:integration       always  tests/integration/guide/http-ingress.test.mjs
2026-10-05T17:11:50.6779039Z postgres               gated   tests/integration/guide/place-guide-postgres.test.mjs
2026-10-05T17:11:50.6779895Z supabase-rls           gated   tests/integration/identity/function-acl.test.mjs
2026-10-05T17:11:50.6780808Z supabase-http-native   gated   tests/integration/identity/native-local-session.test.mjs
2026-10-05T17:11:50.6781938Z supabase-rls           gated   tests/integration/identity/pending-proposal-read.test.mjs
2026-10-05T17:11:50.6782671Z supabase-rls           gated   tests/integration/identity/profile-privacy-rpc.test.mjs
2026-10-05T17:11:50.6783204Z postgres               gated   tests/integration/intake/intake.test.mjs
2026-10-05T17:11:50.6783718Z supabase-http-native   gated   tests/integration/intake/pdf-intake-http.test.mjs
2026-10-05T17:11:50.6784246Z test:integration       always  tests/integration/jobs/projection-queue.test.ts
2026-10-05T17:11:50.6784967Z postgres               gated   tests/integration/knowledge/grounded-turn.test.mjs
2026-10-05T17:11:50.6785469Z supabase-http-ops      gated   tests/integration/knowledge/private-source.test.mjs
2026-10-05T17:11:50.6786022Z supabase-http-ops      gated   tests/integration/knowledge/publication.test.mjs
2026-10-05T17:11:50.6786848Z postgres               gated   tests/integration/knowledge/question.test.mjs
2026-10-05T17:11:50.6787664Z postgres-native        gated   tests/integration/knowledge/wiki-draft.test.mjs
2026-10-05T17:11:50.6788352Z postgres               gated   tests/integration/lodging/native-classification-context-joint.test.mjs
2026-10-05T17:11:50.6788959Z postgres               gated   tests/integration/lodging/reviewed-classification-postgres.test.mjs
2026-10-05T17:11:50.6789493Z postgres               gated   tests/integration/maps/foreground-traffic-postgres.test.mjs
2026-10-05T17:11:50.6789950Z postgres               gated   tests/integration/maps/place-quota.test.mjs
2026-10-05T17:11:50.6790410Z test:integration       always  tests/integration/media/private-media.test.ts
2026-10-05T17:11:50.6791146Z supabase-rls           gated   tests/integration/memory/create-undo.test.mjs
2026-10-05T17:11:50.6791628Z postgres               gated   tests/integration/memory/travel-pace.test.mjs
2026-10-05T17:11:50.6792156Z test:integration       always  tests/integration/model-gateway/provider-protocol/http-transport.test.ts
2026-10-05T17:11:50.6792872Z test:integration       always  tests/integration/model-gateway/route-observability.test.ts
2026-10-05T17:11:50.6793706Z postgres               gated   tests/integration/notifications/delivery-postgres.test.mjs
2026-10-05T17:11:50.6794425Z postgres               gated   tests/integration/notifications/storage.test.mjs
2026-10-05T17:11:50.6795139Z test:integration       always  tests/integration/observability/launch-14.test.ts
2026-10-05T17:11:50.6795875Z postgres               gated   tests/integration/observability/ops-ledger.test.mjs
2026-10-05T17:11:50.6796769Z supabase-http-ops      gated   tests/integration/ops/local-review.test.mjs
2026-10-05T17:11:50.6797520Z postgres               gated   tests/integration/pdf-intake/pdf-intake-postgres.test.mjs
2026-10-05T17:11:50.6798312Z postgres               gated   tests/integration/privacy/assistant-data-rights.test.mjs
2026-10-05T17:11:50.6799094Z postgres               gated   tests/integration/privacy/core-export-consumer.test.mjs
2026-10-05T17:11:50.6799822Z postgres               gated   tests/integration/privacy/core-export-d2.test.mjs
2026-10-05T17:11:50.6800572Z postgres               gated   tests/integration/privacy/entitlement-export-d5.test.mjs
2026-10-05T17:11:50.6801468Z postgres               gated   tests/integration/privacy/linked-trip-delete-d3.test.mjs
2026-10-05T17:11:50.6802258Z postgres               gated   tests/integration/privacy/memory-delete-d4.test.mjs
2026-10-05T17:11:50.6803051Z postgres               gated   tests/integration/privacy/memory-export-consumer-d4.test.mjs
2026-10-05T17:11:50.6803854Z postgres               gated   tests/integration/privacy/memory-export-d4.test.mjs
2026-10-05T17:11:50.6804594Z postgres               gated   tests/integration/privacy/result-data-rights.test.mjs
2026-10-05T17:11:50.6805355Z supabase-rls           gated   tests/integration/privacy/trip-deletion-live.test.mjs
2026-10-05T17:11:50.6806089Z postgres               gated   tests/integration/privacy/trip-deletion.test.mjs
2026-10-05T17:11:50.6806944Z postgres               gated   tests/integration/readiness/declarations-postgres.test.mjs
2026-10-05T17:11:50.6807891Z postgres               gated   tests/integration/readiness/native-readiness-actions-joint.test.mjs
2026-10-05T17:11:50.6808741Z postgres               gated   tests/integration/reservations/ledger-postgres.test.mjs
2026-10-05T17:11:50.6809536Z postgres               gated   tests/integration/reservations/native-return-joint.test.mjs
2026-10-05T17:11:50.6810340Z test:integration       always  tests/integration/restore/rehearsal-plan.test.mjs
2026-10-05T17:11:50.6811436Z postgres               gated   tests/integration/scoped-edit/scoped-edit-postgres.test.mjs
2026-10-05T17:11:50.6812280Z supabase-http-ops      gated   tests/integration/service-cases/access.test.mjs
2026-10-05T17:11:50.6813106Z supabase-http-native   gated   tests/integration/service-cases/brief-http.test.mjs
2026-10-05T17:11:50.6813698Z postgres               gated   tests/integration/service-cases/brief-postgres.test.mjs
2026-10-05T17:11:50.6814206Z supabase-http-native   gated   tests/integration/service-cases/operations-http.test.mjs
2026-10-05T17:11:50.6814728Z postgres               gated   tests/integration/service-cases/operations-postgres.test.mjs
2026-10-05T17:11:50.6815245Z postgres               gated   tests/integration/takedown/source-impact-outbox.test.mjs
2026-10-05T17:11:50.6816142Z supabase-http-native   gated   tests/integration/translate/history-http.test.mjs
2026-10-05T17:11:50.6816880Z postgres               gated   tests/integration/translate/history.test.mjs
2026-10-05T17:11:50.6817543Z supabase-http-native   gated   tests/integration/translate/trip-source-http.test.mjs
2026-10-05T17:11:50.6818002Z postgres               gated   tests/integration/trip/archive.test.mjs
2026-10-05T17:11:50.6818419Z supabase-rls           gated   tests/integration/trip/confirm-apply.test.mjs
2026-10-05T17:11:50.6818870Z supabase-http-native   gated   tests/integration/trip/lifecycle-http.test.mjs
2026-10-05T17:11:50.6819331Z postgres               gated   tests/integration/trip/lifecycle-postgres.test.mjs
2026-10-05T17:11:50.6819781Z postgres               gated   tests/integration/trip/local-recovery-guard.test.mjs
2026-10-05T17:11:50.6820246Z postgres               gated   tests/integration/trip/local-recovery-transport.test.mjs
2026-10-05T17:11:50.6820728Z supabase-http-native   gated   tests/integration/trip/native-same-trip.test.mjs
2026-10-05T17:11:50.6821467Z postgres               gated   tests/integration/trip/native-support-http-read.test.mjs
2026-10-05T17:11:50.6822076Z postgres               gated   tests/integration/trip/offline-source-consumer.test.mjs
2026-10-05T17:11:50.6822557Z postgres               gated   tests/integration/trip/offline-text-provenance.test.mjs
2026-10-05T17:11:50.6823012Z supabase-rls           gated   tests/integration/trip/proposal-reject.test.mjs
2026-10-05T17:11:50.6823457Z supabase-rls           gated   tests/integration/trip/proposal-revision.test.mjs
2026-10-05T17:11:50.6823908Z postgres               gated   tests/integration/trip/recovery-http-joint.test.mjs
2026-10-05T17:11:50.6824344Z postgres               gated   tests/integration/trip/trip-item-support.test.mjs
2026-10-05T17:11:50.6824772Z supabase-rls           gated   tests/integration/trip/v4-10-rollback.test.mjs
2026-10-05T17:11:50.6825223Z supabase-rls           gated   tests/integration/trip/v4-11-place-reference.test.mjs
2026-10-05T17:11:50.6825676Z supabase-rls           gated   tests/integration/trip/v4-12-trip-actions.test.mjs
2026-10-05T17:11:50.6826136Z supabase-http-native   gated   tests/integration/turn/assistant-rollback.test.mjs
2026-10-05T17:11:50.6826633Z supabase-http-native   gated   tests/integration/turn/assistant-task-activity.test.mjs
2026-10-05T17:11:50.6827094Z supabase-rls           gated   tests/integration/turn/durable-thread.test.mjs
2026-10-05T17:11:50.6827510Z postgres               gated   tests/integration/turn/durable-work.test.mjs
2026-10-05T17:11:50.6827973Z supabase-http-native   gated   tests/integration/turn/explicit-travel-intake.test.mjs
2026-10-05T17:11:50.6828451Z postgres               gated   tests/integration/turn/five-result-lifecycle.test.mjs
2026-10-05T17:11:50.6828902Z postgres               gated   tests/integration/turn/hosted-planning-worker.test.mjs
2026-10-05T17:11:50.6829333Z postgres               gated   tests/integration/turn/hosted-worker.test.mjs
2026-10-05T17:11:50.6829796Z supabase-http-native   gated   tests/integration/turn/journeys-goal-index-http.test.mjs
2026-10-05T17:11:50.6830391Z postgres               gated   tests/integration/turn/journeys-goal-index.test.mjs
2026-10-05T17:11:50.6830948Z postgres               gated   tests/integration/turn/journeys-pages.test.mjs
2026-10-05T17:11:50.6831565Z test:integration       always  tests/integration/turn/launch-05-message-retry.test.ts
2026-10-05T17:11:50.6832061Z supabase-http-native   gated   tests/integration/turn/native-grounded-http.test.mjs
2026-10-05T17:11:50.6832539Z postgres               gated   tests/integration/turn/native-memory-command.test.mjs
2026-10-05T17:11:50.6832999Z supabase-http-native   gated   tests/integration/turn/native-memory-http.test.mjs
2026-10-05T17:11:50.6833479Z supabase-http-native   gated   tests/integration/turn/native-planning-http.test.mjs
2026-10-05T17:11:50.6833963Z supabase-http-native   gated   tests/integration/turn/native-text-http.test.mjs
2026-10-05T17:11:50.6834439Z postgres               gated   tests/integration/turn/planning-action-receipts.test.mjs
2026-10-05T17:11:50.6834908Z postgres               gated   tests/integration/turn/planning-comparison.test.mjs
2026-10-05T17:11:50.6835373Z postgres               gated   tests/integration/turn/planning-intake-admission.test.mjs
2026-10-05T17:11:50.6835856Z supabase-http-native   gated   tests/integration/turn/planning-intake-http.test.mjs
2026-10-05T17:11:50.6836377Z postgres               gated   tests/integration/turn/planning-v2-canonical-sql-consumer.test.mjs
2026-10-05T17:11:50.6836925Z postgres               gated   tests/integration/turn/planning-v2-complete-worker-sql.test.mjs
2026-10-05T17:11:50.6837442Z postgres               gated   tests/integration/turn/planning-v2-durable-checkpoints.test.mjs
2026-10-05T17:11:50.6837950Z postgres               gated   tests/integration/turn/planning-v2-local-model-flow.test.mjs
2026-10-05T17:11:50.6838483Z postgres               gated   tests/integration/turn/planning-v2-model-attempt-binding.test.mjs
2026-10-05T17:11:50.6839033Z postgres               gated   tests/integration/turn/planning-v2-model-local-journal.test.mjs
2026-10-05T17:11:50.6839695Z postgres               gated   tests/integration/turn/planning-v2-real-journal-consumer.test.mjs
2026-10-05T17:11:50.6840209Z postgres               gated   tests/integration/turn/planning-v2-worker-protocol.test.mjs
2026-10-05T17:11:50.6840702Z postgres               gated   tests/integration/turn/qualified-intake-comparison.test.mjs
2026-10-05T17:11:50.6841375Z test:integration       always  tests/integration/turn/reliable-coordinator-retry.test.ts
2026-10-05T17:11:50.6841874Z postgres               gated   tests/integration/turn/selected-message-sources.test.mjs
2026-10-05T17:11:50.6842376Z supabase-http-native   gated   tests/integration/turn/selected-source-auth-http.test.mjs
2026-10-05T17:11:50.6842903Z postgres               gated   tests/integration/turn/selected-source-result-v2-compat.test.mjs
2026-10-05T17:11:50.6843355Z postgres               gated   tests/integration/turn/text-work.test.mjs
2026-10-05T17:11:50.6843828Z supabase-http-native   gated   tests/integration/web-trip-continuity/continuity.test.mjs
2026-10-05T17:11:50.6844372Z test:integration       always  tests/integration/web-trip-continuity/server-diagnostic.test.mjs
2026-10-05T17:11:50.6872928Z ##[group]Run for image in $(node scripts/ci-suites/db-integration.mjs --images); do
2026-10-05T17:11:50.6873397Z for image in $(node scripts/ci-suites/db-integration.mjs --images); do
2026-10-05T17:11:50.6873724Z   for attempt in 1 2 3; do
2026-10-05T17:11:50.6873983Z     if output=$(docker pull "$image" 2>&1); then
2026-10-05T17:11:50.6874258Z       printf '%s\n' "$output" | tail -1
2026-10-05T17:11:50.6874498Z       break
2026-10-05T17:11:50.6874674Z     else
2026-10-05T17:11:50.6874844Z       status=$?
2026-10-05T17:11:50.6875028Z     fi
2026-10-05T17:11:50.6875249Z     printf '%s\n' "$output"
2026-10-05T17:11:50.6875465Z     case "$output" in
2026-10-05T17:11:50.6875708Z       *toomanyrequests*|*"Rate exceeded"*) ;;
2026-10-05T17:11:50.6875952Z       *) exit "$status" ;;
2026-10-05T17:11:50.6876159Z     esac
2026-10-05T17:11:50.6876396Z     if [ "$attempt" -eq 3 ]; then exit "$status"; fi
2026-10-05T17:11:50.6876655Z     sleep "$((attempt * 10))"
2026-10-05T17:11:50.6876860Z   done
2026-10-05T17:11:50.6877021Z done
2026-10-05T17:11:50.6933737Z shell: /usr/bin/bash --noprofile --norc -e -o pipefail {0}
2026-10-05T17:11:50.6934027Z env:
2026-10-05T17:11:50.6934204Z   SUPABASE_CLI_VERSION: 2.117.0
2026-10-05T17:11:50.6934416Z   PG_CLIENT_VERSION: 8.13.1
2026-10-05T17:11:50.6934657Z   PNPM_HOME: /home/runner/setup-pnpm/node_modules/.bin
2026-10-05T17:11:50.6934906Z ##[endgroup]
2026-10-05T17:12:17.3147165Z public.ecr.aws/supabase/postgres:17.6.1.155
2026-10-05T17:12:36.3099369Z public.ecr.aws/supabase/postgres:17.6.1.159
2026-10-05T17:12:55.3841692Z public.ecr.aws/supabase/postgres:17.6.1.167
2026-10-05T17:12:56.1088921Z public.ecr.aws/supabase/postgrest:v16.2
2026-10-05T17:12:56.1151275Z ##[group]Run node scripts/ci-suites/db-integration.mjs --lane postgres
2026-10-05T17:12:56.1151721Z node scripts/ci-suites/db-integration.mjs --lane postgres
2026-10-05T17:12:56.1208300Z shell: /usr/bin/bash -e {0}
2026-10-05T17:12:56.1208515Z env:
2026-10-05T17:12:56.1208697Z   SUPABASE_CLI_VERSION: 2.117.0
2026-10-05T17:12:56.1208910Z   PG_CLIENT_VERSION: 8.13.1
2026-10-05T17:12:56.1209149Z   PNPM_HOME: /home/runner/setup-pnpm/node_modules/.bin
2026-10-05T17:12:56.1209398Z ##[endgroup]
2026-10-05T17:12:56.4236754Z 
2026-10-05T17:12:56.4237833Z ##[group]postgres / isolated-postgres
2026-10-05T17:12:56.4769336Z TAP version 13
2026-10-05T17:13:16.7782993Z # Subtest: full history replay rollback RPC exact prior body owner ACL and empty disabled defaults
2026-10-05T17:13:16.7784020Z ok 1 - full history replay rollback RPC exact prior body owner ACL and empty disabled defaults
2026-10-05T17:13:16.7807712Z   ---
2026-10-05T17:13:16.7808322Z   duration_ms: 20133.218293
2026-10-05T17:13:16.7809003Z   type: 'test'
2026-10-05T17:13:16.7809372Z   ...
2026-10-05T17:13:19.3048942Z # Subtest: complete preview consent independent rights publisher read search exact metadata save and unsave
2026-10-05T17:13:19.3066867Z ok 2 - complete preview consent independent rights publisher read search exact metadata save and unsave
2026-10-05T17:13:19.3067712Z   ---
2026-10-05T17:13:19.3068115Z   duration_ms: 2530.234069
2026-10-05T17:13:19.3068553Z   type: 'test'
2026-10-05T17:13:19.3068965Z   ...
2026-10-05T17:13:21.6051269Z # Subtest: preview digest excludes TTL but binds exact body disclosures and reviewed revisions
2026-10-05T17:13:21.6065449Z ok 3 - preview digest excludes TTL but binds exact body disclosures and reviewed revisions
2026-10-05T17:13:21.6066148Z   ---
2026-10-05T17:13:21.6066465Z   duration_ms: 2302.030143
2026-10-05T17:13:21.6066928Z   type: 'test'
2026-10-05T17:13:21.6067181Z   ...
2026-10-05T17:13:25.0832799Z # Subtest: source reader authority is distinct from qualification and all independence fences survive J1 erasure
2026-10-05T17:13:25.0838906Z ok 4 - source reader authority is distinct from qualification and all independence fences survive J1 erasure
2026-10-05T17:13:25.0839850Z   ---
2026-10-05T17:13:25.0840381Z   duration_ms: 3471.994057
2026-10-05T17:13:25.0841637Z   type: 'test'
2026-10-05T17:13:25.0842148Z   ...
2026-10-05T17:13:28.7943322Z # Subtest: current registered-reader expiry revocation block and UUID probes deny before CAS with zero effects
2026-10-05T17:13:28.7962030Z ok 5 - current registered-reader expiry revocation block and UUID probes deny before CAS with zero effects
2026-10-05T17:13:28.7971746Z   ---
2026-10-05T17:13:28.7982342Z   duration_ms: 3718.075292
2026-10-05T17:13:28.7983113Z   type: 'test'
2026-10-05T17:13:28.7983547Z   ...
2026-10-05T17:13:34.1414993Z # Subtest: original auth session epoch anonymous and malformed NULL guards precede any cleanup or CAS
2026-10-05T17:13:34.1465822Z ok 6 - original auth session epoch anonymous and malformed NULL guards precede any cleanup or CAS
2026-10-05T17:13:34.1547085Z   ---
2026-10-05T17:13:34.1602063Z   duration_ms: 5332.959044
2026-10-05T17:13:34.1661715Z   type: 'test'
2026-10-05T17:13:34.1767475Z   ...
2026-10-05T17:13:37.1625559Z # Subtest: exact byte idempotency absent abandon replay session fence and unknown outcome resolution
2026-10-05T17:13:37.1641318Z ok 7 - exact byte idempotency absent abandon replay session fence and unknown outcome resolution
2026-10-05T17:13:37.1642299Z   ---
2026-10-05T17:13:37.1642949Z   duration_ms: 3033.017775
2026-10-05T17:13:37.1643619Z   type: 'test'
2026-10-05T17:13:37.1644043Z   ...
2026-10-05T17:13:44.2452516Z # Subtest: withdraw revoke disabled rollback deny old detail search saved and committed body replay
2026-10-05T17:13:44.2472102Z ok 8 - withdraw revoke disabled rollback deny old detail search saved and committed body replay
2026-10-05T17:13:44.2501442Z   ---
2026-10-05T17:13:44.2504241Z   duration_ms: 7082.016654
2026-10-05T17:13:44.2504840Z   type: 'test'
2026-10-05T17:13:44.2505608Z   ...
2026-10-05T17:13:51.4001475Z # Subtest: J1 withdrawal source physical deletion and reviewer account deletion preserve permanent denial tombstones
2026-10-05T17:13:51.4064347Z ok 9 - J1 withdrawal source physical deletion and reviewer account deletion preserve permanent denial tombstones
2026-10-05T17:13:51.4065489Z   ---
2026-10-05T17:13:51.4066146Z   duration_ms: 7151.196175
2026-10-05T17:13:51.4066651Z   type: 'test'
2026-10-05T17:13:51.4067354Z   ...
2026-10-05T17:13:54.2764081Z # Subtest: J2 remove appeal restore cannot revive publication or silently rebind old reference
2026-10-05T17:13:54.2767446Z ok 10 - J2 remove appeal restore cannot revive publication or silently rebind old reference
2026-10-05T17:13:54.2774812Z   ---
2026-10-05T17:13:54.2775780Z   duration_ms: 2877.619397
2026-10-05T17:13:54.2776311Z   type: 'test'
2026-10-05T17:13:54.2776733Z   ...
2026-10-05T17:14:04.7689760Z # Subtest: rights/publisher revocation erasure and review deletion terminal forever under re-enrollment
2026-10-05T17:14:04.7732371Z ok 11 - rights/publisher revocation erasure and review deletion terminal forever under re-enrollment
2026-10-05T17:14:04.7733394Z   ---
2026-10-05T17:14:04.7733722Z   duration_ms: 10497.364662
2026-10-05T17:14:04.7734172Z   type: 'test'
2026-10-05T17:14:04.7734477Z   ...
2026-10-05T17:14:06.7503378Z # Subtest: scoped export includes authored foreign rights notes qualification receipts audits and metadata-only references
2026-10-05T17:14:06.7506209Z ok 12 - scoped export includes authored foreign rights notes qualification receipts audits and metadata-only references
2026-10-05T17:14:06.7509372Z   ---
2026-10-05T17:14:06.7509748Z   duration_ms: 1981.437957
2026-10-05T17:14:06.7510152Z   type: 'test'
2026-10-05T17:14:06.7510464Z   ...
2026-10-05T17:14:09.3317386Z # Subtest: scoped deletion erases declaration all authored notes qualifications links while exact receipts remain sanitized
2026-10-05T17:14:09.3319308Z ok 13 - scoped deletion erases declaration all authored notes qualifications links while exact receipts remain sanitized
2026-10-05T17:14:09.3320351Z   ---
2026-10-05T17:14:09.3335774Z   duration_ms: 2578.390189
2026-10-05T17:14:09.3339345Z   type: 'test'
2026-10-05T17:14:09.3340057Z   ...
2026-10-05T17:14:11.6161876Z # Subtest: 100 plus sentinel on each retained export collection fails whole export without truncation
2026-10-05T17:14:11.6164752Z ok 14 - 100 plus sentinel on each retained export collection fails whole export without truncation
2026-10-05T17:14:11.6165682Z   ---
2026-10-05T17:14:11.6166082Z   duration_ms: 2284.32389
2026-10-05T17:14:11.6166640Z   type: 'test'
2026-10-05T17:14:11.6167034Z   ...
2026-10-05T17:14:15.3745810Z # Subtest: ordered concurrent read publish withdraw erasure serialize or fail closed; retry cannot expose body
2026-10-05T17:14:15.3758585Z ok 15 - ordered concurrent read publish withdraw erasure serialize or fail closed; retry cannot expose body
2026-10-05T17:14:15.3795535Z   ---
2026-10-05T17:14:15.3796255Z   duration_ms: 3761.108261
2026-10-05T17:14:15.3797064Z   type: 'test'
2026-10-05T17:14:15.3797453Z   ...
2026-10-05T17:14:19.2530279Z # Subtest: rights rejection source J1 qualification revoke and owner inspection remain exact terminal metadata
2026-10-05T17:14:19.2532121Z ok 16 - rights rejection source J1 qualification revoke and owner inspection remain exact terminal metadata
2026-10-05T17:14:19.2532816Z   ---
2026-10-05T17:14:19.2533110Z   duration_ms: 3877.176897
2026-10-05T17:14:19.2533409Z   type: 'test'
2026-10-05T17:14:19.2533677Z   ...
2026-10-05T17:14:21.2829189Z # Subtest: ordinary 24k 10k original exactbytes supports escaped recovery outer above24k within49152
2026-10-05T17:14:21.2867913Z ok 17 - ordinary 24k 10k original exactbytes supports escaped recovery outer above24k within49152
2026-10-05T17:14:21.2880071Z   ---
2026-10-05T17:14:21.2880494Z   duration_ms: 2026.17349
2026-10-05T17:14:21.2881172Z   type: 'test'
2026-10-05T17:14:21.2881572Z   ...
2026-10-05T17:14:23.2354565Z # Subtest: pagination 51 sentinel uses sorted final returned cursor and complete pages for own metadata and saved refs
2026-10-05T17:14:23.2384871Z ok 18 - pagination 51 sentinel uses sorted final returned cursor and complete pages for own metadata and saved refs
2026-10-05T17:14:23.2391321Z   ---
2026-10-05T17:14:23.2405156Z   duration_ms: 1955.462943
2026-10-05T17:14:23.2405963Z   type: 'test'
2026-10-05T17:14:23.2423591Z   ...
2026-10-05T17:14:28.3857158Z # Subtest: deterministic uncommitted withdrawal and J1 source erasure deny concurrent reads before commit then sanitized replay
2026-10-05T17:14:28.3884953Z ok 19 - deterministic uncommitted withdrawal and J1 source erasure deny concurrent reads before commit then sanitized replay
2026-10-05T17:14:28.3886048Z   ---
2026-10-05T17:14:28.3886675Z   duration_ms: 5151.050735
2026-10-05T17:14:28.3887341Z   type: 'test'
2026-10-05T17:14:28.3887762Z   ...
2026-10-05T17:14:30.4632888Z # Subtest: legacy nullable benefit disclosure stays unknown and disclosure source changes invalidate consent permanently
2026-10-05T17:14:30.4649169Z ok 20 - legacy nullable benefit disclosure stays unknown and disclosure source changes invalidate consent permanently
2026-10-05T17:14:30.4660011Z   ---
2026-10-05T17:14:30.4660484Z   duration_ms: 2075.962789
2026-10-05T17:14:30.4661107Z   type: 'test'
2026-10-05T17:14:30.4661575Z   ...
2026-10-05T17:14:33.5717397Z # Subtest: canonical place projection uses original lawful mapping and never leaks private Trip reference or writes plan
2026-10-05T17:14:33.5719126Z ok 21 - canonical place projection uses original lawful mapping and never leaks private Trip reference or writes plan
2026-10-05T17:14:33.5720201Z   ---
2026-10-05T17:14:33.5720735Z   duration_ms: 3106.525584
2026-10-05T17:14:33.5721380Z   type: 'test'
2026-10-05T17:14:33.5721958Z   ...
2026-10-05T17:14:40.2083980Z # Subtest: owned auth account cascades erase author declaration reader links and foreign authored rights note without revival
2026-10-05T17:14:40.2111295Z ok 22 - owned auth account cascades erase author declaration reader links and foreign authored rights note without revival
2026-10-05T17:14:40.2116525Z   ---
2026-10-05T17:14:40.2117460Z   duration_ms: 6638.201033
2026-10-05T17:14:40.2118256Z   type: 'test'
2026-10-05T17:14:40.2118942Z   ...
2026-10-05T17:14:40.7059897Z # Subtest: default closed, explicit reviewer qualification, live registered session and private ACL
2026-10-05T17:14:40.7094941Z ok 23 - default closed, explicit reviewer qualification, live registered session and private ACL
2026-10-05T17:14:40.7095803Z   ---
2026-10-05T17:14:40.7163322Z   duration_ms: 18708.00945
2026-10-05T17:14:40.7163683Z   type: 'test'
2026-10-05T17:14:40.7164093Z   ...
2026-10-05T17:14:40.7165330Z # Subtest: author pending → independent internal publication → withdraw; projections and replay cannot resurrect body
2026-10-05T17:14:40.7166985Z ok 24 - author pending → independent internal publication → withdraw; projections and replay cannot resurrect body
2026-10-05T17:14:40.7167844Z   ---
2026-10-05T17:14:40.7168217Z   duration_ms: 2022.980171
2026-10-05T17:14:40.7168505Z   type: 'test'
2026-10-05T17:14:40.7168889Z   ...
2026-10-05T17:14:40.7169774Z # Subtest: rejection and pending withdrawal are terminal; forged body fields fail in direct RPC
2026-10-05T17:14:40.7171609Z ok 25 - rejection and pending withdrawal are terminal; forged body fields fail in direct RPC
2026-10-05T17:14:40.7174562Z   ---
2026-10-05T17:14:40.7174843Z   duration_ms: 1744.255392
2026-10-05T17:14:40.7176131Z   type: 'test'
2026-10-05T17:14:40.7176412Z   ...
2026-10-05T17:14:40.7177988Z # Subtest: opposing reviews and withdrawal/review race commit exactly one transition
2026-10-05T17:14:40.7179805Z not ok 26 - opposing reviews and withdrawal/review race commit exactly one transition
2026-10-05T17:14:40.7182566Z   ---
2026-10-05T17:14:40.7182838Z   duration_ms: 824.597163
2026-10-05T17:14:40.7184155Z   type: 'test'
2026-10-05T17:14:40.7185080Z   location: '/home/runner/work/VP-V4/VP-V4/tests/integration/community/review.test.mjs:9:22'
2026-10-05T17:14:40.7191490Z   failureType: 'testCodeFailure'
2026-10-05T17:14:40.7192108Z   error: |-
2026-10-05T17:14:40.7192441Z     The expression evaluated to a falsy value:
2026-10-05T17:14:40.7192924Z     
2026-10-05T17:14:40.7193353Z       assert.ok(race.find(x=>x.code!==0).stderr.includes('COMMUNITY_CONFLICT'))
2026-10-05T17:14:40.7193946Z     
2026-10-05T17:14:40.7194193Z   code: 'ERR_ASSERTION'
2026-10-05T17:14:40.7194623Z   name: 'AssertionError'
2026-10-05T17:14:40.7194901Z   expected: true
2026-10-05T17:14:40.7196619Z   actual: false
2026-10-05T17:14:40.7197114Z   operator: '=='
2026-10-05T17:14:40.7197390Z   stack: |-
2026-10-05T17:14:40.7198258Z     TestContext.<anonymous> (file:///home/runner/work/VP-V4/VP-V4/tests/integration/community/review.test.mjs:81:9)
2026-10-05T17:14:40.7200345Z     process.processTicksAndRejections (node:internal/process/task_queues:103:5)
2026-10-05T17:14:40.7203628Z     async Test.run (node:internal/test_runner/test:1054:7)
2026-10-05T17:14:40.7204738Z     async Test.processPendingSubtests (node:internal/test_runner/test:744:7)
2026-10-05T17:14:40.7205221Z   ...
2026-10-05T17:14:40.7205828Z # Subtest: audit fault rolls back content, transition and receipt; gate rollback denies saved data
2026-10-05T17:14:40.7207037Z ok 27 - audit fault rolls back content, transition and receipt; gate rollback denies saved data
2026-10-05T17:14:40.7207541Z   ---
2026-10-05T17:14:40.7207781Z   duration_ms: 1466.295746
2026-10-05T17:14:40.7208063Z   type: 'test'
2026-10-05T17:14:40.7208313Z   ...
2026-10-05T17:14:40.7208949Z # Subtest: full migration rollback preserves original RPC owner ACL; defaults empty with no private grants
2026-10-05T17:14:40.7209920Z ok 28 - full migration rollback preserves original RPC owner ACL; defaults empty with no private grants
2026-10-05T17:14:40.7210652Z   ---
2026-10-05T17:14:40.7211697Z   duration_ms: 21072.294552
2026-10-05T17:14:40.7212024Z   type: 'test'
2026-10-05T17:14:40.7212263Z   ...
2026-10-05T17:14:40.7212823Z # Subtest: authority before all reads mutation replay abandonment erasure has zero writes
2026-10-05T17:14:40.7213953Z ok 29 - authority before all reads mutation replay abandonment erasure has zero writes
2026-10-05T17:14:40.7214474Z   ---
2026-10-05T17:14:40.7215124Z   duration_ms: 1690.211188
2026-10-05T17:14:40.7215453Z   type: 'test'
2026-10-05T17:14:40.7216415Z   ...
2026-10-05T17:14:40.7217370Z # Subtest: legitimate independent reader vs moderator; guesses expiry revocation and block metadata deny uniformly
2026-10-05T17:14:40.7218749Z ok 30 - legitimate independent reader vs moderator; guesses expiry revocation and block metadata deny uniformly
2026-10-05T17:14:40.7219506Z   ---
2026-10-05T17:14:40.7219746Z   duration_ms: 2252.141414
2026-10-05T17:14:40.7220293Z   type: 'test'
2026-10-05T17:14:40.7220543Z   ...
2026-10-05T17:14:40.7222390Z # Subtest: report sensitive body isolation author minimal disposition and independent conflict operators
2026-10-05T17:14:40.7224234Z ok 31 - report sensitive body isolation author minimal disposition and independent conflict operators
2026-10-05T17:14:40.7225280Z   ---
2026-10-05T17:14:40.7226146Z   duration_ms: 1863.673537
2026-10-05T17:14:40.7226433Z   type: 'test'
2026-10-05T17:14:40.7226679Z   ...
2026-10-05T17:14:40.7227278Z # Subtest: removal invalidates old J1 live read mine queue and committed exact-byte acknowledgements
2026-10-05T17:14:40.7228208Z ok 32 - removal invalidates old J1 live read mine queue and committed exact-byte acknowledgements
2026-10-05T17:14:40.7228743Z   ---
2026-10-05T17:14:40.7228986Z   duration_ms: 1581.620839
2026-10-05T17:14:40.7229264Z   type: 'test'
2026-10-05T17:14:40.7229503Z   ...
2026-10-05T17:14:40.7230705Z # Subtest: author recourse independent restore rechecks current retained source; withdrawal cannot resurrect
2026-10-05T17:14:40.7231856Z ok 33 - author recourse independent restore rechecks current retained source; withdrawal cannot resurrect
2026-10-05T17:14:40.7232552Z   ---
2026-10-05T17:14:40.7232799Z   duration_ms: 2298.032155
2026-10-05T17:14:40.7233087Z   type: 'test'
2026-10-05T17:14:40.7233533Z   ...
2026-10-05T17:14:40.7234316Z # Subtest: J1 rejected version2 restore requires both qualifications and distinct original reviewer; no old unique audit clash
2026-10-05T17:14:40.7235520Z ok 34 - J1 rejected version2 restore requires both qualifications and distinct original reviewer; no old unique audit clash
2026-10-05T17:14:40.7236182Z   ---
2026-10-05T17:14:40.7236426Z   duration_ms: 1693.727075
2026-10-05T17:14:40.7236705Z   type: 'test'
2026-10-05T17:14:40.7236937Z   ...
2026-10-05T17:14:40.7237754Z # Subtest: authored decisions/grants export complete with no foreign details; erasure retains foreign source state and independence fence
2026-10-05T17:14:40.7239114Z ok 35 - authored decisions/grants export complete with no foreign details; erasure retains foreign source state and independence fence
2026-10-05T17:14:40.7239830Z   ---
2026-10-05T17:14:40.7240068Z   duration_ms: 2100.190772
2026-10-05T17:14:40.7240563Z   type: 'test'
2026-10-05T17:14:40.7240807Z   ...
2026-10-05T17:14:40.7241638Z # Subtest: exact original bytes immutable session epoch operation fences abandoned replay and module-off erasure
2026-10-05T17:14:40.7242722Z ok 36 - exact original bytes immutable session epoch operation fences abandoned replay and module-off erasure
2026-10-05T17:14:40.7243288Z   ---
2026-10-05T17:14:40.7243510Z   duration_ms: 1889.961967
2026-10-05T17:14:40.7243794Z   type: 'test'
2026-10-05T17:14:40.7244024Z   ...
2026-10-05T17:14:40.7244870Z # Subtest: physical source/account deletion invalidates content while retaining independent sensitive records and removing own authored notes
2026-10-05T17:14:40.7246224Z ok 37 - physical source/account deletion invalidates content while retaining independent sensitive records and removing own authored notes
2026-10-05T17:14:40.7246940Z   ---
2026-10-05T17:14:40.7247185Z   duration_ms: 1449.519085
2026-10-05T17:14:40.7247484Z   type: 'test'
2026-10-05T17:14:40.7247725Z   ...
2026-10-05T17:14:40.7248508Z # Subtest: CAS competing independent dispositions, original withdrawal and erasure races produce no deadlock or resurrection
2026-10-05T17:14:40.7249775Z ok 38 - CAS competing independent dispositions, original withdrawal and erasure races produce no deadlock or resurrection
2026-10-05T17:14:40.7253768Z   ---
2026-10-05T17:14:40.7254029Z   duration_ms: 2271.606636
2026-10-05T17:14:40.7255414Z   type: 'test'
2026-10-05T17:14:40.7255680Z   ...
2026-10-05T17:14:40.7261602Z # Subtest: bounded keyset51 sentinel and each100+sentinel export fails closed without false completeness
2026-10-05T17:14:40.7262701Z ok 39 - bounded keyset51 sentinel and each100+sentinel export fails closed without false completeness
2026-10-05T17:14:40.7263323Z   ---
2026-10-05T17:14:40.7263583Z   duration_ms: 1280.130806
2026-10-05T17:14:40.7263883Z   type: 'test'
2026-10-05T17:14:40.7264135Z   ...
2026-10-05T17:14:40.7264846Z # Subtest: erasure rollback is atomic and source/operator deletion never unlocks an original-reviewer appeal
2026-10-05T17:14:40.7265922Z ok 40 - erasure rollback is atomic and source/operator deletion never unlocks an original-reviewer appeal
2026-10-05T17:14:40.7266522Z   ---
2026-10-05T17:14:40.7266773Z   duration_ms: 2337.653874
2026-10-05T17:14:40.7267063Z   type: 'test'
2026-10-05T17:14:40.7267303Z   ...
2026-10-05T17:14:40.7268056Z # Subtest: strict closed JSON raw UTF8 and UTF16 limits cannot write receipts; expired own grant export remains complete
2026-10-05T17:14:40.7269195Z ok 41 - strict closed JSON raw UTF8 and UTF16 limits cannot write receipts; expired own grant export remains complete
2026-10-05T17:14:40.7269824Z   ---
2026-10-05T17:14:40.7270071Z   duration_ms: 1413.735302
2026-10-05T17:14:40.7270416Z   type: 'test'
2026-10-05T17:14:40.7270655Z   ...
2026-10-05T17:14:40.7282492Z # Subtest: each report appeal disposition receipt audit array independently enforces complete bounded export
2026-10-05T17:14:40.7285766Z ok 42 - each report appeal disposition receipt audit array independently enforces complete bounded export
2026-10-05T17:14:40.7287906Z   ---
2026-10-05T17:14:40.7288186Z   duration_ms: 1325.512873
2026-10-05T17:14:40.7288488Z   type: 'test'
2026-10-05T17:14:40.7288743Z   ...
2026-10-05T17:14:40.7289560Z # Subtest: legacy original RPC source and current controlled-reader qualification cannot resurrect blocked or revoked content
2026-10-05T17:14:40.7290814Z ok 43 - legacy original RPC source and current controlled-reader qualification cannot resurrect blocked or revoked content
2026-10-05T17:14:40.7291637Z   ---
2026-10-05T17:14:40.7291870Z   duration_ms: 2215.55689
2026-10-05T17:14:40.7292150Z   type: 'test'
2026-10-05T17:14:40.7292393Z   ...
2026-10-05T17:14:40.7293116Z # Subtest: unavailable selected block target and exact receipt return only own null metadata, never cached source UUID
2026-10-05T17:14:40.7294200Z ok 44 - unavailable selected block target and exact receipt return only own null metadata, never cached source UUID
2026-10-05T17:14:40.7294788Z   ---
2026-10-05T17:14:40.7295232Z   duration_ms: 1698.988413
2026-10-05T17:14:40.7295514Z   type: 'test'
2026-10-05T17:14:40.7295752Z   ...
2026-10-05T17:14:40.7296465Z # Subtest: SQL NULL validation fails closed before direct RPC writes for nullable discriminators or enum decisions
2026-10-05T17:14:40.7297514Z ok 45 - SQL NULL validation fails closed before direct RPC writes for nullable discriminators or enum decisions
2026-10-05T17:14:40.7298167Z   ---
2026-10-05T17:14:40.7298411Z   duration_ms: 1480.201901
2026-10-05T17:14:40.7298701Z   type: 'test'
2026-10-05T17:14:40.7298940Z   ...
2026-10-05T17:14:40.7299622Z # Subtest: unauthorized guessed source and stale versions yield uniform not-found before CAS without metadata oracle
2026-10-05T17:14:40.7300747Z ok 46 - unauthorized guessed source and stale versions yield uniform not-found before CAS without metadata oracle
2026-10-05T17:14:40.7318552Z   ---
2026-10-05T17:14:40.7318962Z   duration_ms: 2051.871427
2026-10-05T17:14:40.7319365Z   type: 'test'
2026-10-05T17:14:40.7319748Z   ...
2026-10-05T17:14:40.7320582Z # Subtest: full migration replay rollback and unchanged signature ACL; module defaults and direct deny
2026-10-05T17:14:40.7321989Z ok 47 - full migration replay rollback and unchanged signature ACL; module defaults and direct deny
2026-10-05T17:14:40.7324548Z   ---
2026-10-05T17:14:40.7325059Z   duration_ms: 18726.241745
2026-10-05T17:14:40.7325362Z   type: 'test'
2026-10-05T17:14:40.7325769Z   ...
2026-10-05T17:14:40.7326561Z # Subtest: registered current-session roots precede reads mutation replay abandon or cleanup
2026-10-05T17:14:40.7333023Z ok 48 - registered current-session roots precede reads mutation replay abandon or cleanup
2026-10-05T17:14:40.7333629Z   ---
2026-10-05T17:14:40.7334112Z   duration_ms: 1216.881003
2026-10-05T17:14:40.7334689Z   type: 'test'
2026-10-05T17:14:40.7334957Z   ...
2026-10-05T17:14:40.7336508Z # Subtest: independent qualification trusted unknown disclosure owner isolation review withdraw replay
2026-10-05T17:14:40.7338066Z ok 49 - independent qualification trusted unknown disclosure owner isolation review withdraw replay
2026-10-05T17:14:40.7339018Z   ---
2026-10-05T17:14:40.7339530Z   duration_ms: 1920.468914
2026-10-05T17:14:40.7340256Z   type: 'test'
2026-10-05T17:14:40.7340646Z   ...
2026-10-05T17:14:40.7341526Z # Subtest: legacy notes stay private and original receipts are current safe metadata
2026-10-05T17:14:40.7342720Z ok 50 - legacy notes stay private and original receipts are current safe metadata
2026-10-05T17:14:40.7343478Z   ---
2026-10-05T17:14:40.7343861Z   duration_ms: 995.388173
2026-10-05T17:14:40.7344408Z   type: 'test'
2026-10-05T17:14:40.7344774Z   ...
2026-10-05T17:14:40.7345723Z # Subtest: original exact bytes absent/abandon/commit closure and concurrent same-op race
2026-10-05T17:14:40.7346832Z ok 51 - original exact bytes absent/abandon/commit closure and concurrent same-op race
2026-10-05T17:14:40.7347574Z   ---
2026-10-05T17:14:40.7347929Z   duration_ms: 888.412477
2026-10-05T17:14:40.7348334Z   type: 'test'
2026-10-05T17:14:40.7348706Z   ...
2026-10-05T17:14:40.7349600Z # Subtest: reject pending withdrawal stale versions strict syntax UTF16 and place reject
2026-10-05T17:14:40.7350542Z ok 52 - reject pending withdrawal stale versions strict syntax UTF16 and place reject
2026-10-05T17:14:40.7351334Z   ---
2026-10-05T17:14:40.7351700Z   duration_ms: 1290.51056
2026-10-05T17:14:40.7352097Z   type: 'test'
2026-10-05T17:14:40.7352472Z   ...
2026-10-05T17:14:40.7422292Z # Subtest: owner delete atomic rollback module-off revoked cleanup foreign attribution no revival
2026-10-05T17:14:40.7436768Z ok 53 - owner delete atomic rollback module-off revoked cleanup foreign attribution no revival
2026-10-05T17:14:40.7472096Z   ---
2026-10-05T17:14:40.7501667Z   duration_ms: 2244.613779
2026-10-05T17:14:40.7523916Z   type: 'test'
2026-10-05T17:14:40.7545094Z   ...
2026-10-05T17:14:40.7546774Z # Subtest: keyset sentinel prevents hidden pagination and export overflow fails closed
2026-10-05T17:14:40.7547933Z ok 54 - keyset sentinel prevents hidden pagination and export overflow fails closed
2026-10-05T17:14:40.7549140Z   ---
2026-10-05T17:14:40.7549488Z   duration_ms: 732.053954
2026-10-05T17:14:40.7549864Z   type: 'test'
2026-10-05T17:14:40.7550195Z   ...
2026-10-05T17:14:40.7551086Z # Subtest: actual saved canonical association freezes Trip head and exact original provider mapping without writes
2026-10-05T17:14:40.7552202Z ok 55 - actual saved canonical association freezes Trip head and exact original provider mapping without writes
2026-10-05T17:14:40.7552872Z   ---
2026-10-05T17:14:40.7553210Z   duration_ms: 1663.288215
2026-10-05T17:14:40.7553586Z   type: 'test'
2026-10-05T17:14:40.7553916Z   ...
2026-10-05T17:14:40.7554691Z # Subtest: independent opposing reviews and reviewer/owner-cleanup contention preserve one transition without deadlock
2026-10-05T17:14:40.7555825Z ok 56 - independent opposing reviews and reviewer/owner-cleanup contention preserve one transition without deadlock
2026-10-05T17:14:40.7556499Z   ---
2026-10-05T17:14:40.7556839Z   duration_ms: 1090.18017
2026-10-05T17:14:40.7557207Z   type: 'test'
2026-10-05T17:14:40.7557532Z   ...
2026-10-05T17:14:40.7558286Z # Subtest: direct RPC JSON null review decision leaves pending row and no receipt, then valid same-op recovery succeeds
2026-10-05T17:14:40.7559382Z ok 57 - direct RPC JSON null review decision leaves pending row and no receipt, then valid same-op recovery succeeds
2026-10-05T17:14:40.7560040Z   ---
2026-10-05T17:14:40.7560364Z   duration_ms: 998.39531
2026-10-05T17:14:40.7560724Z   type: 'test'
2026-10-05T17:14:40.7561184Z   ...
2026-10-05T17:14:40.7561886Z # Subtest: two separate SQL clients reserve and dispatch one duplicate attempt only once
2026-10-05T17:14:40.7563022Z ok 58 - two separate SQL clients reserve and dispatch one duplicate attempt only once
2026-10-05T17:14:40.7564262Z   ---
2026-10-05T17:14:40.7566531Z   duration_ms: 3017.819114
2026-10-05T17:14:40.7566976Z   type: 'test'
2026-10-05T17:14:40.7567692Z   ...
2026-10-05T17:14:40.7568291Z # Subtest: scope, provider, task, attempt and concurrency caps are atomic
2026-10-05T17:14:40.7574943Z ok 59 - scope, provider, task, attempt and concurrency caps are atomic
2026-10-05T17:14:40.7575490Z   ---
2026-10-05T17:14:40.7575827Z   duration_ms: 1311.500672
2026-10-05T17:14:40.7576721Z   type: 'test'
2026-10-05T17:14:40.7581568Z   ...
2026-10-05T17:14:40.7582431Z # Subtest: task cap is shared across provider attempts and provider caps cannot be transferred
2026-10-05T17:14:40.7583609Z ok 60 - task cap is shared across provider attempts and provider caps cannot be transferred
2026-10-05T17:14:40.7584359Z   ---
2026-10-05T17:14:40.7584791Z   duration_ms: 523.864771
2026-10-05T17:14:40.7585273Z   type: 'test'
2026-10-05T17:14:40.7585666Z   ...
2026-10-05T17:14:40.7586405Z # Subtest: owner/model/price mismatch and ordinary database roles cannot use the ledger
2026-10-05T17:14:40.7587427Z ok 61 - owner/model/price mismatch and ordinary database roles cannot use the ledger
2026-10-05T17:14:40.7588102Z   ---
2026-10-05T17:14:40.7588573Z   duration_ms: 1003.489645
2026-10-05T17:14:40.7589300Z   type: 'test'
2026-10-05T17:14:40.7589760Z   ...
2026-10-05T17:14:40.7590497Z # Subtest: kill and expiry are consumed after reserve and before provider callback
2026-10-05T17:14:40.7591768Z ok 62 - kill and expiry are consumed after reserve and before provider callback
2026-10-05T17:14:40.7592225Z   ---
2026-10-05T17:14:40.7592449Z   duration_ms: 1550.823935
2026-10-05T17:14:40.7592715Z   type: 'test'
2026-10-05T17:14:40.7592934Z   ...
2026-10-05T17:14:40.7593509Z # Subtest: settlement is idempotent; conflicting costs cannot overwrite and overrun freezes admission
2026-10-05T17:14:40.7594370Z ok 63 - settlement is idempotent; conflicting costs cannot overwrite and overrun freezes admission
2026-10-05T17:14:40.7594875Z   ---
2026-10-05T17:14:40.7595090Z   duration_ms: 919.189912
2026-10-05T17:14:40.7595343Z   type: 'test'
2026-10-05T17:14:40.7595555Z   ...
2026-10-05T17:14:40.7596026Z # Subtest: consumer settles actual usage and returns duplicate without invoking again
2026-10-05T17:14:40.7596953Z ok 64 - consumer settles actual usage and returns duplicate without invoking again
2026-10-05T17:14:40.7597390Z   ---
2026-10-05T17:14:40.7597598Z   duration_ms: 538.735537
2026-10-05T17:14:40.7597845Z   type: 'test'
2026-10-05T17:14:40.7598049Z   ...
2026-10-05T17:14:40.7598597Z # Subtest: unknown usage, timeout and cancellation retain reservations; late results do not settle
2026-10-05T17:14:40.7599408Z ok 65 - unknown usage, timeout and cancellation retain reservations; late results do not settle
2026-10-05T17:14:40.7599886Z   ---
2026-10-05T17:14:40.7600097Z   duration_ms: 1481.364906
2026-10-05T17:14:40.7600344Z   type: 'test'
2026-10-05T17:14:40.7600549Z   ...
2026-10-05T17:14:40.7601259Z # Subtest: killed worker retains dispatched cost across a fresh worker process
2026-10-05T17:14:40.7601917Z ok 66 - killed worker retains dispatched cost across a fresh worker process
2026-10-05T17:14:40.7602315Z   ---
2026-10-05T17:14:40.7602538Z   duration_ms: 1067.269379
2026-10-05T17:14:40.7602828Z   type: 'test'
2026-10-05T17:14:40.7603039Z   ...
2026-10-05T17:14:40.7603638Z # Subtest: fsynced usage survives SIGKILL and reconciles exactly once after a lost settlement acknowledgement
2026-10-05T17:14:40.7604562Z ok 67 - fsynced usage survives SIGKILL and reconciles exactly once after a lost settlement acknowledgement
2026-10-05T17:14:40.7605083Z   ---
2026-10-05T17:14:40.7605294Z   duration_ms: 1319.87919
2026-10-05T17:14:40.7605543Z   type: 'test'
2026-10-05T17:14:40.7605757Z   ...
2026-10-05T17:14:40.7606268Z # Subtest: atomic stop releases only unsent work and retains unknown charge across repeat stop
2026-10-05T17:14:40.7607037Z ok 68 - atomic stop releases only unsent work and retains unknown charge across repeat stop
2026-10-05T17:14:40.7607515Z   ---
2026-10-05T17:14:40.7607721Z   duration_ms: 2107.860169
2026-10-05T17:14:40.7607967Z   type: 'test'
2026-10-05T17:14:40.7608172Z   ...
2026-10-05T17:14:40.7608634Z # Subtest: stop races dispatch and new reservation without releasing dispatched work
2026-10-05T17:14:40.7609341Z ok 69 - stop races dispatch and new reservation without releasing dispatched work
2026-10-05T17:14:40.7609769Z   ---
2026-10-05T17:14:40.7609973Z   duration_ms: 4108.001196
2026-10-05T17:14:40.7610221Z   type: 'test'
2026-10-05T17:14:40.7610427Z   ...
2026-10-05T17:14:40.7631328Z # Subtest: stop cannot target another owner or run under ordinary roles; in-flight usage still settles
2026-10-05T17:14:40.7632584Z ok 70 - stop cannot target another owner or run under ordinary roles; in-flight usage still settles
2026-10-05T17:14:40.7633216Z   ---
2026-10-05T17:14:40.7633450Z   duration_ms: 901.218968
2026-10-05T17:14:40.7633730Z   type: 'test'
2026-10-05T17:14:40.7633962Z   ...
2026-10-05T17:14:40.7703500Z # Subtest: lost stop acknowledgment retries safely without clearing unknown holds
2026-10-05T17:14:40.7704379Z ok 71 - lost stop acknowledgment retries safely without clearing unknown holds
2026-10-05T17:14:40.7704893Z   ---
2026-10-05T17:14:40.7705180Z   duration_ms: 512.651213
2026-10-05T17:14:40.7705766Z   type: 'test'
2026-10-05T17:14:40.7706038Z   ...
2026-10-05T17:14:40.7706719Z # Subtest: full migration replay, rollback and default ACL deny every new authority
2026-10-05T17:14:40.7707519Z ok 72 - full migration replay, rollback and default ACL deny every new authority
2026-10-05T17:14:40.7708002Z   ---
2026-10-05T17:14:40.7708244Z   duration_ms: 16024.450456
2026-10-05T17:14:40.7708528Z   type: 'test'
2026-10-05T17:14:40.7708762Z   ...
2026-10-05T17:14:40.7709342Z # Subtest: context digest stable without clocks, no provider body, exact selection and status
2026-10-05T17:14:40.7710229Z ok 73 - context digest stable without clocks, no provider body, exact selection and status
2026-10-05T17:14:40.7710754Z   ---
2026-10-05T17:14:40.7711192Z   duration_ms: 1122.238852
2026-10-05T17:14:40.7711488Z   type: 'test'
2026-10-05T17:14:40.7711723Z   ...
2026-10-05T17:14:40.7712361Z # Subtest: CAS saves canonical oldest reference, unsave retains all references after mapping withdrawal
2026-10-05T17:14:40.7713585Z ok 74 - CAS saves canonical oldest reference, unsave retains all references after mapping withdrawal
2026-10-05T17:14:40.7714132Z   ---
2026-10-05T17:14:40.7714381Z   duration_ms: 1134.099288
2026-10-05T17:14:40.7714672Z   type: 'test'
2026-10-05T17:14:40.7714902Z   ...
2026-10-05T17:14:40.7715530Z # Subtest: lost ACK, exact full request replay survives head/archive/map drift; mismatch never reexecutes
2026-10-05T17:14:40.7716528Z ok 75 - lost ACK, exact full request replay survives head/archive/map drift; mismatch never reexecutes
2026-10-05T17:14:40.7717071Z   ---
2026-10-05T17:14:40.7717313Z   duration_ms: 1436.336169
2026-10-05T17:14:40.7717606Z   type: 'test'
2026-10-05T17:14:40.7717825Z   ...
2026-10-05T17:14:40.7718396Z # Subtest: ordinary session, native epoch and actual owner prevent forged/crossowner mutation
2026-10-05T17:14:40.7719265Z ok 76 - ordinary session, native epoch and actual owner prevent forged/crossowner mutation
2026-10-05T17:14:40.7719803Z   ---
2026-10-05T17:14:40.7720044Z   duration_ms: 1145.81256
2026-10-05T17:14:40.7720334Z   type: 'test'
2026-10-05T17:14:40.7720566Z   ...
2026-10-05T17:14:40.7721288Z # Subtest: strict closed input mirrors int32, UUID, Unicode, calendar, offset and 24h wire
2026-10-05T17:14:40.7722128Z ok 77 - strict closed input mirrors int32, UUID, Unicode, calendar, offset and 24h wire
2026-10-05T17:14:40.7722622Z   ---
2026-10-05T17:14:40.7722846Z   duration_ms: 1266.512677
2026-10-05T17:14:40.7723136Z   type: 'test'
2026-10-05T17:14:40.7723382Z   ...
2026-10-05T17:14:40.7723977Z # Subtest: actual original proposal creation is atomic with receipt, does not save or write Trip
2026-10-05T17:14:40.7724877Z ok 78 - actual original proposal creation is atomic with receipt, does not save or write Trip
2026-10-05T17:14:40.7725423Z   ---
2026-10-05T17:14:40.7725660Z   duration_ms: 1428.531256
2026-10-05T17:14:40.7725940Z   type: 'test'
2026-10-05T17:14:40.7726189Z   ...
2026-10-05T17:14:40.7726653Z # Subtest: actual same-key and CAS concurrency create only one effect
2026-10-05T17:14:40.7727303Z ok 79 - actual same-key and CAS concurrency create only one effect
2026-10-05T17:14:40.7727726Z   ---
2026-10-05T17:14:40.7727968Z   duration_ms: 473.925789
2026-10-05T17:14:40.7728252Z   type: 'test'
2026-10-05T17:14:40.7728489Z   ...
2026-10-05T17:14:40.7729003Z # Subtest: Trip and account delete cascades remove both private metadata domains
2026-10-05T17:14:40.7729749Z ok 80 - Trip and account delete cascades remove both private metadata domains
2026-10-05T17:14:40.7730206Z   ---
2026-10-05T17:14:40.7730447Z   duration_ms: 1139.579597
2026-10-05T17:14:40.7730725Z   type: 'test'
2026-10-05T17:14:40.7846381Z   ...
2026-10-05T17:14:40.7847506Z # Subtest: real reviewed publication/entity mapping produces qualified locale claim and source withdrawal removes it
2026-10-05T17:14:40.7849010Z ok 81 - real reviewed publication/entity mapping produces qualified locale claim and source withdrawal removes it
2026-10-05T17:14:40.7849848Z   ---
2026-10-05T17:14:40.7850604Z   duration_ms: 1841.956932
2026-10-05T17:14:40.7851107Z   type: 'test'
2026-10-05T17:14:40.7851361Z   ...
2026-10-05T17:14:40.7853944Z # Subtest: current fact expiry bounds context and live reviewer loss invalidates source eligibility
2026-10-05T17:14:40.7855125Z ok 82 - current fact expiry bounds context and live reviewer loss invalidates source eligibility
2026-10-05T17:14:40.7855713Z   ---
2026-10-05T17:14:40.7855979Z   duration_ms: 1551.43628
2026-10-05T17:14:40.7856271Z   type: 'test'
2026-10-05T17:14:40.7856508Z   ...
2026-10-05T17:14:40.7857251Z # Subtest: exact existing export job lease, generation, cursor source revision; unenrolled core scope stays partial
2026-10-05T17:14:40.7858309Z ok 83 - exact existing export job lease, generation, cursor source revision; unenrolled core scope stays partial
2026-10-05T17:14:40.7858895Z   ---
2026-10-05T17:14:40.7859128Z   duration_ms: 1387.608243
2026-10-05T17:14:40.7859491Z   type: 'test'
2026-10-05T17:14:40.7860176Z   ...
2026-10-05T17:14:40.7860959Z # Subtest: existing timed Trip items normalize into the strict shared snapshot wire without source edits
2026-10-05T17:14:40.7862406Z ok 84 - existing timed Trip items normalize into the strict shared snapshot wire without source edits
2026-10-05T17:14:40.7863164Z   ---
2026-10-05T17:14:40.7863602Z   duration_ms: 675.449085
2026-10-05T17:14:40.7863877Z   type: 'test'
2026-10-05T17:14:40.7864092Z   ...
2026-10-05T17:14:40.7864948Z # Subtest: abandon fences late execute, reads exact cancelled history; successful operation is never undone
2026-10-05T17:14:40.7866038Z ok 85 - abandon fences late execute, reads exact cancelled history; successful operation is never undone
2026-10-05T17:14:40.7866748Z   ---
2026-10-05T17:14:40.7866987Z   duration_ms: 1887.617634
2026-10-05T17:14:40.7867380Z   type: 'test'
2026-10-05T17:14:40.7867623Z   ...
2026-10-05T17:14:40.7868316Z # Subtest: actual execute vs abandon race has one durable terminal and at most one effect
2026-10-05T17:14:40.7869317Z ok 86 - actual execute vs abandon race has one durable terminal and at most one effect
2026-10-05T17:14:40.7869934Z   ---
2026-10-05T17:14:40.7870169Z   duration_ms: 1904.259362
2026-10-05T17:14:40.7870566Z   type: 'test'
2026-10-05T17:14:40.7870793Z   ...
2026-10-05T17:14:40.7871692Z # Subtest: saved reload returns original persisted identity after withdrawal and supports exact unsave
2026-10-05T17:14:40.7873098Z ok 87 - saved reload returns original persisted identity after withdrawal and supports exact unsave
2026-10-05T17:14:40.7873809Z   ---
2026-10-05T17:14:40.7874022Z   duration_ms: 1929.992524
2026-10-05T17:14:40.7874550Z   type: 'test'
2026-10-05T17:14:40.7874859Z   ...
2026-10-05T17:14:40.7875721Z # Subtest: saved pages expose completeness, exact cursor and current mapping drift; resave stores latest original identity
2026-10-05T17:14:40.7877144Z ok 88 - saved pages expose completeness, exact cursor and current mapping drift; resave stores latest original identity
2026-10-05T17:14:40.7877977Z   ---
2026-10-05T17:14:40.7878331Z   duration_ms: 1374.964077
2026-10-05T17:14:40.7878882Z   type: 'test'
2026-10-05T17:14:40.7879105Z   ...
2026-10-05T17:14:40.7879943Z # Subtest: saved metadata export contains original selection and cursor remains bound to new selection writes
2026-10-05T17:14:40.7881501Z ok 89 - saved metadata export contains original selection and cursor remains bound to new selection writes
2026-10-05T17:14:40.7882215Z   ---
2026-10-05T17:14:40.7882462Z   duration_ms: 688.125817
2026-10-05T17:14:40.7882918Z   type: 'test'
2026-10-05T17:14:40.7883151Z   ...
2026-10-05T17:14:40.7884082Z # Subtest: actual TS service consumes real authenticated PG place action producers across the full operation lifecycle
2026-10-05T17:14:40.7885580Z ok 90 - actual TS service consumes real authenticated PG place action producers across the full operation lifecycle
2026-10-05T17:14:40.7886486Z   ---
2026-10-05T17:14:40.7886923Z   duration_ms: 6584.18272
2026-10-05T17:14:40.7890262Z   type: 'test'
2026-10-05T17:14:40.7890539Z   ...
2026-10-05T17:14:43.6947633Z # Subtest: full append replay, original ACL and default deny, no content/role/grant seeds
2026-10-05T17:14:43.6967219Z ok 91 - full append replay, original ACL and default deny, no content/role/grant seeds
2026-10-05T17:14:43.6972672Z   ---
2026-10-05T17:14:43.6973184Z   duration_ms: 16005.329172
2026-10-05T17:14:43.6973677Z   type: 'test'
2026-10-05T17:14:43.6974001Z   ...
2026-10-05T17:14:43.6974907Z # Subtest: current exact canonical published fact, independent per-use rights, whole qualifiers, replay zero units
2026-10-05T17:14:43.6977402Z ok 92 - current exact canonical published fact, independent per-use rights, whole qualifiers, replay zero units
2026-10-05T17:14:43.6979880Z   ---
2026-10-05T17:14:43.6980539Z   duration_ms: 2956.135261
2026-10-05T17:14:43.6981042Z   type: 'test'
2026-10-05T17:14:43.6981294Z   ...
2026-10-05T17:14:43.6981999Z # Subtest: source withdrawal and use/member/canonical correction synchronously remove stale retained metadata
2026-10-05T17:14:43.6983502Z ok 93 - source withdrawal and use/member/canonical correction synchronously remove stale retained metadata
2026-10-05T17:14:43.6984252Z   ---
2026-10-05T17:14:43.6984510Z   duration_ms: 9942.714399
2026-10-05T17:14:43.6984798Z   type: 'test'
2026-10-05T17:14:43.6986039Z   ...
2026-10-05T17:14:43.6987503Z # Subtest: no inherited TTS/cache/prompt permission and closed head0 input
2026-10-05T17:14:43.6989219Z ok 94 - no inherited TTS/cache/prompt permission and closed head0 input
2026-10-05T17:14:43.6990632Z   ---
2026-10-05T17:14:43.6991916Z   duration_ms: 2345.75807
2026-10-05T17:14:43.6992269Z   type: 'test'
2026-10-05T17:14:43.6993449Z   ...
2026-10-05T17:14:43.6995111Z # Subtest: Guide marked original submission, current input/dispatch/completion/history and no standalone bypass
2026-10-05T17:14:43.6997204Z ok 95 - Guide marked original submission, current input/dispatch/completion/history and no standalone bypass
2026-10-05T17:14:43.6998766Z   ---
2026-10-05T17:14:43.6999981Z   duration_ms: 4084.193134
2026-10-05T17:14:43.7000287Z   type: 'test'
2026-10-05T17:14:43.7001188Z   ...
2026-10-05T17:14:43.7002903Z # Subtest: revocation between input and dispatch, after dispatch before completion and Trip/session deletion stay marked
2026-10-05T17:14:43.7005970Z ok 96 - revocation between input and dispatch, after dispatch before completion and Trip/session deletion stay marked
2026-10-05T17:14:43.7007569Z   ---
2026-10-05T17:14:43.7007808Z   duration_ms: 12906.297923
2026-10-05T17:14:43.7009024Z   type: 'test'
2026-10-05T17:14:43.7009268Z   ...
2026-10-05T17:14:43.7011999Z # Subtest: ordinary original admission/queue/lock bodies and all original ACL unchanged; only exact marked seams
2026-10-05T17:14:43.7014111Z ok 97 - ordinary original admission/queue/lock bodies and all original ACL unchanged; only exact marked seams
2026-10-05T17:14:43.7016828Z   ---
2026-10-05T17:14:43.7017085Z   duration_ms: 81.573066
2026-10-05T17:14:43.7017373Z   type: 'test'
2026-10-05T17:14:43.7018690Z   ...
2026-10-05T17:14:43.7019514Z # Subtest: actual ordinary role rejects foreign objects and pre-existing foreign/bound/inactive threads; original submit owns creation
2026-10-05T17:14:43.7025249Z ok 98 - actual ordinary role rejects foreign objects and pre-existing foreign/bound/inactive threads; original submit owns creation
2026-10-05T17:14:43.7026279Z   ---
2026-10-05T17:14:43.7026655Z   duration_ms: 3473.12036
2026-10-05T17:14:43.7026949Z   type: 'test'
2026-10-05T17:14:43.7027182Z   ...
2026-10-05T17:14:43.7027915Z # Subtest: whole qualifiers and exact UTF16/120sec limits never truncate or infer translation
2026-10-05T17:14:43.7030424Z ok 99 - whole qualifiers and exact UTF16/120sec limits never truncate or infer translation
2026-10-05T17:14:43.7032483Z   ---
2026-10-05T17:14:43.7032726Z   duration_ms: 3754.825327
2026-10-05T17:14:43.7032992Z   type: 'test'
2026-10-05T17:14:43.7033229Z   ...
2026-10-05T17:14:43.7033867Z # Subtest: expired original rights lease rejects work but owner forget/export retain safe metadata coverage
2026-10-05T17:14:43.7035072Z ok 100 - expired original rights lease rejects work but owner forget/export retain safe metadata coverage
2026-10-05T17:14:43.7035737Z   ---
2026-10-05T17:14:43.7035962Z   duration_ms: 4953.136187
2026-10-05T17:14:43.7036229Z   type: 'test'
2026-10-05T17:14:43.7036462Z   ...
2026-10-05T17:14:46.8012684Z # Subtest: cache false permits explicit prompt-only position on first new goal; original sameop change fails and terminal clears
2026-10-05T17:14:46.8038856Z ok 101 - cache false permits explicit prompt-only position on first new goal; original sameop change fails and terminal clears
2026-10-05T17:14:46.8043427Z   ---
2026-10-05T17:14:46.8049196Z   duration_ms: 3105.545188
2026-10-05T17:14:46.8049739Z   type: 'test'
2026-10-05T17:14:46.8050399Z   ...
2026-10-05T17:14:50.2409697Z # Subtest: foreign reads of expired or invalidated Guide bindings have zero metadata writes
2026-10-05T17:14:50.2417559Z ok 102 - foreign reads of expired or invalidated Guide bindings have zero metadata writes
2026-10-05T17:14:50.2438101Z   ---
2026-10-05T17:14:50.2439082Z   duration_ms: 3438.762841
2026-10-05T17:14:50.2439723Z   type: 'test'
2026-10-05T17:14:50.2440205Z   ...
2026-10-05T17:14:54.0124803Z # Subtest: invalid worker token on expired or invalidated Guide bindings has zero metadata writes
2026-10-05T17:14:54.0133963Z ok 103 - invalid worker token on expired or invalidated Guide bindings has zero metadata writes
2026-10-05T17:14:54.0135703Z   ---
2026-10-05T17:14:54.0136252Z   duration_ms: 3773.163274
2026-10-05T17:14:54.0136760Z   type: 'test'
2026-10-05T17:14:54.0137194Z   ...
2026-10-05T17:14:54.5097747Z # Subtest: research intake: real PostgreSQL/PostgREST lifecycle and adversarial cases
2026-10-05T17:14:54.5101120Z     # Subtest: direct public RPC validates consent, schema, email, honeypot and locale
2026-10-05T17:14:54.5102165Z     ok 1 - direct public RPC validates consent, schema, email, honeypot and locale
2026-10-05T17:14:54.5102969Z       ---
2026-10-05T17:14:54.5103535Z       duration_ms: 133.192772
2026-10-05T17:14:54.5104043Z       type: 'test'
2026-10-05T17:14:54.5104299Z       ...
2026-10-05T17:14:54.5105189Z     # Subtest: real HTTP handler → REST → PostgreSQL returns persisted receipt; retries are idempotent
2026-10-05T17:14:54.5106156Z     ok 2 - real HTTP handler → REST → PostgreSQL returns persisted receipt; retries are idempotent
2026-10-05T17:14:54.5106712Z       ---
2026-10-05T17:14:54.5106948Z       duration_ms: 425.991627
2026-10-05T17:14:54.5107240Z       type: 'test'
2026-10-05T17:14:54.5107482Z       ...
2026-10-05T17:14:54.5107955Z     # Subtest: direct table and staff RPC access denied for anon and signed-in users
2026-10-05T17:14:54.5108630Z     ok 3 - direct table and staff RPC access denied for anon and signed-in users
2026-10-05T17:14:54.5109089Z       ---
2026-10-05T17:14:54.5109334Z       duration_ms: 314.114884
2026-10-05T17:14:54.5109651Z       type: 'test'
2026-10-05T17:14:54.5109903Z       ...
2026-10-05T17:14:54.5110455Z     # Subtest: independent consent and ordered, idempotent staff events; no invented first value
2026-10-05T17:14:54.5111883Z     ok 4 - independent consent and ordered, idempotent staff events; no invented first value
2026-10-05T17:14:54.5112382Z       ---
2026-10-05T17:14:54.5112608Z       duration_ms: 945.918546
2026-10-05T17:14:54.5112878Z       type: 'test'
2026-10-05T17:14:54.5113107Z       ...
2026-10-05T17:14:54.5113689Z     # Subtest: withdraw-before-submit fences a delayed submission and duplicate receipt cannot withdraw original
2026-10-05T17:14:54.5114575Z     ok 5 - withdraw-before-submit fences a delayed submission and duplicate receipt cannot withdraw original
2026-10-05T17:14:54.5117792Z       ---
2026-10-05T17:14:54.5118060Z       duration_ms: 101.819314
2026-10-05T17:14:54.5118359Z       type: 'test'
2026-10-05T17:14:54.5118616Z       ...
2026-10-05T17:14:54.5119037Z     # Subtest: process restart retains records, receipts and revocations
2026-10-05T17:14:54.5119656Z     ok 6 - process restart retains records, receipts and revocations
2026-10-05T17:14:54.5120375Z       ---
2026-10-05T17:14:54.5120634Z       duration_ms: 1482.308139
2026-10-05T17:14:54.5121081Z       type: 'test'
2026-10-05T17:14:54.5131644Z       ...
2026-10-05T17:14:54.5132135Z     # Subtest: rate limit is durable, races cannot exceed capacity, withdrawal remains usable
2026-10-05T17:14:54.5132844Z     ok 7 - rate limit is durable, races cannot exceed capacity, withdrawal remains usable
2026-10-05T17:14:54.5133307Z       ---
2026-10-05T17:14:54.5133531Z       duration_ms: 619.466929
2026-10-05T17:14:54.5133795Z       type: 'test'
2026-10-05T17:14:54.5134016Z       ...
2026-10-05T17:14:54.5134212Z     1..7
2026-10-05T17:14:54.5134697Z ok 104 - research intake: real PostgreSQL/PostgREST lifecycle and adversarial cases
2026-10-05T17:14:54.5135139Z   ---
2026-10-05T17:14:54.5135358Z   duration_ms: 8226.499099
2026-10-05T17:14:54.5135611Z   type: 'test'
2026-10-05T17:14:54.5135819Z   ...
2026-10-05T17:15:03.1452398Z # Subtest: grounded Turn: durable scope, private results and historical eligibility
2026-10-05T17:15:03.1480788Z     # Subtest: scope participates in exact retry and unsupported legacy admission is denied
2026-10-05T17:15:03.1481907Z     ok 1 - scope participates in exact retry and unsupported legacy admission is denied
2026-10-05T17:15:03.1482512Z       ---
2026-10-05T17:15:03.1482863Z       duration_ms: 687.567493
2026-10-05T17:15:03.1483270Z       type: 'test'
2026-10-05T17:15:03.1483617Z       ...
2026-10-05T17:15:03.1484273Z     # Subtest: leased current input and intent completion persist references, never factual generic output
2026-10-05T17:15:03.1491668Z     ok 2 - leased current input and intent completion persist references, never factual generic output
2026-10-05T17:15:03.1492327Z       ---
2026-10-05T17:15:03.1492698Z       duration_ms: 1885.556908
2026-10-05T17:15:03.1493094Z       type: 'test'
2026-10-05T17:15:03.1493437Z       ...
2026-10-05T17:15:03.1539901Z     # Subtest: specific gaps are current-input excerpts, private, atomic and immutable
2026-10-05T17:15:03.1566500Z     ok 3 - specific gaps are current-input excerpts, private, atomic and immutable
2026-10-05T17:15:03.1567213Z       ---
2026-10-05T17:15:03.1567603Z       duration_ms: 2517.076752
2026-10-05T17:15:03.1568010Z       type: 'test'
2026-10-05T17:15:03.1568369Z       ...
2026-10-05T17:15:03.1568999Z     # Subtest: events replay is stable, owner and selected-policy scoped with atomic current card
2026-10-05T17:15:03.1569885Z     ok 4 - events replay is stable, owner and selected-policy scoped with atomic current card
2026-10-05T17:15:03.1570479Z       ---
2026-10-05T17:15:03.1570969Z       duration_ms: 931.5764
2026-10-05T17:15:03.1571371Z       type: 'test'
2026-10-05T17:15:03.1571718Z       ...
2026-10-05T17:15:03.1572382Z     # Subtest: session replacement cancels expired work and reads end without changing durable history
2026-10-05T17:15:03.1573318Z     ok 5 - session replacement cancels expired work and reads end without changing durable history
2026-10-05T17:15:03.1573979Z       ---
2026-10-05T17:15:03.1574357Z       duration_ms: 2516.444812
2026-10-05T17:15:03.1574766Z       type: 'test'
2026-10-05T17:15:03.1575118Z       ...
2026-10-05T17:15:03.1575711Z     # Subtest: only unfinished same-owner failed or cancelled work projects a terminal status
2026-10-05T17:15:03.1576567Z     ok 6 - only unfinished same-owner failed or cancelled work projects a terminal status
2026-10-05T17:15:03.1577162Z       ---
2026-10-05T17:15:03.1577524Z       duration_ms: 1713.509594
2026-10-05T17:15:03.1577926Z       type: 'test'
2026-10-05T17:15:03.1578271Z       ...
2026-10-05T17:15:03.1578869Z     # Subtest: history rechecks original evidence and cannot silently replace withdrawn support
2026-10-05T17:15:03.1579807Z     ok 7 - history rechecks original evidence and cannot silently replace withdrawn support
2026-10-05T17:15:03.1580570Z       ---
2026-10-05T17:15:03.1600626Z       duration_ms: 1192.19782
2026-10-05T17:15:03.1603495Z       type: 'test'
2026-10-05T17:15:03.1615540Z       ...
2026-10-05T17:15:03.1618491Z     # Subtest: new conflicting publication suppresses saved factual text without rewriting original outcome
2026-10-05T17:15:03.1619470Z     ok 8 - new conflicting publication suppresses saved factual text without rewriting original outcome
2026-10-05T17:15:03.1619940Z       ---
2026-10-05T17:15:03.1620173Z       duration_ms: 1170.971215
2026-10-05T17:15:03.1620383Z       type: 'test'
2026-10-05T17:15:03.1620564Z       ...
2026-10-05T17:15:03.1621228Z     # Subtest: additional needs stay partial; missing or disabled knowledge is not a complete answer
2026-10-05T17:15:03.1622055Z     ok 9 - additional needs stay partial; missing or disabled knowledge is not a complete answer
2026-10-05T17:15:03.1622588Z       ---
2026-10-05T17:15:03.1622850Z       duration_ms: 1677.359218
2026-10-05T17:15:03.1623136Z       type: 'test'
2026-10-05T17:15:03.1623405Z       ...
2026-10-05T17:15:03.1623911Z     # Subtest: clarification continuation retains task and scope without sending earlier turns
2026-10-05T17:15:03.1624969Z     ok 10 - clarification continuation retains task and scope without sending earlier turns
2026-10-05T17:15:03.1625490Z       ---
2026-10-05T17:15:03.1625752Z       duration_ms: 1295.065243
2026-10-05T17:15:03.1626060Z       type: 'test'
2026-10-05T17:15:03.1626311Z       ...
2026-10-05T17:15:03.1626856Z     # Subtest: payment task requires dispatch, freezes missing claims and rechecks withdrawn original facts
2026-10-05T17:15:03.1627769Z     ok 11 - payment task requires dispatch, freezes missing claims and rechecks withdrawn original facts
2026-10-05T17:15:03.1628336Z       ---
2026-10-05T17:15:03.1628611Z       duration_ms: 2122.163848
2026-10-05T17:15:03.1628906Z       type: 'test'
2026-10-05T17:15:03.1629155Z       ...
2026-10-05T17:15:03.1629709Z     # Subtest: SIM task uses the same dispatch boundary and keeps original missing and revoked claims
2026-10-05T17:15:03.1630545Z     ok 12 - SIM task uses the same dispatch boundary and keeps original missing and revoked claims
2026-10-05T17:15:03.1631177Z       ---
2026-10-05T17:15:03.1631438Z       duration_ms: 2426.90935
2026-10-05T17:15:03.1631729Z       type: 'test'
2026-10-05T17:15:03.1631979Z       ...
2026-10-05T17:15:03.1632576Z     # Subtest: natural publication expiry removes support and conflicts without expanding historical gaps
2026-10-05T17:15:03.1633470Z     ok 13 - natural publication expiry removes support and conflicts without expanding historical gaps
2026-10-05T17:15:03.1633990Z       ---
2026-10-05T17:15:03.1634258Z       duration_ms: 26090.158892
2026-10-05T17:15:03.1634543Z       type: 'test'
2026-10-05T17:15:03.1634838Z       ...
2026-10-05T17:15:05.3839518Z     # Subtest: typed place publications use ordinary review, exact city/name scope and private helpers
2026-10-05T17:15:05.3875704Z     ok 14 - typed place publications use ordinary review, exact city/name scope and private helpers
2026-10-05T17:15:05.3884439Z       ---
2026-10-05T17:15:05.3884998Z       duration_ms: 2233.328235
2026-10-05T17:15:05.3885656Z       type: 'test'
2026-10-05T17:15:05.3886208Z       ...
2026-10-05T17:15:10.6837182Z     # Subtest: place completion binds literal input and current city, then preserves subject and original gaps
2026-10-05T17:15:10.6839055Z     ok 15 - place completion binds literal input and current city, then preserves subject and original gaps
2026-10-05T17:15:10.6839753Z       ---
2026-10-05T17:15:10.6840068Z       duration_ms: 5307.263681
2026-10-05T17:15:10.6840416Z       type: 'test'
2026-10-05T17:15:10.6840690Z       ...
2026-10-05T17:15:12.9651025Z     # Subtest: four-turn cap preserves exact retries but rejects new clarification work
2026-10-05T17:15:12.9694870Z     ok 16 - four-turn cap preserves exact retries but rejects new clarification work
2026-10-05T17:15:12.9723267Z       ---
2026-10-05T17:15:12.9723821Z       duration_ms: 2274.33408
2026-10-05T17:15:12.9724371Z       type: 'test'
2026-10-05T17:15:12.9724855Z       ...
2026-10-05T17:15:18.5092169Z     # Subtest: publication wait cannot commit after the lease expires
2026-10-05T17:15:18.5093309Z     ok 17 - publication wait cannot commit after the lease expires
2026-10-05T17:15:18.5093785Z       ---
2026-10-05T17:15:18.5094059Z       duration_ms: 5548.25429
2026-10-05T17:15:18.5094368Z       type: 'test'
2026-10-05T17:15:18.5094618Z       ...
2026-10-05T17:15:19.7455260Z     # Subtest: ordinary roles cannot execute resolver or mutate results; revoked consent fences reads
2026-10-05T17:15:19.7469482Z     ok 18 - ordinary roles cannot execute resolver or mutate results; revoked consent fences reads
2026-10-05T17:15:19.7470308Z       ---
2026-10-05T17:15:19.7470734Z       duration_ms: 1234.968979
2026-10-05T17:15:19.7471339Z       type: 'test'
2026-10-05T17:15:19.7471708Z       ...
2026-10-05T17:15:20.3273389Z     1..18
2026-10-05T17:15:20.3275526Z ok 105 - grounded Turn: durable scope, private results and historical eligibility
2026-10-05T17:15:20.3280811Z   ---
2026-10-05T17:15:20.3281519Z   duration_ms: 80743.558124
2026-10-05T17:15:20.3282444Z   type: 'test'
2026-10-05T17:15:20.3282898Z   ...
2026-10-05T17:15:20.3478250Z # Subtest: first-party reviewed question: real PostgreSQL eligibility, coverage and isolation
2026-10-05T17:15:20.3562105Z     # Subtest: rollback, disabled switch, closed question scope and RPC roles
2026-10-05T17:15:20.3582366Z     ok 1 - rollback, disabled switch, closed question scope and RPC roles
2026-10-05T17:15:20.3583105Z       ---
2026-10-05T17:15:20.3583448Z       duration_ms: 681.975171
2026-10-05T17:15:20.3583856Z       type: 'test'
2026-10-05T17:15:20.3584207Z       ...
2026-10-05T17:15:20.3584796Z     # Subtest: missing support is honest; a single supported obligation stays partial
2026-10-05T17:15:20.3585648Z     ok 2 - missing support is honest; a single supported obligation stays partial
2026-10-05T17:15:20.3586230Z       ---
2026-10-05T17:15:20.3586572Z       duration_ms: 477.233603
2026-10-05T17:15:20.3586977Z       type: 'test'
2026-10-05T17:15:20.3587320Z       ...
2026-10-05T17:15:20.3587976Z     # Subtest: complete bilingual answers preserve exact qualifiers and source context
2026-10-05T17:15:20.3588864Z     ok 3 - complete bilingual answers preserve exact qualifiers and source context
2026-10-05T17:15:20.3589457Z       ---
2026-10-05T17:15:20.3589813Z       duration_ms: 591.279373
2026-10-05T17:15:20.3590203Z       type: 'test'
2026-10-05T17:15:20.3590540Z       ...
2026-10-05T17:15:20.3591391Z     # Subtest: corroboration is retained; incompatible wording cannot become a ranked complete answer
2026-10-05T17:15:20.3592457Z     ok 4 - corroboration is retained; incompatible wording cannot become a ranked complete answer
2026-10-05T17:15:20.3593130Z       ---
2026-10-05T17:15:20.3593467Z       duration_ms: 968.683619
2026-10-05T17:15:20.3593853Z       type: 'test'
2026-10-05T17:15:20.3594188Z       ...
2026-10-05T17:15:20.3594834Z     # Subtest: a publication appearing after the base read is frozen behind its own revocation lock
2026-10-05T17:15:20.3595797Z     ok 5 - a publication appearing after the base read is frozen behind its own revocation lock
2026-10-05T17:15:20.3596457Z       ---
2026-10-05T17:15:20.3596792Z       duration_ms: 885.721841
2026-10-05T17:15:20.3597174Z       type: 'test'
2026-10-05T17:15:20.3597511Z       ...
2026-10-05T17:15:20.3598047Z     # Subtest: revocation and expiry suppress text and identify observed causes
2026-10-05T17:15:20.3598837Z     ok 6 - revocation and expiry suppress text and identify observed causes
2026-10-05T17:15:20.3599389Z       ---
2026-10-05T17:15:20.3599714Z       duration_ms: 452.775039
2026-10-05T17:15:20.3600095Z       type: 'test'
2026-10-05T17:15:20.3600429Z       ...
2026-10-05T17:15:20.3601198Z     # Subtest: payment coverage preserves revoked obligations, exact relations and bilingual qualifiers
2026-10-05T17:15:20.3602215Z     ok 7 - payment coverage preserves revoked obligations, exact relations and bilingual qualifiers
2026-10-05T17:15:20.3602885Z       ---
2026-10-05T17:15:20.3603287Z       duration_ms: 2903.429367
2026-10-05T17:15:20.3603799Z       type: 'test'
2026-10-05T17:15:20.3604135Z       ...
2026-10-05T17:15:20.3605164Z     # Subtest: SIM claims bind exact scope and preserve missing, revoked and conflicting support in zh/en
2026-10-05T17:15:20.3606167Z     ok 8 - SIM claims bind exact scope and preserve missing, revoked and conflicting support in zh/en
2026-10-05T17:15:20.3606816Z       ---
2026-10-05T17:15:20.3607165Z       duration_ms: 3620.771458
2026-10-05T17:15:20.3607550Z       type: 'test'
2026-10-05T17:15:20.3607878Z       ...
2026-10-05T17:15:20.3608463Z     # Subtest: capacity overflow fails instead of hiding evidence behind a retrieval limit
2026-10-05T17:15:20.3609337Z     ok 9 - capacity overflow fails instead of hiding evidence behind a retrieval limit
2026-10-05T17:15:20.3609932Z       ---
2026-10-05T17:15:20.3610278Z       duration_ms: 13855.659151
2026-10-05T17:15:20.3610665Z       type: 'test'
2026-10-05T17:15:20.3611098Z       ...
2026-10-05T17:15:20.3611707Z     # Subtest: switch and session loss never masquerade as knowledge gaps; no task or model receipt
2026-10-05T17:15:20.3612877Z     ok 10 - switch and session loss never masquerade as knowledge gaps; no task or model receipt
2026-10-05T17:15:20.3613527Z       ---
2026-10-05T17:15:20.3613775Z       duration_ms: 428.151251
2026-10-05T17:15:20.3614217Z       type: 'test'
2026-10-05T17:15:20.3614484Z       ...
2026-10-05T17:15:20.3614721Z     1..10
2026-10-05T17:15:20.3615327Z ok 106 - first-party reviewed question: real PostgreSQL eligibility, coverage and isolation
2026-10-05T17:15:20.3615917Z   ---
2026-10-05T17:15:20.3627199Z   duration_ms: 41768.788136
2026-10-05T17:15:20.3636057Z   type: 'test'
2026-10-05T17:15:20.3636391Z   ...
2026-10-05T17:15:20.3654543Z # Subtest: current reviewed publication/canonical binding qualifies hotel through Native context; withdrawn classification never grants inventory or old evidence
2026-10-05T17:15:20.3670599Z ok 107 - current reviewed publication/canonical binding qualifies hotel through Native context; withdrawn classification never grants inventory or old evidence
2026-10-05T17:15:20.3671758Z   ---
2026-10-05T17:15:20.3672039Z   duration_ms: 18429.470049
2026-10-05T17:15:20.3672365Z   type: 'test'
2026-10-05T17:15:20.3672626Z   ...
2026-10-05T17:15:22.1189102Z # Subtest: strict new validator and true Ops review/publication/mapping yield hotel only; other/name/pending never qualify
2026-10-05T17:15:22.1190532Z ok 108 - strict new validator and true Ops review/publication/mapping yield hotel only; other/name/pending never qualify
2026-10-05T17:15:22.1191492Z   ---
2026-10-05T17:15:22.1192232Z   duration_ms: 16764.615064
2026-10-05T17:15:22.1192740Z   type: 'test'
2026-10-05T17:15:22.1192993Z   ...
2026-10-05T17:15:22.1202075Z # Subtest: current membership, source withdrawal, publication TTL/rights/revoke and canonical/provider/mapping drift fail closed
2026-10-05T17:15:22.1205964Z ok 109 - current membership, source withdrawal, publication TTL/rights/revoke and canonical/provider/mapping drift fail closed
2026-10-05T17:15:22.1207442Z   ---
2026-10-05T17:15:22.1207899Z   duration_ms: 10784.753643
2026-10-05T17:15:22.1209747Z   type: 'test'
2026-10-05T17:15:22.1215842Z   ...
2026-10-05T17:15:24.1263270Z # Subtest: owner/Trip/selector bounds and duplicate qualified identity refuse; new role ACL closed
2026-10-05T17:15:24.1271122Z ok 110 - owner/Trip/selector bounds and duplicate qualified identity refuse; new role ACL closed
2026-10-05T17:15:24.1272039Z   ---
2026-10-05T17:15:24.1272298Z   duration_ms: 2022.725482
2026-10-05T17:15:24.1272631Z   type: 'test'
2026-10-05T17:15:24.1272812Z   ...
2026-10-05T17:15:27.4439489Z # Subtest: two sessions canonical root serializes provider and approval-set phantom; no partial identity mutation
2026-10-05T17:15:27.4451224Z ok 111 - two sessions canonical root serializes provider and approval-set phantom; no partial identity mutation
2026-10-05T17:15:27.4452393Z   ---
2026-10-05T17:15:27.4452970Z   duration_ms: 3314.803137
2026-10-05T17:15:27.4453447Z   type: 'test'
2026-10-05T17:15:27.4453864Z   ...
2026-10-05T17:15:28.4164223Z # Subtest: real main history + new append compile/rollback; all roles denied and empty authority
2026-10-05T17:15:28.4166757Z ok 112 - real main history + new append compile/rollback; all roles denied and empty authority
2026-10-05T17:15:28.4167581Z   ---
2026-10-05T17:15:28.4168010Z   duration_ms: 15640.63664
2026-10-05T17:15:28.4168476Z   type: 'test'
2026-10-05T17:15:28.4168875Z   ...
2026-10-05T17:15:28.4169650Z # Subtest: empty policy blocks dispatch; ordinary forwarding and forged role claim cannot produce
2026-10-05T17:15:28.4170772Z ok 113 - empty policy blocks dispatch; ordinary forwarding and forged role claim cannot produce
2026-10-05T17:15:28.4171642Z   ---
2026-10-05T17:15:28.4172043Z   duration_ms: 432.770707
2026-10-05T17:15:28.4172500Z   type: 'test'
2026-10-05T17:15:28.4172916Z   ...
2026-10-05T17:15:28.4173928Z # Subtest: server transport without user JWT has live actor scope, walking without TMC grant, exact request, owner read and stop
2026-10-05T17:15:28.4175346Z ok 114 - server transport without user JWT has live actor scope, walking without TMC grant, exact request, owner read and stop
2026-10-05T17:15:28.4176527Z   ---
2026-10-05T17:15:28.4176932Z   duration_ms: 1301.609498
2026-10-05T17:15:28.4177380Z   type: 'test'
2026-10-05T17:15:28.4177774Z   ...
2026-10-05T17:15:28.4178541Z # Subtest: missing source association denies R2, policy change purges values but stop still works
2026-10-05T17:15:28.4179580Z ok 115 - missing source association denies R2, policy change purges values but stop still works
2026-10-05T17:15:28.4180302Z   ---
2026-10-05T17:15:28.4180705Z   duration_ms: 1071.132226
2026-10-05T17:15:28.4182126Z   type: 'test'
2026-10-05T17:15:28.4182536Z   ...
2026-10-05T17:15:28.4183366Z # Subtest: unknown dispatch freezes durable window; native epoch/mapping/head drift denies current read
2026-10-05T17:15:28.4184551Z ok 116 - unknown dispatch freezes durable window; native epoch/mapping/head drift denies current read
2026-10-05T17:15:28.4185323Z   ---
2026-10-05T17:15:28.4185771Z   duration_ms: 1902.030557
2026-10-05T17:15:28.4186295Z   type: 'test'
2026-10-05T17:15:28.4187547Z   ...
2026-10-05T17:15:28.4192355Z # Subtest: original quota and restricted request share atomic day cap under actual concurrency
2026-10-05T17:15:28.4202257Z ok 117 - original quota and restricted request share atomic day cap under actual concurrency
2026-10-05T17:15:28.4203334Z   ---
2026-10-05T17:15:28.4203828Z   duration_ms: 701.755873
2026-10-05T17:15:28.4204693Z   type: 'test'
2026-10-05T17:15:28.4206149Z   ...
2026-10-05T17:15:28.4207007Z # Subtest: endpoint before-dispatch refusal consumes nothing; TMC output requires its actual field rights
2026-10-05T17:15:28.4209326Z ok 118 - endpoint before-dispatch refusal consumes nothing; TMC output requires its actual field rights
2026-10-05T17:15:28.4210214Z   ---
2026-10-05T17:15:28.4210638Z   duration_ms: 926.300965
2026-10-05T17:15:28.4211224Z   type: 'test'
2026-10-05T17:15:28.4211643Z   ...
2026-10-05T17:15:28.4212729Z # Subtest: actual reviewed ItemSupport chain qualifies changed receipt; deferred proof survives own Trip write and rejects source withdrawal
2026-10-05T17:15:28.4214280Z ok 119 - actual reviewed ItemSupport chain qualifies changed receipt; deferred proof survives own Trip write and rejects source withdrawal
2026-10-05T17:15:28.4215173Z   ---
2026-10-05T17:15:28.4215584Z   duration_ms: 4017.526909
2026-10-05T17:15:28.4216021Z   type: 'test'
2026-10-05T17:15:28.4216460Z   ...
2026-10-05T17:15:28.4217422Z # Subtest: owner scope read stops lost ACK without policy; no cross-owner epoch or implicit retry after receipt expiry
2026-10-05T17:15:28.4218684Z ok 120 - owner scope read stops lost ACK without policy; no cross-owner epoch or implicit retry after receipt expiry
2026-10-05T17:15:28.4219465Z   ---
2026-10-05T17:15:28.4219881Z   duration_ms: 1804.54337
2026-10-05T17:15:28.4220339Z   type: 'test'
2026-10-05T17:15:28.4220761Z   ...
2026-10-05T17:15:28.4221693Z # Subtest: bounded expiry purge, source-policy expiry, session and Trip cascades erase new metadata
2026-10-05T17:15:28.4223067Z ok 121 - bounded expiry purge, source-policy expiry, session and Trip cascades erase new metadata
2026-10-05T17:15:28.4223787Z   ---
2026-10-05T17:15:28.4224179Z   duration_ms: 2788.625844
2026-10-05T17:15:28.4224621Z   type: 'test'
2026-10-05T17:15:28.4225008Z   ...
2026-10-05T17:15:28.4225844Z # Subtest: D2 export uses exact real job lease generation session; bounded metadata contains no observation values
2026-10-05T17:15:28.4227036Z ok 122 - D2 export uses exact real job lease generation session; bounded metadata contains no observation values
2026-10-05T17:15:28.4227809Z   ---
2026-10-05T17:15:28.4228208Z   duration_ms: 1323.818022
2026-10-05T17:15:28.4228688Z   type: 'test'
2026-10-05T17:15:28.4229110Z   ...
2026-10-05T17:15:30.3533223Z # Subtest: duration delta below 120 seconds or 20 percent remains unchanged
2026-10-05T17:15:30.3534020Z ok 123 - duration delta below 120 seconds or 20 percent remains unchanged
2026-10-05T17:15:30.3534540Z   ---
2026-10-05T17:15:30.3535143Z   duration_ms: 1943.076442
2026-10-05T17:15:30.3535447Z   type: 'test'
2026-10-05T17:15:30.3535686Z   ...
2026-10-05T17:15:30.8080310Z # Subtest: function is SECURITY DEFINER with empty search_path, owner-isolated, executable only by authenticated
2026-10-05T17:15:30.8084924Z ok 124 - function is SECURITY DEFINER with empty search_path, owner-isolated, executable only by authenticated
2026-10-05T17:15:30.8085834Z   ---
2026-10-05T17:15:30.8086260Z   duration_ms: 15799.673863
2026-10-05T17:15:30.8086774Z   type: 'test'
2026-10-05T17:15:30.8087230Z   ...
2026-10-05T17:15:30.8087899Z # Subtest: rejects a missing actor and out-of-range thresholds without writing
2026-10-05T17:15:30.8088802Z ok 125 - rejects a missing actor and out-of-range thresholds without writing
2026-10-05T17:15:30.8089430Z   ---
2026-10-05T17:15:30.8089836Z   duration_ms: 765.419562
2026-10-05T17:15:30.8090304Z   type: 'test'
2026-10-05T17:15:30.8090713Z   ...
2026-10-05T17:15:30.8091959Z # Subtest: per-minute limit: exact allowance, 429 decision with bounded retry, rejected calls consume nothing, window reset
2026-10-05T17:15:30.8170499Z ok 126 - per-minute limit: exact allowance, 429 decision with bounded retry, rejected calls consume nothing, window reset
2026-10-05T17:15:30.8171804Z   ---
2026-10-05T17:15:30.8172400Z   duration_ms: 936.381262
2026-10-05T17:15:30.8172907Z   type: 'test'
2026-10-05T17:15:30.8173484Z   ...
2026-10-05T17:15:30.8174386Z # Subtest: per-day limit wins over the minute window and reports time to the next UTC day
2026-10-05T17:15:30.8175701Z ok 127 - per-day limit wins over the minute window and reports time to the next UTC day
2026-10-05T17:15:30.8176544Z   ---
2026-10-05T17:15:30.8177111Z   duration_ms: 346.744511
2026-10-05T17:15:30.8177593Z   type: 'test'
2026-10-05T17:15:30.8178198Z   ...
2026-10-05T17:15:30.8179061Z # Subtest: actors and buckets are isolated; deleting the account removes its counters
2026-10-05T17:15:30.8180384Z ok 128 - actors and buckets are isolated; deleting the account removes its counters
2026-10-05T17:15:30.8181283Z   ---
2026-10-05T17:15:30.8181900Z   duration_ms: 918.661242
2026-10-05T17:15:30.8182629Z   type: 'test'
2026-10-05T17:15:30.8183055Z   ...
2026-10-05T17:15:30.8183830Z # Subtest: concurrent requests from one actor never exceed the limit
2026-10-05T17:15:30.8184970Z ok 129 - concurrent requests from one actor never exceed the limit
2026-10-05T17:15:30.8185583Z   ---
2026-10-05T17:15:30.8186101Z   duration_ms: 787.046317
2026-10-05T17:15:30.8186684Z   type: 'test'
2026-10-05T17:15:30.8187098Z   ...
2026-10-05T17:15:30.8188293Z # Subtest: server helper → real RPC: configured limits and 429 mapping
2026-10-05T17:15:30.8189355Z ok 130 - server helper → real RPC: configured limits and 429 mapping
2026-10-05T17:15:30.8190085Z   ---
2026-10-05T17:15:30.8190607Z   duration_ms: 2827.71559
2026-10-05T17:15:30.8191358Z   type: 'test'
2026-10-05T17:15:30.8191906Z   ...
2026-10-05T17:15:35.9451461Z # Subtest: explicit cross-trip consent is required; profile defaults are never task inputs; owner/session gates
2026-10-05T17:15:35.9483044Z ok 131 - explicit cross-trip consent is required; profile defaults are never task inputs; owner/session gates
2026-10-05T17:15:35.9506745Z   ---
2026-10-05T17:15:35.9518778Z   duration_ms: 15524.363504
2026-10-05T17:15:35.9519417Z   type: 'test'
2026-10-05T17:15:35.9519844Z   ...
2026-10-05T17:15:37.2374203Z # Subtest: current requirement wins; skip is task-only; correction invalidates queued work and older retries
2026-10-05T17:15:37.2377263Z ok 132 - current requirement wins; skip is task-only; correction invalidates queued work and older retries
2026-10-05T17:15:37.2378132Z   ---
2026-10-05T17:15:37.2378585Z   duration_ms: 1298.594309
2026-10-05T17:15:37.2379045Z   type: 'test'
2026-10-05T17:15:37.2379427Z   ...
2026-10-05T17:15:38.5341828Z # Subtest: Undo restores exactly the last save; competing corrections and withdrawal prevent revival
2026-10-05T17:15:38.5344645Z ok 133 - Undo restores exactly the last save; competing corrections and withdrawal prevent revival
2026-10-05T17:15:38.5345865Z   ---
2026-10-05T17:15:38.5346294Z   duration_ms: 1298.332945
2026-10-05T17:15:38.5346754Z   type: 'test'
2026-10-05T17:15:38.5347166Z   ...
2026-10-05T17:15:39.4222473Z # Subtest: two devices cannot overwrite each other; legacy change revokes use; replaced session rejects replay
2026-10-05T17:15:39.4228559Z ok 134 - two devices cannot overwrite each other; legacy change revokes use; replaced session rejects replay
2026-10-05T17:15:39.4229133Z   ---
2026-10-05T17:15:39.4229392Z   duration_ms: 885.813887
2026-10-05T17:15:39.4229665Z   type: 'test'
2026-10-05T17:15:39.4229917Z   ...
2026-10-05T17:15:40.4111636Z # Subtest: failed write rolls back version and preimage; code rollback never restores revoked qualification
2026-10-05T17:15:40.4129200Z ok 135 - failed write rolls back version and preimage; code rollback never restores revoked qualification
2026-10-05T17:15:40.4130128Z   ---
2026-10-05T17:15:40.4130385Z   duration_ms: 981.287036
2026-10-05T17:15:40.4131260Z   type: 'test'
2026-10-05T17:15:40.4131509Z   ...
2026-10-05T17:15:41.7493564Z # Subtest: full replay rollback and ACL/RLS default deny, SQL transport disabled
2026-10-05T17:15:41.7512201Z ok 136 - full replay rollback and ACL/RLS default deny, SQL transport disabled
2026-10-05T17:15:41.7521472Z   ---
2026-10-05T17:15:41.7525297Z   duration_ms: 15473.291363
2026-10-05T17:15:41.7528308Z   type: 'test'
2026-10-05T17:15:41.7532161Z   ...
2026-10-05T17:15:41.7532839Z # Subtest: strict calendar/offset/zone/closed purpose rejects direct callers; IANA DST quiet hours
2026-10-05T17:15:41.7537040Z ok 137 - strict calendar/offset/zone/closed purpose rejects direct callers; IANA DST quiet hours
2026-10-05T17:15:41.7538162Z   ---
2026-10-05T17:15:41.7538774Z   duration_ms: 1650.434073
2026-10-05T17:15:41.7539398Z   type: 'test'
2026-10-05T17:15:41.7539832Z   ...
2026-10-05T17:15:41.7540973Z # Subtest: immutable exact full digest/replay and historical ACK cannot resurrect cancelled reminders
2026-10-05T17:15:41.7542210Z ok 138 - immutable exact full digest/replay and historical ACK cannot resurrect cancelled reminders
2026-10-05T17:15:41.7542783Z   ---
2026-10-05T17:15:41.7543027Z   duration_ms: 1997.703657
2026-10-05T17:15:41.7543330Z   type: 'test'
2026-10-05T17:15:41.7543566Z   ...
2026-10-05T17:15:44.5292618Z # Subtest: same operation abandon is serialized: absent tombstone blocks late execute, applied stays applied
2026-10-05T17:15:44.5309372Z ok 139 - same operation abandon is serialized: absent tombstone blocks late execute, applied stays applied
2026-10-05T17:15:44.5309963Z   ---
2026-10-05T17:15:44.5322458Z   duration_ms: 2777.754479
2026-10-05T17:15:44.5322860Z   type: 'test'
2026-10-05T17:15:44.5323113Z   ...
2026-10-05T17:15:47.3557497Z # Subtest: cross owner, false credential, stale mobile epoch and stolen device/token fail closed
2026-10-05T17:15:47.3578501Z ok 140 - cross owner, false credential, stale mobile epoch and stolen device/token fail closed
2026-10-05T17:15:47.3579610Z   ---
2026-10-05T17:15:47.3580163Z   duration_ms: 2824.945304
2026-10-05T17:15:47.3581360Z   type: 'test'
2026-10-05T17:15:47.3581870Z   ...
2026-10-05T17:15:49.6542355Z # Subtest: N1 dismissal survives content-identical head/timestamp changes, meaningful content creates new opaque ID
2026-10-05T17:15:49.6547687Z ok 141 - N1 dismissal survives content-identical head/timestamp changes, meaningful content creates new opaque ID
2026-10-05T17:15:49.6548621Z   ---
2026-10-05T17:15:49.6549045Z   duration_ms: 2295.958408
2026-10-05T17:15:49.6549513Z   type: 'test'
2026-10-05T17:15:49.6549947Z   ...
2026-10-05T17:15:54.0054941Z # Subtest: cancel before begin blocks; begin before cancel preserves exact accepted outcome and never regrants
2026-10-05T17:15:54.0096578Z ok 142 - cancel before begin blocks; begin before cancel preserves exact accepted outcome and never regrants
2026-10-05T17:15:54.0097366Z   ---
2026-10-05T17:15:54.0097743Z   duration_ms: 4355.093462
2026-10-05T17:15:54.0098022Z   type: 'test'
2026-10-05T17:15:54.0099505Z   ...
2026-10-05T17:15:57.6941351Z # Subtest: crashed lease resolves unknown, wrong tuple cannot finish, token-revoked cannot revoke a rotated token
2026-10-05T17:15:57.6956802Z ok 143 - crashed lease resolves unknown, wrong tuple cannot finish, token-revoked cannot revoke a rotated token
2026-10-05T17:15:57.6958199Z   ---
2026-10-05T17:15:57.6959052Z   duration_ms: 3688.789393
2026-10-05T17:15:57.6961915Z   type: 'test'
2026-10-05T17:15:57.6963706Z   ...
2026-10-05T17:16:08.2296769Z # Subtest: head/archive/end/expiry/session/quiet/OS fences suppress stale work; generic tap exact basis
2026-10-05T17:16:08.2299425Z ok 144 - head/archive/end/expiry/session/quiet/OS fences suppress stale work; generic tap exact basis
2026-10-05T17:16:08.2300198Z   ---
2026-10-05T17:16:08.2300604Z   duration_ms: 10539.224517
2026-10-05T17:16:08.2301184Z   type: 'test'
2026-10-05T17:16:08.2301561Z   ...
2026-10-05T17:16:10.3934672Z # Subtest: legacy v1 intent and complete/cancel stay compatible; metadata never copies registration token
2026-10-05T17:16:10.4033660Z ok 145 - legacy v1 intent and complete/cancel stay compatible; metadata never copies registration token
2026-10-05T17:16:10.4081337Z   ---
2026-10-05T17:16:10.4101311Z   duration_ms: 2078.855426
2026-10-05T17:16:10.4131581Z   type: 'test'
2026-10-05T17:16:10.4149283Z   ...
2026-10-05T17:16:14.7022612Z # Subtest: actual TS strict codecs and scheduler consume actual PG source, disabled zeroRPC and one send only
2026-10-05T17:16:14.7055694Z ok 146 - actual TS strict codecs and scheduler consume actual PG source, disabled zeroRPC and one send only
2026-10-05T17:16:14.7064126Z   ---
2026-10-05T17:16:14.7090247Z   duration_ms: 4391.540384
2026-10-05T17:16:14.7091476Z   type: 'test'
2026-10-05T17:16:14.7096931Z   ...
2026-10-05T17:16:22.2857030Z # Subtest: actual reviewed support baseline ignores revision/time refresh; exact approved acked recheck emits once and stops
2026-10-05T17:16:22.2883322Z ok 147 - actual reviewed support baseline ignores revision/time refresh; exact approved acked recheck emits once and stops
2026-10-05T17:16:22.2884270Z   ---
2026-10-05T17:16:22.2884947Z   duration_ms: 7582.176682
2026-10-05T17:16:22.2893592Z   type: 'test'
2026-10-05T17:16:22.2894217Z   ...
2026-10-05T17:16:26.3729981Z # Subtest: quiet oldest record does not block another owner; crashed attempt becomes truthful unknown without retry
2026-10-05T17:16:26.3732990Z ok 148 - quiet oldest record does not block another owner; crashed attempt becomes truthful unknown without retry
2026-10-05T17:16:26.3733863Z   ---
2026-10-05T17:16:26.3734339Z   duration_ms: 4089.856864
2026-10-05T17:16:26.3734686Z   type: 'test'
2026-10-05T17:16:26.3734940Z   ...
2026-10-05T17:16:28.9924521Z # Subtest: actual export adapter uses exact job lease, generation and stable source cursor; omits token/body/worker lease
2026-10-05T17:16:28.9929402Z ok 149 - actual export adapter uses exact job lease, generation and stable source cursor; omits token/body/worker lease
2026-10-05T17:16:28.9930397Z   ---
2026-10-05T17:16:28.9930984Z   duration_ms: 2617.992886
2026-10-05T17:16:28.9931910Z   type: 'test'
2026-10-05T17:16:28.9932429Z   ...
2026-10-05T17:16:31.7157355Z # Subtest: owned Trip/account cascades remove new records; rollback flag blocks grants and preserves existing receipts
2026-10-05T17:16:31.7182355Z ok 150 - owned Trip/account cascades remove new records; rollback flag blocks grants and preserves existing receipts
2026-10-05T17:16:31.7183220Z   ---
2026-10-05T17:16:31.7183730Z   duration_ms: 2721.17001
2026-10-05T17:16:31.7184270Z   type: 'test'
2026-10-05T17:16:31.7184554Z   ...
2026-10-05T17:16:38.3322421Z # Subtest: actual accepted Task result basis exposes generic N1; Memory/consent changes block source and dispatch
2026-10-05T17:16:38.3324754Z ok 151 - actual accepted Task result basis exposes generic N1; Memory/consent changes block source and dispatch
2026-10-05T17:16:38.3325678Z   ---
2026-10-05T17:16:38.3326136Z   duration_ms: 6615.097645
2026-10-05T17:16:38.3326592Z   type: 'test'
2026-10-05T17:16:38.3326995Z   ...
2026-10-05T17:16:42.2705885Z # Subtest: explicit revoke retains actual authorized OS declaration while disabling recipient; expiry and truncation stay truthful
2026-10-05T17:16:42.2712308Z ok 152 - explicit revoke retains actual authorized OS declaration while disabling recipient; expiry and truncation stay truthful
2026-10-05T17:16:42.2718169Z   ---
2026-10-05T17:16:42.2718445Z   duration_ms: 3941.33008
2026-10-05T17:16:42.2718655Z   type: 'test'
2026-10-05T17:16:42.2718821Z   ...
2026-10-05T17:16:43.0819012Z # Subtest: isolated PostgreSQL reminder storage, owner/session rejection, replay, transitions and rollback
2026-10-05T17:16:43.0853170Z ok 153 - isolated PostgreSQL reminder storage, owner/session rejection, replay, transitions and rollback
2026-10-05T17:16:43.0860425Z   ---
2026-10-05T17:16:43.0861129Z   duration_ms: 13607.524075
2026-10-05T17:16:43.0861642Z   type: 'test'
2026-10-05T17:16:43.0862339Z   ...
2026-10-05T17:16:43.0863308Z # Subtest: real ledger statuses and provider sums reconcile without multiplying a repeated task outcome
2026-10-05T17:16:43.0864811Z ok 154 - real ledger statuses and provider sums reconcile without multiplying a repeated task outcome
2026-10-05T17:16:43.0865633Z   ---
2026-10-05T17:16:43.0866168Z   duration_ms: 17846.143731
2026-10-05T17:16:43.0866730Z   type: 'test'
2026-10-05T17:16:43.0867141Z   ...
2026-10-05T17:16:43.0875780Z # Budget-scope operational snapshot\\nObserved at: 2026-10-05T17:15:48.629848+00:00\\nAdmission flags: enabled=true; frozen=false; expired=false\\nAttempts: 5 (reserved 1, dispatched 1, pending 1, settled 1, released 1)\\nLedger debit: 7 CNY micros; unresolved hold: 1000; conservative exposure: 1007. These are ledger amounts, not a supplier invoice.\\nDistinct ledger task IDs: 4; owner-matched Turns: 3; missing: 1; owner mismatch: 0. ServiceTask count: unknown.\\nTechnical states: active=0, failed=1, unknown=1, cancelled=0, completed=1, unavailable=1, proposalReady=0\\nRecorded business outcomes: blocked=1, partial=1, answered=0, unobserved=2, clarification=0, technicalFailure=0\\ndeepseek: attempts=1; ledger debit=0; unresolved hold=200; exposure=200\\nglm: attempts=2; ledger debit=0; unresolved hold=500; exposure=500\\nqwen: attempts=2; ledger debit=7; unresolved hold=300; exposure=307\\nIntegrity: inconsistent outcome tasks=0; duplicate terminal tasks=0\\nActual billed cost, provider latency, tool attempts, human time and semantic quality: unknown (no accepted source in this read model).\\nTechnical completion does not establish an answered request or semantic success. Task IDs are deduplicated before joining outcomes; attempts and money, not task counts, reconcile across providers.
2026-10-05T17:16:43.0882674Z # Subtest: empty scopes have observed zero rows, while missing scopes and denied roles yield no data
2026-10-05T17:16:43.0883825Z ok 155 - empty scopes have observed zero rows, while missing scopes and denied roles yield no data
2026-10-05T17:16:43.0884579Z   ---
2026-10-05T17:16:43.0884970Z   duration_ms: 666.124585
2026-10-05T17:16:43.0885460Z   type: 'test'
2026-10-05T17:16:43.0885871Z   ...
2026-10-05T17:16:43.0887183Z # Subtest: hidden text and foreign-owner task IDs do not become business successes or disclose identifiers
2026-10-05T17:16:43.0888584Z ok 156 - hidden text and foreign-owner task IDs do not become business successes or disclose identifiers
2026-10-05T17:16:43.0889424Z   ---
2026-10-05T17:16:43.0889838Z   duration_ms: 1665.016683
2026-10-05T17:16:43.0890325Z   type: 'test'
2026-10-05T17:16:43.0890750Z   ...
2026-10-05T17:16:43.0891888Z # Subtest: metadata anomalies are counted without inventing quality or treating an inconsistent outcome as answered
2026-10-05T17:16:43.0893185Z ok 157 - metadata anomalies are counted without inventing quality or treating an inconsistent outcome as answered
2026-10-05T17:16:43.0893992Z   ---
2026-10-05T17:16:43.0894380Z   duration_ms: 985.446148
2026-10-05T17:16:43.0894829Z   type: 'test'
2026-10-05T17:16:43.0895216Z   ...
2026-10-05T17:16:43.0896114Z # Subtest: settlement concurrent with repeated snapshots preserves reconciliation and never changes another scope
2026-10-05T17:16:43.0897653Z ok 158 - settlement concurrent with repeated snapshots preserves reconciliation and never changes another scope
2026-10-05T17:16:43.0898440Z   ---
2026-10-05T17:16:43.0898821Z   duration_ms: 5480.525663
2026-10-05T17:16:43.0899250Z   type: 'test'
2026-10-05T17:16:43.0899651Z   ...
2026-10-05T17:16:43.0900421Z # Subtest: live Ops membership, session and switch gate the same sanitized ledger snapshot
2026-10-05T17:16:43.0901671Z ok 159 - live Ops membership, session and switch gate the same sanitized ledger snapshot
2026-10-05T17:16:43.0902385Z   ---
2026-10-05T17:16:43.0902826Z   duration_ms: 1218.881868
2026-10-05T17:16:43.0903322Z   type: 'test'
2026-10-05T17:16:43.0903742Z   ...
2026-10-05T17:16:43.0904376Z # Subtest: append replay, RLS and default deny before isolated enrollment
2026-10-05T17:16:43.0905253Z ok 160 - append replay, RLS and default deny before isolated enrollment
2026-10-05T17:16:43.0905859Z   ---
2026-10-05T17:16:43.0906262Z   duration_ms: 15101.881306
2026-10-05T17:16:43.0906704Z   type: 'test'
2026-10-05T17:16:43.0907092Z   ...
2026-10-05T17:16:43.0907711Z # Subtest: canonical bytes Unicode arrays numeric forms and UTF16 bounds
2026-10-05T17:16:43.0908562Z ok 161 - canonical bytes Unicode arrays numeric forms and UTF16 bounds
2026-10-05T17:16:43.0909149Z   ---
2026-10-05T17:16:43.0909518Z   duration_ms: 1597.936054
2026-10-05T17:16:43.0909934Z   type: 'test'
2026-10-05T17:16:43.0910314Z   ...
2026-10-05T17:16:43.0911251Z # Subtest: TTL worker and session/Trip/account lifecycle erase payload and temporary patch, preserve denial
2026-10-05T17:16:43.0920277Z ok 162 - TTL worker and session/Trip/account lifecycle erase payload and temporary patch, preserve denial
2026-10-05T17:16:43.0923029Z   ---
2026-10-05T17:16:43.0923655Z   duration_ms: 6203.577007
2026-10-05T17:16:43.0924255Z   type: 'test'
2026-10-05T17:16:43.0924767Z   ...
2026-10-05T17:16:43.0925871Z # Subtest: new exact export lease owner pages, actual cursor/source invalidation, no old completion retrofit
2026-10-05T17:16:43.0927384Z ok 163 - new exact export lease owner pages, actual cursor/source invalidation, no old completion retrofit
2026-10-05T17:16:43.0929183Z   ---
2026-10-05T17:16:43.0929665Z   duration_ms: 2606.659625
2026-10-05T17:16:43.0930179Z   type: 'test'
2026-10-05T17:16:43.0930609Z   ...
2026-10-05T17:16:43.0931690Z # Subtest: concurrent cancel/confirm and privacy/source contention abort without deadlock or partial apply
2026-10-05T17:16:43.0933287Z ok 164 - concurrent cancel/confirm and privacy/source contention abort without deadlock or partial apply
2026-10-05T17:16:43.0934142Z   ---
2026-10-05T17:16:43.0934545Z   duration_ms: 1982.251527
2026-10-05T17:16:43.0935021Z   type: 'test'
2026-10-05T17:16:43.0935415Z   ...
2026-10-05T17:16:43.0936219Z # Subtest: durable original-byte idempotency, original explicit writer and historical receipt
2026-10-05T17:16:43.0937350Z ok 165 - durable original-byte idempotency, original explicit writer and historical receipt
2026-10-05T17:16:43.0938340Z   ---
2026-10-05T17:16:43.0938791Z   duration_ms: 1386.110936
2026-10-05T17:16:43.0939278Z   type: 'test'
2026-10-05T17:16:43.0939677Z   ...
2026-10-05T17:16:43.0940463Z # Subtest: preview parity, repeat duplicate, conflicts preserve existing fixed items and order
2026-10-05T17:16:43.0941741Z ok 166 - preview parity, repeat duplicate, conflicts preserve existing fixed items and order
2026-10-05T17:16:43.0942467Z   ---
2026-10-05T17:16:43.0942897Z   duration_ms: 1387.091518
2026-10-05T17:16:43.0943349Z   type: 'test'
2026-10-05T17:16:43.0943740Z   ...
2026-10-05T17:16:43.0944475Z # Subtest: owner epoch Trip head digest limits cancel tombstone and marker successor denial
2026-10-05T17:16:43.0945553Z ok 167 - owner epoch Trip head digest limits cancel tombstone and marker successor denial
2026-10-05T17:16:43.0946282Z   ---
2026-10-05T17:16:43.0946690Z   duration_ms: 2042.726103
2026-10-05T17:16:43.0947129Z   type: 'test'
2026-10-05T17:16:43.0947722Z   ...
2026-10-05T17:16:43.0948543Z # Subtest: existing account cascade removes assistant associations/results and rejects late reads/writes
2026-10-05T17:16:43.0949733Z ok 168 - existing account cascade removes assistant associations/results and rejects late reads/writes
2026-10-05T17:16:43.0950484Z   ---
2026-10-05T17:16:43.0951004Z   duration_ms: 18563.48979
2026-10-05T17:16:43.0951445Z   type: 'test'
2026-10-05T17:16:43.0951831Z   ...
2026-10-05T17:16:43.0952665Z # Subtest: paginated service-only export reconstructs complete owned histories and Trip-link manifests
2026-10-05T17:16:43.0953856Z ok 169 - paginated service-only export reconstructs complete owned histories and Trip-link manifests
2026-10-05T17:16:43.0954606Z   ---
2026-10-05T17:16:43.0955175Z   duration_ms: 11558.353483
2026-10-05T17:16:43.0955615Z   type: 'test'
2026-10-05T17:16:43.0956003Z   ...
2026-10-05T17:16:43.0956902Z # Subtest: actual SQL authority and existing module exports interoperate with production worker encryption and strict receipt
2026-10-05T17:16:43.0958316Z ok 170 - actual SQL authority and existing module exports interoperate with production worker encryption and strict receipt
2026-10-05T17:16:43.0959122Z   ---
2026-10-05T17:16:43.0959518Z   duration_ms: 20567.422385
2026-10-05T17:16:43.0959964Z   type: 'test'
2026-10-05T17:16:43.0960368Z   ...
2026-10-05T17:16:43.0961408Z # Subtest: actual encrypted SQL artifact reaches protected HTTP only after real SQL one-use ACK (synthetic credentials)
2026-10-05T17:16:43.0962783Z ok 171 - actual encrypted SQL artifact reaches protected HTTP only after real SQL one-use ACK (synthetic credentials)
2026-10-05T17:16:43.0963617Z   ---
2026-10-05T17:16:43.0964009Z   duration_ms: 543.245756
2026-10-05T17:16:43.0964468Z   type: 'test'
2026-10-05T17:16:43.0964852Z   ...
2026-10-05T17:16:43.0965630Z # Subtest: real authenticated and service roles remain unable to EXECUTE new domain (no grants)
2026-10-05T17:16:43.0966746Z ok 172 - real authenticated and service roles remain unable to EXECUTE new domain (no grants)
2026-10-05T17:16:43.0967470Z   ---
2026-10-05T17:16:43.0967911Z   duration_ms: 187.386384
2026-10-05T17:16:43.0968387Z   type: 'test'
2026-10-05T17:16:43.0968991Z   ...
2026-10-05T17:16:43.0969835Z # Subtest: actual SQL failed terminal receipt decodes as failure with timestamp and no artifact
2026-10-05T17:16:43.0971042Z ok 173 - actual SQL failed terminal receipt decodes as failure with timestamp and no artifact
2026-10-05T17:16:43.0971675Z   ---
2026-10-05T17:16:43.0972092Z   duration_ms: 365.823048
2026-10-05T17:16:43.0972548Z   type: 'test'
2026-10-05T17:16:43.0972932Z   ...
2026-10-05T17:16:43.0973676Z # Subtest: real SQL commit accepts partial SOURCE_UNAVAILABLE after existing conversation pages
2026-10-05T17:16:43.0974742Z ok 174 - real SQL commit accepts partial SOURCE_UNAVAILABLE after existing conversation pages
2026-10-05T17:16:43.0975471Z   ---
2026-10-05T17:16:43.0975872Z   duration_ms: 4283.794644
2026-10-05T17:16:43.0976332Z   type: 'test'
2026-10-05T17:16:43.0976768Z   ...
2026-10-05T17:16:43.0991607Z # Subtest: real native-bound request/lease/current Trip page, closed role guards and unchanged intent
2026-10-05T17:16:43.0993598Z ok 175 - real native-bound request/lease/current Trip page, closed role guards and unchanged intent
2026-10-05T17:16:43.0994398Z   ---
2026-10-05T17:16:43.0994818Z   duration_ms: 15999.700347
2026-10-05T17:16:43.0995275Z   type: 'test'
2026-10-05T17:16:43.0995688Z   ...
2026-10-05T17:16:43.0996583Z # Subtest: atomic protected artifact ready_partial, exact lost ACK recovery and decrypt before one-use consume
2026-10-05T17:16:43.0997828Z ok 176 - atomic protected artifact ready_partial, exact lost ACK recovery and decrypt before one-use consume
2026-10-05T17:16:43.0998592Z   ---
2026-10-05T17:16:43.0998996Z   duration_ms: 1153.181871
2026-10-05T17:16:43.0999440Z   type: 'test'
2026-10-05T17:16:43.0999828Z   ...
2026-10-05T17:16:43.1000730Z # Subtest: expired lease CAS reclaims one generation, blocks old execution and late artifact faults roll back all writes
2026-10-05T17:16:43.1002405Z ok 177 - expired lease CAS reclaims one generation, blocks old execution and late artifact faults roll back all writes
2026-10-05T17:16:43.1003211Z   ---
2026-10-05T17:16:43.1003612Z   duration_ms: 1276.158143
2026-10-05T17:16:43.1004052Z   type: 'test'
2026-10-05T17:16:43.1004453Z   ...
2026-10-05T17:16:43.1005410Z # Subtest: tickets are request/session/epoch/digest bound; new issue invalidates ACK-lost predecessor without extending artifact TTL
2026-10-05T17:16:43.1007487Z ok 178 - tickets are request/session/epoch/digest bound; new issue invalidates ACK-lost predecessor without extending artifact TTL
2026-10-05T17:16:43.1009231Z   ---
2026-10-05T17:16:43.1009666Z   duration_ms: 1682.999882
2026-10-05T17:16:43.1010130Z   type: 'test'
2026-10-05T17:16:43.1010538Z   ...
2026-10-05T17:16:43.1014143Z # Subtest: size/module/expiry caps reject mismatches; TTL purge and account cascade erase only generated data; ACL remains closed
2026-10-05T17:16:43.1022747Z ok 179 - size/module/expiry caps reject mismatches; TTL purge and account cascade erase only generated data; ACL remains closed
2026-10-05T17:16:43.1024134Z   ---
2026-10-05T17:16:43.1024941Z   duration_ms: 2480.16636
2026-10-05T17:16:43.1025684Z   type: 'test'
2026-10-05T17:16:43.1026424Z   ...
2026-10-05T17:16:43.1027788Z # Subtest: partial SOURCE_UNAVAILABLE after collected pages commits retained data; zero-page partial and nonempty failed refuse
2026-10-05T17:16:43.1030000Z ok 180 - partial SOURCE_UNAVAILABLE after collected pages commits retained data; zero-page partial and nonempty failed refuse
2026-10-05T17:16:43.1031194Z   ---
2026-10-05T17:16:43.1031929Z   duration_ms: 788.319476
2026-10-05T17:16:43.1032745Z   type: 'test'
2026-10-05T17:16:43.1033476Z   ...
2026-10-05T17:16:43.1036130Z # Subtest: real StoreKit producer→bounded entitlement handler→protected artifact, no owner service leak or extra columns
2026-10-05T17:16:43.1039022Z ok 181 - real StoreKit producer→bounded entitlement handler→protected artifact, no owner service leak or extra columns
2026-10-05T17:16:43.1040790Z   ---
2026-10-05T17:16:43.1041848Z   duration_ms: 16840.801386
2026-10-05T17:16:43.1042694Z   type: 'test'
2026-10-05T17:16:43.1043369Z   ...
2026-10-05T17:16:43.1044972Z # Subtest: page chain/source revocation fences late commit and ready tickets; financial records retained and old ready not retrofitted
2026-10-05T17:16:43.1046666Z ok 182 - page chain/source revocation fences late commit and ready tickets; financial records retained and old ready not retrofitted
2026-10-05T17:16:43.1047637Z   ---
2026-10-05T17:16:43.1047958Z   duration_ms: 3169.407151
2026-10-05T17:16:43.1048568Z   type: 'test'
2026-10-05T17:16:43.1049342Z   ...
2026-10-05T17:16:43.1050613Z # Subtest: real production export worker registers entitlements through leased SQL, keeps Brief unavailable and commits actual coverage
2026-10-05T17:16:43.1052829Z ok 183 - real production export worker registers entitlements through leased SQL, keeps Brief unavailable and commits actual coverage
2026-10-05T17:16:43.1054110Z   ---
2026-10-05T17:16:43.1054863Z   duration_ms: 4652.117459
2026-10-05T17:16:43.1055338Z   type: 'test'
2026-10-05T17:16:43.1055825Z   ...
2026-10-05T17:16:43.3823034Z # Subtest: exact server plan and explicit scoped confirm queue then erase linked Trip with same receipt
2026-10-05T17:16:43.3903798Z ok 184 - exact server plan and explicit scoped confirm queue then erase linked Trip with same receipt
2026-10-05T17:16:43.3904601Z   ---
2026-10-05T17:16:43.3905094Z   duration_ms: 16871.236801
2026-10-05T17:16:43.3905594Z   type: 'test'
2026-10-05T17:16:43.3905981Z   ...
2026-10-05T17:16:44.5462397Z # Subtest: selected retained Task/capacity identities keep quota but private input/output are truly erased and old readers unavailable
2026-10-05T17:16:44.5464207Z ok 185 - selected retained Task/capacity identities keep quota but private input/output are truly erased and old readers unavailable
2026-10-05T17:16:44.5482785Z   ---
2026-10-05T17:16:44.5504855Z   duration_ms: 1172.533227
2026-10-05T17:16:44.5505621Z   type: 'test'
2026-10-05T17:16:44.5535688Z   ...
2026-10-05T17:16:46.2682559Z # Subtest: shared and active scopes conflict, selection/date changes require preview, queue blocks new related writes
2026-10-05T17:16:46.2731829Z ok 186 - shared and active scopes conflict, selection/date changes require preview, queue blocks new related writes
2026-10-05T17:16:46.2752548Z   ---
2026-10-05T17:16:46.2764792Z   duration_ms: 1726.258411
2026-10-05T17:16:46.2811556Z   type: 'test'
2026-10-05T17:16:46.2827299Z   ...
2026-10-05T17:16:47.5032614Z # Subtest: explicit export request selection invalidates whole owner-generated copies and blocks old/new collector until erase
2026-10-05T17:16:47.5048348Z ok 187 - explicit export request selection invalidates whole owner-generated copies and blocks old/new collector until erase
2026-10-05T17:16:47.5049369Z   ---
2026-10-05T17:16:47.5049802Z   duration_ms: 1233.296351
2026-10-05T17:16:47.5050341Z   type: 'test'
2026-10-05T17:16:47.5050728Z   ...
2026-10-05T17:16:49.7186210Z # Subtest: completed snapshots minimise deleted Trip text; bounded expiry purge preserves queued plans and account cascades new copies only
2026-10-05T17:16:49.7192656Z ok 188 - completed snapshots minimise deleted Trip text; bounded expiry purge preserves queued plans and account cascades new copies only
2026-10-05T17:16:49.7221234Z   ---
2026-10-05T17:16:49.7251375Z   duration_ms: 2216.404823
2026-10-05T17:16:49.7251787Z   type: 'test'
2026-10-05T17:16:49.7252156Z   ...
2026-10-05T17:16:50.7380453Z # Subtest: actual server consumer loopback SQL executes one scoped erase after lost ACK; default disabled zero RPC and actual ACL denied
2026-10-05T17:16:50.7392398Z ok 189 - actual server consumer loopback SQL executes one scoped erase after lost ACK; default disabled zero RPC and actual ACL denied
2026-10-05T17:16:50.7393763Z   ---
2026-10-05T17:16:50.7394438Z   duration_ms: 1013.924531
2026-10-05T17:16:50.7394900Z   type: 'test'
2026-10-05T17:16:50.7395463Z   ...
2026-10-05T17:16:55.0847972Z # Subtest: actual original command group tombstones and scrubs, default-disabled cleanup, exact lease completion and replay
2026-10-05T17:16:55.0850607Z ok 190 - actual original command group tombstones and scrubs, default-disabled cleanup, exact lease completion and replay
2026-10-05T17:16:55.0851753Z   ---
2026-10-05T17:16:55.0852140Z   duration_ms: 18591.999832
2026-10-05T17:16:55.0852573Z   type: 'test'
2026-10-05T17:16:55.0852942Z   ...
2026-10-05T17:16:56.7390719Z # Subtest: late original-command failure rolls back every tombstone, private receipt, counter and request
2026-10-05T17:16:56.7408667Z ok 191 - late original-command failure rolls back every tombstone, private receipt, counter and request
2026-10-05T17:16:56.7441733Z   ---
2026-10-05T17:16:56.7450069Z   duration_ms: 1659.633038
2026-10-05T17:16:56.7450601Z   type: 'test'
2026-10-05T17:16:56.7451576Z   ...
2026-10-05T17:17:00.7262479Z # Subtest: exact generated output and whole controlled export cleanup retains original input, Trip and other owner data; queued writer fences
2026-10-05T17:17:00.7265443Z ok 192 - exact generated output and whole controlled export cleanup retains original input, Trip and other owner data; queued writer fences
2026-10-05T17:17:00.7267164Z   ---
2026-10-05T17:17:00.7267718Z   duration_ms: 3991.517398
2026-10-05T17:17:00.7268388Z   type: 'test'
2026-10-05T17:17:00.7268912Z   ...
2026-10-05T17:17:04.4310320Z # Subtest: source CAS, foreign owner, terminal/active scope, full sentinel and purge do not permit truncated confirmation
2026-10-05T17:17:04.4328373Z ok 193 - source CAS, foreign owner, terminal/active scope, full sentinel and purge do not permit truncated confirmation
2026-10-05T17:17:04.4329043Z   ---
2026-10-05T17:17:04.4329280Z   duration_ms: 3701.856737
2026-10-05T17:17:04.4329569Z   type: 'test'
2026-10-05T17:17:04.4329943Z   ...
2026-10-05T17:17:06.8057849Z # Subtest: unselected Memory revision increments do not strand cleanup; selected tombstone tampering fails closed
2026-10-05T17:17:06.8059735Z ok 194 - unselected Memory revision increments do not strand cleanup; selected tombstone tampering fails closed
2026-10-05T17:17:06.8061153Z   ---
2026-10-05T17:17:06.8061542Z   duration_ms: 2379.1808
2026-10-05T17:17:06.8061975Z   type: 'test'
2026-10-05T17:17:06.8062344Z   ...
2026-10-05T17:17:09.2248915Z # Subtest: actual owner HTTP to SQL and one-shot worker transport survive lost ACK with one exact cleanup; real new ACL denies
2026-10-05T17:17:09.2254666Z ok 195 - actual owner HTTP to SQL and one-shot worker transport survive lost ACK with one exact cleanup; real new ACL denies
2026-10-05T17:17:09.2255455Z   ---
2026-10-05T17:17:09.2257637Z   duration_ms: 2416.33188
2026-10-05T17:17:09.2259625Z   type: 'test'
2026-10-05T17:17:09.2265951Z   ...
2026-10-05T17:17:18.6172548Z # Subtest: foreign generated basis reveals no foreign IDs; reference overflow returns no executable subset; two sessions preserve lock ordering
2026-10-05T17:17:18.6177208Z ok 196 - foreign generated basis reveals no foreign IDs; reference overflow returns no executable subset; two sessions preserve lock ordering
2026-10-05T17:17:18.6178314Z   ---
2026-10-05T17:17:18.6178733Z   duration_ms: 9386.360609
2026-10-05T17:17:18.6179187Z   type: 'test'
2026-10-05T17:17:18.6179581Z   ...
2026-10-05T17:17:19.1637135Z # Subtest: real6 source rows/page ledger interoperate with full producer and exact protected artifact
2026-10-05T17:17:19.1664223Z ok 197 - real6 source rows/page ledger interoperate with full producer and exact protected artifact
2026-10-05T17:17:19.1665108Z   ---
2026-10-05T17:17:19.1665601Z   duration_ms: 22544.689374
2026-10-05T17:17:19.1666093Z   type: 'test'
2026-10-05T17:17:19.1666550Z   ...
2026-10-05T17:17:19.1667362Z # Subtest: source drift after ready denies every controlled download despite valid original artifact
2026-10-05T17:17:19.1668522Z ok 198 - source drift after ready denies every controlled download despite valid original artifact
2026-10-05T17:17:19.1669240Z   ---
2026-10-05T17:17:19.1669605Z   duration_ms: 414.811747
2026-10-05T17:17:19.1670033Z   type: 'test'
2026-10-05T17:17:19.1670427Z   ...
2026-10-05T17:17:19.1671300Z # Subtest: mutation during producer collection fails closed before ciphertext commit
2026-10-05T17:17:19.1672201Z ok 199 - mutation during producer collection fails closed before ciphertext commit
2026-10-05T17:17:19.1672800Z   ---
2026-10-05T17:17:19.1673161Z   duration_ms: 3870.715711
2026-10-05T17:17:19.1673553Z   type: 'test'
2026-10-05T17:17:19.1673895Z   ...
2026-10-05T17:17:19.1674578Z # Subtest: actual API EXECUTE denial is separate from administrator-only synthetic successes
2026-10-05T17:17:19.1675580Z ok 200 - actual API EXECUTE denial is separate from administrator-only synthetic successes
2026-10-05T17:17:19.1676203Z   ---
2026-10-05T17:17:19.1676560Z   duration_ms: 174.380579
2026-10-05T17:17:19.1677022Z   type: 'test'
2026-10-05T17:17:19.1677396Z   ...
2026-10-05T17:17:19.1678235Z # Subtest: all actual Memory sources export only current summary/minimal closed metadata and true reader counters
2026-10-05T17:17:19.1679868Z ok 201 - all actual Memory sources export only current summary/minimal closed metadata and true reader counters
2026-10-05T17:17:19.1680652Z   ---
2026-10-05T17:17:19.1681181Z   duration_ms: 18405.06019
2026-10-05T17:17:19.1681608Z   type: 'test'
2026-10-05T17:17:19.1681972Z   ...
2026-10-05T17:17:19.1682841Z # Subtest: mutation between pages or after ready revokes every controlled disclosure path without rebasing old jobs
2026-10-05T17:17:19.1684103Z ok 202 - mutation between pages or after ready revokes every controlled disclosure path without rebasing old jobs
2026-10-05T17:17:19.1684905Z   ---
2026-10-05T17:17:19.1685283Z   duration_ms: 3018.52316
2026-10-05T17:17:19.1685710Z   type: 'test'
2026-10-05T17:17:19.1686071Z   ...
2026-10-05T17:17:19.1686991Z # Subtest: true ordered keyset progress forbids cursor skipping, limit drift or invented complete receipts; old jobs stay unfenced
2026-10-05T17:17:19.1688368Z ok 203 - true ordered keyset progress forbids cursor skipping, limit drift or invented complete receipts; old jobs stay unfenced
2026-10-05T17:17:19.1689393Z   ---
2026-10-05T17:17:19.1689752Z   duration_ms: 1646.713121
2026-10-05T17:17:19.1690163Z   type: 'test'
2026-10-05T17:17:19.1690510Z   ...
2026-10-05T17:17:19.1691607Z # Subtest: two actual SQL sessions: raw service write NOWAIT fails without partial source change; native writer and account GC retain old boundaries
2026-10-05T17:17:19.1693089Z ok 204 - two actual SQL sessions: raw service write NOWAIT fails without partial source change; native writer and account GC retain old boundaries
2026-10-05T17:17:19.1693929Z   ---
2026-10-05T17:17:19.1694288Z   duration_ms: 2549.069664
2026-10-05T17:17:19.1694671Z   type: 'test'
2026-10-05T17:17:19.1695013Z   ...
2026-10-05T17:17:21.2711653Z # Subtest: service-only result export pages reconstruct owned retained revisions and exact event references
2026-10-05T17:17:21.2713876Z ok 205 - service-only result export pages reconstruct owned retained revisions and exact event references
2026-10-05T17:17:21.2714556Z   ---
2026-10-05T17:17:21.2714835Z   duration_ms: 29774.635571
2026-10-05T17:17:21.2715114Z   type: 'test'
2026-10-05T17:17:21.2715358Z   ...
2026-10-05T17:17:24.0986423Z # Subtest: Trip deletion SQL: reauthentication, fencing, atomic completion, isolation and tombstone
2026-10-05T17:17:24.0988207Z ok 206 - Trip deletion SQL: reauthentication, fencing, atomic completion, isolation and tombstone
2026-10-05T17:17:24.0989122Z   ---
2026-10-05T17:17:24.0989567Z   duration_ms: 16825.862804
2026-10-05T17:17:24.0990138Z   type: 'test'
2026-10-05T17:17:24.0992133Z   ...
2026-10-05T17:17:27.3656688Z # Subtest: true Task/confirmed link owner declarations persist across Native/Web; exact operation replay and CAS create no Task
2026-10-05T17:17:27.3663624Z ok 207 - true Task/confirmed link owner declarations persist across Native/Web; exact operation replay and CAS create no Task
2026-10-05T17:17:27.3664318Z   ---
2026-10-05T17:17:27.3664742Z   duration_ms: 17542.72419
2026-10-05T17:17:27.3665308Z   type: 'test'
2026-10-05T17:17:27.3665598Z   ...
2026-10-05T17:17:30.3482680Z # Subtest: real confirmed date/zone patch makes old reports stale; rebase clears every prior yes and old ACK
2026-10-05T17:17:30.3512471Z ok 208 - real confirmed date/zone patch makes old reports stale; rebase clears every prior yes and old ACK
2026-10-05T17:17:30.3522232Z   ---
2026-10-05T17:17:30.3528809Z   duration_ms: 2974.844404
2026-10-05T17:17:30.3544068Z   type: 'test'
2026-10-05T17:17:30.3544484Z   ...
2026-10-05T17:17:37.5402650Z # Subtest: foreign/unlinked Task and hidden/revoked/terminal lifecycle clear reports while retaining original Task
2026-10-05T17:17:37.5441404Z ok 209 - foreign/unlinked Task and hidden/revoked/terminal lifecycle clear reports while retaining original Task
2026-10-05T17:17:37.5462837Z   ---
2026-10-05T17:17:37.5478169Z   duration_ms: 7194.483075
2026-10-05T17:17:37.5478504Z   type: 'test'
2026-10-05T17:17:37.5478762Z   ...
2026-10-05T17:17:42.3037111Z # Subtest: two real transactions serialize scoped CAS; private export is exact job/lease-only and old granted output unchanged
2026-10-05T17:17:42.3038405Z ok 210 - two real transactions serialize scoped CAS; private export is exact job/lease-only and old granted output unchanged
2026-10-05T17:17:42.3039105Z   ---
2026-10-05T17:17:42.3039359Z   duration_ms: 4768.248908
2026-10-05T17:17:42.3039645Z   type: 'test'
2026-10-05T17:17:42.3039881Z   ...
2026-10-05T17:17:47.1211012Z # Subtest: actual SQL declaration/current date/source permissions survive Native HTTP read/save/lost-ACK retry; no task or Trip writer
2026-10-05T17:17:47.1212894Z ok 211 - actual SQL declaration/current date/source permissions survive Native HTTP read/save/lost-ACK retry; no task or Trip writer
2026-10-05T17:17:47.1213773Z   ---
2026-10-05T17:17:47.1214173Z   duration_ms: 27569.882778
2026-10-05T17:17:47.1214594Z   type: 'test'
2026-10-05T17:17:47.1214984Z   ...
2026-10-05T17:17:50.4796373Z # Subtest: original actor/current Trip confirms exact original operation ACK; CAS/amend/cancel never writes Trip
2026-10-05T17:17:50.4809648Z ok 212 - original actor/current Trip confirms exact original operation ACK; CAS/amend/cancel never writes Trip
2026-10-05T17:17:50.4810539Z   ---
2026-10-05T17:17:50.4811254Z   duration_ms: 17238.431726
2026-10-05T17:17:50.4811576Z   type: 'test'
2026-10-05T17:17:50.4811962Z   ...
2026-10-05T17:17:50.4812894Z # Subtest: closed validation refuses unavailable artifact, controls, invented tiers, impossible clocks and revision overflow
2026-10-05T17:17:50.4814162Z ok 213 - closed validation refuses unavailable artifact, controls, invented tiers, impossible clocks and revision overflow
2026-10-05T17:17:50.4814833Z   ---
2026-10-05T17:17:50.4815089Z   duration_ms: 2367.233945
2026-10-05T17:17:50.4815383Z   type: 'test'
2026-10-05T17:17:50.4815616Z   ...
2026-10-05T17:17:50.4816444Z # Subtest: owner/current-head list and single reads have exact cursor fences and original ACK head after confirmed Trip patch
2026-10-05T17:17:50.4817654Z ok 214 - owner/current-head list and single reads have exact cursor fences and original ACK head after confirmed Trip patch
2026-10-05T17:17:50.4818324Z   ---
2026-10-05T17:17:50.4818576Z   duration_ms: 2962.935083
2026-10-05T17:17:50.4818881Z   type: 'test'
2026-10-05T17:17:50.4819119Z   ...
2026-10-05T17:17:50.4820029Z # Subtest: server identity separates supplier/owner/Trip; official code alone never merges vendors; UTC equivalent complete fields dedupe
2026-10-05T17:17:50.4821518Z ok 215 - server identity separates supplier/owner/Trip; official code alone never merges vendors; UTC equivalent complete fields dedupe
2026-10-05T17:17:50.4822273Z   ---
2026-10-05T17:17:50.4822504Z   duration_ms: 2108.122954
2026-10-05T17:17:50.4822786Z   type: 'test'
2026-10-05T17:17:50.4823024Z   ...
2026-10-05T17:17:50.4823753Z # Subtest: two live PostgreSQL transactions serialize duplicate create/CAS and retain only one winning event
2026-10-05T17:17:50.4824840Z ok 216 - two live PostgreSQL transactions serialize duplicate create/CAS and retain only one winning event
2026-10-05T17:17:50.4825463Z   ---
2026-10-05T17:17:50.4825744Z   duration_ms: 3865.740007
2026-10-05T17:17:50.4826066Z   type: 'test'
2026-10-05T17:17:50.4826341Z   ...
2026-10-05T17:17:51.9117786Z # Subtest: late acknowledgement insert failure rolls back new/current/history; immutable metadata never exposes prior payload
2026-10-05T17:17:51.9139817Z ok 217 - late acknowledgement insert failure rolls back new/current/history; immutable metadata never exposes prior payload
2026-10-05T17:17:51.9171601Z   ---
2026-10-05T17:17:51.9172152Z   duration_ms: 1429.561106
2026-10-05T17:17:51.9184039Z   type: 'test'
2026-10-05T17:17:51.9206542Z   ...
2026-10-05T17:17:56.1636914Z # Subtest: original archive/D1/D3/account lifecycle erases all reservation state and prevents replay; financial minimum survives D3
2026-10-05T17:17:56.1641647Z ok 218 - original archive/D1/D3/account lifecycle erases all reservation state and prevents replay; financial minimum survives D3
2026-10-05T17:17:56.1642868Z   ---
2026-10-05T17:17:56.1644597Z   duration_ms: 4253.371931
2026-10-05T17:17:56.1648668Z   type: 'test'
2026-10-05T17:17:56.1649412Z   ...
2026-10-05T17:17:59.6332800Z # Subtest: private exact D2 lease export shows corrected current only; existing inventory stays partial and every default ACL is closed
2026-10-05T17:17:59.6345099Z ok 219 - private exact D2 lease export shows corrected current only; existing inventory stays partial and every default ACL is closed
2026-10-05T17:17:59.6346093Z   ---
2026-10-05T17:17:59.6346604Z   duration_ms: 3469.806711
2026-10-05T17:17:59.6347044Z   type: 'test'
2026-10-05T17:17:59.6348639Z   ...
2026-10-05T17:18:00.9779105Z # Subtest: actual current ledger/HTTP binds ACK and lost-response recovery; amendments cancel history without supplier or Trip writes
2026-10-05T17:18:00.9791289Z ok 220 - actual current ledger/HTTP binds ACK and lost-response recovery; amendments cancel history without supplier or Trip writes
2026-10-05T17:18:00.9838455Z   ---
2026-10-05T17:18:00.9879438Z   duration_ms: 24864.52744
2026-10-05T17:18:00.9879989Z   type: 'test'
2026-10-05T17:18:00.9880247Z   ...
2026-10-05T17:18:01.6162444Z # Subtest: append-only migration replay compiles under original schema
2026-10-05T17:18:01.6169965Z ok 221 - append-only migration replay compiles under original schema
2026-10-05T17:18:01.6170438Z   ---
2026-10-05T17:18:01.6179524Z   duration_ms: 17097.858843
2026-10-05T17:18:01.6179921Z   type: 'test'
2026-10-05T17:18:01.6180211Z   ...
2026-10-05T17:18:01.6181730Z # Subtest: manual candidate is unconfirmed until original exact writer; current scope snapshot and receipt are closed
2026-10-05T17:18:01.6182860Z ok 222 - manual candidate is unconfirmed until original exact writer; current scope snapshot and receipt are closed
2026-10-05T17:18:01.6183506Z   ---
2026-10-05T17:18:01.6183763Z   duration_ms: 1303.86708
2026-10-05T17:18:01.6184051Z   type: 'test'
2026-10-05T17:18:01.6184317Z   ...
2026-10-05T17:18:03.0976244Z # Subtest: sparse real reorder preserves unselected fields and slot; legacy edits preserve persisted order; rollback reloads order
2026-10-05T17:18:03.0978740Z ok 223 - sparse real reorder preserves unselected fields and slot; legacy edits preserve persisted order; rollback reloads order
2026-10-05T17:18:03.0979771Z   ---
2026-10-05T17:18:03.0980226Z   duration_ms: 1482.772719
2026-10-05T17:18:03.0980684Z   type: 'test'
2026-10-05T17:18:03.0981371Z   ...
2026-10-05T17:18:03.7706548Z # Subtest: selected move permits natural slot shift and retains all unselected fields and relative order
2026-10-05T17:18:03.7707560Z ok 224 - selected move permits natural slot shift and retains all unselected fields and relative order
2026-10-05T17:18:03.7708223Z   ---
2026-10-05T17:18:03.7708471Z   duration_ms: 677.491538
2026-10-05T17:18:03.7708789Z   type: 'test'
2026-10-05T17:18:03.7709030Z   ...
2026-10-05T17:18:04.9373715Z # Subtest: explicit lock CAS is distinct from manual edits and invalidates all older contexts
2026-10-05T17:18:04.9374716Z ok 225 - explicit lock CAS is distinct from manual edits and invalidates all older contexts
2026-10-05T17:18:04.9375283Z   ---
2026-10-05T17:18:04.9375533Z   duration_ms: 1162.133961
2026-10-05T17:18:04.9375813Z   type: 'test'
2026-10-05T17:18:04.9376047Z   ...
2026-10-05T17:18:06.0825746Z # Subtest: abandon before submit creates durable tombstone; committed proposal remains pending, never undo or reject
2026-10-05T17:18:06.0849101Z ok 226 - abandon before submit creates durable tombstone; committed proposal remains pending, never undo or reject
2026-10-05T17:18:06.0899647Z   ---
2026-10-05T17:18:06.0915134Z   duration_ms: 1142.995252
2026-10-05T17:18:06.0925917Z   type: 'test'
2026-10-05T17:18:06.0930480Z   ...
2026-10-05T17:18:06.9587624Z # Subtest: direct RPC refuses invalid scope/source/client fields, cross actor and context swap
2026-10-05T17:18:06.9589110Z ok 227 - direct RPC refuses invalid scope/source/client fields, cross actor and context swap
2026-10-05T17:18:06.9590514Z   ---
2026-10-05T17:18:06.9590975Z   duration_ms: 880.426306
2026-10-05T17:18:06.9591356Z   type: 'test'
2026-10-05T17:18:06.9591926Z   ...
2026-10-05T17:18:09.0992345Z # Subtest: profile/Memory/session/source changes reject before original Trip write
2026-10-05T17:18:09.0993446Z ok 228 - profile/Memory/session/source changes reject before original Trip write
2026-10-05T17:18:09.0994268Z   ---
2026-10-05T17:18:09.0994847Z   duration_ms: 2142.088198
2026-10-05T17:18:09.0996127Z   type: 'test'
2026-10-05T17:18:09.0997258Z   ...
2026-10-05T17:18:09.8216296Z # Subtest: same-transaction source changes after writer force deferred rollback
2026-10-05T17:18:09.8224764Z ok 229 - same-transaction source changes after writer force deferred rollback
2026-10-05T17:18:09.8225552Z   ---
2026-10-05T17:18:09.8226015Z   duration_ms: 723.765851
2026-10-05T17:18:09.8226470Z   type: 'test'
2026-10-05T17:18:09.8226879Z   ...
2026-10-05T17:18:10.7302819Z # Subtest: marked revision and successor cannot escape immutable lineage; expired context cleanup still blocks confirmation
2026-10-05T17:18:10.7321871Z ok 230 - marked revision and successor cannot escape immutable lineage; expired context cleanup still blocks confirmation
2026-10-05T17:18:10.7335425Z   ---
2026-10-05T17:18:10.7351235Z   duration_ms: 909.024514
2026-10-05T17:18:10.7391718Z   type: 'test'
2026-10-05T17:18:10.7424977Z   ...
2026-10-05T17:18:13.4730621Z # Subtest: real two-transaction submit/abandon races create one outcome with exact-body receipt recovery
2026-10-05T17:18:13.4731970Z ok 231 - real two-transaction submit/abandon races create one outcome with exact-body receipt recovery
2026-10-05T17:18:13.4732574Z   ---
2026-10-05T17:18:13.4732824Z   duration_ms: 2741.991192
2026-10-05T17:18:13.4733113Z   type: 'test'
2026-10-05T17:18:13.4733349Z   ...
2026-10-05T17:18:17.8274409Z # Subtest: new capabilities default deny all roles and original archive/deletion/account cascades erase scope metadata
2026-10-05T17:18:17.8305537Z ok 232 - new capabilities default deny all roles and original archive/deletion/account cascades erase scope metadata
2026-10-05T17:18:17.8307158Z   ---
2026-10-05T17:18:17.8307683Z   duration_ms: 4347.24904
2026-10-05T17:18:17.8309295Z   type: 'test'
2026-10-05T17:18:17.8321468Z   ...
2026-10-05T17:18:20.3452581Z # Subtest: worker stays default pending without qualification; original queue and synthetic budget produce settled candidate with no Proposal
2026-10-05T17:18:20.3454126Z ok 233 - worker stays default pending without qualification; original queue and synthetic budget produce settled candidate with no Proposal
2026-10-05T17:18:20.3454914Z   ---
2026-10-05T17:18:20.3455225Z   duration_ms: 2519.227819
2026-10-05T17:18:20.3455562Z   type: 'test'
2026-10-05T17:18:20.3455900Z   ...
2026-10-05T17:18:22.5780541Z # Subtest: current consent/global stop/source gates prevent effects; lease reclaim reuses output and original budget attempt
2026-10-05T17:18:22.5812044Z ok 234 - current consent/global stop/source gates prevent effects; lease reclaim reuses output and original budget attempt
2026-10-05T17:18:22.5813081Z   ---
2026-10-05T17:18:22.5813688Z   duration_ms: 2234.189049
2026-10-05T17:18:22.5814255Z   type: 'test'
2026-10-05T17:18:22.5814664Z   ...
2026-10-05T17:18:24.8847123Z # Subtest: typed add replace remove are constrained to current context sources and deterministic IDs
2026-10-05T17:18:24.8853747Z ok 235 - typed add replace remove are constrained to current context sources and deterministic IDs
2026-10-05T17:18:24.8855855Z   ---
2026-10-05T17:18:24.8856535Z   duration_ms: 2310.974681
2026-10-05T17:18:24.8857299Z   type: 'test'
2026-10-05T17:18:24.8857817Z   ...
2026-10-05T17:18:26.7190328Z # Subtest: reservation preservation is explicit exact revision binding, unknown stays unavailable and changes invalidate confirmation
2026-10-05T17:18:26.7202728Z ok 236 - reservation preservation is explicit exact revision binding, unknown stays unavailable and changes invalidate confirmation
2026-10-05T17:18:26.7203221Z   ---
2026-10-05T17:18:26.7203532Z   duration_ms: 1832.045584
2026-10-05T17:18:26.7203916Z   type: 'test'
2026-10-05T17:18:26.7204301Z   ...
2026-10-05T17:18:28.0729456Z # Subtest: live TTL and bounded cleanup preserve lineage and never permit old candidate confirmation
2026-10-05T17:18:28.0730516Z ok 237 - live TTL and bounded cleanup preserve lineage and never permit old candidate confirmation
2026-10-05T17:18:28.0731244Z   ---
2026-10-05T17:18:28.0731523Z   duration_ms: 1352.41951
2026-10-05T17:18:28.0731836Z   type: 'test'
2026-10-05T17:18:28.0732089Z   ...
2026-10-05T17:18:29.8451438Z # Subtest: exact export lease pages all scoped metadata sections; old inventory remains unenrolled partial
2026-10-05T17:18:29.8474061Z ok 238 - exact export lease pages all scoped metadata sections; old inventory remains unenrolled partial
2026-10-05T17:18:29.8496776Z   ---
2026-10-05T17:18:29.8505735Z   duration_ms: 1611.682015
2026-10-05T17:18:29.8506612Z   type: 'test'
2026-10-05T17:18:29.8507057Z   ...
2026-10-05T17:18:32.2477284Z # Subtest: real TypeScript service consumes SQL context, immutable candidates, explicit selection and original exact proposal
2026-10-05T17:18:32.2523713Z ok 239 - real TypeScript service consumes SQL context, immutable candidates, explicit selection and original exact proposal
2026-10-05T17:18:32.2531967Z   ---
2026-10-05T17:18:32.2532480Z   duration_ms: 2561.040877
2026-10-05T17:18:32.2533062Z   type: 'test'
2026-10-05T17:18:32.2533507Z   ...
2026-10-05T17:18:33.9777744Z # Subtest: provider destination uses exact current prompt/tuple/digest/configuration and phase order without network
2026-10-05T17:18:33.9781754Z ok 240 - provider destination uses exact current prompt/tuple/digest/configuration and phase order without network
2026-10-05T17:18:33.9782794Z   ---
2026-10-05T17:18:33.9783146Z   duration_ms: 1644.89888
2026-10-05T17:18:33.9783548Z   type: 'test'
2026-10-05T17:18:33.9783891Z   ...
2026-10-05T17:18:40.3448975Z # Subtest: actual executor uses real SQL budget/source/usage/candidate RPCs with a synthetic provider, recovers lost ACKs and creates no Proposal
2026-10-05T17:18:40.3452252Z ok 241 - actual executor uses real SQL budget/source/usage/candidate RPCs with a synthetic provider, recovers lost ACKs and creates no Proposal
2026-10-05T17:18:40.3453240Z   ---
2026-10-05T17:18:40.3453739Z   duration_ms: 6452.201592
2026-10-05T17:18:40.3454259Z   type: 'test'
2026-10-05T17:18:40.3454612Z   ...
2026-10-05T17:18:41.2150688Z # Subtest: marked proposal reader and operation become stale on source change before original confirmation
2026-10-05T17:18:41.2154513Z ok 242 - marked proposal reader and operation become stale on source change before original confirmation
2026-10-05T17:18:41.2155330Z   ---
2026-10-05T17:18:41.2155731Z   duration_ms: 873.608686
2026-10-05T17:18:41.2156108Z   type: 'test'
2026-10-05T17:18:41.2156472Z   ...
2026-10-05T17:18:42.4467512Z # Subtest: legacy intake-v2 remains a legal work mode with an existing row during scoped migration
2026-10-05T17:18:42.4469091Z ok 243 - legacy intake-v2 remains a legal work mode with an existing row during scoped migration
2026-10-05T17:18:42.4470062Z   ---
2026-10-05T17:18:42.4470534Z   duration_ms: 1230.968588
2026-10-05T17:18:42.4471061Z   type: 'test'
2026-10-05T17:18:42.4471319Z   ...
2026-10-05T17:18:44.5669836Z # Subtest: known settled cannot-edit ends original task as declined; unknown usage cannot fake a refusal
2026-10-05T17:18:44.5674870Z ok 244 - known settled cannot-edit ends original task as declined; unknown usage cannot fake a refusal
2026-10-05T17:18:44.5676397Z   ---
2026-10-05T17:18:44.5676843Z   duration_ms: 2110.24844
2026-10-05T17:18:44.5677504Z   type: 'test'
2026-10-05T17:18:44.5678121Z   ...
2026-10-05T17:18:46.4938315Z # Subtest: composed candidate applies reorder before removal in the original operation order
2026-10-05T17:18:46.4963460Z ok 245 - composed candidate applies reorder before removal in the original operation order
2026-10-05T17:18:46.4968032Z   ---
2026-10-05T17:18:46.4976994Z   duration_ms: 1934.996342
2026-10-05T17:18:46.4977401Z   type: 'test'
2026-10-05T17:18:46.4977923Z   ...
2026-10-05T17:18:59.3066037Z # Subtest: append replay and rollback; new ACL/RLS deny, disabled switch, no enrollment
2026-10-05T17:18:59.3067110Z ok 246 - append replay and rollback; new ACL/RLS deny, disabled switch, no enrollment
2026-10-05T17:18:59.3067798Z   ---
2026-10-05T17:18:59.3068260Z   duration_ms: 18627.039205
2026-10-05T17:18:59.3068692Z   type: 'test'
2026-10-05T17:18:59.3069079Z   ...
2026-10-05T17:18:59.3069752Z # Subtest: preview alone denies staff; explicit selection produces exact sources and minimal audit
2026-10-05T17:18:59.3070459Z ok 247 - preview alone denies staff; explicit selection produces exact sources and minimal audit
2026-10-05T17:18:59.3071182Z   ---
2026-10-05T17:18:59.3071510Z   duration_ms: 1587.678711
2026-10-05T17:18:59.3071817Z   type: 'test'
2026-10-05T17:18:59.3072067Z   ...
2026-10-05T17:18:59.3072668Z # Subtest: byte digest, whitespace reuse, current-head CAS, immutable receipt, abandon race
2026-10-05T17:18:59.3073561Z ok 248 - byte digest, whitespace reuse, current-head CAS, immutable receipt, abandon race
2026-10-05T17:18:59.3074348Z   ---
2026-10-05T17:18:59.3074597Z   duration_ms: 3268.717961
2026-10-05T17:18:59.3074883Z   type: 'test'
2026-10-05T17:18:59.3075126Z   ...
2026-10-05T17:18:59.3075740Z # Subtest: pace and selected Memory authority; selected-only refs survive unselected pace change
2026-10-05T17:18:59.3076666Z ok 249 - pace and selected Memory authority; selected-only refs survive unselected pace change
2026-10-05T17:18:59.3077213Z   ---
2026-10-05T17:18:59.3077445Z   duration_ms: 1904.138545
2026-10-05T17:18:59.3077728Z   type: 'test'
2026-10-05T17:18:59.3077974Z   ...
2026-10-05T17:18:59.3078640Z # Subtest: withdraw/delete and feature-off owner privacy; deletion receipt survives original Case deletion
2026-10-05T17:18:59.3079729Z ok 250 - withdraw/delete and feature-off owner privacy; deletion receipt survives original Case deletion
2026-10-05T17:18:59.3080360Z   ---
2026-10-05T17:18:59.3080605Z   duration_ms: 1658.324664
2026-10-05T17:18:59.3081135Z   type: 'test'
2026-10-05T17:18:59.3081382Z   ...
2026-10-05T17:18:59.3082074Z # Subtest: unique Case Trip intake via actual original goal/link/intake writers; explicit intake overrides profile
2026-10-05T17:18:59.3083151Z ok 251 - unique Case Trip intake via actual original goal/link/intake writers; explicit intake overrides profile
2026-10-05T17:18:59.3083775Z   ---
2026-10-05T17:18:59.3084021Z   duration_ms: 2295.6133
2026-10-05T17:18:59.3084307Z   type: 'test'
2026-10-05T17:18:59.3084534Z   ...
2026-10-05T17:18:59.3085292Z # Subtest: intake ambiguity/unrelated messages are unknown; null fields stay unknown and receipt/head rights requalify
2026-10-05T17:18:59.3086496Z ok 252 - intake ambiguity/unrelated messages are unknown; null fields stay unknown and receipt/head rights requalify
2026-10-05T17:18:59.3087114Z   ---
2026-10-05T17:18:59.3087353Z   duration_ms: 14214.119991
2026-10-05T17:18:59.3087632Z   type: 'test'
2026-10-05T17:18:59.3087919Z   ...
2026-10-05T17:18:59.3088712Z # Subtest: Case correction/grant replacement/revoke/expiry invalidates, while expired/revoked owner cleanup stays usable
2026-10-05T17:18:59.3090012Z ok 253 - Case correction/grant replacement/revoke/expiry invalidates, while expired/revoked owner cleanup stays usable
2026-10-05T17:18:59.3090650Z   ---
2026-10-05T17:18:59.3091089Z   duration_ms: 5651.567214
2026-10-05T17:18:59.3091369Z   type: 'test'
2026-10-05T17:18:59.3091592Z   ...
2026-10-05T17:18:59.3092298Z # Subtest: latest three eligible explicit Memory candidates, foreign consent/receipt and inferred/hard sources excluded
2026-10-05T17:18:59.3093532Z ok 254 - latest three eligible explicit Memory candidates, foreign consent/receipt and inferred/hard sources excluded
2026-10-05T17:18:59.3094203Z   ---
2026-10-05T17:18:59.3094437Z   duration_ms: 2438.730829
2026-10-05T17:18:59.3094720Z   type: 'test'
2026-10-05T17:18:59.3094961Z   ...
2026-10-05T17:18:59.3095584Z # Subtest: recipient membership/shift/slot withdrawal erases old head and re-enrollment never revives it
2026-10-05T17:18:59.3096832Z ok 255 - recipient membership/shift/slot withdrawal erases old head and re-enrollment never revives it
2026-10-05T17:18:59.3097461Z   ---
2026-10-05T17:18:59.3097704Z   duration_ms: 6372.11765
2026-10-05T17:18:59.3097995Z   type: 'test'
2026-10-05T17:18:59.3098241Z   ...
2026-10-05T17:18:59.3099025Z # Subtest: real correction/revoke/read/delete/session/account lock races; original writers commit and old refs never revive
2026-10-05T17:18:59.3100205Z ok 256 - real correction/revoke/read/delete/session/account lock races; original writers commit and old refs never revive
2026-10-05T17:18:59.3101011Z   ---
2026-10-05T17:18:59.3101243Z   duration_ms: 14000.889435
2026-10-05T17:18:59.3101529Z   type: 'test'
2026-10-05T17:18:59.3101751Z   ...
2026-10-05T17:19:03.9211770Z # Subtest: export exact 30s lease, reference-only projection, invalidation after source/audit/data change, complete bounds
2026-10-05T17:19:03.9224521Z ok 257 - export exact 30s lease, reference-only projection, invalidation after source/audit/data change, complete bounds
2026-10-05T17:19:03.9246215Z   ---
2026-10-05T17:19:03.9247181Z   duration_ms: 4618.499984
2026-10-05T17:19:03.9250593Z   type: 'test'
2026-10-05T17:19:03.9251325Z   ...
2026-10-05T17:19:05.4604078Z # Subtest: canonical native credential-proof login replacement logout, original guard and Brief session erasure
2026-10-05T17:19:05.4606510Z ok 258 - canonical native credential-proof login replacement logout, original guard and Brief session erasure
2026-10-05T17:19:05.4607320Z   ---
2026-10-05T17:19:05.4607725Z   duration_ms: 1534.325645
2026-10-05T17:19:05.4608138Z   type: 'test'
2026-10-05T17:19:05.4608503Z   ...
2026-10-05T17:19:09.3018631Z # Subtest: owner_state metadata permits feature-off cleanup after audit overflow, revoked/expired, absent revision zero; staff and foreign owner deny
2026-10-05T17:19:09.3045269Z ok 259 - owner_state metadata permits feature-off cleanup after audit overflow, revoked/expired, absent revision zero; staff and foreign owner deny
2026-10-05T17:19:09.3060432Z   ---
2026-10-05T17:19:09.3062137Z   duration_ms: 3843.628835
2026-10-05T17:19:09.3062693Z   type: 'test'
2026-10-05T17:19:09.3063127Z   ...
2026-10-05T17:19:14.5983105Z # Subtest: null intake fields remain unknown, originals never inferred; selected intake Memory dependencies and Trip deletion erase refs
2026-10-05T17:19:14.6003524Z ok 260 - null intake fields remain unknown, originals never inferred; selected intake Memory dependencies and Trip deletion erase refs
2026-10-05T17:19:14.6016750Z   ---
2026-10-05T17:19:14.6040082Z   duration_ms: 5298.745133
2026-10-05T17:19:14.6040684Z   type: 'test'
2026-10-05T17:19:14.6041185Z   ...
2026-10-05T17:19:15.1993109Z # Subtest: full replay rollback, private RLS/ACL deny, empty operators and disabled RPC
2026-10-05T17:19:15.2003353Z ok 261 - full replay rollback, private RLS/ACL deny, empty operators and disabled RPC
2026-10-05T17:19:15.2024683Z   ---
2026-10-05T17:19:15.2025198Z   duration_ms: 17898.924846
2026-10-05T17:19:15.2025704Z   type: 'test'
2026-10-05T17:19:15.2026170Z   ...
2026-10-05T17:19:15.2027057Z # Subtest: existing grants only, no guessed staff, no Trip/Brief reads, strict closed commands
2026-10-05T17:19:15.2040806Z ok 262 - existing grants only, no guessed staff, no Trip/Brief reads, strict closed commands
2026-10-05T17:19:15.2044639Z   ---
2026-10-05T17:19:15.2045074Z   duration_ms: 1670.784593
2026-10-05T17:19:15.2045522Z   type: 'test'
2026-10-05T17:19:15.2045918Z   ...
2026-10-05T17:19:15.2046720Z # Subtest: exact UTF8 bytes, changed whitespace reuse409, immutable receipt and no cross session/surface
2026-10-05T17:19:15.2047853Z ok 263 - exact UTF8 bytes, changed whitespace reuse409, immutable receipt and no cross session/surface
2026-10-05T17:19:15.2048565Z   ---
2026-10-05T17:19:15.2048969Z   duration_ms: 1215.205309
2026-10-05T17:19:15.2049385Z   type: 'test'
2026-10-05T17:19:15.2049752Z   ...
2026-10-05T17:19:15.2050445Z # Subtest: unknown ACK abandon fence and execute race share original operation bytes
2026-10-05T17:19:15.2051909Z ok 264 - unknown ACK abandon fence and execute race share original operation bytes
2026-10-05T17:19:15.2052643Z   ---
2026-10-05T17:19:15.2053045Z   duration_ms: 1664.154405
2026-10-05T17:19:15.2053484Z   type: 'test'
2026-10-05T17:19:15.2053876Z   ...
2026-10-05T17:19:15.2054562Z # Subtest: one actual slot accepts exactly one Case, inactive/unenrolled/no slots reject
2026-10-05T17:19:15.2055575Z ok 265 - one actual slot accepts exactly one Case, inactive/unenrolled/no slots reject
2026-10-05T17:19:15.2056275Z   ---
2026-10-05T17:19:15.2056674Z   duration_ms: 2659.949185
2026-10-05T17:19:15.2057100Z   type: 'test'
2026-10-05T17:19:15.2057492Z   ...
2026-10-05T17:19:15.2058272Z # Subtest: recorded seconds aggregate to minutes, reject future/overlap and contact-only resolution
2026-10-05T17:19:15.2059391Z ok 266 - recorded seconds aggregate to minutes, reject future/overlap and contact-only resolution
2026-10-05T17:19:15.2061499Z   ---
2026-10-05T17:19:15.2062089Z   duration_ms: 1907.426299
2026-10-05T17:19:15.2063182Z   type: 'test'
2026-10-05T17:19:15.2063601Z   ...
2026-10-05T17:19:15.2064381Z # Subtest: legacy revoke/replace wipes source bytes and refs, owner cancel receipt survives fresh read
2026-10-05T17:19:15.2065692Z ok 267 - legacy revoke/replace wipes source bytes and refs, owner cancel receipt survives fresh read
2026-10-05T17:19:15.2066420Z   ---
2026-10-05T17:19:15.2066807Z   duration_ms: 2681.24108
2026-10-05T17:19:15.2067229Z   type: 'test'
2026-10-05T17:19:15.2067619Z   ...
2026-10-05T17:19:15.2068426Z # Subtest: TTL releases capacity and scrubs through bounded maintenance, old staff receipt never replays
2026-10-05T17:19:15.2069616Z ok 268 - TTL releases capacity and scrubs through bounded maintenance, old staff receipt never replays
2026-10-05T17:19:15.2070398Z   ---
2026-10-05T17:19:15.2070774Z   duration_ms: 1310.471268
2026-10-05T17:19:15.2071400Z   type: 'test'
2026-10-05T17:19:15.2071772Z   ...
2026-10-05T17:19:15.2072551Z # Subtest: owner binds original pending Proposal only; staff gets no Trip and archive retains service
2026-10-05T17:19:15.2073901Z ok 269 - owner binds original pending Proposal only; staff gets no Trip and archive retains service
2026-10-05T17:19:15.2074655Z   ---
2026-10-05T17:19:15.2075048Z   duration_ms: 1577.217303
2026-10-05T17:19:15.2075498Z   type: 'test'
2026-10-05T17:19:15.2075881Z   ...
2026-10-05T17:19:15.2076681Z # Subtest: Trip deletion erases binding/evidence/operations but keeps Case; explicit Case delete cascades
2026-10-05T17:19:15.2077882Z ok 270 - Trip deletion erases binding/evidence/operations but keeps Case; explicit Case delete cascades
2026-10-05T17:19:15.2078642Z   ---
2026-10-05T17:19:15.2079027Z   duration_ms: 1530.179056
2026-10-05T17:19:15.2079467Z   type: 'test'
2026-10-05T17:19:15.2079850Z   ...
2026-10-05T17:19:15.2080514Z # Subtest: workspace beyond 50 fails explicitly instead of silently truncating
2026-10-05T17:19:15.2081805Z ok 271 - workspace beyond 50 fails explicitly instead of silently truncating
2026-10-05T17:19:15.2082445Z   ---
2026-10-05T17:19:15.2082829Z   duration_ms: 409.230607
2026-10-05T17:19:15.2083272Z   type: 'test'
2026-10-05T17:19:15.2083649Z   ...
2026-10-05T17:19:15.2084463Z # Subtest: versioned export exact lease, unenrolled partial, cursor replay and source-change invalidation
2026-10-05T17:19:15.2085687Z ok 272 - versioned export exact lease, unenrolled partial, cursor replay and source-change invalidation
2026-10-05T17:19:15.2086432Z   ---
2026-10-05T17:19:15.2086819Z   duration_ms: 3327.064169
2026-10-05T17:19:15.2087244Z   type: 'test'
2026-10-05T17:19:15.2111556Z   ...
2026-10-05T17:19:15.2112445Z # Subtest: explicit owner deletion CAS, irreversible minimal receipt and original-byte late request fence
2026-10-05T17:19:15.2113682Z ok 273 - explicit owner deletion CAS, irreversible minimal receipt and original-byte late request fence
2026-10-05T17:19:15.2114491Z   ---
2026-10-05T17:19:15.2114905Z   duration_ms: 3451.624413
2026-10-05T17:19:15.2115356Z   type: 'test'
2026-10-05T17:19:15.2115753Z   ...
2026-10-05T17:19:15.2116863Z # Subtest: owner export companion source digest, closed columns, no staff session, bounds and source erasure
2026-10-05T17:19:15.2118135Z ok 274 - owner export companion source digest, closed columns, no staff session, bounds and source erasure
2026-10-05T17:19:15.2118981Z   ---
2026-10-05T17:19:15.2119361Z   duration_ms: 4126.53484
2026-10-05T17:19:15.2119790Z   type: 'test'
2026-10-05T17:19:15.2120185Z   ...
2026-10-05T17:19:15.2121130Z # Subtest: membership/shift/slot withdrawn after commit denies staff body and receipt replay
2026-10-05T17:19:15.2122262Z ok 275 - membership/shift/slot withdrawn after commit denies staff body and receipt replay
2026-10-05T17:19:15.2122990Z   ---
2026-10-05T17:19:15.2123362Z   duration_ms: 3599.056788
2026-10-05T17:19:15.2123805Z   type: 'test'
2026-10-05T17:19:15.2124193Z   ...
2026-10-05T17:19:15.2124976Z # Subtest: business switch off preserves independent owner data recovery/export/delete and isolation
2026-10-05T17:19:15.2126144Z ok 276 - business switch off preserves independent owner data recovery/export/delete and isolation
2026-10-05T17:19:15.2127190Z   ---
2026-10-05T17:19:15.2127594Z   duration_ms: 1346.87103
2026-10-05T17:19:15.2128045Z   type: 'test'
2026-10-05T17:19:15.2128436Z   ...
2026-10-05T17:19:15.2129220Z # Subtest: old grant revoke races acceptance on shared Case lock; replacement never revives old staff
2026-10-05T17:19:15.2130375Z ok 277 - old grant revoke races acceptance on shared Case lock; replacement never revives old staff
2026-10-05T17:19:15.2131336Z   ---
2026-10-05T17:19:15.2131730Z   duration_ms: 2552.738845
2026-10-05T17:19:15.2132186Z   type: 'test'
2026-10-05T17:19:15.2132590Z   ...
2026-10-05T17:19:15.2133396Z # Subtest: canonical version zero Trip binding and original pending Proposal keep owner/current guards
2026-10-05T17:19:15.2134588Z ok 278 - canonical version zero Trip binding and original pending Proposal keep owner/current guards
2026-10-05T17:19:15.2135365Z   ---
2026-10-05T17:19:15.2135781Z   duration_ms: 3807.678432
2026-10-05T17:19:15.2136245Z   type: 'test'
2026-10-05T17:19:15.2136643Z   ...
2026-10-05T17:19:15.2137640Z # Subtest: actual withdrawal signal captures bounded graph, independent review, persistent effect+ACK and no fake unsupported consumer
2026-10-05T17:19:15.2139196Z ok 279 - actual withdrawal signal captures bounded graph, independent review, persistent effect+ACK and no fake unsupported consumer
2026-10-05T17:19:15.2140126Z   ---
2026-10-05T17:19:15.2140537Z   duration_ms: 17880.645313
2026-10-05T17:19:15.2141387Z   type: 'test'
2026-10-05T17:19:15.2141783Z   ...
2026-10-05T17:19:15.2142681Z # Subtest: real graph insertion before cursor makes append/review stale and current source CAS refuses old signal
2026-10-05T17:19:15.2146264Z ok 280 - real graph insertion before cursor makes append/review stale and current source CAS refuses old signal
2026-10-05T17:19:15.2148987Z   ---
2026-10-05T17:19:15.2149970Z   duration_ms: 1395.23086
2026-10-05T17:19:15.2158002Z   type: 'test'
2026-10-05T17:19:15.2158476Z   ...
2026-10-05T17:19:15.2159403Z # Subtest: old lease cannot ACK/fail newer generation; real apply rollback leaves no marker and revoked reviewer blocks effects
2026-10-05T17:19:15.2160783Z ok 281 - old lease cannot ACK/fail newer generation; real apply rollback leaves no marker and revoked reviewer blocks effects
2026-10-05T17:19:15.2161928Z   ---
2026-10-05T17:19:15.2162341Z   duration_ms: 2493.708664
2026-10-05T17:19:15.2162787Z   type: 'test'
2026-10-05T17:19:15.2163170Z   ...
2026-10-05T17:19:15.2164169Z # Subtest: historical payload mismatch stays a source-linked recheck candidate, without collecting private dialog or proving current facts
2026-10-05T17:19:15.2165723Z ok 282 - historical payload mismatch stays a source-linked recheck candidate, without collecting private dialog or proving current facts
2026-10-05T17:19:15.2166750Z   ---
2026-10-05T17:19:15.2167153Z   duration_ms: 2283.065295
2026-10-05T17:19:15.2167587Z   type: 'test'
2026-10-05T17:19:15.2167959Z   ...
2026-10-05T17:19:15.2168944Z # Subtest: hard graph1000+sentinel overflow cannot approve or silently become a100-item whole set
2026-10-05T17:19:15.2170422Z ok 283 - hard graph1000+sentinel overflow cannot approve or silently become a100-item whole set
2026-10-05T17:19:15.2181408Z   ---
2026-10-05T17:19:15.2181867Z   duration_ms: 1189.388073
2026-10-05T17:19:15.2182327Z   type: 'test'
2026-10-05T17:19:15.2182727Z   ...
2026-10-05T17:19:15.2183698Z # Subtest: new derived historical metadata sanitizes on hide/turn delete, invalidates old review/cursors and retains public audit
2026-10-05T17:19:15.2185273Z ok 284 - new derived historical metadata sanitizes on hide/turn delete, invalidates old review/cursors and retains public audit
2026-10-05T17:19:15.2186175Z   ---
2026-10-05T17:19:15.2186562Z   duration_ms: 10150.759883
2026-10-05T17:19:15.2187001Z   type: 'test'
2026-10-05T17:19:15.2187379Z   ...
2026-10-05T17:19:33.1955561Z # Subtest: translation older than the legacy20 reopens through bounded pages and exact same source
2026-10-05T17:19:33.1959863Z ok 285 - translation older than the legacy20 reopens through bounded pages and exact same source
2026-10-05T17:19:33.1960701Z   ---
2026-10-05T17:19:33.1995539Z   duration_ms: 27943.684921
2026-10-05T17:19:33.1996633Z   type: 'test'
2026-10-05T17:19:33.2001538Z   ...
2026-10-05T17:19:33.2009919Z # Subtest: sparse raw128 window is unavailable without exposing a hidden scan cursor or partial phrase
2026-10-05T17:19:33.2019059Z ok 286 - sparse raw128 window is unavailable without exposing a hidden scan cursor or partial phrase
2026-10-05T17:19:33.2020223Z   ---
2026-10-05T17:19:33.2021622Z   duration_ms: 27886.464246
2026-10-05T17:19:33.2022133Z   type: 'test'
2026-10-05T17:19:33.2022787Z   ...
2026-10-05T17:19:38.5397246Z # Subtest: same list/exact eligibility rejects status, hidden/deleted/thread, consent/policy and replaced actor
2026-10-05T17:19:38.5423494Z ok 287 - same list/exact eligibility rejects status, hidden/deleted/thread, consent/policy and replaced actor
2026-10-05T17:19:38.5439977Z   ---
2026-10-05T17:19:38.5440480Z   duration_ms: 5348.625308
2026-10-05T17:19:38.5441077Z   type: 'test'
2026-10-05T17:19:38.5462147Z   ...
2026-10-05T17:19:39.1104048Z # Subtest: archive SQL: owner isolation, atomic retries, failure preservation, service retention and fresh Trip
2026-10-05T17:19:39.1132085Z ok 288 - archive SQL: owner isolation, atomic retries, failure preservation, service retention and fresh Trip
2026-10-05T17:19:39.1146405Z   ---
2026-10-05T17:19:39.1146807Z   duration_ms: 20595.903848
2026-10-05T17:19:39.1147209Z   type: 'test'
2026-10-05T17:19:39.1150123Z   ...
2026-10-05T17:19:47.3124546Z # Subtest: VPJ-61 SQL lifecycle, existing writers, locks, erasure and versioned export
2026-10-05T17:19:47.3152123Z     # Subtest: ACL/RLS/default-deny and legacy reconciliation
2026-10-05T17:19:47.3152939Z     ok 1 - ACL/RLS/default-deny and legacy reconciliation
2026-10-05T17:19:47.3153457Z       ---
2026-10-05T17:19:47.3153847Z       duration_ms: 1295.480398
2026-10-05T17:19:47.3154342Z       type: 'test'
2026-10-05T17:19:47.3154766Z       ...
2026-10-05T17:19:47.3155408Z     # Subtest: bulk Trip INSERT validates statement capacity, legacy, RLS and concurrent rollback
2026-10-05T17:19:47.3156347Z     ok 2 - bulk Trip INSERT validates statement capacity, legacy, RLS and concurrent rollback
2026-10-05T17:19:47.3156978Z       ---
2026-10-05T17:19:47.3158804Z       duration_ms: 4670.973686
2026-10-05T17:19:47.3159246Z       type: 'test'
2026-10-05T17:19:47.3159606Z       ...
2026-10-05T17:19:47.3160197Z     # Subtest: canonical input, exact raw replay, durable rejection and unknown abandon
2026-10-05T17:19:47.3161268Z     ok 3 - canonical input, exact raw replay, durable rejection and unknown abandon
2026-10-05T17:19:47.3177084Z       ---
2026-10-05T17:19:47.3186616Z       duration_ms: 2100.331887
2026-10-05T17:19:47.3187306Z       type: 'test'
2026-10-05T17:19:47.3187717Z       ...
2026-10-05T17:19:47.3188769Z     # Subtest: old direct create shares capacity, actual producer confirm, active swaps and rollback
2026-10-05T17:19:47.3190466Z     ok 4 - old direct create shares capacity, actual producer confirm, active swaps and rollback
2026-10-05T17:19:47.3191624Z       ---
2026-10-05T17:19:47.3192206Z       duration_ms: 2164.613316
2026-10-05T17:19:47.3192646Z       type: 'test'
2026-10-05T17:19:47.3193183Z       ...
2026-10-05T17:19:47.3194087Z     # Subtest: original archive atomic failure, keep/skip qualification, services retained and erasure
2026-10-05T17:19:47.3237329Z     ok 5 - original archive atomic failure, keep/skip qualification, services retained and erasure
2026-10-05T17:19:47.3239365Z       ---
2026-10-05T17:19:47.3241533Z       duration_ms: 3304.59889
2026-10-05T17:19:47.3242004Z       type: 'test'
2026-10-05T17:19:47.3242386Z       ...
2026-10-05T17:19:47.3243065Z     # Subtest: paginated revision fences real head/delete mutations and old replay survives archive
2026-10-05T17:19:47.3244085Z     ok 6 - paginated revision fences real head/delete mutations and old replay survives archive
2026-10-05T17:19:47.3245059Z       ---
2026-10-05T17:19:47.3245447Z       duration_ms: 1225.020917
2026-10-05T17:19:47.3245849Z       type: 'test'
2026-10-05T17:19:47.3246193Z       ...
2026-10-05T17:19:47.3246932Z     # Subtest: real lock conflicts remain unknown, same-op concurrent create, account replacement and rollback
2026-10-05T17:19:47.3247995Z     ok 7 - real lock conflicts remain unknown, same-op concurrent create, account replacement and rollback
2026-10-05T17:19:47.3248735Z       ---
2026-10-05T17:19:47.3249154Z       duration_ms: 5611.646888
2026-10-05T17:19:47.3249626Z       type: 'test'
2026-10-05T17:19:47.3249884Z       ...
2026-10-05T17:19:47.3250588Z     # Subtest: actual old create/confirm/archive/delete/replacement transactions race the lifecycle entry
2026-10-05T17:19:47.3252088Z     ok 8 - actual old create/confirm/archive/delete/replacement transactions race the lifecycle entry
2026-10-05T17:19:47.3252678Z       ---
2026-10-05T17:19:47.3253064Z       duration_ms: 5697.345844
2026-10-05T17:19:47.3254174Z       type: 'test'
2026-10-05T17:19:47.3254622Z       ...
2026-10-05T17:19:47.3260581Z     # Subtest: archive historical exact references retain original readers and refuse withdrawn sources
2026-10-05T17:19:47.3261877Z     ok 9 - archive historical exact references retain original readers and refuse withdrawn sources
2026-10-05T17:19:47.3262726Z       ---
2026-10-05T17:19:47.3263682Z       duration_ms: 17535.217194
2026-10-05T17:19:47.3263986Z       type: 'test'
2026-10-05T17:19:47.3264381Z       ...
2026-10-05T17:19:49.1333246Z     # Subtest: v2 export exact lease enrollment, old decoder preservation, source fence and delete cascade
2026-10-05T17:19:49.1344348Z     ok 10 - v2 export exact lease enrollment, old decoder preservation, source fence and delete cascade
2026-10-05T17:19:49.1345176Z       ---
2026-10-05T17:19:49.1345569Z       duration_ms: 1817.644406
2026-10-05T17:19:49.1345973Z       type: 'test'
2026-10-05T17:19:49.1346387Z       ...
2026-10-05T17:19:49.5844493Z     1..10
2026-10-05T17:19:49.5845427Z ok 289 - VPJ-61 SQL lifecycle, existing writers, locks, erasure and versioned export
2026-10-05T17:19:49.5846114Z   ---
2026-10-05T17:19:49.5846486Z   duration_ms: 62555.460502
2026-10-05T17:19:49.5846881Z   type: 'test'
2026-10-05T17:19:49.5847206Z   ...
2026-10-05T17:19:50.7612457Z # Subtest: full migration compile and default revoked ACL/RLS; ordinary original writer unchanged
2026-10-05T17:19:50.7618498Z ok 290 - full migration compile and default revoked ACL/RLS; ordinary original writer unchanged
2026-10-05T17:19:50.7619315Z   ---
2026-10-05T17:19:50.7619713Z   duration_ms: 16515.965704
2026-10-05T17:19:50.7620159Z   type: 'test'
2026-10-05T17:19:50.7620546Z   ...
2026-10-05T17:19:50.7621531Z # Subtest: missing actual reservation authority fails closed, no context/proposal or Trip write
2026-10-05T17:19:50.7622627Z ok 291 - missing actual reservation authority fails closed, no context/proposal or Trip write
2026-10-05T17:19:50.7623349Z   ---
2026-10-05T17:19:50.7623741Z   duration_ms: 1253.428879
2026-10-05T17:19:50.7624657Z   type: 'test'
2026-10-05T17:19:50.7625339Z   ...
2026-10-05T17:19:50.7626169Z # Subtest: closed typed input future/stale/highrisk/fixed/foreign scope rejects without writes
2026-10-05T17:19:50.7627211Z ok 292 - closed typed input future/stale/highrisk/fixed/foreign scope rejects without writes
2026-10-05T17:19:50.7627914Z   ---
2026-10-05T17:19:50.7628311Z   duration_ms: 2027.328424
2026-10-05T17:19:50.7628788Z   type: 'test'
2026-10-05T17:19:50.7629188Z   ...
2026-10-05T17:19:50.7630080Z # Subtest: permanent recovery marker without association rejects direct original confirm and revision; full rollback
2026-10-05T17:19:50.7631654Z ok 293 - permanent recovery marker without association rejects direct original confirm and revision; full rollback
2026-10-05T17:19:50.7632479Z   ---
2026-10-05T17:19:50.7632907Z   duration_ms: 1273.500613
2026-10-05T17:19:50.7633374Z   type: 'test'
2026-10-05T17:19:50.7633777Z   ...
2026-10-05T17:19:50.7634732Z # Subtest: transport closed source input never fabricates user report; absent real reader/proof callback leaves no context
2026-10-05T17:19:50.7636382Z ok 294 - transport closed source input never fabricates user report; absent real reader/proof callback leaves no context
2026-10-05T17:19:50.7637207Z   ---
2026-10-05T17:19:50.7637637Z   duration_ms: 3210.341572
2026-10-05T17:19:50.7638099Z   type: 'test'
2026-10-05T17:19:50.7638496Z   ...
2026-10-05T17:19:50.7639450Z # Subtest: unqualified transport association rejects before first Trip mutation; private proof cannot be client minted
2026-10-05T17:19:50.7641060Z ok 295 - unqualified transport association rejects before first Trip mutation; private proof cannot be client minted
2026-10-05T17:19:50.7641934Z   ---
2026-10-05T17:19:50.7642342Z   duration_ms: 2212.767993
2026-10-05T17:19:50.7642786Z   type: 'test'
2026-10-05T17:19:50.7643189Z   ...
2026-10-05T17:19:50.7643973Z # Subtest: server context exact replay/current Profile; same operation changed body conflicts
2026-10-05T17:19:50.7645060Z ok 296 - server context exact replay/current Profile; same operation changed body conflicts
2026-10-05T17:19:50.7645764Z   ---
2026-10-05T17:19:50.7646177Z   duration_ms: 1027.08892
2026-10-05T17:19:50.7646673Z   type: 'test'
2026-10-05T17:19:50.7647059Z   ...
2026-10-05T17:19:50.7647940Z # Subtest: single original confirm preserves all fixed/unselected/date/window scope; exact historical retry/read
2026-10-05T17:19:50.7649318Z ok 297 - single original confirm preserves all fixed/unselected/date/window scope; exact historical retry/read
2026-10-05T17:19:50.7650120Z   ---
2026-10-05T17:19:50.7650530Z   duration_ms: 1650.60387
2026-10-05T17:19:50.7651112Z   type: 'test'
2026-10-05T17:19:50.7651502Z   ...
2026-10-05T17:19:50.7652363Z # Subtest: lost ACK exact submit/read concurrent replay creates one proposal/operation; changed choice conflicts
2026-10-05T17:19:50.7658346Z ok 298 - lost ACK exact submit/read concurrent replay creates one proposal/operation; changed choice conflicts
2026-10-05T17:19:50.7659190Z   ---
2026-10-05T17:19:50.7659610Z   duration_ms: 1389.587155
2026-10-05T17:19:50.7660089Z   type: 'test'
2026-10-05T17:19:50.7660510Z   ...
2026-10-05T17:19:50.7661558Z # Subtest: concurrent same-key original confirmation applies once with one event/version and exact operation recovery
2026-10-05T17:19:50.7665669Z ok 299 - concurrent same-key original confirmation applies once with one event/version and exact operation recovery
2026-10-05T17:19:50.7666578Z   ---
2026-10-05T17:19:50.7667010Z   duration_ms: 1442.760573
2026-10-05T17:19:50.7667891Z   type: 'test'
2026-10-05T17:19:50.7670488Z   ...
2026-10-05T17:19:50.7678623Z # Subtest: Profile change direct original confirm rolls back; malformed alternate support cannot bypass the original writer
2026-10-05T17:19:50.7688263Z ok 300 - Profile change direct original confirm rolls back; malformed alternate support cannot bypass the original writer
2026-10-05T17:19:50.7689235Z   ---
2026-10-05T17:19:50.7689655Z   duration_ms: 1487.826029
2026-10-05T17:19:50.7690092Z   type: 'test'
2026-10-05T17:19:50.7690482Z   ...
2026-10-05T17:19:50.7691782Z # Subtest: all recovery revisions including same patch are rejected; title/rollback/expiry cannot bypass
2026-10-05T17:19:50.7696151Z ok 301 - all recovery revisions including same patch are rejected; title/rollback/expiry cannot bypass
2026-10-05T17:19:50.7697090Z   ---
2026-10-05T17:19:50.7697476Z   duration_ms: 1537.417214
2026-10-05T17:19:50.7697897Z   type: 'test'
2026-10-05T17:19:50.7698279Z   ...
2026-10-05T17:19:50.7699027Z # Subtest: expiry clock at commit rejects original writer even if legacy now() allowed the patch
2026-10-05T17:19:50.7700033Z ok 302 - expiry clock at commit rejects original writer even if legacy now() allowed the patch
2026-10-05T17:19:50.7700675Z   ---
2026-10-05T17:19:50.7706961Z   duration_ms: 2937.233707
2026-10-05T17:19:50.7707428Z   type: 'test'
2026-10-05T17:19:50.7707848Z   ...
2026-10-05T17:19:50.7708615Z # Subtest: new source reservation / reference correction invalidates actual confirmation atomically
2026-10-05T17:19:50.7709901Z ok 303 - new source reservation / reference correction invalidates actual confirmation atomically
2026-10-05T17:19:50.7710625Z   ---
2026-10-05T17:19:50.7711164Z   duration_ms: 1338.063915
2026-10-05T17:19:50.7711618Z   type: 'test'
2026-10-05T17:19:50.7712000Z   ...
2026-10-05T17:19:50.7723656Z # Subtest: user-confirmed preservation binds exact current real order without qualification upgrade; unknown/missing/date/duplicate blocked
2026-10-05T17:19:50.7725308Z ok 304 - user-confirmed preservation binds exact current real order without qualification upgrade; unknown/missing/date/duplicate blocked
2026-10-05T17:19:50.7726297Z   ---
2026-10-05T17:19:50.7726732Z   duration_ms: 2691.72414
2026-10-05T17:19:50.7731826Z   type: 'test'
2026-10-05T17:19:50.7732402Z   ...
2026-10-05T17:19:50.7733230Z # Subtest: late source drift in same original writer transaction rejects all writes at deferred guard
2026-10-05T17:19:50.7736782Z ok 305 - late source drift in same original writer transaction rejects all writes at deferred guard
2026-10-05T17:19:50.7746608Z   ---
2026-10-05T17:19:50.7747057Z   duration_ms: 1352.428184
2026-10-05T17:19:50.7747672Z   type: 'test'
2026-10-05T17:19:50.7748071Z   ...
2026-10-05T17:19:54.2348411Z # Subtest: account/Trip deletion cascades personal rows; clearing association keeps permanent rejection marker
2026-10-05T17:19:54.2385423Z ok 306 - account/Trip deletion cascades personal rows; clearing association keeps permanent rejection marker
2026-10-05T17:19:54.2388434Z   ---
2026-10-05T17:19:54.2388949Z   duration_ms: 3475.619033
2026-10-05T17:19:54.2389521Z   type: 'test'
2026-10-05T17:19:54.2389974Z   ...
2026-10-05T17:20:00.2360825Z # Subtest: lifecycle-only unqualified records cascade on real archive/deletion request/account/Trip paths
2026-10-05T17:20:00.2362900Z ok 307 - lifecycle-only unqualified records cascade on real archive/deletion request/account/Trip paths
2026-10-05T17:20:00.2363576Z   ---
2026-10-05T17:20:00.2363944Z   duration_ms: 6001.628248
2026-10-05T17:20:00.2364381Z   type: 'test'
2026-10-05T17:20:00.2364797Z   ...
2026-10-05T17:20:02.9830719Z # Subtest: private exact real export lease reads only owned metadata, is partial/unenrolled and rejects wrong lease/cursor
2026-10-05T17:20:02.9835661Z ok 308 - private exact real export lease reads only owned metadata, is partial/unenrolled and rejects wrong lease/cursor
2026-10-05T17:20:02.9843394Z   ---
2026-10-05T17:20:02.9847405Z   duration_ms: 2743.762458
2026-10-05T17:20:02.9847997Z   type: 'test'
2026-10-05T17:20:02.9848366Z   ...
2026-10-05T17:20:03.1954375Z # Subtest: private export stays partial unenrolled and requires exact live original lease; no ordinary ACL
2026-10-05T17:20:03.1970408Z ok 309 - private export stays partial unenrolled and requires exact live original lease; no ordinary ACL
2026-10-05T17:20:03.1973206Z   ---
2026-10-05T17:20:03.1973804Z   duration_ms: 215.646636
2026-10-05T17:20:03.1974358Z   type: 'test'
2026-10-05T17:20:03.1974720Z   ...
2026-10-05T17:20:09.3665059Z # Subtest: R2 actual reservation basis/qualified address source to public preparation/selection/original concurrent confirmation and same operation read
2026-10-05T17:20:09.3667339Z ok 310 - R2 actual reservation basis/qualified address source to public preparation/selection/original concurrent confirmation and same operation read
2026-10-05T17:20:09.3668138Z   ---
2026-10-05T17:20:09.3668396Z   duration_ms: 18928.536332
2026-10-05T17:20:09.3668723Z   type: 'test'
2026-10-05T17:20:09.3690369Z   ...
2026-10-05T17:20:09.3696745Z # Subtest: R2 original writer deferred guard rolls back same transaction stop/policy/member/source/receipt changes
2026-10-05T17:20:09.3698203Z ok 311 - R2 original writer deferred guard rolls back same transaction stop/policy/member/source/receipt changes
2026-10-05T17:20:09.3698931Z   ---
2026-10-05T17:20:09.3699309Z   duration_ms: 20289.172875
2026-10-05T17:20:09.3699722Z   type: 'test'
2026-10-05T17:20:09.3700088Z   ...
2026-10-05T17:20:09.3701232Z # Subtest: R2 shortest qualified deadline expires at original commit and rolls back actual Trip/idempotency/proof
2026-10-05T17:20:09.3739558Z ok 312 - R2 shortest qualified deadline expires at original commit and rolls back actual Trip/idempotency/proof
2026-10-05T17:20:09.3755792Z   ---
2026-10-05T17:20:09.3756249Z   duration_ms: 6737.031433
2026-10-05T17:20:09.3762641Z   type: 'test'
2026-10-05T17:20:09.3763126Z   ...
2026-10-05T17:20:09.3764136Z # Subtest: R2 mobile epoch mutation and concurrent reservation change cannot bypass original source/owner scope
2026-10-05T17:20:09.3765537Z ok 313 - R2 mobile epoch mutation and concurrent reservation change cannot bypass original source/owner scope
2026-10-05T17:20:09.3766377Z   ---
2026-10-05T17:20:09.3766892Z   duration_ms: 8140.635671
2026-10-05T17:20:09.3767325Z   type: 'test'
2026-10-05T17:20:09.3767744Z   ...
2026-10-05T17:20:09.9024091Z # Subtest: fixed SQL current support12 fields survive real HTTP decoding; withdrawn values stay null and Ops IDs excluded
2026-10-05T17:20:09.9040487Z ok 314 - fixed SQL current support12 fields survive real HTTP decoding; withdrawn values stay null and Ops IDs excluded
2026-10-05T17:20:09.9046073Z   ---
2026-10-05T17:20:09.9046681Z   duration_ms: 19317.860665
2026-10-05T17:20:09.9047089Z   type: 'test'
2026-10-05T17:20:09.9047525Z   ...
2026-10-05T17:20:09.9052102Z # Subtest: immutable SQL qualified subset and field hashes interoperate with actual TS parser and signer
2026-10-05T17:20:09.9053635Z ok 315 - immutable SQL qualified subset and field hashes interoperate with actual TS parser and signer
2026-10-05T17:20:09.9054432Z   ---
2026-10-05T17:20:09.9054821Z   duration_ms: 16930.45992
2026-10-05T17:20:09.9055440Z   type: 'test'
2026-10-05T17:20:09.9055834Z   ...
2026-10-05T17:20:09.9056832Z # Subtest: real authenticated EXECUTE denial remains unavailable in TS error mapping; no grants/Auth bypass
2026-10-05T17:20:09.9058237Z ok 316 - real authenticated EXECUTE denial remains unavailable in TS error mapping; no grants/Auth bypass
2026-10-05T17:20:09.9059015Z   ---
2026-10-05T17:20:09.9059511Z   duration_ms: 353.305637
2026-10-05T17:20:09.9059933Z   type: 'test'
2026-10-05T17:20:09.9060264Z   ...
2026-10-05T17:20:14.9713105Z # Subtest: controlled command is candidate only, confirm binds exact fields; same operation retries do not mint rights
2026-10-05T17:20:14.9736046Z ok 317 - controlled command is candidate only, confirm binds exact fields; same operation retries do not mint rights
2026-10-05T17:20:14.9736913Z   ---
2026-10-05T17:20:14.9737346Z   duration_ms: 16119.054986
2026-10-05T17:20:14.9738189Z   type: 'test'
2026-10-05T17:20:14.9738723Z   ...
2026-10-05T17:20:16.5930711Z # Subtest: existing ordinary content remains online, partial qualified subset and canonical bytes preserve opaque IDs
2026-10-05T17:20:16.5933366Z ok 318 - existing ordinary content remains online, partial qualified subset and canonical bytes preserve opaque IDs
2026-10-05T17:20:16.5934277Z   ---
2026-10-05T17:20:16.5934969Z   duration_ms: 1622.371017
2026-10-05T17:20:16.5935505Z   type: 'test'
2026-10-05T17:20:16.5935907Z   ...
2026-10-05T17:20:18.8772123Z # Subtest: same-date/new command cannot overwrite, old revision/rejection/expiry/rollback cannot acquire provenance
2026-10-05T17:20:18.8781692Z ok 319 - same-date/new command cannot overwrite, old revision/rejection/expiry/rollback cannot acquire provenance
2026-10-05T17:20:18.8801397Z   ---
2026-10-05T17:20:18.8801910Z   duration_ms: 2279.18525
2026-10-05T17:20:18.8802676Z   type: 'test'
2026-10-05T17:20:18.8803060Z   ...
2026-10-05T17:20:20.4548303Z # Subtest: revoke, epoch replacement, archive/deletion, foreign actor and closed ACL all fail read without grants
2026-10-05T17:20:20.4572156Z ok 320 - revoke, epoch replacement, archive/deletion, foreign actor and closed ACL all fail read without grants
2026-10-05T17:20:20.4606494Z   ---
2026-10-05T17:20:20.4617453Z   duration_ms: 1578.46981
2026-10-05T17:20:20.4623758Z   type: 'test'
2026-10-05T17:20:20.4647004Z   ...
2026-10-05T17:20:22.0184510Z # Subtest: archive and queued/completed Trip deletion close reads and cascade source metadata through old lifecycle
2026-10-05T17:20:22.0189659Z ok 321 - archive and queued/completed Trip deletion close reads and cascade source metadata through old lifecycle
2026-10-05T17:20:22.0190521Z   ---
2026-10-05T17:20:22.0191029Z   duration_ms: 1565.241002
2026-10-05T17:20:22.0191461Z   type: 'test'
2026-10-05T17:20:22.0191849Z   ...
2026-10-05T17:20:23.0634074Z # Subtest: late source binding fault rolls back original confirmation; no snapshot/event/head/receipt partial write
2026-10-05T17:20:23.0654707Z ok 322 - late source binding fault rolls back original confirmation; no snapshot/event/head/receipt partial write
2026-10-05T17:20:23.0665910Z   ---
2026-10-05T17:20:23.0666404Z   duration_ms: 1045.071356
2026-10-05T17:20:23.0666856Z   type: 'test'
2026-10-05T17:20:23.0667196Z   ...
2026-10-05T17:20:24.8508677Z # Subtest: independent export sections page metadata only; owner cursor isolation and all API rights stay revoked
2026-10-05T17:20:24.8510339Z ok 323 - independent export sections page metadata only; owner cursor isolation and all API rights stay revoked
2026-10-05T17:20:24.8514162Z   ---
2026-10-05T17:20:24.8514844Z   duration_ms: 1788.256871
2026-10-05T17:20:24.8515293Z   type: 'test'
2026-10-05T17:20:24.8515852Z   ...
2026-10-05T17:20:34.7698011Z # Subtest: actual SQL/HTTP source qualification and original confirmation; missing reader is pending without invented order scope
2026-10-05T17:20:34.7707414Z ok 324 - actual SQL/HTTP source qualification and original confirmation; missing reader is pending without invented order scope
2026-10-05T17:20:34.7708258Z   ---
2026-10-05T17:20:34.7708642Z   duration_ms: 30701.099986
2026-10-05T17:20:34.7709073Z   type: 'test'
2026-10-05T17:20:34.7709425Z   ...
2026-10-05T17:20:34.9398230Z # Subtest: full200 migration compiles and all new support APIs remain default revoked with no direct ordinary Trip mutation
2026-10-05T17:20:34.9459400Z ok 325 - full200 migration compiles and all new support APIs remain default revoked with no direct ordinary Trip mutation
2026-10-05T17:20:34.9492974Z   ---
2026-10-05T17:20:34.9517707Z   duration_ms: 16210.225523
2026-10-05T17:20:34.9567972Z   type: 'test'
2026-10-05T17:20:34.9609434Z   ...
2026-10-05T17:20:34.9635967Z # Subtest: actual typed window NULL/missing/bad calendar cannot become matched; replacement window re-evaluates current item
2026-10-05T17:20:34.9657634Z ok 326 - actual typed window NULL/missing/bad calendar cannot become matched; replacement window re-evaluates current item
2026-10-05T17:20:34.9658977Z   ---
2026-10-05T17:20:34.9659350Z   duration_ms: 1077.428962
2026-10-05T17:20:34.9659736Z   type: 'test'
2026-10-05T17:20:34.9660069Z   ...
2026-10-05T17:20:34.9661339Z # Subtest: actual reviewed source and entity mapping -> selected receipt -> original confirmation and support, replay selection cannot change
2026-10-05T17:20:34.9686243Z ok 327 - actual reviewed source and entity mapping -> selected receipt -> original confirmation and support, replay selection cannot change
2026-10-05T17:20:34.9702039Z   ---
2026-10-05T17:20:34.9703538Z   duration_ms: 3041.193375
2026-10-05T17:20:34.9704163Z   type: 'test'
2026-10-05T17:20:34.9704552Z   ...
2026-10-05T17:20:34.9705764Z # Subtest: actual renewal with reviewed noncovering window loses matched and old/renewed private rows follow deletion ordering
2026-10-05T17:20:34.9707425Z ok 328 - actual renewal with reviewed noncovering window loses matched and old/renewed private rows follow deletion ordering
2026-10-05T17:20:34.9708384Z   ---
2026-10-05T17:20:34.9708904Z   duration_ms: 3806.59187
2026-10-05T17:20:34.9709451Z   type: 'test'
2026-10-05T17:20:34.9709825Z   ...
2026-10-05T17:20:34.9711137Z # Subtest: source loss between selection and confirmation preserves Trip but emits minimal marker; owner deletion removes support inventory
2026-10-05T17:20:34.9712972Z ok 329 - source loss between selection and confirmation preserves Trip but emits minimal marker; owner deletion removes support inventory
2026-10-05T17:20:34.9714007Z   ---
2026-10-05T17:20:34.9714790Z   duration_ms: 3011.065116
2026-10-05T17:20:34.9715380Z   type: 'test'
2026-10-05T17:20:34.9715882Z   ...
2026-10-05T17:20:40.4297246Z # Subtest: actual one reviewed source set delivers two supports with lost ACK and immutable provenance; renewed receipt makes old set stale
2026-10-05T17:20:40.4298773Z ok 330 - actual one reviewed source set delivers two supports with lost ACK and immutable provenance; renewed receipt makes old set stale
2026-10-05T17:20:40.4302349Z   ---
2026-10-05T17:20:40.4303015Z   duration_ms: 5497.91278
2026-10-05T17:20:40.4303538Z   type: 'test'
2026-10-05T17:20:40.4303891Z   ...
2026-10-05T17:20:47.8339507Z # Subtest: admission binds owner, session and immutable retry limits; duplicate admission is atomic
2026-10-05T17:20:47.8342098Z ok 331 - admission binds owner, session and immutable retry limits; duplicate admission is atomic
2026-10-05T17:20:47.8360402Z   ---
2026-10-05T17:20:47.8362014Z   duration_ms: 16538.998322
2026-10-05T17:20:47.8364105Z   type: 'test'
2026-10-05T17:20:47.8365025Z   ...
2026-10-05T17:20:47.8366816Z # Subtest: concurrent SQL clients claim once; expiry fences the old lease
2026-10-05T17:20:47.8373470Z ok 332 - concurrent SQL clients claim once; expiry fences the old lease
2026-10-05T17:20:47.8378237Z   ---
2026-10-05T17:20:47.8379329Z   duration_ms: 1074.887444
2026-10-05T17:20:47.8381764Z   type: 'test'
2026-10-05T17:20:47.8397014Z   ...
2026-10-05T17:20:47.8397772Z # Subtest: retry exhaustion and expired final attempt quarantine exactly once
2026-10-05T17:20:47.8404269Z ok 333 - retry exhaustion and expired final attempt quarantine exactly once
2026-10-05T17:20:47.8405167Z   ---
2026-10-05T17:20:47.8405559Z   duration_ms: 1517.693443
2026-10-05T17:20:47.8411412Z   type: 'test'
2026-10-05T17:20:47.8421254Z   ...
2026-10-05T17:20:47.8422040Z # Subtest: real cancellation RPC and worker finish race produce one terminal
2026-10-05T17:20:47.8423025Z ok 334 - real cancellation RPC and worker finish race produce one terminal
2026-10-05T17:20:47.8423642Z   ---
2026-10-05T17:20:47.8424063Z   duration_ms: 2852.735331
2026-10-05T17:20:47.8424554Z   type: 'test'
2026-10-05T17:20:47.8424957Z   ...
2026-10-05T17:20:47.8425713Z # Subtest: revoked sessions, archived threads and mobile replacement reject late completion
2026-10-05T17:20:47.8426793Z ok 335 - revoked sessions, archived threads and mobile replacement reject late completion
2026-10-05T17:20:47.8427491Z   ---
2026-10-05T17:20:47.8427899Z   duration_ms: 2254.988361
2026-10-05T17:20:47.8428337Z   type: 'test'
2026-10-05T17:20:47.8428729Z   ...
2026-10-05T17:20:47.8429426Z # Subtest: ordinary roles cannot read the queue or call worker RPCs; deletion cascades
2026-10-05T17:20:47.8430476Z ok 336 - ordinary roles cannot read the queue or call worker RPCs; deletion cascades
2026-10-05T17:20:47.8432000Z   ---
2026-10-05T17:20:47.8432414Z   duration_ms: 1067.123946
2026-10-05T17:20:47.8432878Z   type: 'test'
2026-10-05T17:20:47.8433271Z   ...
2026-10-05T17:20:47.8434077Z # Subtest: TypeScript consumer uses durable finish; abort keeps work recoverable without late completion
2026-10-05T17:20:47.8435583Z ok 337 - TypeScript consumer uses durable finish; abort keeps work recoverable without late completion
2026-10-05T17:20:47.8436331Z   ---
2026-10-05T17:20:47.8436760Z   duration_ms: 1367.595697
2026-10-05T17:20:47.8437192Z   type: 'test'
2026-10-05T17:20:47.8437577Z   ...
2026-10-05T17:20:47.8438224Z # Subtest: SIGKILL after committed claim preserves work for a fresh process
2026-10-05T17:20:47.8439095Z ok 338 - SIGKILL after committed claim preserves work for a fresh process
2026-10-05T17:20:47.8439716Z   ---
2026-10-05T17:20:47.8440141Z   duration_ms: 956.812738
2026-10-05T17:20:47.8440569Z   type: 'test'
2026-10-05T17:20:47.8441101Z   ...
2026-10-05T17:20:47.8441817Z # Subtest: retryable failure requeues, a fresh lease succeeds without duplicate terminal
2026-10-05T17:20:47.8442811Z ok 339 - retryable failure requeues, a fresh lease succeeds without duplicate terminal
2026-10-05T17:20:47.8443493Z   ---
2026-10-05T17:20:47.8444168Z   duration_ms: 805.413213
2026-10-05T17:20:47.8444613Z   type: 'test'
2026-10-05T17:20:47.8445003Z   ...
2026-10-05T17:20:47.8445774Z # Subtest: competing claimers clean expired items across owners without accumulating owner locks
2026-10-05T17:20:47.8447214Z ok 340 - competing claimers clean expired items across owners without accumulating owner locks
2026-10-05T17:20:47.8448083Z   ---
2026-10-05T17:20:47.8448469Z   duration_ms: 9343.072056
2026-10-05T17:20:47.8448902Z   type: 'test'
2026-10-05T17:20:47.8449436Z   ...
2026-10-05T17:20:48.7010205Z # Subtest: five-type migration current source installs with API ACL and validates closed types
2026-10-05T17:20:48.7041842Z ok 341 - five-type migration current source installs with API ACL and validates closed types
2026-10-05T17:20:48.7069157Z   ---
2026-10-05T17:20:48.7072044Z   duration_ms: 16758.757173
2026-10-05T17:20:48.7100675Z   type: 'test'
2026-10-05T17:20:48.7121898Z   ...
2026-10-05T17:20:48.7127956Z # Subtest: comparison and decision share atomic revision/events and explicit owner choice CAS; service cannot choose
2026-10-05T17:20:48.7129488Z ok 342 - comparison and decision share atomic revision/events and explicit owner choice CAS; service cannot choose
2026-10-05T17:20:48.7130399Z   ---
2026-10-05T17:20:48.7131076Z   duration_ms: 2377.367674
2026-10-05T17:20:48.7131417Z   type: 'test'
2026-10-05T17:20:48.7131684Z   ...
2026-10-05T17:20:48.7132445Z # Subtest: journey task draft is immutable domain preview; practical content comes from real saved translation projection
2026-10-05T17:20:48.7133615Z ok 343 - journey task draft is immutable domain preview; practical content comes from real saved translation projection
2026-10-05T17:20:48.7134303Z   ---
2026-10-05T17:20:48.7134539Z   duration_ms: 1470.021134
2026-10-05T17:20:48.7134805Z   type: 'test'
2026-10-05T17:20:48.7135030Z   ...
2026-10-05T17:20:48.7135858Z # Subtest: Trip snapshot/proposal preview/reference share real domain basis; new Trip/proposal bases invalidate without executing a change
2026-10-05T17:20:48.7137106Z ok 344 - Trip snapshot/proposal preview/reference share real domain basis; new Trip/proposal bases invalidate without executing a change
2026-10-05T17:20:48.7137860Z   ---
2026-10-05T17:20:48.7138093Z   duration_ms: 2405.514907
2026-10-05T17:20:48.7138366Z   type: 'test'
2026-10-05T17:20:48.7162900Z   ...
2026-10-05T17:20:52.6777896Z # Subtest: canonical knowledge evidence revocation, CAS rollback, export and cascading source deletion protect every result
2026-10-05T17:20:52.6802550Z ok 345 - canonical knowledge evidence revocation, CAS rollback, export and cascading source deletion protect every result
2026-10-05T17:20:52.6818733Z   ---
2026-10-05T17:20:52.6819189Z   duration_ms: 3975.763034
2026-10-05T17:20:52.6819670Z   type: 'test'
2026-10-05T17:20:52.6820128Z   ...
2026-10-05T17:20:53.8665023Z # Subtest: publication retry cannot manufacture a current receipt after source consent withdrawal
2026-10-05T17:20:53.8668720Z ok 346 - publication retry cannot manufacture a current receipt after source consent withdrawal
2026-10-05T17:20:53.8669791Z   ---
2026-10-05T17:20:53.8670248Z   duration_ms: 1184.814569
2026-10-05T17:20:53.8670820Z   type: 'test'
2026-10-05T17:20:53.8671328Z   ...
2026-10-05T17:21:11.2856901Z # Subtest: default closed and invalid owner/budget configuration send neither maps nor model
2026-10-05T17:21:11.2860291Z ok 347 - default closed and invalid owner/budget configuration send neither maps nor model
2026-10-05T17:21:11.2861269Z   ---
2026-10-05T17:21:11.2861774Z   duration_ms: 36123.920531
2026-10-05T17:21:11.2862231Z   type: 'test'
2026-10-05T17:21:11.2862459Z   ...
2026-10-05T17:21:47.0751949Z # Subtest: each map request stops after current claimed task loses authorization
2026-10-05T17:21:47.0756392Z ok 348 - each map request stops after current claimed task loses authorization
2026-10-05T17:21:47.0757057Z   ---
2026-10-05T17:21:47.0757561Z   duration_ms: 35788.780015
2026-10-05T17:21:47.0758000Z   type: 'test'
2026-10-05T17:21:47.0758370Z   ...
2026-10-05T17:21:53.4602790Z # Subtest: correction after the final tool checkpoint stops before a new model budget attempt
2026-10-05T17:21:53.4604273Z ok 349 - correction after the final tool checkpoint stops before a new model budget attempt
2026-10-05T17:21:53.4605253Z   ---
2026-10-05T17:21:53.4605710Z   duration_ms: 6385.449142
2026-10-05T17:21:53.4606191Z   type: 'test'
2026-10-05T17:21:53.4606604Z   ...
2026-10-05T17:22:01.1222034Z # Subtest: SIGKILL after persisted place checkpoint resumes in new competing processes without repeated maps or model
2026-10-05T17:22:01.1226077Z ok 350 - SIGKILL after persisted place checkpoint resumes in new competing processes without repeated maps or model
2026-10-05T17:22:01.1226877Z   ---
2026-10-05T17:22:01.1227250Z   duration_ms: 7660.354165
2026-10-05T17:22:01.1227649Z   type: 'test'
2026-10-05T17:22:01.1228007Z   ...
2026-10-05T17:22:07.9088471Z # Subtest: SIGKILL during dispatched paid attempt persists paused_unknown after restart with no blind replay
2026-10-05T17:22:07.9101501Z ok 351 - SIGKILL during dispatched paid attempt persists paused_unknown after restart with no blind replay
2026-10-05T17:22:07.9111952Z   ---
2026-10-05T17:22:07.9112457Z   duration_ms: 6787.61343
2026-10-05T17:22:07.9113947Z   type: 'test'
2026-10-05T17:22:07.9114443Z   ...
2026-10-05T17:22:19.6017064Z # Subtest: mixed queues cannot lend later readiness or unknown cleanup permission to the claimed earliest task
2026-10-05T17:22:19.6021016Z ok 352 - mixed queues cannot lend later readiness or unknown cleanup permission to the claimed earliest task
2026-10-05T17:22:19.6021929Z   ---
2026-10-05T17:22:19.6022357Z   duration_ms: 11694.055587
2026-10-05T17:22:19.6022777Z   type: 'test'
2026-10-05T17:22:19.6023179Z   ...
2026-10-05T17:22:25.3824251Z # Subtest: planning usage journal failure keeps pending cost and does not repeat the paid request
2026-10-05T17:22:25.3825715Z ok 353 - planning usage journal failure keeps pending cost and does not repeat the paid request
2026-10-05T17:22:25.3826538Z   ---
2026-10-05T17:22:25.3826859Z   duration_ms: 5782.139329
2026-10-05T17:22:25.3827376Z   type: 'test'
2026-10-05T17:22:25.3827903Z   ...
2026-10-05T17:22:31.8219301Z # Subtest: natural demo goal survives real planning composition without dropping its unconfirmed source
2026-10-05T17:22:31.8225337Z ok 354 - natural demo goal survives real planning composition without dropping its unconfirmed source
2026-10-05T17:22:31.8228835Z   ---
2026-10-05T17:22:31.8232657Z   duration_ms: 6438.941516
2026-10-05T17:22:31.8233277Z   type: 'test'
2026-10-05T17:22:31.8235602Z   ...
2026-10-05T17:22:32.3802700Z # Subtest: migration is service-only and starts disabled: no discovery, no claim, no provider call
2026-10-05T17:22:32.3881268Z ok 355 - migration is service-only and starts disabled: no discovery, no claim, no provider call
2026-10-05T17:22:32.3882048Z   ---
2026-10-05T17:22:32.3885389Z   duration_ms: 23286.76197
2026-10-05T17:22:32.3901100Z   type: 'test'
2026-10-05T17:22:32.3901551Z   ...
2026-10-05T17:22:32.3902634Z # Subtest: multi-owner and multi-policy: text, task, grounded and translation answered and read back by owners only
2026-10-05T17:22:32.3904379Z ok 356 - multi-owner and multi-policy: text, task, grounded and translation answered and read back by owners only
2026-10-05T17:22:32.3905169Z   ---
2026-10-05T17:22:32.3905627Z   duration_ms: 7221.339731
2026-10-05T17:22:32.3905924Z   type: 'test'
2026-10-05T17:22:32.3906379Z   ...
2026-10-05T17:22:32.3907102Z # Subtest: budget exhaustion ends honestly as failed without any provider call
2026-10-05T17:22:32.3907994Z ok 357 - budget exhaustion ends honestly as failed without any provider call
2026-10-05T17:22:32.3908405Z   ---
2026-10-05T17:22:32.3908817Z   duration_ms: 3720.675712
2026-10-05T17:22:32.3909082Z   type: 'test'
2026-10-05T17:22:32.3909310Z   ...
2026-10-05T17:22:32.3910070Z # Subtest: user cancellation before claim and during the provider call never stores a late answer
2026-10-05T17:22:32.3917891Z ok 358 - user cancellation before claim and during the provider call never stores a late answer
2026-10-05T17:22:32.3919046Z   ---
2026-10-05T17:22:32.3919366Z   duration_ms: 6969.010338
2026-10-05T17:22:32.3919684Z   type: 'test'
2026-10-05T17:22:32.3919974Z   ...
2026-10-05T17:22:32.3920706Z # Subtest: SIGKILL mid-dispatch keeps the unknown charge; lease recovery by two competing workers answers exactly once
2026-10-05T17:22:32.3922302Z ok 359 - SIGKILL mid-dispatch keeps the unknown charge; lease recovery by two competing workers answers exactly once
2026-10-05T17:22:32.3922946Z   ---
2026-10-05T17:22:32.3923173Z   duration_ms: 8940.850395
2026-10-05T17:22:32.3923441Z   type: 'test'
2026-10-05T17:22:32.3923672Z   ...
2026-10-05T17:22:32.3924193Z # Subtest: operator stop switch halts new claims while running and resumes on re-enable
2026-10-05T17:22:32.3924970Z ok 360 - operator stop switch halts new claims while running and resumes on re-enable
2026-10-05T17:22:32.3925499Z   ---
2026-10-05T17:22:32.3925744Z   duration_ms: 10294.253223
2026-10-05T17:22:32.3926044Z   type: 'test'
2026-10-05T17:22:32.3926286Z   ...
2026-10-05T17:22:32.3927164Z # Subtest: same owner explicit save, same-profile update and bounded exact update Undo; immutable retries
2026-10-05T17:22:32.3928200Z ok 361 - same owner explicit save, same-profile update and bounded exact update Undo; immutable retries
2026-10-05T17:22:32.3928770Z   ---
2026-10-05T17:22:32.3929021Z   duration_ms: 15195.77341
2026-10-05T17:22:32.3929307Z   type: 'test'
2026-10-05T17:22:32.3929549Z   ...
2026-10-05T17:22:32.3930152Z # Subtest: CAS one winner, wrong actor/operation/extra input and temporary override never write
2026-10-05T17:22:32.3931238Z ok 362 - CAS one winner, wrong actor/operation/extra input and temporary override never write
2026-10-05T17:22:32.3931778Z   ---
2026-10-05T17:22:32.3932030Z   duration_ms: 967.021595
2026-10-05T17:22:32.3932380Z   type: 'test'
2026-10-05T17:22:32.3932624Z   ...
2026-10-05T17:22:32.3933389Z # Subtest: revocation/deletion scrubs preimages; pause and expiry cannot restore qualification; session replacement rejects
2026-10-05T17:22:32.3934721Z ok 363 - revocation/deletion scrubs preimages; pause and expiry cannot restore qualification; session replacement rejects
2026-10-05T17:22:32.3935410Z   ---
2026-10-05T17:22:32.3935656Z   duration_ms: 4612.373743
2026-10-05T17:22:32.3935981Z   type: 'test'
2026-10-05T17:22:32.3936224Z   ...
2026-10-05T17:22:32.3936897Z # Subtest: existing create Undo operation relation and least privilege; receipts contain no summaries
2026-10-05T17:22:32.3937870Z ok 364 - existing create Undo operation relation and least privilege; receipts contain no summaries
2026-10-05T17:22:32.3938593Z   ---
2026-10-05T17:22:32.3938919Z   duration_ms: 1132.855603
2026-10-05T17:22:32.3939192Z   type: 'test'
2026-10-05T17:22:32.3939419Z   ...
2026-10-05T17:22:32.3940132Z # Subtest: two actual sessions: worker owner KEY SHARE/account wait and Memory account holder never upgrade owner lock
2026-10-05T17:22:32.3941131Z ok 365 - two actual sessions: worker owner KEY SHARE/account wait and Memory account holder never upgrade owner lock
2026-10-05T17:22:32.3941756Z   ---
2026-10-05T17:22:32.3941951Z   duration_ms: 1314.046114
2026-10-05T17:22:32.3942137Z   type: 'test'
2026-10-05T17:22:32.3942292Z   ...
2026-10-05T17:22:32.3942669Z # Subtest: lease-bound planning receipts are durable, bounded, and fail closed on stale authority
2026-10-05T17:22:32.3943220Z ok 366 - lease-bound planning receipts are durable, bounded, and fail closed on stale authority
2026-10-05T17:22:32.3943559Z   ---
2026-10-05T17:22:32.3943714Z   duration_ms: 12497.06982
2026-10-05T17:22:32.3943901Z   type: 'test'
2026-10-05T17:22:32.3944052Z   ...
2026-10-05T17:22:32.3944342Z # Subtest: planning comparison migration is disabled and service-only
2026-10-05T17:22:32.3944749Z ok 367 - planning comparison migration is disabled and service-only
2026-10-05T17:22:32.3945013Z   ---
2026-10-05T17:22:32.3945172Z   duration_ms: 11856.171781
2026-10-05T17:22:32.3945363Z   type: 'test'
2026-10-05T17:22:32.3945516Z   ...
2026-10-05T17:22:32.3946028Z # Subtest: one synthetic owner task follows existing lease, checkpoint, budget and comparison readback
2026-10-05T17:22:32.3946610Z ok 368 - one synthetic owner task follows existing lease, checkpoint, budget and comparison readback
2026-10-05T17:22:32.3946945Z   ---
2026-10-05T17:22:32.3947097Z   duration_ms: 19276.769387
2026-10-05T17:22:32.3947279Z   type: 'test'
2026-10-05T17:22:32.3947436Z   ...
2026-10-05T17:22:32.3947986Z # Subtest: legacy planning admission invalidates current typed source without replacing its binding
2026-10-05T17:22:32.3948571Z ok 369 - legacy planning admission invalidates current typed source without replacing its binding
2026-10-05T17:22:32.3948917Z   ---
2026-10-05T17:22:32.3949158Z   duration_ms: 19302.475531
2026-10-05T17:22:32.3949347Z   type: 'test'
2026-10-05T17:22:32.3949509Z   ...
2026-10-05T17:22:32.3950130Z # {"container":"vpj80-intake-prep-19f7d850","migrationSource":"supabase/migrations (current checkout, lexical order)","network":"none","socket":"/tmp/vpj59-socket"}
2026-10-05T17:22:32.3952862Z # {"admission":{"kind":"accepted","reused":false,"taskId":"5e0852ca-e036-4e91-b692-aea7e3416bf5","turnId":"a78ff751-6678-4532-be0e-01d0efe79076","artifactId":"8521a48d-2af6-442f-9606-1f0e70d2f435"},"originalIntakeReceipt":{"kind":"accepted","goalId":"83cd9caa-633f-4362-9007-7cc86ef6d234","reused":false,"current":true,"messageId":"555aa4b2-ce02-4651-bbe3-458743ac3a55","goalVersion":1,"contextDigest":"36c5af951675422809503c0be0529abeb2c7535519d2c6c3a8f673427a9a1978","conversationId":"f5319948-aded-48bf-84ac-abb372122250","intakeRevision":1,"messageSequence":1,"readyForProvider":false}}
2026-10-05T17:22:32.3957921Z # {"qualifiedReadBefore":{"kind":"travel_intake","goalId":"83cd9caa-633f-4362-9007-7cc86ef6d234","intake":{"city":"shanghai","pace":"relaxed","dates":null,"interests":["food","photography"],"partySize":2,"durationDays":10,"lodgingBudget":null,"schemaVersion":"stay-area-intake/1","comparisonTarget":"area_transport","mobilityConstraints":[]},"messageId":"555aa4b2-ce02-4651-bbe3-458743ac3a55","readiness":{"kind":"ready","scope":"transport_screening","unknown":["lodgingBudget","dates"]},"sourceKind":"explicit_current_input","goalVersion":1,"memoryBasis":[],"contextDigest":"36c5af951675422809503c0be0529abeb2c7535519d2c6c3a8f673427a9a1978","schemaVersion":"assistant-travel-current-basis/1","conversationId":"f5319948-aded-48bf-84ac-abb372122250","intakeRevision":1,"messageSequence":1,"readyForProvider":false},"qualifiedReadAfter":{"kind":"unavailable","reason":"stale_basis"},"state":{"text":"First China visit, ten days with partner, food and photography, relaxed pace.","work":1,"tasks":1,"intakes":1,"attempts":0,"capacity":0,"messages":2,"planning":1,"sequence":3,"goalVersion":1}}
2026-10-05T17:22:32.3961236Z # Subtest: same legacy admission request races atomically and creates one Task/Turn/artifact identity
2026-10-05T17:22:32.3961855Z ok 370 - same legacy admission request races atomically and creates one Task/Turn/artifact identity
2026-10-05T17:22:32.3962276Z   ---
2026-10-05T17:22:32.3962447Z   duration_ms: 714.81363
2026-10-05T17:22:32.3962795Z   type: 'test'
2026-10-05T17:22:32.3962961Z   ...
2026-10-05T17:22:32.3963374Z # Subtest: explicit correction versus legacy admission has one winner and the losing transaction rolls back
2026-10-05T17:22:32.3964097Z ok 371 - explicit correction versus legacy admission has one winner and the losing transaction rolls back
2026-10-05T17:22:32.3964463Z   ---
2026-10-05T17:22:32.3964622Z   duration_ms: 912.372008
2026-10-05T17:22:32.3964804Z   type: 'test'
2026-10-05T17:22:32.3964957Z   ...
2026-10-05T17:22:32.3965382Z # Subtest: controlled lock waits in both writer orders preserve rollback and never deadlock
2026-10-05T17:22:32.3965894Z ok 372 - controlled lock waits in both writer orders preserve rollback and never deadlock
2026-10-05T17:22:32.3966207Z   ---
2026-10-05T17:22:32.3966364Z   duration_ms: 5158.63543
2026-10-05T17:22:32.3966539Z   type: 'test'
2026-10-05T17:22:32.3966701Z   ...
2026-10-05T17:22:32.3968945Z # {"first":"correction","observedWait":"Lock","firstExit":0,"secondExit":3,"secondError":"ERROR:  SERVICE_TASK_CONFLICT\\nCONTEXT:  PL/pgSQL function public.submit_assistant_message_v1(uuid,uuid,uuid,uuid,text,text,text,uuid,integer,uuid,uuid,uuid) line 48 at RAISE\\nPL/pgSQL function public.submit_planning_comparison_v1(uuid,uuid,integer,uuid,uuid,uuid,uuid,uuid,uuid,uuid,uuid,uuid,text,text,jsonb) line 26 at assignment","state":{"text":"Explicit full correction to balanced pace","work":0,"tasks":0,"intakes":2,"attempts":0,"capacity":0,"messages":2,"planning":0,"sequence":3,"goalVersion":2}}
2026-10-05T17:22:32.3974354Z # {"first":"planning","observedWait":"Lock","firstExit":0,"secondExit":3,"secondError":"ERROR:  SERVICE_TASK_CONFLICT\\nCONTEXT:  PL/pgSQL function public.submit_assistant_travel_intake_v1(uuid,uuid,uuid,uuid,integer,integer,uuid,uuid,text,text,text,jsonb,jsonb) line 34 at RAISE","state":{"text":"First China visit, ten days with partner, food and photography, relaxed pace.","work":1,"tasks":1,"intakes":1,"attempts":0,"capacity":0,"messages":2,"planning":1,"sequence":3,"goalVersion":1}}
2026-10-05T17:22:32.3976973Z # Subtest: staged Task then nested old planning admission is rejected and fully rolled back
2026-10-05T17:22:32.3977818Z ok 373 - staged Task then nested old planning admission is rejected and fully rolled back
2026-10-05T17:22:32.3978330Z   ---
2026-10-05T17:22:32.3978760Z   duration_ms: 755.801796
2026-10-05T17:22:32.3979050Z   type: 'test'
2026-10-05T17:22:32.3979284Z   ...
2026-10-05T17:22:32.3981041Z # {"disprovenComposition":"stage_task_then_nested_v1","exit":3,"error":"ERROR:  SERVICE_TASK_CONFLICT\\nCONTEXT:  PL/pgSQL function public.submit_planning_comparison_v1(uuid,uuid,integer,uuid,uuid,uuid,uuid,uuid,uuid,uuid,uuid,uuid,text,text,jsonb) line 40 at RAISE","rollback":true}
2026-10-05T17:22:32.3982767Z # Subtest: v2 atomically binds new latest typed source with distinct digests and idempotent receipts
2026-10-05T17:22:32.3983684Z ok 374 - v2 atomically binds new latest typed source with distinct digests and idempotent receipts
2026-10-05T17:22:32.3984231Z   ---
2026-10-05T17:22:32.3984461Z   duration_ms: 1440.601354
2026-10-05T17:22:32.3984799Z   type: 'test'
2026-10-05T17:22:32.3985031Z   ...
2026-10-05T17:22:32.3991740Z # {"boundReceipt":{"kind":"accepted","goalId":"890d9410-87ad-4d74-96a7-09d7679b47c1","reused":false,"taskId":"42c972a1-a314-49db-88cd-f02ccb3724d8","turnId":"f7b868a7-e65c-4b8f-968f-9df13a1f7395","current":true,"messageId":"9dc07871-abe2-454e-a325-1a734cd26e1f","artifactId":"2c0cf1dc-a03c-4bfa-b96e-18a1e7e8ba18","goalVersion":1,"conversationId":"dc1c6245-7760-4e97-9031-589395b5f0c8","intakeRevision":2,"messageSequence":2,"readyForProvider":false,"executionAvailable":false,"intakeContextDigest":"92fc100b8960f72c20eca6c28ddb8c1cb6c223da53bb813df2dc97d24cb27605","planningContextDigest":"41a03acc0b0365662e6cdb14d4abc93aad618a1ea3c10c3277dc34bbbc47ad4b"},"historicalReceipt":{"kind":"accepted","goalId":"890d9410-87ad-4d74-96a7-09d7679b47c1","reused":true,"taskId":"42c972a1-a314-49db-88cd-f02ccb3724d8","turnId":"f7b868a7-e65c-4b8f-968f-9df13a1f7395","current":false,"messageId":"9dc07871-abe2-454e-a325-1a734cd26e1f","artifactId":"2c0cf1dc-a03c-4bfa-b96e-18a1e7e8ba18","goalVersion":1,"conversationId":"dc1c6245-7760-4e97-9031-589395b5f0c8","intakeRevision":2,"messageSequence":2,"readyForProvider":false,"executionAvailable":false},"revokedExit":3}
2026-10-05T17:22:32.3997237Z # Subtest: v2 rejects changed projection, identities, schema and Memory refs without provisional writes
2026-10-05T17:22:32.3998203Z ok 375 - v2 rejects changed projection, identities, schema and Memory refs without provisional writes
2026-10-05T17:22:32.3998740Z   ---
2026-10-05T17:22:32.3998973Z   duration_ms: 8024.188598
2026-10-05T17:22:32.3999239Z   type: 'test'
2026-10-05T17:22:32.3999641Z   ...
2026-10-05T17:22:32.4000308Z # Subtest: v2 source sequence is exact while new sequence follows the SQL conversation allocator
2026-10-05T17:22:32.4001228Z ok 376 - v2 source sequence is exact while new sequence follows the SQL conversation allocator
2026-10-05T17:22:32.4001878Z   ---
2026-10-05T17:22:32.4002104Z   duration_ms: 657.64488
2026-10-05T17:22:32.4002378Z   type: 'test'
2026-10-05T17:22:32.4002612Z   ...
2026-10-05T17:22:32.4003075Z # Subtest: v2 same-key and different-key races preserve one exact atomic binding
2026-10-05T17:22:32.4003788Z ok 377 - v2 same-key and different-key races preserve one exact atomic binding
2026-10-05T17:22:32.4004232Z   ---
2026-10-05T17:22:32.4004450Z   duration_ms: 1694.368265
2026-10-05T17:22:32.4004716Z   type: 'test'
2026-10-05T17:22:32.4004955Z   ...
2026-10-05T17:22:32.4005535Z # Subtest: v2 late private binding failure rolls back message, intake, Task, work and enforced capacity
2026-10-05T17:22:32.4006460Z ok 378 - v2 late private binding failure rolls back message, intake, Task, work and enforced capacity
2026-10-05T17:22:32.4006978Z   ---
2026-10-05T17:22:32.4007204Z   duration_ms: 1119.283074
2026-10-05T17:22:32.4007470Z   type: 'test'
2026-10-05T17:22:32.4007715Z   ...
2026-10-05T17:22:32.4008351Z # Subtest: synthetic valid v2 lease cannot use any legacy read, dispatch, checkpoint or completion entry
2026-10-05T17:22:32.4009530Z ok 379 - synthetic valid v2 lease cannot use any legacy read, dispatch, checkpoint or completion entry
2026-10-05T17:22:32.4010082Z   ---
2026-10-05T17:22:32.4010320Z   duration_ms: 5387.673486
2026-10-05T17:22:32.4010584Z   type: 'test'
2026-10-05T17:22:32.4010802Z   ...
2026-10-05T17:22:32.4015382Z # {"legacyEntriesBlocked":["read_text_work","authorize_text_dispatch","authorize_text_task_dispatch","complete_text_work","read_grounded_work","authorize_grounded_dispatch","complete_grounded_work","complete_grounded_work_with_needs","complete_grounded_place_work","finish_turn_work","claim_planning_action_v1","finish_planning_action_v1","read_planning_comparison_work_v1","authorize_planning_read_v1","authorize_planning_dispatch_v1","pause_planning_comparison_v1","complete_planning_observation_v1","read_planning_observations_v1","complete_planning_comparison_v1"],"validLease":"4c3bc206-18e4-400c-8bed-2b3779dee0fe","qualifiedIntakeDigest":"d397a4ed824fabbdf2fe8b275fe43641ca5a5fdeeff705490f1eacec1a443511","planningContextDigest":"0f08ab1b260cc6129c9d93839222079503459bf8c09239968fc791ea79186709","dispatches":0,"artifacts":0,"events":0}
2026-10-05T17:22:32.4019125Z # Subtest: common actor lock serializes the mixed legacy C/G-to-Task writer and v2 rolls back
2026-10-05T17:22:32.4019918Z ok 380 - common actor lock serializes the mixed legacy C/G-to-Task writer and v2 rolls back
2026-10-05T17:22:32.4020385Z   ---
2026-10-05T17:22:32.4020607Z   duration_ms: 4882.830222
2026-10-05T17:22:32.4020976Z   type: 'test'
2026-10-05T17:22:32.4021196Z   ...
2026-10-05T17:22:32.4028077Z # {"owner":"51afc862-7e00-461b-9d6c-d8be1c40f9c4","goal":"bab0744f-3c50-4d73-a46e-5d8445c15aa2","sourceMessage":"59d0cf18-d9fe-44fe-bce8-031350f931ed","legacyMessage":"c53ea0ec-5249-4acd-aaad-5e123365d905","legacyTask":"0f15fe79-d3f7-4029-9869-aba39803e911","candidateTask":"1a0d82f4-9f79-4f11-91e2-f124be1592eb","candidateTurn":"89e1f5ef-14e0-47ec-a650-3b5b32385f52","candidateMessage":"ea186ac8-33ca-4348-af01-8aff3a9243ae","lockChain":[{"wait":"Lock","blockedBy":["vpj80-mixed-7342ac1c-task"],"application":"vpj80-mixed-7342ac1c-legacy"},{"wait":"Lock","blockedBy":["vpj80-mixed-7342ac1c-legacy"],"application":"vpj80-mixed-7342ac1c-candidate"}],"holderExit":0,"legacyExit":0,"legacyReceipt":{"kind":"accepted","goalId":"bab0744f-3c50-4d73-a46e-5d8445c15aa2","reused":false,"turnId":null,"sequence":4,"messageId":"c53ea0ec-5249-4acd-aaad-5e123365d905","scopeVersion":2,"conversationId":"aea12462-b23a-41ea-b423-9d34e6dd8d11"},"legacyObservedWait":"Lock","commonActorGate":"text_owner -> guard_mobile_rpc_v2 account UPDATE","v2Exit":3,"v2Error":"ERROR:  SERVICE_TASK_CONFLICT\\nCONTEXT:  PL/pgSQL function public.submit_planning_comparison_v2(uuid,uuid,integer,uuid,uuid,uuid,uuid,uuid,uuid,uuid,uuid,uuid,text,text,jsonb,uuid,bigint,integer,text,jsonb) line 59 at RAISE","legacyCompleted":true,"provisionalRollback":true}
2026-10-05T17:22:32.4034151Z # Subtest: v2 ACL, foreign actor/session and policy withdrawal preserve zero admission effects
2026-10-05T17:22:32.4034954Z ok 381 - v2 ACL, foreign actor/session and policy withdrawal preserve zero admission effects
2026-10-05T17:22:32.4035437Z   ---
2026-10-05T17:22:32.4035660Z   duration_ms: 3248.641868
2026-10-05T17:22:32.4035918Z   type: 'test'
2026-10-05T17:22:32.4036136Z   ...
2026-10-05T17:22:32.4036625Z # Subtest: v2 exact Memory set is canonical, retained and rechecked for update/withdrawal
2026-10-05T17:22:32.4037354Z ok 382 - v2 exact Memory set is canonical, retained and rechecked for update/withdrawal
2026-10-05T17:22:32.4037792Z   ---
2026-10-05T17:22:32.4037999Z   duration_ms: 3435.160219
2026-10-05T17:22:32.4038248Z   type: 'test'
2026-10-05T17:22:32.4038454Z   ...
2026-10-05T17:22:32.4039003Z # Subtest: v2 conversation NOWAIT fails fast after provisional Task admission with complete rollback
2026-10-05T17:22:32.4039853Z ok 383 - v2 conversation NOWAIT fails fast after provisional Task admission with complete rollback
2026-10-05T17:22:32.4040365Z   ---
2026-10-05T17:22:32.4040577Z   duration_ms: 2713.135083
2026-10-05T17:22:32.4040941Z   type: 'test'
2026-10-05T17:22:32.4041160Z   ...
2026-10-05T17:22:32.4041418Z # {"nowaitExit":3,"rollback":true}
2026-10-05T17:22:32.4041982Z # Subtest: legacy text and v1 planning still commit under the appended v2 isolation guards
2026-10-05T17:22:32.4042711Z ok 384 - legacy text and v1 planning still commit under the appended v2 isolation guards
2026-10-05T17:22:32.4043149Z   ---
2026-10-05T17:22:32.4043373Z   duration_ms: 3988.381086
2026-10-05T17:22:32.4043615Z   type: 'test'
2026-10-05T17:22:32.4043826Z   ...
2026-10-05T17:22:32.4044378Z # Subtest: binding metadata export is service-only bounded owner pagination with safe cascade deletion
2026-10-05T17:22:32.4045224Z ok 385 - binding metadata export is service-only bounded owner pagination with safe cascade deletion
2026-10-05T17:22:32.4045716Z   ---
2026-10-05T17:22:32.4045931Z   duration_ms: 3523.967048
2026-10-05T17:22:32.4046176Z   type: 'test'
2026-10-05T17:22:32.4046382Z   ...
2026-10-05T17:22:32.4047012Z # Subtest: actual SQL serializer matches independent hardcoded UTF8 vectors and inclusive65536 hashes byte for byte
2026-10-05T17:22:32.4047980Z ok 386 - actual SQL serializer matches independent hardcoded UTF8 vectors and inclusive65536 hashes byte for byte
2026-10-05T17:22:32.4048518Z   ---
2026-10-05T17:22:32.4048733Z   duration_ms: 17668.370375
2026-10-05T17:22:32.4048983Z   type: 'test'
2026-10-05T17:22:32.4049189Z   ...
2026-10-05T17:22:32.4049855Z # {"sources":"all current-checkout migrations and golden constants","vectors":3,"exactBoundaryBytes":65536,"network":"none"}
2026-10-05T17:22:32.4050957Z # Subtest: actual SQL returns NULL for invalid closed fields/canonical tuple and cannot accept unsupported Unicode
2026-10-05T17:22:32.4052013Z ok 387 - actual SQL returns NULL for invalid closed fields/canonical tuple and cannot accept unsupported Unicode
2026-10-05T17:22:32.4052560Z   ---
2026-10-05T17:22:32.4052927Z   duration_ms: 2171.682528
2026-10-05T17:22:32.4053173Z   type: 'test'
2026-10-05T17:22:32.4053378Z   ...
2026-10-05T17:22:32.4053963Z # Subtest: actual SQL independently validates TS output/usage digests and rejects tamper without API EXECUTE
2026-10-05T17:22:32.4054907Z ok 388 - actual SQL independently validates TS output/usage digests and rejects tamper without API EXECUTE
2026-10-05T17:22:32.4055461Z   ---
2026-10-05T17:22:32.4055679Z   duration_ms: 1291.131919
2026-10-05T17:22:32.4055938Z   type: 'test'
2026-10-05T17:22:32.4056148Z   ...
2026-10-05T17:22:32.4056726Z # Subtest: actual current SQL batch default closed and administrator fixture claim has exact fixed wire
2026-10-05T17:22:32.4057597Z ok 389 - actual current SQL batch default closed and administrator fixture claim has exact fixed wire
2026-10-05T17:22:32.4058100Z   ---
2026-10-05T17:22:32.4058307Z   duration_ms: 17228.93583
2026-10-05T17:22:32.4058551Z   type: 'test'
2026-10-05T17:22:32.4058893Z   ...
2026-10-05T17:22:32.4059573Z # Subtest: administrator-synthetic exact whole batch publishes atomically; lost ACK uses current completed receipt only
2026-10-05T17:22:32.4060624Z ok 390 - administrator-synthetic exact whole batch publishes atomically; lost ACK uses current completed receipt only
2026-10-05T17:22:32.4061317Z   ---
2026-10-05T17:22:32.4061530Z   duration_ms: 2965.029713
2026-10-05T17:22:32.4061775Z   type: 'test'
2026-10-05T17:22:32.4061981Z   ...
2026-10-05T17:22:32.4062560Z # LOCAL_ADMIN_FIXTURE_ONLY: network none Unix socket; no signed collector, provider send or real fee origin
2026-10-05T17:22:32.4063533Z # Subtest: staging admin claims never acquire collector principal; source/profile stop and bounded map leaf allowance
2026-10-05T17:22:32.4064523Z ok 391 - staging admin claims never acquire collector principal; source/profile stop and bounded map leaf allowance
2026-10-05T17:22:32.4065083Z   ---
2026-10-05T17:22:32.4065289Z   duration_ms: 3234.777301
2026-10-05T17:22:32.4065545Z   type: 'test'
2026-10-05T17:22:32.4065754Z   ...
2026-10-05T17:22:32.4066434Z # Subtest: late capacity/publisher failures rollback all completion writes, wrong content/proof/transaction never publish
2026-10-05T17:22:32.4067488Z ok 392 - late capacity/publisher failures rollback all completion writes, wrong content/proof/transaction never publish
2026-10-05T17:22:32.4068072Z   ---
2026-10-05T17:22:32.4068279Z   duration_ms: 4484.017543
2026-10-05T17:22:32.4068526Z   type: 'test'
2026-10-05T17:22:32.4068733Z   ...
2026-10-05T17:22:32.4069418Z # Subtest: fresh completed place and trusted settled output recover under a new qualified lease without a second paid attempt
2026-10-05T17:22:32.4070474Z ok 393 - fresh completed place and trusted settled output recover under a new qualified lease without a second paid attempt
2026-10-05T17:22:32.4071171Z   ---
2026-10-05T17:22:32.4071382Z   duration_ms: 6325.52368
2026-10-05T17:22:32.4071628Z   type: 'test'
2026-10-05T17:22:32.4071834Z   ...
2026-10-05T17:22:32.4072577Z # Subtest: real NULL-scope admission rejects invalid currency atomically; ledger bridge never releases dispatched or falsifies actual
2026-10-05T17:22:32.4073733Z ok 394 - real NULL-scope admission rejects invalid currency atomically; ledger bridge never releases dispatched or falsifies actual
2026-10-05T17:22:32.4074356Z   ---
2026-10-05T17:22:32.4074568Z   duration_ms: 4041.319015
2026-10-05T17:22:32.4074812Z   type: 'test'
2026-10-05T17:22:32.4075017Z   ...
2026-10-05T17:22:32.4075740Z # Subtest: publication proof cannot be reused in its transaction; ordinary roles denied; legacy service publisher retains exact path
2026-10-05T17:22:32.4076880Z ok 395 - publication proof cannot be reused in its transaction; ordinary roles denied; legacy service publisher retains exact path
2026-10-05T17:22:32.4077486Z   ---
2026-10-05T17:22:32.4077695Z   duration_ms: 3827.738727
2026-10-05T17:22:32.4077937Z   type: 'test'
2026-10-05T17:22:32.4078141Z   ...
2026-10-05T17:22:32.4079217Z # Subtest: actual model step authorizes reserved SQL before dispatch and reaches mock provider once without post-dispatch permission forgery
2026-10-05T17:22:32.4080584Z ok 396 - actual model step authorizes reserved SQL before dispatch and reaches mock provider once without post-dispatch permission forgery
2026-10-05T17:22:32.4081333Z   ---
2026-10-05T17:22:32.4081541Z   duration_ms: 3515.168356
2026-10-05T17:22:32.4081798Z   type: 'test'
2026-10-05T17:22:32.4082007Z   ...
2026-10-05T17:22:32.4082798Z # ACTUAL_SQL_AUTHORITY_AND_BUDGET_BRIDGE; administrator local fixture + mock supplier response only, no signed collector or real provider/fees
2026-10-05T17:22:38.6273434Z # Subtest: transactional migration and current exact identity nonnull active lease gate
2026-10-05T17:22:38.6285618Z ok 397 - transactional migration and current exact identity nonnull active lease gate
2026-10-05T17:22:38.6287229Z   ---
2026-10-05T17:22:38.6287880Z   duration_ms: 20893.303178
2026-10-05T17:22:38.6288901Z   type: 'test'
2026-10-05T17:22:38.6306998Z   ...
2026-10-05T17:22:38.6308121Z # {"network":"none","container":"vpj78-checkpoints-f72522f2","base":"a9e02f3a","migration":"20261003040000_vpj78_v2_durable_checkpoints.sql","providerCalls":0}
2026-10-05T17:22:38.6309486Z # Subtest: concurrent claim holds one started receipt and duplicate cannot mint another request
2026-10-05T17:22:38.6310510Z ok 398 - concurrent claim holds one started receipt and duplicate cannot mint another request
2026-10-05T17:22:38.6312387Z   ---
2026-10-05T17:22:38.6312776Z   duration_ms: 2199.745292
2026-10-05T17:22:38.6313205Z   type: 'test'
2026-10-05T17:22:38.6313570Z   ...
2026-10-05T17:22:38.6314311Z # Subtest: started crash or unknown remains durable and lease rotation cannot redo or save the claim
2026-10-05T17:22:38.6315367Z ok 399 - started crash or unknown remains durable and lease rotation cannot redo or save the claim
2026-10-05T17:22:38.6316030Z   ---
2026-10-05T17:22:38.6316394Z   duration_ms: 4496.105784
2026-10-05T17:22:38.6316794Z   type: 'test'
2026-10-05T17:22:38.6317160Z   ...
2026-10-05T17:22:38.6317929Z # Subtest: save commit lost response recovers through fresh process read only, including active new lease
2026-10-05T17:22:38.6319010Z ok 400 - save commit lost response recovers through fresh process read only, including active new lease
2026-10-05T17:22:38.6320445Z   ---
2026-10-05T17:22:38.6321350Z   duration_ms: 2027.948381
2026-10-05T17:22:38.6322091Z   type: 'test'
2026-10-05T17:22:38.6324680Z   ...
2026-10-05T17:22:38.6325531Z # Subtest: closed source environment freshness and numeric ranges reject malformed observations without reset
2026-10-05T17:22:38.6328214Z ok 401 - closed source environment freshness and numeric ranges reject malformed observations without reset
2026-10-05T17:22:38.6347986Z   ---
2026-10-05T17:22:38.6371394Z   duration_ms: 6543.028047
2026-10-05T17:22:38.6377880Z   type: 'test'
2026-10-05T17:22:38.6378910Z   ...
2026-10-05T17:22:50.6380354Z # Subtest: ordinary correction and policy/Memory withdrawals block reuse and old writes while retaining receipt
2026-10-05T17:22:50.6429619Z ok 402 - ordinary correction and policy/Memory withdrawals block reuse and old writes while retaining receipt
2026-10-05T17:22:50.6433587Z   ---
2026-10-05T17:22:50.6434191Z   duration_ms: 12013.293754
2026-10-05T17:22:50.6434659Z   type: 'test'
2026-10-05T17:22:50.6435205Z   ...
2026-10-05T17:22:57.3658563Z # Subtest: model ledger is readonly and ambiguous/unknown/active/settled attempts never become none or permit claim
2026-10-05T17:22:57.3759009Z ok 403 - model ledger is readonly and ambiguous/unknown/active/settled attempts never become none or permit claim
2026-10-05T17:22:57.3807457Z   ---
2026-10-05T17:22:57.3832387Z   duration_ms: 6721.956627
2026-10-05T17:22:57.3835138Z   type: 'test'
2026-10-05T17:22:57.3835394Z   ...
2026-10-05T17:23:01.8777139Z # Subtest: private API privileges and immutable row identity leave completion fences intact
2026-10-05T17:23:01.8778057Z ok 404 - private API privileges and immutable row identity leave completion fences intact
2026-10-05T17:23:01.8784177Z   ---
2026-10-05T17:23:01.8786786Z   duration_ms: 4521.719759
2026-10-05T17:23:01.8789835Z   type: 'test'
2026-10-05T17:23:01.8791460Z   ...
2026-10-05T17:23:05.0322849Z # Subtest: bounded service owner keyset export hides lease and cascade removes only the selected owner
2026-10-05T17:23:05.0333071Z ok 405 - bounded service owner keyset export hides lease and cascade removes only the selected owner
2026-10-05T17:23:05.0342256Z   ---
2026-10-05T17:23:05.0342622Z   duration_ms: 3153.576426
2026-10-05T17:23:05.0343103Z   type: 'test'
2026-10-05T17:23:05.0343538Z   ...
2026-10-05T17:23:06.3783181Z # Subtest: strict injected private ports recover saved receipt in a new process without Map or replay
2026-10-05T17:23:06.3834112Z ok 406 - strict injected private ports recover saved receipt in a new process without Map or replay
2026-10-05T17:23:06.3835211Z   ---
2026-10-05T17:23:06.3835658Z   duration_ms: 1344.890247
2026-10-05T17:23:06.3836105Z   type: 'test'
2026-10-05T17:23:06.3836835Z   ...
2026-10-05T17:23:24.8384536Z # Subtest: the same UTC millisecond observation matches SQL, strict adapter and current worker date acceptance
2026-10-05T17:23:24.8392129Z ok 407 - the same UTC millisecond observation matches SQL, strict adapter and current worker date acceptance
2026-10-05T17:23:24.8401552Z   ---
2026-10-05T17:23:24.8401939Z   duration_ms: 18460.429137
2026-10-05T17:23:24.8402321Z   type: 'test'
2026-10-05T17:23:24.8402646Z   ...
2026-10-05T17:23:24.8403907Z # {"case":"future","generatedAt":"2026-10-05T17:23:23.330Z","observedAt":"2026-10-05T17:24:23.330Z","serverAfter":"2026-10-05T17:23:23.505Z","futureDeltaMs":59824.56494140625,"unchangedMaxFutureMs":5000}
2026-10-05T17:23:24.8411311Z # {"workerSource":"current normal import","workerSha256":"2779289970e1b367d0302a3ee208f43f45eb22bbbb9508ea82847759bab01206","SQLSource":"current40000","matrix":[{"name":"utc-seconds","SQL":true,"adapter":true,"worker":true},{"name":"utc-tenths","SQL":true,"adapter":true,"worker":true},{"name":"utc-hundredths","SQL":true,"adapter":true,"worker":true},{"name":"utc-milliseconds","SQL":true,"adapter":true,"worker":true},{"name":"zero-offset","SQL":false,"adapter":false,"worker":false},{"name":"positive-offset","SQL":false,"adapter":false,"worker":false},{"name":"negative-offset","SQL":false,"adapter":false,"worker":false},{"name":"fraction-four","SQL":false,"adapter":false,"worker":false},{"name":"microseconds","SQL":false,"adapter":false,"worker":false},{"name":"invalid-calendar","SQL":false,"adapter":false,"worker":false},{"name":"hour-24","SQL":false,"adapter":false,"worker":false},{"name":"leap-second","SQL":false,"adapter":false,"worker":false},{"name":"expired","SQL":false,"adapter":false,"worker":false},{"name":"future","SQL":false,"adapter":false,"worker":false},{"name":"date-array","SQL":false,"adapter":false,"worker":false}],"providerCalls":0,"preparationProbeOnly":true}
2026-10-05T17:23:25.4726506Z # Subtest: exact serializer bytes make one loopback HTTP round trip and strict real SQL response readback survives lost write ACK
2026-10-05T17:23:25.4734095Z ok 408 - exact serializer bytes make one loopback HTTP round trip and strict real SQL response readback survives lost write ACK
2026-10-05T17:23:25.4734871Z   ---
2026-10-05T17:23:25.4735221Z   duration_ms: 19326.959175
2026-10-05T17:23:25.4735626Z   type: 'test'
2026-10-05T17:23:25.4735985Z   ...
2026-10-05T17:23:25.4737156Z # {"source":"current-checkout SQL/TS","providerSends":1,"exactBytes":true,"readRevision":3,"providerOriginVerified":false,"actualMicros":"synthetic known zero; ledger remains dispatched"}
2026-10-05T17:23:25.4738704Z # Subtest: local transport timeout becomes sticky unknown without retry or lease adoption
2026-10-05T17:23:25.4740225Z ok 409 - local transport timeout becomes sticky unknown without retry or lease adoption
2026-10-05T17:23:25.4741095Z   ---
2026-10-05T17:23:25.4741473Z   duration_ms: 2858.651198
2026-10-05T17:23:25.4741851Z   type: 'test'
2026-10-05T17:23:25.4742199Z   ...
2026-10-05T17:23:25.4743318Z # {"mode":"timeout","providerSends":1,"stickyUnknown":true,"providerOriginVerified":false,"ledgerUnchanged":true}
2026-10-05T17:23:25.4744506Z # Subtest: local transport disconnected becomes sticky unknown without retry or lease adoption
2026-10-05T17:23:25.4745901Z ok 410 - local transport disconnected becomes sticky unknown without retry or lease adoption
2026-10-05T17:23:25.4755061Z   ---
2026-10-05T17:23:25.4755449Z   duration_ms: 2168.959778
2026-10-05T17:23:25.4755888Z   type: 'test'
2026-10-05T17:23:25.4756243Z   ...
2026-10-05T17:23:25.4757126Z # {"mode":"disconnected","providerSends":1,"stickyUnknown":true,"providerOriginVerified":false,"ledgerUnchanged":true}
2026-10-05T17:23:27.6491547Z # Subtest: first binding only reserved/live scope and exact full tuple, zero ledger writes
2026-10-05T17:23:27.6507837Z ok 411 - first binding only reserved/live scope and exact full tuple, zero ledger writes
2026-10-05T17:23:27.6511097Z   ---
2026-10-05T17:23:27.6512587Z   duration_ms: 21362.214798
2026-10-05T17:23:27.6514083Z   type: 'test'
2026-10-05T17:23:27.6565847Z   ...
2026-10-05T17:23:27.6567480Z # {"network":"none","container":"vpj78-model-binding-4f406d7f","base":"f97ecc5d","migration":"20261003050000_vpj78_v2_model_attempt_binding.sql","providerCalls":0}
2026-10-05T17:23:27.6615415Z # Subtest: dispatched/pending/settled/released cannot receive retroactive first binding
2026-10-05T17:23:27.6617060Z ok 412 - dispatched/pending/settled/released cannot receive retroactive first binding
2026-10-05T17:23:27.6630415Z   ---
2026-10-05T17:23:27.6631259Z   duration_ms: 9041.578263
2026-10-05T17:23:27.6631711Z   type: 'test'
2026-10-05T17:23:27.6632176Z   ...
2026-10-05T17:23:27.6633026Z # Subtest: same binding reports exact subsequent ledger states and sticky unknown without rewriting budget
2026-10-05T17:23:27.6634252Z ok 413 - same binding reports exact subsequent ledger states and sticky unknown without rewriting budget
2026-10-05T17:23:27.6634983Z   ---
2026-10-05T17:23:27.6635397Z   duration_ms: 3973.802699
2026-10-05T17:23:27.6635856Z   type: 'test'
2026-10-05T17:23:27.6636241Z   ...
2026-10-05T17:23:27.6636951Z # Subtest: basis/policy/session/lease/scope mismatch blocks even a stored settled receipt
2026-10-05T17:23:27.6638421Z ok 414 - basis/policy/session/lease/scope mismatch blocks even a stored settled receipt
2026-10-05T17:23:27.6638954Z   ---
2026-10-05T17:23:27.6639224Z   duration_ms: 12551.908676
2026-10-05T17:23:27.6639521Z   type: 'test'
2026-10-05T17:23:27.6639792Z   ...
2026-10-05T17:23:27.6640207Z # Subtest: extra/unknown attempts cannot become none or permit a new attempt
2026-10-05T17:23:27.6641484Z ok 415 - extra/unknown attempts cannot become none or permit a new attempt
2026-10-05T17:23:27.6641973Z   ---
2026-10-05T17:23:27.6642277Z   duration_ms: 2584.230904
2026-10-05T17:23:27.6642556Z   type: 'test'
2026-10-05T17:23:27.6642792Z   ...
2026-10-05T17:23:27.6643464Z # Subtest: controlled reserve and settle lock orders fail closed without partial bindings or deadlock
2026-10-05T17:23:27.6644481Z ok 416 - controlled reserve and settle lock orders fail closed without partial bindings or deadlock
2026-10-05T17:23:27.6645042Z   ---
2026-10-05T17:23:27.6645295Z   duration_ms: 4372.239959
2026-10-05T17:23:27.6645583Z   type: 'test'
2026-10-05T17:23:27.6645826Z   ...
2026-10-05T17:23:27.6646465Z # {"mode":"reserve","held":"Task->scope","conflict":"blocked","partialBinding":false,"providerCalls":0}
2026-10-05T17:23:27.6647445Z # {"mode":"settle","held":"scope->attempt","conflict":"blocked","partialBinding":false,"providerCalls":0}
2026-10-05T17:23:27.6648427Z # Subtest: account-held session revocation commits before qualification, with no partial binding
2026-10-05T17:23:27.6649396Z ok 417 - account-held session revocation commits before qualification, with no partial binding
2026-10-05T17:23:27.6649951Z   ---
2026-10-05T17:23:27.6650200Z   duration_ms: 2108.826581
2026-10-05T17:23:27.6650508Z   type: 'test'
2026-10-05T17:23:27.6650749Z   ...
2026-10-05T17:23:27.6651475Z # Synthetic old Auth session deletion under account lock; real native session API remains UNRUN
2026-10-05T17:23:27.6652585Z # Subtest: private binding ACL/immutable keys retain v2 completion fences
2026-10-05T17:23:27.6653319Z ok 418 - private binding ACL/immutable keys retain v2 completion fences
2026-10-05T17:23:27.6653781Z   ---
2026-10-05T17:23:27.6654030Z   duration_ms: 2653.207048
2026-10-05T17:23:27.6654330Z   type: 'test'
2026-10-05T17:23:27.6654573Z   ...
2026-10-05T17:23:30.7252620Z # Subtest: concurrent identical attempt binds once while real cross actor/Task/attempt and expired lease fail
2026-10-05T17:23:30.7293220Z ok 419 - concurrent identical attempt binds once while real cross actor/Task/attempt and expired lease fail
2026-10-05T17:23:30.7317338Z   ---
2026-10-05T17:23:30.7318196Z   duration_ms: 3083.945164
2026-10-05T17:23:30.7318717Z   type: 'test'
2026-10-05T17:23:30.7319089Z   ...
2026-10-05T17:23:36.9045362Z # Subtest: controlled ordinary Memory/source correction commits before current basis and leaves no binding or ledger write
2026-10-05T17:23:36.9047687Z ok 420 - controlled ordinary Memory/source correction commits before current basis and leaves no binding or ledger write
2026-10-05T17:23:36.9048709Z   ---
2026-10-05T17:23:36.9049193Z   duration_ms: 6179.35764
2026-10-05T17:23:36.9049696Z   type: 'test'
2026-10-05T17:23:36.9050093Z   ...
2026-10-05T17:23:36.9051183Z # {"change":"memory","qualificationAfterCommit":true,"partialBinding":false,"providerCalls":0}
2026-10-05T17:23:36.9052425Z # {"change":"source","qualificationAfterCommit":true,"partialBinding":false,"providerCalls":0}
2026-10-05T17:23:38.0934216Z # Subtest: existing v1 dispatch still uses its old authority; private v2 binding never grants it
2026-10-05T17:23:38.0944289Z ok 421 - existing v1 dispatch still uses its old authority; private v2 binding never grants it
2026-10-05T17:23:38.0945014Z   ---
2026-10-05T17:23:38.0945382Z   duration_ms: 1189.189602
2026-10-05T17:23:38.0945680Z   type: 'test'
2026-10-05T17:23:38.0946129Z   ...
2026-10-05T17:23:38.7135626Z # Subtest: real SQL request bytes equal lowercase shared golden hashes and JS Unicode/control/65536 boundaries
2026-10-05T17:23:38.7169758Z ok 422 - real SQL request bytes equal lowercase shared golden hashes and JS Unicode/control/65536 boundaries
2026-10-05T17:23:38.7170623Z   ---
2026-10-05T17:23:38.7171377Z   duration_ms: 15488.588588
2026-10-05T17:23:38.7171873Z   type: 'test'
2026-10-05T17:23:38.7172128Z   ...
2026-10-05T17:23:38.7173109Z # {"goldenSource":"4cc lowercase vectors, superseded final9c9 UUID rule","network":"none","container":"vpj78-journal-2a9a315b","providerCalls":0}
2026-10-05T17:23:38.7174577Z # Subtest: SQL independently validates closed output and recomputes exact fixed TS digest bytes
2026-10-05T17:23:38.7175647Z ok 423 - SQL independently validates closed output and recomputes exact fixed TS digest bytes
2026-10-05T17:23:38.7176345Z   ---
2026-10-05T17:23:38.7176728Z   duration_ms: 616.081269
2026-10-05T17:23:38.7177025Z   type: 'test'
2026-10-05T17:23:38.7177271Z   ...
2026-10-05T17:23:38.7178057Z # Subtest: real journal phases, no raw prompt storage, exact loss-ack readback and closed UTCms wire
2026-10-05T17:23:38.7179397Z ok 424 - real journal phases, no raw prompt storage, exact loss-ack readback and closed UTCms wire
2026-10-05T17:23:38.7180128Z   ---
2026-10-05T17:23:38.7180362Z   duration_ms: 2467.459685
2026-10-05T17:23:38.7181096Z   type: 'test'
2026-10-05T17:23:38.7181367Z   ...
2026-10-05T17:23:38.7182207Z # Subtest: settled amount must match, unknown sticky survives settlement, old lease refuses read/write
2026-10-05T17:23:38.7183565Z ok 425 - settled amount must match, unknown sticky survives settlement, old lease refuses read/write
2026-10-05T17:23:38.7184153Z   ---
2026-10-05T17:23:38.7184395Z   duration_ms: 3674.114534
2026-10-05T17:23:38.7184677Z   type: 'test'
2026-10-05T17:23:38.7184900Z   ...
2026-10-05T17:23:38.7185510Z # Subtest: concurrent response CAS has one winner, malformed/foreign observations and digests rejected
2026-10-05T17:23:38.7186451Z ok 426 - concurrent response CAS has one winner, malformed/foreign observations and digests rejected
2026-10-05T17:23:38.7187291Z   ---
2026-10-05T17:23:38.7187583Z   duration_ms: 2954.724626
2026-10-05T17:23:38.7187875Z   type: 'test'
2026-10-05T17:23:38.7188117Z   ...
2026-10-05T17:23:38.7188823Z # Subtest: malformed payload/observation, revised settled amount, expired lease and API roles remain closed
2026-10-05T17:23:38.7189902Z ok 427 - malformed payload/observation, revised settled amount, expired lease and API roles remain closed
2026-10-05T17:23:38.7190510Z   ---
2026-10-05T17:23:38.7190761Z   duration_ms: 6361.312074
2026-10-05T17:23:38.7191186Z   type: 'test'
2026-10-05T17:23:38.7191423Z   ...
2026-10-05T17:23:38.7192023Z # Subtest: journal identity/phase cannot reset and turn deletion cascades only its local row
2026-10-05T17:23:38.7192928Z ok 428 - journal identity/phase cannot reset and turn deletion cascades only its local row
2026-10-05T17:23:38.7193471Z   ---
2026-10-05T17:23:38.7193707Z   duration_ms: 2914.381471
2026-10-05T17:23:38.7194262Z   type: 'test'
2026-10-05T17:23:38.7194503Z   ...
2026-10-05T17:23:38.7195083Z # Subtest: NULL/non-string digest cannot bypass validator, response gate or table trigger
2026-10-05T17:23:38.7195982Z ok 429 - NULL/non-string digest cannot bypass validator, response gate or table trigger
2026-10-05T17:23:38.7277671Z   ---
2026-10-05T17:23:38.7278094Z   duration_ms: 4755.986813
2026-10-05T17:23:38.7278421Z   type: 'test'
2026-10-05T17:23:38.7278804Z   ...
2026-10-05T17:23:38.7279742Z # Subtest: real intent/send/response commits survive discarded write acknowledgments with exact qualified readback and no resend
2026-10-05T17:23:38.7281399Z ok 430 - real intent/send/response commits survive discarded write acknowledgments with exact qualified readback and no resend
2026-10-05T17:23:38.7282249Z   ---
2026-10-05T17:23:38.7282608Z   duration_ms: 18042.093133
2026-10-05T17:23:38.7282907Z   type: 'test'
2026-10-05T17:23:38.7283297Z   ...
2026-10-05T17:23:38.7284485Z # {"source":"all current-checkout migrations","discardedWriteACK":"controlled fixture","readKeys":19,"revision":3,"providerSends":0,"providerOriginVerified":false}
2026-10-05T17:23:38.7286161Z # Subtest: real SQL server timestamp truncation preserves internal microseconds and nullable phase fields for TS decoder
2026-10-05T17:23:38.7287481Z ok 431 - real SQL server timestamp truncation preserves internal microseconds and nullable phase fields for TS decoder
2026-10-05T17:23:38.7288254Z   ---
2026-10-05T17:23:38.7288518Z   duration_ms: 1309.003466
2026-10-05T17:23:38.7288828Z   type: 'test'
2026-10-05T17:23:38.7289078Z   ...
2026-10-05T17:23:38.7289827Z # Subtest: real unknown/original lease/current source and settled-amount conflict fail closed without changing recorded phase
2026-10-05T17:23:38.7291077Z ok 432 - real unknown/original lease/current source and settled-amount conflict fail closed without changing recorded phase
2026-10-05T17:23:38.7291705Z   ---
2026-10-05T17:23:38.7291929Z   duration_ms: 3467.081307
2026-10-05T17:23:38.7292204Z   type: 'test'
2026-10-05T17:23:38.7292440Z   ...
2026-10-05T17:23:38.7293223Z # Subtest: fixed NULL digest rejection returns strict false/blocked and preserves journal/ledger with trigger rollback
2026-10-05T17:23:38.7294409Z ok 433 - fixed NULL digest rejection returns strict false/blocked and preserves journal/ledger with trigger rollback
2026-10-05T17:23:38.7295190Z   ---
2026-10-05T17:23:38.7295446Z   duration_ms: 2502.350983
2026-10-05T17:23:38.7295711Z   type: 'test'
2026-10-05T17:23:38.7295931Z   ...
2026-10-05T17:23:44.2022527Z # Subtest: actual old worker read rejects the synthetic valid v2 lease; new protocol stops at prepared
2026-10-05T17:23:44.2024042Z ok 434 - actual old worker read rejects the synthetic valid v2 lease; new protocol stops at prepared
2026-10-05T17:23:44.2025009Z   ---
2026-10-05T17:23:44.2025405Z   duration_ms: 19714.788634
2026-10-05T17:23:44.2025869Z   type: 'test'
2026-10-05T17:23:44.2026239Z   ...
2026-10-05T17:23:44.2028026Z # {"container":"vpj80-v2-protocol-464ce838","privateSource":"current checkout actual migrations","oldRead":"blocked","protocol":"prepared","mapCalls":13,"modelAttempts":0,"artifacts":0,"publication":false}
2026-10-05T17:23:44.2029703Z # Subtest: decoder rejects swapped hashes, foreign identities and execution/publication capability inflation
2026-10-05T17:23:44.2031128Z ok 435 - decoder rejects swapped hashes, foreign identities and execution/publication capability inflation
2026-10-05T17:23:44.2031939Z   ---
2026-10-05T17:23:44.2032330Z   duration_ms: 779.398535
2026-10-05T17:23:44.2032760Z   type: 'test'
2026-10-05T17:23:44.2033138Z   ...
2026-10-05T17:23:44.2033971Z # Subtest: ordinary correction after response one prevents later requests and started/unknown effects never replay
2026-10-05T17:23:44.2035235Z ok 436 - ordinary correction after response one prevents later requests and started/unknown effects never replay
2026-10-05T17:23:44.2035976Z   ---
2026-10-05T17:23:44.2036343Z   duration_ms: 2436.292938
2026-10-05T17:23:44.2036715Z   type: 'test'
2026-10-05T17:23:44.2037317Z   ...
2026-10-05T17:23:44.2037986Z # Subtest: existing actual attempt states never cause a new tool/model invocation
2026-10-05T17:23:44.2038818Z ok 437 - existing actual attempt states never cause a new tool/model invocation
2026-10-05T17:23:44.2039391Z   ---
2026-10-05T17:23:44.2039754Z   duration_ms: 3129.507131
2026-10-05T17:23:44.2040135Z   type: 'test'
2026-10-05T17:23:44.2040454Z   ...
2026-10-05T17:23:44.2041319Z # Subtest: completed checkpoint survives a new process lease and persistence uncertainty does not replay
2026-10-05T17:23:44.2042430Z ok 438 - completed checkpoint survives a new process lease and persistence uncertainty does not replay
2026-10-05T17:23:44.2043261Z   ---
2026-10-05T17:23:44.2043705Z   duration_ms: 6523.694371
2026-10-05T17:23:44.2044470Z   type: 'test'
2026-10-05T17:23:44.2044842Z   ...
2026-10-05T17:23:54.7832204Z # Subtest: projection forgery or late correction cannot inflate prepared coverage or publication
2026-10-05T17:23:54.7833359Z ok 439 - projection forgery or late correction cannot inflate prepared coverage or publication
2026-10-05T17:23:54.7862544Z   ---
2026-10-05T17:23:54.7883207Z   duration_ms: 10582.115982
2026-10-05T17:23:54.7892473Z   type: 'test'
2026-10-05T17:23:54.7895417Z   ...
2026-10-05T17:23:55.6028482Z # Subtest: missing fake permit and nonlocal protocol mode send zero requests
2026-10-05T17:23:55.6034393Z ok 440 - missing fake permit and nonlocal protocol mode send zero requests
2026-10-05T17:23:55.6040769Z   ---
2026-10-05T17:23:55.6041360Z   duration_ms: 820.906515
2026-10-05T17:23:55.6041910Z   type: 'test'
2026-10-05T17:23:55.6042312Z   ...
2026-10-05T17:23:56.4619690Z # Subtest: released later attempt cannot hide an earlier unresolved effect
2026-10-05T17:23:56.4623216Z ok 441 - released later attempt cannot hide an earlier unresolved effect
2026-10-05T17:23:56.4623996Z   ---
2026-10-05T17:23:56.4624501Z   duration_ms: 858.153713
2026-10-05T17:23:56.4625086Z   type: 'test'
2026-10-05T17:23:56.4625492Z   ...
2026-10-05T17:23:57.5497879Z # Subtest: malformed scalar enums, dates beyond frozen bound and invalid clock fail before requests
2026-10-05T17:23:57.5501193Z ok 442 - malformed scalar enums, dates beyond frozen bound and invalid clock fail before requests
2026-10-05T17:23:57.5502071Z   ---
2026-10-05T17:23:57.5502667Z   duration_ms: 1090.451765
2026-10-05T17:23:57.5503252Z   type: 'test'
2026-10-05T17:23:57.5503638Z   ...
2026-10-05T17:24:00.2961663Z # Subtest: current-union real private adapter canonical Z claim/save and new lease readback do not repeat calls
2026-10-05T17:24:00.2963042Z ok 443 - current-union real private adapter canonical Z claim/save and new lease readback do not repeat calls
2026-10-05T17:24:00.2963673Z   ---
2026-10-05T17:24:00.2963933Z   duration_ms: 2747.09871
2026-10-05T17:24:00.2964223Z   type: 'test'
2026-10-05T17:24:00.2964454Z   ...
2026-10-05T17:24:00.2966161Z # {"checkpointSource":"current40000","workerSource":"current imported module","privateProjectionSource":"current03030000","timestampCoverage":"canonical Z milliseconds final union","mapCalls":13,"preparedOnly":true,"transportScalars":[{"operation":"save_planning_v2_place_v1","serializedScalar":"true"}]}
2026-10-05T17:24:03.7123491Z # Subtest: current-union private started/unknown and lost save acknowledgment use only durable readback
2026-10-05T17:24:03.7126410Z ok 444 - current-union private started/unknown and lost save acknowledgment use only durable readback
2026-10-05T17:24:03.7127466Z   ---
2026-10-05T17:24:03.7128013Z   duration_ms: 3416.04096
2026-10-05T17:24:03.7128549Z   type: 'test'
2026-10-05T17:24:03.7128812Z   ...
2026-10-05T17:24:03.7129862Z # {"sqlFunctionType":"boolean","rawRepeatScalar":"f","adapterUses":"to_jsonb(single function invocation)::text, explicit SQL NULL"}
2026-10-05T17:24:04.7890007Z # Subtest: current-union private current-source correction cannot rewrite started or replay
2026-10-05T17:24:04.7891342Z ok 445 - current-union private current-source correction cannot rewrite started or replay
2026-10-05T17:24:04.7892542Z   ---
2026-10-05T17:24:04.7892959Z   duration_ms: 1076.338209
2026-10-05T17:24:04.7893382Z   type: 'test'
2026-10-05T17:24:04.7893717Z   ...
2026-10-05T17:24:05.1433208Z # Subtest: fixed current binding yields exact TS projection in en/zh, no action/storage/execution authority and transactional migration rollback
2026-10-05T17:24:05.1444646Z ok 446 - fixed current binding yields exact TS projection in en/zh, no action/storage/execution authority and transactional migration rollback
2026-10-05T17:24:05.1445371Z   ---
2026-10-05T17:24:05.1445612Z   duration_ms: 19784.461625
2026-10-05T17:24:05.1445925Z   type: 'test'
2026-10-05T17:24:05.1446157Z   ...
2026-10-05T17:24:05.1446789Z # {"dependencies":"all current checkout migrations","network":"none","container":"vpj79-qualified-5a0d885a"}
2026-10-05T17:24:05.1447867Z # Subtest: wrong owner/source/lease/digests/locale and observation source/time/schema/ranges never produce a valid projection
2026-10-05T17:24:05.1449042Z ok 447 - wrong owner/source/lease/digests/locale and observation source/time/schema/ranges never produce a valid projection
2026-10-05T17:24:05.1449695Z   ---
2026-10-05T17:24:05.1449937Z   duration_ms: 2535.504014
2026-10-05T17:24:05.1450221Z   type: 'test'
2026-10-05T17:24:05.1450448Z   ...
2026-10-05T17:24:05.1451568Z # {"generatedAt":"2026-10-05T17:23:33.992Z","observedAt":"2026-10-05T17:24:33.992Z","serverAfter":"2026-10-05T17:23:34.162Z","futureDeltaMs":59829.384033203125,"unchangedMaxFutureMs":5000}
2026-10-05T17:24:05.1452965Z # Subtest: ordinary explicit correction, source hide and consent withdrawal invalidate the old bridge binding without historical fallback
2026-10-05T17:24:05.1454215Z ok 448 - ordinary explicit correction, source hide and consent withdrawal invalidate the old bridge binding without historical fallback
2026-10-05T17:24:05.1454885Z   ---
2026-10-05T17:24:05.1455118Z   duration_ms: 2422.915176
2026-10-05T17:24:05.1455381Z   type: 'test'
2026-10-05T17:24:05.1455600Z   ...
2026-10-05T17:24:05.1456291Z # Subtest: all API roles cannot execute private functions and valid preparation cannot remove v2 completion hard fences
2026-10-05T17:24:05.1457336Z ok 449 - all API roles cannot execute private functions and valid preparation cannot remove v2 completion hard fences
2026-10-05T17:24:05.1457911Z   ---
2026-10-05T17:24:05.1458135Z   duration_ms: 1692.690175
2026-10-05T17:24:05.1458390Z   type: 'test'
2026-10-05T17:24:05.1458604Z   ...
2026-10-05T17:24:05.1459190Z # Subtest: ordinary v2 message captures empty/Trip refs atomically, same key replay and no new task
2026-10-05T17:24:05.1460093Z ok 450 - ordinary v2 message captures empty/Trip refs atomically, same key replay and no new task
2026-10-05T17:24:05.1460600Z   ---
2026-10-05T17:24:05.1460823Z   duration_ms: 17988.204883
2026-10-05T17:24:05.1461255Z   type: 'test'
2026-10-05T17:24:05.1461469Z   ...
2026-10-05T17:24:05.1462133Z # {"network":"none","container":"vpj78-selected-src-8dc9274d","scope":"ordinary message/source refs","newPaidTasks":0}
2026-10-05T17:24:05.1463557Z # Subtest: selected artifact exact revision/current actor captured and own amendment is explicit previous reference
2026-10-05T17:24:05.1464657Z ok 451 - selected artifact exact revision/current actor captured and own amendment is explicit previous reference
2026-10-05T17:24:05.1465290Z   ---
2026-10-05T17:24:05.1465517Z   duration_ms: 2161.588813
2026-10-05T17:24:05.1465786Z   type: 'test'
2026-10-05T17:24:05.1466006Z   ...
2026-10-05T17:24:05.1466678Z # Subtest: two source-bound goal amendments have one CAS winner; stale/extra refs roll back and export has exact owner
2026-10-05T17:24:05.1467698Z ok 452 - two source-bound goal amendments have one CAS winner; stale/extra refs roll back and export has exact owner
2026-10-05T17:24:05.1468266Z   ---
2026-10-05T17:24:05.1468479Z   duration_ms: 1318.220131
2026-10-05T17:24:05.1468731Z   type: 'test'
2026-10-05T17:24:05.1469177Z   ...
2026-10-05T17:24:05.1470053Z # Subtest: qualified published evidence records exact scope/version and revocation blocks context without exposing private source
2026-10-05T17:24:05.1471553Z ok 453 - qualified published evidence records exact scope/version and revocation blocks context without exposing private source
2026-10-05T17:24:05.1472174Z   ---
2026-10-05T17:24:05.1472391Z   duration_ms: 1711.265054
2026-10-05T17:24:05.1472640Z   type: 'test'
2026-10-05T17:24:05.1472846Z   ...
2026-10-05T17:24:05.1473514Z # Subtest: new result revision is not latest fallback; source receipt is immutable and conversation deletion cascades
2026-10-05T17:24:05.1474498Z ok 454 - new result revision is not latest fallback; source receipt is immutable and conversation deletion cascades
2026-10-05T17:24:05.1475049Z   ---
2026-10-05T17:24:05.1475254Z   duration_ms: 1471.471949
2026-10-05T17:24:05.1475506Z   type: 'test'
2026-10-05T17:24:05.1475710Z   ...
2026-10-05T17:24:05.1476281Z # Subtest: previous-result purpose cannot resurrect a changed Memory dependency or withdrawn artifact
2026-10-05T17:24:05.1477172Z ok 455 - previous-result purpose cannot resurrect a changed Memory dependency or withdrawn artifact
2026-10-05T17:24:05.1477697Z   ---
2026-10-05T17:24:05.1477900Z   duration_ms: 2418.272768
2026-10-05T17:24:05.1478152Z   type: 'test'
2026-10-05T17:24:05.1478360Z   ...
2026-10-05T17:24:05.1478910Z # Subtest: actual v2 domain reader supports selected journey draft and decision without old v1fallback
2026-10-05T17:24:05.1479771Z ok 456 - actual v2 domain reader supports selected journey draft and decision without old v1fallback
2026-10-05T17:24:05.1480265Z   ---
2026-10-05T17:24:05.1480474Z   duration_ms: 17906.206461
2026-10-05T17:24:05.1480735Z   type: 'test'
2026-10-05T17:24:05.1481066Z   ...
2026-10-05T17:24:05.1481682Z # Subtest: practical translation uses actual domain projection; hide causes source refusal, not latest fallback
2026-10-05T17:24:05.1482636Z ok 457 - practical translation uses actual domain projection; hide causes source refusal, not latest fallback
2026-10-05T17:24:05.1483188Z   ---
2026-10-05T17:24:05.1483392Z   duration_ms: 1201.892852
2026-10-05T17:24:05.1483643Z   type: 'test'
2026-10-05T17:24:05.1483857Z   ...
2026-10-05T17:24:05.1484413Z # Subtest: new domain exact comparison historical self-amend remains first-party previous reference
2026-10-05T17:24:05.1485251Z ok 458 - new domain exact comparison historical self-amend remains first-party previous reference
2026-10-05T17:24:05.1485749Z   ---
2026-10-05T17:24:05.1485956Z   duration_ms: 887.62604
2026-10-05T17:24:05.1486204Z   type: 'test'
2026-10-05T17:24:05.1486413Z   ...
2026-10-05T17:24:05.1487330Z # {"network":"none","container":"vpj78-context-v2-010012ae","domainSource":"68bd4b4 actual checkout","sourceAdapter":"120000 appended","old090Modified":false,"providerCalls":0}
2026-10-05T17:24:05.3427464Z # Subtest: durable owner consent gates input; exact retries reuse and changed text rejects
2026-10-05T17:24:05.3428692Z ok 459 - durable owner consent gates input; exact retries reuse and changed text rejects
2026-10-05T17:24:05.3429261Z   ---
2026-10-05T17:24:05.3429513Z   duration_ms: 18375.983963
2026-10-05T17:24:05.3429844Z   type: 'test'
2026-10-05T17:24:05.3430437Z   ...
2026-10-05T17:24:05.3431316Z # Subtest: cross-owner/session and ordinary roles cannot access private text or service dispatch
2026-10-05T17:24:05.3432219Z ok 460 - cross-owner/session and ordinary roles cannot access private text or service dispatch
2026-10-05T17:24:05.3432731Z   ---
2026-10-05T17:24:05.3432979Z   duration_ms: 1011.107368
2026-10-05T17:24:05.3433243Z   type: 'test'
2026-10-05T17:24:05.3433478Z   ...
2026-10-05T17:24:05.3434076Z # Subtest: withdrawal persists across new clients and denies new attempts, late write and owner reads
2026-10-05T17:24:05.3435024Z ok 461 - withdrawal persists across new clients and denies new attempts, late write and owner reads
2026-10-05T17:24:05.3435602Z   ---
2026-10-05T17:24:05.3435829Z   duration_ms: 740.358493
2026-10-05T17:24:05.3436081Z   type: 'test'
2026-10-05T17:24:05.3436294Z   ...
2026-10-05T17:24:05.3436738Z # Subtest: recipient substitution, replay and policy revocation fail closed
2026-10-05T17:24:05.3438658Z ok 462 - recipient substitution, replay and policy revocation fail closed
2026-10-05T17:24:05.3439140Z   ---
2026-10-05T17:24:05.3439392Z   duration_ms: 717.935396
2026-10-05T17:24:05.3439680Z   type: 'test'
2026-10-05T17:24:05.3439930Z   ...
2026-10-05T17:24:05.3440472Z # Subtest: atomic output maps all five business outcomes to correct terminal, once
2026-10-05T17:24:05.3441484Z ok 463 - atomic output maps all five business outcomes to correct terminal, once
2026-10-05T17:24:05.3441996Z   ---
2026-10-05T17:24:05.3442251Z   duration_ms: 3225.912745
2026-10-05T17:24:05.3442547Z   type: 'test'
2026-10-05T17:24:05.3442791Z   ...
2026-10-05T17:24:05.3443195Z # Subtest: cancel and expired leases prevent late output; cancellation race has one terminal
2026-10-05T17:24:05.3443726Z ok 464 - cancel and expired leases prevent late output; cancellation race has one terminal
2026-10-05T17:24:05.3444143Z   ---
2026-10-05T17:24:05.3444381Z   duration_ms: 1580.194074
2026-10-05T17:24:05.3444673Z   type: 'test'
2026-10-05T17:24:05.3444937Z   ...
2026-10-05T17:24:05.8537283Z # Subtest: UTF-16 input/output limits and secret-bearing envelope alternatives are rejected
2026-10-05T17:24:05.8538011Z ok 465 - UTF-16 input/output limits and secret-bearing envelope alternatives are rejected
2026-10-05T17:24:05.8538358Z   ---
2026-10-05T17:24:05.8538535Z   duration_ms: 511.009385
2026-10-05T17:24:05.8538729Z   type: 'test'
2026-10-05T17:24:05.8538895Z   ...
2026-10-05T17:24:06.8551795Z # Subtest: deletion hides but retains consented content without resurrecting recreated IDs
2026-10-05T17:24:06.8552754Z ok 466 - deletion hides but retains consented content without resurrecting recreated IDs
2026-10-05T17:24:06.8553286Z   ---
2026-10-05T17:24:06.8553532Z   duration_ms: 996.953513
2026-10-05T17:24:06.8553827Z   type: 'test'
2026-10-05T17:24:06.8554073Z   ...
2026-10-05T17:24:10.7784912Z # Subtest: complete worker uses real SQL budget + controlled HTTP, persists validated outcomes and retains unknown charges
2026-10-05T17:24:10.7786434Z ok 467 - complete worker uses real SQL budget + controlled HTTP, persists validated outcomes and retains unknown charges
2026-10-05T17:24:10.7787182Z   ---
2026-10-05T17:24:10.7787463Z   duration_ms: 3927.834582
2026-10-05T17:24:10.7787804Z   type: 'test'
2026-10-05T17:24:10.7788091Z   ...
2026-10-05T17:24:11.7989557Z # Subtest: thread/user deletion lock barriers roll back busy work without deadlock or false cancellation
2026-10-05T17:24:11.7990503Z ok 468 - thread/user deletion lock barriers roll back busy work without deadlock or false cancellation
2026-10-05T17:24:11.7991617Z   ---
2026-10-05T17:24:11.7992010Z   duration_ms: 1020.59954
2026-10-05T17:24:11.7992305Z   type: 'test'
2026-10-05T17:24:11.7992865Z   ...
2026-10-05T17:24:12.6005135Z # Subtest: withdrawal at the final egress gate prevents HTTP even after budget dispatch
2026-10-05T17:24:12.6006127Z ok 469 - withdrawal at the final egress gate prevents HTTP even after budget dispatch
2026-10-05T17:24:12.6006953Z   ---
2026-10-05T17:24:12.6007637Z   duration_ms: 801.197328
2026-10-05T17:24:12.6007938Z   type: 'test'
2026-10-05T17:24:12.6008181Z   ...
2026-10-05T17:24:14.2474556Z # Subtest: cancel while provider is in flight rejects late answer; unknown extra fields never persist
2026-10-05T17:24:14.2475616Z ok 470 - cancel while provider is in flight rejects late answer; unknown extra fields never persist
2026-10-05T17:24:14.2476199Z   ---
2026-10-05T17:24:14.2476448Z   duration_ms: 1646.949617
2026-10-05T17:24:14.2476734Z   type: 'test'
2026-10-05T17:24:14.2476975Z   ...
2026-10-05T17:24:15.1585762Z # Subtest: unverified model usage retains the full budget hold instead of using the configured tariff
2026-10-05T17:24:15.1586947Z ok 471 - unverified model usage retains the full budget hold instead of using the configured tariff
2026-10-05T17:24:15.1587608Z   ---
2026-10-05T17:24:15.1587934Z   duration_ms: 910.715699
2026-10-05T17:24:15.1588290Z   type: 'test'
2026-10-05T17:24:15.1588614Z   ...
2026-10-05T17:24:24.9095160Z # Subtest: verified model charges survive business failures while unproved protocol failures remain pending
2026-10-05T17:24:24.9096275Z ok 472 - verified model charges survive business failures while unproved protocol failures remain pending
2026-10-05T17:24:24.9096883Z   ---
2026-10-05T17:24:24.9097132Z   duration_ms: 9751.290492
2026-10-05T17:24:24.9097423Z   type: 'test'
2026-10-05T17:24:24.9097668Z   ...
2026-10-05T17:24:25.7389460Z # Subtest: scoped claimer leaves other owners, other policies and metadata-only work untouched
2026-10-05T17:24:25.7390328Z ok 473 - scoped claimer leaves other owners, other policies and metadata-only work untouched
2026-10-05T17:24:25.7390671Z   ---
2026-10-05T17:24:25.7390993Z   duration_ms: 829.467012
2026-10-05T17:24:25.7391254Z   type: 'test'
2026-10-05T17:24:25.7391419Z   ...
2026-10-05T17:24:26.4678208Z # Subtest: scoped and legacy claimers serialize; expired leases recover once and old tokens cannot dispatch
2026-10-05T17:24:26.4679104Z ok 474 - scoped and legacy claimers serialize; expired leases recover once and old tokens cannot dispatch
2026-10-05T17:24:26.4679500Z   ---
2026-10-05T17:24:26.4679678Z   duration_ms: 728.732805
2026-10-05T17:24:26.4679877Z   type: 'test'
2026-10-05T17:24:26.4680043Z   ...
2026-10-05T17:24:32.2904955Z # Subtest: scoped claim refuses ordinary roles and leaves revoked or hidden content unleased
2026-10-05T17:24:32.2906046Z ok 475 - scoped claim refuses ordinary roles and leaves revoked or hidden content unleased
2026-10-05T17:24:32.2906653Z   ---
2026-10-05T17:24:32.2906976Z   duration_ms: 5822.541022
2026-10-05T17:24:32.2907328Z   type: 'test'
2026-10-05T17:24:32.2907618Z   ...
2026-10-05T17:24:32.9243722Z # Subtest: scoped claim rolls back on deletion lock contention and can be disabled without changing retained records
2026-10-05T17:24:32.9244920Z ok 476 - scoped claim rolls back on deletion lock contention and can be disabled without changing retained records
2026-10-05T17:24:32.9245545Z   ---
2026-10-05T17:24:32.9245836Z   duration_ms: 633.707035
2026-10-05T17:24:32.9246143Z   type: 'test'
2026-10-05T17:24:32.9246384Z   ...
2026-10-05T17:24:34.2507053Z # Subtest: ServiceTask records exact request replay and a latest-parent clarification/repair chain
2026-10-05T17:24:34.2508098Z ok 477 - ServiceTask records exact request replay and a latest-parent clarification/repair chain
2026-10-05T17:24:34.2508673Z   ---
2026-10-05T17:24:34.2508932Z   duration_ms: 1326.488932
2026-10-05T17:24:34.2509217Z   type: 'test'
2026-10-05T17:24:34.2509459Z   ...
2026-10-05T17:24:35.2676241Z # Subtest: development capacity serializes the last text slot and settles only a readable answer
2026-10-05T17:24:35.2677175Z ok 478 - development capacity serializes the last text slot and settles only a readable answer
2026-10-05T17:24:35.2677634Z   ---
2026-10-05T17:24:35.2677919Z   duration_ms: 1016.725528
2026-10-05T17:24:35.2678273Z   type: 'test'
2026-10-05T17:24:35.2678557Z   ...
2026-10-05T17:24:35.7795059Z # Subtest: U1 capacity cannot be relabeled as a Trip or reviewed-answer task
2026-10-05T17:24:35.7796190Z ok 479 - U1 capacity cannot be relabeled as a Trip or reviewed-answer task
2026-10-05T17:24:35.7796620Z   ---
2026-10-05T17:24:35.7796924Z   duration_ms: 511.937784
2026-10-05T17:24:35.7797273Z   type: 'test'
2026-10-05T17:24:35.7797588Z   ...
2026-10-05T17:24:36.2162750Z # Subtest: concurrent task relabel and capacity insert cannot commit a mismatched task
2026-10-05T17:24:36.2163618Z ok 480 - concurrent task relabel and capacity insert cannot commit a mismatched task
2026-10-05T17:24:36.2163960Z   ---
2026-10-05T17:24:36.2164139Z   duration_ms: 436.681213
2026-10-05T17:24:36.2164331Z   type: 'test'
2026-10-05T17:24:36.2164500Z   ...
2026-10-05T17:24:36.7070132Z # Subtest: concurrent capacity insert and Trip rebind cannot commit a metered Trip thread
2026-10-05T17:24:36.7071075Z ok 481 - concurrent capacity insert and Trip rebind cannot commit a metered Trip thread
2026-10-05T17:24:36.7071439Z   ---
2026-10-05T17:24:36.7071612Z   duration_ms: 490.810617
2026-10-05T17:24:36.7072095Z   type: 'test'
2026-10-05T17:24:36.7072280Z   ...
2026-10-05T17:24:37.9875570Z # Subtest: clarification and failed repair retain one task identity and re-admit after release
2026-10-05T17:24:37.9876895Z ok 482 - clarification and failed repair retain one task identity and re-admit after release
2026-10-05T17:24:37.9877611Z   ---
2026-10-05T17:24:37.9877991Z   duration_ms: 1279.805453
2026-10-05T17:24:37.9878395Z   type: 'test'
2026-10-05T17:24:37.9878761Z   ...
2026-10-05T17:24:38.8733195Z # Subtest: partial text keeps readable output but releases capacity without a later settlement path
2026-10-05T17:24:38.8733847Z ok 483 - partial text keeps readable output but releases capacity without a later settlement path
2026-10-05T17:24:38.8734209Z   ---
2026-10-05T17:24:38.8734382Z   duration_ms: 886.255553
2026-10-05T17:24:38.8734576Z   type: 'test'
2026-10-05T17:24:38.8734746Z   ...
2026-10-05T17:24:39.3403799Z # Subtest: missing development capacity settings fail closed without a task or Turn
2026-10-05T17:24:39.3404778Z ok 484 - missing development capacity settings fail closed without a task or Turn
2026-10-05T17:24:39.3405283Z   ---
2026-10-05T17:24:39.3405543Z   duration_ms: 466.548182
2026-10-05T17:24:39.3405827Z   type: 'test'
2026-10-05T17:24:39.3406069Z   ...
2026-10-05T17:24:40.2654430Z # Subtest: future and revoked Sandbox grants never authorize text capacity or late settlement
2026-10-05T17:24:40.2655200Z ok 485 - future and revoked Sandbox grants never authorize text capacity or late settlement
2026-10-05T17:24:40.2655586Z   ---
2026-10-05T17:24:40.2655765Z   duration_ms: 925.364599
2026-10-05T17:24:40.2655959Z   type: 'test'
2026-10-05T17:24:40.2656125Z   ...
2026-10-05T17:24:41.0747515Z # Subtest: ServiceTask competing continuations and legacy v1/state admissions cannot split the task
2026-10-05T17:24:41.0748262Z ok 486 - ServiceTask competing continuations and legacy v1/state admissions cannot split the task
2026-10-05T17:24:41.0748633Z   ---
2026-10-05T17:24:41.0748843Z   duration_ms: 809.177593
2026-10-05T17:24:41.0749057Z   type: 'test'
2026-10-05T17:24:41.0749223Z   ...
2026-10-05T17:24:42.5218939Z # Subtest: ServiceTask shared cost is canonical for old Turn workers, pinned across scope changes and denied to ordinary roles
2026-10-05T17:24:42.5220234Z ok 487 - ServiceTask shared cost is canonical for old Turn workers, pinned across scope changes and denied to ordinary roles
2026-10-05T17:24:42.5221440Z   ---
2026-10-05T17:24:42.5221697Z   duration_ms: 1447.07679
2026-10-05T17:24:42.5221981Z   type: 'test'
2026-10-05T17:24:42.5222231Z   ...
2026-10-05T17:24:45.4862872Z # Subtest: ServiceTask withdrawal and physical deletion preserve hidden records but forbid continuation and dispatch
2026-10-05T17:24:45.4863913Z ok 488 - ServiceTask withdrawal and physical deletion preserve hidden records but forbid continuation and dispatch
2026-10-05T17:24:45.4864458Z   ---
2026-10-05T17:24:45.4864918Z   duration_ms: 2964.209532
2026-10-05T17:24:45.4866668Z   type: 'test'
2026-10-05T17:24:45.4866969Z   ...
2026-10-05T17:24:46.1405902Z # Subtest: ServiceTask and legacy Turn IDs cannot collide in either direction or concurrent creation
2026-10-05T17:24:46.1406835Z ok 489 - ServiceTask and legacy Turn IDs cannot collide in either direction or concurrent creation
2026-10-05T17:24:46.1407326Z   ---
2026-10-05T17:24:46.1407634Z   duration_ms: 654.397378
2026-10-05T17:24:46.1407932Z   type: 'test'
2026-10-05T17:24:46.1408177Z   ...
2026-10-05T17:24:47.1449205Z # Subtest: task history requires a new immutable policy and consent; legacy claimers leave it recoverable
2026-10-05T17:24:47.1450220Z ok 490 - task history requires a new immutable policy and consent; legacy claimers leave it recoverable
2026-10-05T17:24:47.1451060Z   ---
2026-10-05T17:24:47.1451319Z   duration_ms: 1004.279187
2026-10-05T17:24:47.1451551Z   type: 'test'
2026-10-05T17:24:47.1451717Z   ...
2026-10-05T17:24:48.7530392Z # Subtest: task history is ordered and capped at four turns with exact replay at the bound
2026-10-05T17:24:48.7532224Z ok 491 - task history is ordered and capped at four turns with exact replay at the bound
2026-10-05T17:24:48.7532816Z   ---
2026-10-05T17:24:48.7533123Z   duration_ms: 1608.051823
2026-10-05T17:24:48.7533477Z   type: 'test'
2026-10-05T17:24:48.7533773Z   ...
2026-10-05T17:24:51.8802242Z # Subtest: task dispatch rejects a deleted intermediate ancestor or withdrawn consent after reading
2026-10-05T17:24:51.8803296Z ok 492 - task dispatch rejects a deleted intermediate ancestor or withdrawn consent after reading
2026-10-05T17:24:51.8803852Z   ---
2026-10-05T17:24:51.8804099Z   duration_ms: 3127.225576
2026-10-05T17:24:51.8804393Z   type: 'test'
2026-10-05T17:24:51.8804629Z   ...
2026-10-05T17:24:52.1797070Z 1..492
2026-10-05T17:24:52.1797339Z # tests 537
2026-10-05T17:24:52.1797678Z # suites 0
2026-10-05T17:24:52.1797971Z # pass 536
2026-10-05T17:24:52.1798243Z # fail 1
2026-10-05T17:24:52.1798504Z # cancelled 0
2026-10-05T17:24:52.1798831Z # skipped 0
2026-10-05T17:24:52.1799110Z # todo 0
2026-10-05T17:24:52.1799486Z # duration_ms 715732.110145
2026-10-05T17:24:52.1866445Z ##[endgroup]
2026-10-05T17:24:52.1874732Z 
2026-10-05T17:24:52.1875073Z ##[group]postgres / journeys-pages
2026-10-05T17:24:52.2201870Z TAP version 13
2026-10-05T17:24:59.0682597Z # Subtest: 100 current-conversation goals are readable in five stable pages without message bodies
2026-10-05T17:24:59.0688676Z ok 1 - 100 current-conversation goals are readable in five stable pages without message bodies
2026-10-05T17:24:59.0689440Z   ---
2026-10-05T17:24:59.0689918Z   duration_ms: 6812.912503
2026-10-05T17:24:59.0690259Z   type: 'test'
2026-10-05T17:24:59.0690515Z   ...
2026-10-05T17:24:59.6635130Z # Subtest: foreign, withdrawn, changed membership and replaced latest conversation cursors return no metadata
2026-10-05T17:24:59.6636294Z ok 2 - foreign, withdrawn, changed membership and replaced latest conversation cursors return no metadata
2026-10-05T17:24:59.6636906Z   ---
2026-10-05T17:24:59.6637146Z   duration_ms: 595.53728
2026-10-05T17:24:59.6637478Z   type: 'test'
2026-10-05T17:24:59.6637730Z   ...
2026-10-05T17:25:00.0522516Z # Subtest: malformed/memberless cursor and over-cap source fail closed; new RPC ACL excludes anonymous/service
2026-10-05T17:25:00.0523968Z ok 3 - malformed/memberless cursor and over-cap source fail closed; new RPC ACL excludes anonymous/service
2026-10-05T17:25:00.0524524Z   ---
2026-10-05T17:25:00.0524973Z   duration_ms: 388.841663
2026-10-05T17:25:00.0525305Z   type: 'test'
2026-10-05T17:25:00.0525567Z   ...
2026-10-05T17:25:00.6653445Z # Subtest: relation eligibility is live per page when Trip head/archive/deletion changes without goal-version changes
2026-10-05T17:25:00.6654843Z ok 4 - relation eligibility is live per page when Trip head/archive/deletion changes without goal-version changes
2026-10-05T17:25:00.6655615Z   ---
2026-10-05T17:25:00.6655884Z   duration_ms: 613.185283
2026-10-05T17:25:00.6656177Z   type: 'test'
2026-10-05T17:25:00.6656485Z   ...
2026-10-05T17:25:01.9728210Z # Subtest: canonical unlink and queued-deletion paths cross ordinary 10000 to terminal 10001 without hiding the rest of a page
2026-10-05T17:25:01.9729057Z ok 5 - canonical unlink and queued-deletion paths cross ordinary 10000 to terminal 10001 without hiding the rest of a page
2026-10-05T17:25:01.9729475Z   ---
2026-10-05T17:25:01.9729653Z   duration_ms: 1307.333752
2026-10-05T17:25:01.9729848Z   type: 'test'
2026-10-05T17:25:01.9730021Z   ...
2026-10-05T17:25:02.2260968Z 1..5
2026-10-05T17:25:02.2261282Z # tests 5
2026-10-05T17:25:02.2261523Z # suites 0
2026-10-05T17:25:02.2261752Z # pass 5
2026-10-05T17:25:02.2261985Z # fail 0
2026-10-05T17:25:02.2262146Z # cancelled 0
2026-10-05T17:25:02.2263056Z # skipped 0
2026-10-05T17:25:02.2263639Z # todo 0
2026-10-05T17:25:02.2263922Z # duration_ms 10015.268936
2026-10-05T17:25:02.2301733Z ##[endgroup]
2026-10-05T17:25:02.2305712Z 
2026-10-05T17:25:02.2305989Z ##[group]postgres / journeys-goal-index
2026-10-05T17:25:02.2644763Z TAP version 13
2026-10-05T17:25:08.8982757Z # Subtest: cross-conversation index includes older goals, has exact references, stable pages and closed payload
2026-10-05T17:25:08.8984392Z ok 1 - cross-conversation index includes older goals, has exact references, stable pages and closed payload
2026-10-05T17:25:08.8984867Z   ---
2026-10-05T17:25:08.8985064Z   duration_ms: 6597.618428
2026-10-05T17:25:08.8985306Z   type: 'test'
2026-10-05T17:25:08.8985480Z   ...
2026-10-05T17:25:09.6098554Z # Subtest: foreign owner/session, correction/deletion/new conversation invalidate cursors without metadata
2026-10-05T17:25:09.6101222Z ok 2 - foreign owner/session, correction/deletion/new conversation invalidate cursors without metadata
2026-10-05T17:25:09.6102028Z   ---
2026-10-05T17:25:09.6102516Z   duration_ms: 711.585574
2026-10-05T17:25:09.6102846Z   type: 'test'
2026-10-05T17:25:09.6103100Z   ...
2026-10-05T17:25:10.1509931Z # Subtest: withdrawal/policy expiry/account deletion fail closed and ineligible old consent titles never escape
2026-10-05T17:25:10.1511661Z ok 3 - withdrawal/policy expiry/account deletion fail closed and ineligible old consent titles never escape
2026-10-05T17:25:10.1513072Z   ---
2026-10-05T17:25:10.1513348Z   duration_ms: 541.425554
2026-10-05T17:25:10.1513642Z   type: 'test'
2026-10-05T17:25:10.1513878Z   ...
2026-10-05T17:25:10.6178949Z # Subtest: hard bounded candidate scans including sparse ineligible histories return unavailable not empty
2026-10-05T17:25:10.6180337Z ok 4 - hard bounded candidate scans including sparse ineligible histories return unavailable not empty
2026-10-05T17:25:10.6181649Z   ---
2026-10-05T17:25:10.6182133Z   duration_ms: 466.855707
2026-10-05T17:25:10.6182409Z   type: 'test'
2026-10-05T17:25:10.6182587Z   ...
2026-10-05T17:25:11.3432191Z # Subtest: Trip head/archive changes invalidate cursor; fresh unknown has no Trip ID; terminal10001 remains read only
2026-10-05T17:25:11.3433392Z ok 5 - Trip head/archive changes invalidate cursor; fresh unknown has no Trip ID; terminal10001 remains read only
2026-10-05T17:25:11.3434229Z   ---
2026-10-05T17:25:11.3434477Z   duration_ms: 725.078551
2026-10-05T17:25:11.3434782Z   type: 'test'
2026-10-05T17:25:11.3435025Z   ...
2026-10-05T17:25:11.9475547Z # Subtest: malformed/memberless cursor and direct RPC ACL exclude anon/service and internal helper
2026-10-05T17:25:11.9476219Z ok 6 - malformed/memberless cursor and direct RPC ACL exclude anon/service and internal helper
2026-10-05T17:25:11.9476581Z   ---
2026-10-05T17:25:11.9476756Z   duration_ms: 604.394663
2026-10-05T17:25:11.9476955Z   type: 'test'
2026-10-05T17:25:11.9477120Z   ...
2026-10-05T17:25:12.3263985Z # Subtest: exact hard boundaries of100 conversations/500 goals pass,501st sparse candidate fails closed
2026-10-05T17:25:12.3265256Z ok 7 - exact hard boundaries of100 conversations/500 goals pass,501st sparse candidate fails closed
2026-10-05T17:25:12.3266047Z   ---
2026-10-05T17:25:12.3266436Z   duration_ms: 378.728635
2026-10-05T17:25:12.3266859Z   type: 'test'
2026-10-05T17:25:12.3267227Z   ...
2026-10-05T17:25:13.1653346Z # Subtest: queued Trip deletion and missing canonical receipt invalidate relation/page with no receipt leak
2026-10-05T17:25:13.1654313Z ok 8 - queued Trip deletion and missing canonical receipt invalidate relation/page with no receipt leak
2026-10-05T17:25:13.1654864Z   ---
2026-10-05T17:25:13.1655144Z   duration_ms: 838.881409
2026-10-05T17:25:13.1655451Z   type: 'test'
2026-10-05T17:25:13.1655719Z   ...
2026-10-05T17:25:13.4288532Z 1..8
2026-10-05T17:25:13.4288962Z # tests 8
2026-10-05T17:25:13.4289229Z # suites 0
2026-10-05T17:25:13.4289496Z # pass 8
2026-10-05T17:25:13.4289741Z # fail 0
2026-10-05T17:25:13.4289985Z # cancelled 0
2026-10-05T17:25:13.4290259Z # skipped 0
2026-10-05T17:25:13.4290667Z # todo 0
2026-10-05T17:25:13.4291151Z # duration_ms 11174.025953
2026-10-05T17:25:13.4329497Z ##[endgroup]
2026-10-05T17:25:13.4332578Z VP_DB_INTEGRATION_RESULT {"lane":"postgres","step":"isolated-postgres","files":67,"tests":537,"pass":536,"fail":1,"cancelled":0,"skipped":0,"todo":0,"runs":1,"seconds":716,"outcome":"failed","problems":["exit 1","fail=1"]}
2026-10-05T17:25:13.4334814Z VP_DB_INTEGRATION_RESULT {"lane":"postgres","step":"journeys-pages","files":1,"tests":5,"pass":5,"fail":0,"cancelled":0,"skipped":0,"todo":0,"runs":1,"seconds":10,"outcome":"passed","problems":[]}
2026-10-05T17:25:13.4335991Z VP_DB_INTEGRATION_RESULT {"lane":"postgres","step":"journeys-goal-index","files":1,"tests":8,"pass":8,"fail":0,"cancelled":0,"skipped":0,"todo":0,"runs":1,"seconds":11,"outcome":"passed","problems":[]}
2026-10-05T17:25:13.4376431Z ##[error]Process completed with exit code 1.
2026-10-05T17:25:13.4467949Z Post job cleanup.
2026-10-05T17:25:13.5604918Z Pruning is unnecessary.
2026-10-05T17:25:13.5781256Z Post job cleanup.
2026-10-05T17:25:13.6497913Z [command]/usr/bin/git version
2026-10-05T17:25:13.6532565Z git version 2.55.0
2026-10-05T17:25:13.6567609Z Temporarily overriding HOME='/home/runner/work/_temp/df114ab4-1d5e-487b-8e24-0c0c4d3ae33d' before making global git config changes
2026-10-05T17:25:13.6568961Z Adding repository directory to the temporary git global config as a safe directory
2026-10-05T17:25:13.6574116Z [command]/usr/bin/git config --global --add safe.directory /home/runner/work/VP-V4/VP-V4
2026-10-05T17:25:13.6606664Z [command]/usr/bin/git config --local --name-only --get-regexp core\.sshCommand
2026-10-05T17:25:13.6652848Z [command]/usr/bin/git submodule foreach --recursive sh -c "git config --local --name-only --get-regexp 'core\.sshCommand' && git config --local --unset-all 'core.sshCommand' || :"
2026-10-05T17:25:13.6871976Z [command]/usr/bin/git config --local --name-only --get-regexp http\.https\:\/\/github\.com\/\.extraheader
2026-10-05T17:25:13.6925569Z [command]/usr/bin/git submodule foreach --recursive sh -c "git config --local --name-only --get-regexp 'http\.https\:\/\/github\.com\/\.extraheader' && git config --local --unset-all 'http.https://github.com/.extraheader' || :"
2026-10-05T17:25:13.7218114Z [command]/usr/bin/git config --local --name-only --get-regexp ^includeIf\.gitdir:
2026-10-05T17:25:13.7258823Z [command]/usr/bin/git submodule foreach --recursive git config --local --show-origin --name-only --get-regexp remote.origin.url
2026-10-05T17:25:13.7692486Z Cleaning up orphan processes
2026-10-05T17:25:13.7964433Z ##[warning]Node.js 20 is deprecated. The following actions target Node.js 20 but are being forced to run on Node.js 24: actions/checkout@v4, actions/setup-node@v4, pnpm/action-setup@v4. For more information see: https://github.blog/changelog/2025-09-19-deprecation-of-node-20-on-github-actions-runners/
