Command line invocation:
    /Applications/Xcode.app/Contents/Developer/usr/bin/xcodebuild build -project ios/VisePanda/VisePanda.xcodeproj -scheme VisePanda -destination "generic/platform=iOS Simulator" -derivedDataPath /tmp/vp-heart-derived CODE_SIGNING_ALLOWED=NO

Build settings from command line:
    CODE_SIGNING_ALLOWED = NO

ComputePackagePrebuildTargetDependencyGraph

Prepare packages

CreateBuildRequest

SendProjectDescription

CreateBuildOperation

ComputeTargetDependencyGraph
note: Building targets in dependency order
note: Target dependency graph (1 target)
    Target 'VisePanda' in project 'VisePanda' (no dependencies)

GatherProvisioningInputs

CreateBuildDescription

ExecuteExternalTool /Applications/Xcode.app/Contents/Developer/Toolchains/XcodeDefault.xctoolchain/usr/bin/clang -v -E -dM -isysroot /Applications/Xcode.app/Contents/Developer/Platforms/iPhoneSimulator.platform/Developer/SDKs/iPhoneSimulator26.5.sdk -x c -c /dev/null

ExecuteExternalTool /Applications/Xcode.app/Contents/Developer/usr/bin/xcstringstool compile --dry-run --output-directory /tmp/vp-heart-derived/Build/Intermediates.noindex/VisePanda.build/Debug-iphonesimulator/VisePanda.build /Users/jtcao/Documents/VP-V4-Heart-Logo/ios/VisePanda/VisePanda/Resources/Localizable.xcstrings

ExecuteExternalTool /Applications/Xcode.app/Contents/Developer/usr/bin/actool --print-asset-tag-combinations --output-format xml1 /Users/jtcao/Documents/VP-V4-Heart-Logo/ios/VisePanda/VisePanda/Resources/Assets.xcassets

ExecuteExternalTool /Applications/Xcode.app/Contents/Developer/usr/bin/actool --version --output-format xml1

ExecuteExternalTool /Applications/Xcode.app/Contents/Developer/Toolchains/XcodeDefault.xctoolchain/usr/bin/swiftc --version

ExecuteExternalTool /Applications/Xcode.app/Contents/Developer/Toolchains/XcodeDefault.xctoolchain/usr/bin/ld -version_details

Build description signature: b2d90d77e9ef0983d08ae86de05404d3
Build description path: /tmp/vp-heart-derived/Build/Intermediates.noindex/XCBuildData/b2d90d77e9ef0983d08ae86de05404d3.xcbuilddata
ClangStatCache /Applications/Xcode.app/Contents/Developer/Toolchains/XcodeDefault.xctoolchain/usr/bin/clang-stat-cache /Applications/Xcode.app/Contents/Developer/Platforms/iPhoneSimulator.platform/Developer/SDKs/iPhoneSimulator26.5.sdk /tmp/vp-heart-derived/SDKStatCaches.noindex/iphonesimulator26.5-23F81a-6cfe768891a92b912361537c460fe42b.sdkstatcache
    cd /Users/jtcao/Documents/VP-V4-Heart-Logo/ios/VisePanda/VisePanda.xcodeproj
    /Applications/Xcode.app/Contents/Developer/Toolchains/XcodeDefault.xctoolchain/usr/bin/clang-stat-cache /Applications/Xcode.app/Contents/Developer/Platforms/iPhoneSimulator.platform/Developer/SDKs/iPhoneSimulator26.5.sdk -o /tmp/vp-heart-derived/SDKStatCaches.noindex/iphonesimulator26.5-23F81a-6cfe768891a92b912361537c460fe42b.sdkstatcache

CreateBuildDirectory /tmp/vp-heart-derived/Build/Products
    cd /Users/jtcao/Documents/VP-V4-Heart-Logo/ios/VisePanda/VisePanda.xcodeproj
    builtin-create-build-directory /tmp/vp-heart-derived/Build/Products

CreateBuildDirectory /tmp/vp-heart-derived/Build/Intermediates.noindex
    cd /Users/jtcao/Documents/VP-V4-Heart-Logo/ios/VisePanda/VisePanda.xcodeproj
    builtin-create-build-directory /tmp/vp-heart-derived/Build/Intermediates.noindex

CreateBuildDirectory /tmp/vp-heart-derived/Build/Intermediates.noindex/SwiftExplicitPrecompiledModules
    cd /Users/jtcao/Documents/VP-V4-Heart-Logo/ios/VisePanda/VisePanda.xcodeproj
    builtin-create-build-directory /tmp/vp-heart-derived/Build/Intermediates.noindex/SwiftExplicitPrecompiledModules

CreateBuildDirectory /tmp/vp-heart-derived/Build/Intermediates.noindex/ExplicitPrecompiledModules
    cd /Users/jtcao/Documents/VP-V4-Heart-Logo/ios/VisePanda/VisePanda.xcodeproj
    builtin-create-build-directory /tmp/vp-heart-derived/Build/Intermediates.noindex/ExplicitPrecompiledModules

CreateBuildDirectory /tmp/vp-heart-derived/Build/Products/Debug-iphonesimulator
    cd /Users/jtcao/Documents/VP-V4-Heart-Logo/ios/VisePanda/VisePanda.xcodeproj
    builtin-create-build-directory /tmp/vp-heart-derived/Build/Products/Debug-iphonesimulator

WriteAuxiliaryFile /tmp/vp-heart-derived/Build/Intermediates.noindex/VisePanda.build/Debug-iphonesimulator/VisePanda-97c7769df369d917a11b704107fd7f24-VFS-iphonesimulator/all-product-headers.yaml
    cd /Users/jtcao/Documents/VP-V4-Heart-Logo/ios/VisePanda/VisePanda.xcodeproj
    write-file /tmp/vp-heart-derived/Build/Intermediates.noindex/VisePanda.build/Debug-iphonesimulator/VisePanda-97c7769df369d917a11b704107fd7f24-VFS-iphonesimulator/all-product-headers.yaml

CreateBuildDirectory /tmp/vp-heart-derived/Build/Intermediates.noindex/EagerLinkingTBDs/Debug-iphonesimulator
    cd /Users/jtcao/Documents/VP-V4-Heart-Logo/ios/VisePanda/VisePanda.xcodeproj
    builtin-create-build-directory /tmp/vp-heart-derived/Build/Intermediates.noindex/EagerLinkingTBDs/Debug-iphonesimulator

WriteAuxiliaryFile /tmp/vp-heart-derived/Build/Intermediates.noindex/VisePanda.build/Debug-iphonesimulator/VisePanda.build/VisePanda-own-target-headers.hmap (in target 'VisePanda' from project 'VisePanda')
    cd /Users/jtcao/Documents/VP-V4-Heart-Logo/ios/VisePanda
    write-file /tmp/vp-heart-derived/Build/Intermediates.noindex/VisePanda.build/Debug-iphonesimulator/VisePanda.build/VisePanda-own-target-headers.hmap

WriteAuxiliaryFile /tmp/vp-heart-derived/Build/Intermediates.noindex/VisePanda.build/Debug-iphonesimulator/VisePanda.build/VisePanda-all-non-framework-target-headers.hmap (in target 'VisePanda' from project 'VisePanda')
    cd /Users/jtcao/Documents/VP-V4-Heart-Logo/ios/VisePanda
    write-file /tmp/vp-heart-derived/Build/Intermediates.noindex/VisePanda.build/Debug-iphonesimulator/VisePanda.build/VisePanda-all-non-framework-target-headers.hmap

WriteAuxiliaryFile /tmp/vp-heart-derived/Build/Intermediates.noindex/VisePanda.build/Debug-iphonesimulator/VisePanda.build/VisePanda.hmap (in target 'VisePanda' from project 'VisePanda')
    cd /Users/jtcao/Documents/VP-V4-Heart-Logo/ios/VisePanda
    write-file /tmp/vp-heart-derived/Build/Intermediates.noindex/VisePanda.build/Debug-iphonesimulator/VisePanda.build/VisePanda.hmap

WriteAuxiliaryFile /tmp/vp-heart-derived/Build/Intermediates.noindex/VisePanda.build/Debug-iphonesimulator/VisePanda.build/VisePanda-project-headers.hmap (in target 'VisePanda' from project 'VisePanda')
    cd /Users/jtcao/Documents/VP-V4-Heart-Logo/ios/VisePanda
    write-file /tmp/vp-heart-derived/Build/Intermediates.noindex/VisePanda.build/Debug-iphonesimulator/VisePanda.build/VisePanda-project-headers.hmap

WriteAuxiliaryFile /tmp/vp-heart-derived/Build/Intermediates.noindex/VisePanda.build/Debug-iphonesimulator/VisePanda.build/VisePanda.DependencyStaticMetadataFileList (in target 'VisePanda' from project 'VisePanda')
    cd /Users/jtcao/Documents/VP-V4-Heart-Logo/ios/VisePanda
    write-file /tmp/vp-heart-derived/Build/Intermediates.noindex/VisePanda.build/Debug-iphonesimulator/VisePanda.build/VisePanda.DependencyStaticMetadataFileList

WriteAuxiliaryFile /tmp/vp-heart-derived/Build/Intermediates.noindex/VisePanda.build/Debug-iphonesimulator/VisePanda.build/VisePanda-generated-files.hmap (in target 'VisePanda' from project 'VisePanda')
    cd /Users/jtcao/Documents/VP-V4-Heart-Logo/ios/VisePanda
    write-file /tmp/vp-heart-derived/Build/Intermediates.noindex/VisePanda.build/Debug-iphonesimulator/VisePanda.build/VisePanda-generated-files.hmap

WriteAuxiliaryFile /tmp/vp-heart-derived/Build/Intermediates.noindex/VisePanda.build/Debug-iphonesimulator/VisePanda.build/VisePanda-all-target-headers.hmap (in target 'VisePanda' from project 'VisePanda')
    cd /Users/jtcao/Documents/VP-V4-Heart-Logo/ios/VisePanda
    write-file /tmp/vp-heart-derived/Build/Intermediates.noindex/VisePanda.build/Debug-iphonesimulator/VisePanda.build/VisePanda-all-target-headers.hmap

WriteAuxiliaryFile /tmp/vp-heart-derived/Build/Intermediates.noindex/VisePanda.build/Debug-iphonesimulator/VisePanda.build/VisePanda.DependencyMetadataFileList (in target 'VisePanda' from project 'VisePanda')
    cd /Users/jtcao/Documents/VP-V4-Heart-Logo/ios/VisePanda
    write-file /tmp/vp-heart-derived/Build/Intermediates.noindex/VisePanda.build/Debug-iphonesimulator/VisePanda.build/VisePanda.DependencyMetadataFileList

WriteAuxiliaryFile /tmp/vp-heart-derived/Build/Intermediates.noindex/VisePanda.build/Debug-iphonesimulator/VisePanda.build/VisePanda-DebugDylibPath-normal-x86_64.txt (in target 'VisePanda' from project 'VisePanda')
    cd /Users/jtcao/Documents/VP-V4-Heart-Logo/ios/VisePanda
    write-file /tmp/vp-heart-derived/Build/Intermediates.noindex/VisePanda.build/Debug-iphonesimulator/VisePanda.build/VisePanda-DebugDylibPath-normal-x86_64.txt

WriteAuxiliaryFile /tmp/vp-heart-derived/Build/Intermediates.noindex/VisePanda.build/Debug-iphonesimulator/VisePanda.build/VisePanda-DebugDylibPath-normal-arm64.txt (in target 'VisePanda' from project 'VisePanda')
    cd /Users/jtcao/Documents/VP-V4-Heart-Logo/ios/VisePanda
    write-file /tmp/vp-heart-derived/Build/Intermediates.noindex/VisePanda.build/Debug-iphonesimulator/VisePanda.build/VisePanda-DebugDylibPath-normal-arm64.txt

WriteAuxiliaryFile /tmp/vp-heart-derived/Build/Intermediates.noindex/VisePanda.build/Debug-iphonesimulator/VisePanda.build/VisePanda-DebugDylibInstallName-normal-x86_64.txt (in target 'VisePanda' from project 'VisePanda')
    cd /Users/jtcao/Documents/VP-V4-Heart-Logo/ios/VisePanda
    write-file /tmp/vp-heart-derived/Build/Intermediates.noindex/VisePanda.build/Debug-iphonesimulator/VisePanda.build/VisePanda-DebugDylibInstallName-normal-x86_64.txt

WriteAuxiliaryFile /tmp/vp-heart-derived/Build/Intermediates.noindex/VisePanda.build/Debug-iphonesimulator/VisePanda.build/VisePanda-DebugDylibInstallName-normal-arm64.txt (in target 'VisePanda' from project 'VisePanda')
    cd /Users/jtcao/Documents/VP-V4-Heart-Logo/ios/VisePanda
    write-file /tmp/vp-heart-derived/Build/Intermediates.noindex/VisePanda.build/Debug-iphonesimulator/VisePanda.build/VisePanda-DebugDylibInstallName-normal-arm64.txt

WriteAuxiliaryFile /tmp/vp-heart-derived/Build/Intermediates.noindex/VisePanda.build/Debug-iphonesimulator/VisePanda.build/Objects-normal/x86_64/VisePanda.SwiftFileList (in target 'VisePanda' from project 'VisePanda')
    cd /Users/jtcao/Documents/VP-V4-Heart-Logo/ios/VisePanda
    write-file /tmp/vp-heart-derived/Build/Intermediates.noindex/VisePanda.build/Debug-iphonesimulator/VisePanda.build/Objects-normal/x86_64/VisePanda.SwiftFileList

WriteAuxiliaryFile /tmp/vp-heart-derived/Build/Intermediates.noindex/VisePanda.build/Debug-iphonesimulator/VisePanda.build/Objects-normal/x86_64/VisePanda_const_extract_protocols.json (in target 'VisePanda' from project 'VisePanda')
    cd /Users/jtcao/Documents/VP-V4-Heart-Logo/ios/VisePanda
    write-file /tmp/vp-heart-derived/Build/Intermediates.noindex/VisePanda.build/Debug-iphonesimulator/VisePanda.build/Objects-normal/x86_64/VisePanda_const_extract_protocols.json

WriteAuxiliaryFile /tmp/vp-heart-derived/Build/Intermediates.noindex/VisePanda.build/Debug-iphonesimulator/VisePanda.build/Objects-normal/x86_64/VisePanda.SwiftConstValuesFileList (in target 'VisePanda' from project 'VisePanda')
    cd /Users/jtcao/Documents/VP-V4-Heart-Logo/ios/VisePanda
    write-file /tmp/vp-heart-derived/Build/Intermediates.noindex/VisePanda.build/Debug-iphonesimulator/VisePanda.build/Objects-normal/x86_64/VisePanda.SwiftConstValuesFileList

WriteAuxiliaryFile /tmp/vp-heart-derived/Build/Intermediates.noindex/VisePanda.build/Debug-iphonesimulator/VisePanda.build/Objects-normal/x86_64/VisePanda.LinkFileList (in target 'VisePanda' from project 'VisePanda')
    cd /Users/jtcao/Documents/VP-V4-Heart-Logo/ios/VisePanda
    write-file /tmp/vp-heart-derived/Build/Intermediates.noindex/VisePanda.build/Debug-iphonesimulator/VisePanda.build/Objects-normal/x86_64/VisePanda.LinkFileList

WriteAuxiliaryFile /tmp/vp-heart-derived/Build/Intermediates.noindex/VisePanda.build/Debug-iphonesimulator/VisePanda.build/Objects-normal/x86_64/VisePanda-OutputFileMap.json (in target 'VisePanda' from project 'VisePanda')
    cd /Users/jtcao/Documents/VP-V4-Heart-Logo/ios/VisePanda
    write-file /tmp/vp-heart-derived/Build/Intermediates.noindex/VisePanda.build/Debug-iphonesimulator/VisePanda.build/Objects-normal/x86_64/VisePanda-OutputFileMap.json

WriteAuxiliaryFile /tmp/vp-heart-derived/Build/Intermediates.noindex/VisePanda.build/Debug-iphonesimulator/VisePanda.build/Objects-normal/arm64/VisePanda.SwiftFileList (in target 'VisePanda' from project 'VisePanda')
    cd /Users/jtcao/Documents/VP-V4-Heart-Logo/ios/VisePanda
    write-file /tmp/vp-heart-derived/Build/Intermediates.noindex/VisePanda.build/Debug-iphonesimulator/VisePanda.build/Objects-normal/arm64/VisePanda.SwiftFileList

WriteAuxiliaryFile /tmp/vp-heart-derived/Build/Intermediates.noindex/VisePanda.build/Debug-iphonesimulator/VisePanda.build/Objects-normal/arm64/VisePanda_const_extract_protocols.json (in target 'VisePanda' from project 'VisePanda')
    cd /Users/jtcao/Documents/VP-V4-Heart-Logo/ios/VisePanda
    write-file /tmp/vp-heart-derived/Build/Intermediates.noindex/VisePanda.build/Debug-iphonesimulator/VisePanda.build/Objects-normal/arm64/VisePanda_const_extract_protocols.json

WriteAuxiliaryFile /tmp/vp-heart-derived/Build/Intermediates.noindex/VisePanda.build/Debug-iphonesimulator/VisePanda.build/Objects-normal/arm64/VisePanda.SwiftConstValuesFileList (in target 'VisePanda' from project 'VisePanda')
    cd /Users/jtcao/Documents/VP-V4-Heart-Logo/ios/VisePanda
    write-file /tmp/vp-heart-derived/Build/Intermediates.noindex/VisePanda.build/Debug-iphonesimulator/VisePanda.build/Objects-normal/arm64/VisePanda.SwiftConstValuesFileList

WriteAuxiliaryFile /tmp/vp-heart-derived/Build/Intermediates.noindex/VisePanda.build/Debug-iphonesimulator/VisePanda.build/Objects-normal/arm64/VisePanda.LinkFileList (in target 'VisePanda' from project 'VisePanda')
    cd /Users/jtcao/Documents/VP-V4-Heart-Logo/ios/VisePanda
    write-file /tmp/vp-heart-derived/Build/Intermediates.noindex/VisePanda.build/Debug-iphonesimulator/VisePanda.build/Objects-normal/arm64/VisePanda.LinkFileList

WriteAuxiliaryFile /tmp/vp-heart-derived/Build/Intermediates.noindex/VisePanda.build/Debug-iphonesimulator/VisePanda.build/Objects-normal/arm64/VisePanda-OutputFileMap.json (in target 'VisePanda' from project 'VisePanda')
    cd /Users/jtcao/Documents/VP-V4-Heart-Logo/ios/VisePanda
    write-file /tmp/vp-heart-derived/Build/Intermediates.noindex/VisePanda.build/Debug-iphonesimulator/VisePanda.build/Objects-normal/arm64/VisePanda-OutputFileMap.json

MkDir /tmp/vp-heart-derived/Build/Products/Debug-iphonesimulator/VisePanda.app (in target 'VisePanda' from project 'VisePanda')
    cd /Users/jtcao/Documents/VP-V4-Heart-Logo/ios/VisePanda
    /bin/mkdir -p /tmp/vp-heart-derived/Build/Products/Debug-iphonesimulator/VisePanda.app

MkDir /tmp/vp-heart-derived/Build/Intermediates.noindex/VisePanda.build/Debug-iphonesimulator/VisePanda.build/assetcatalog_output/unthinned (in target 'VisePanda' from project 'VisePanda')
    cd /Users/jtcao/Documents/VP-V4-Heart-Logo/ios/VisePanda
    /bin/mkdir -p /tmp/vp-heart-derived/Build/Intermediates.noindex/VisePanda.build/Debug-iphonesimulator/VisePanda.build/assetcatalog_output/unthinned

MkDir /tmp/vp-heart-derived/Build/Intermediates.noindex/VisePanda.build/Debug-iphonesimulator/VisePanda.build/assetcatalog_output/thinned (in target 'VisePanda' from project 'VisePanda')
    cd /Users/jtcao/Documents/VP-V4-Heart-Logo/ios/VisePanda
    /bin/mkdir -p /tmp/vp-heart-derived/Build/Intermediates.noindex/VisePanda.build/Debug-iphonesimulator/VisePanda.build/assetcatalog_output/thinned

Ld /tmp/vp-heart-derived/Build/Intermediates.noindex/VisePanda.build/Debug-iphonesimulator/VisePanda.build/Objects-normal/arm64/Binary/__preview.dylib normal arm64 (in target 'VisePanda' from project 'VisePanda')
    cd /Users/jtcao/Documents/VP-V4-Heart-Logo/ios/VisePanda
    /Applications/Xcode.app/Contents/Developer/Toolchains/XcodeDefault.xctoolchain/usr/bin/clang -Xlinker -reproducible -target arm64-apple-ios17.0-simulator -dynamiclib -isysroot /Applications/Xcode.app/Contents/Developer/Platforms/iPhoneSimulator.platform/Developer/SDKs/iPhoneSimulator26.5.sdk -O0 -L/tmp/vp-heart-derived/Build/Products/Debug-iphonesimulator -F/tmp/vp-heart-derived/Build/Products/Debug-iphonesimulator -install_name @rpath/VisePanda.debug.dylib -Xlinker -dead_strip -rdynamic -Xlinker -no_deduplicate -Xlinker -objc_abi_version -Xlinker 2 -Xlinker -dependency_info -Xlinker /tmp/vp-heart-derived/Build/Intermediates.noindex/VisePanda.build/Debug-iphonesimulator/VisePanda.build/Objects-normal/arm64/VisePanda_dependency_info.dat -o /tmp/vp-heart-derived/Build/Intermediates.noindex/VisePanda.build/Debug-iphonesimulator/VisePanda.build/Objects-normal/arm64/Binary/__preview.dylib

Ld /tmp/vp-heart-derived/Build/Intermediates.noindex/VisePanda.build/Debug-iphonesimulator/VisePanda.build/Objects-normal/x86_64/Binary/__preview.dylib normal x86_64 (in target 'VisePanda' from project 'VisePanda')
    cd /Users/jtcao/Documents/VP-V4-Heart-Logo/ios/VisePanda
    /Applications/Xcode.app/Contents/Developer/Toolchains/XcodeDefault.xctoolchain/usr/bin/clang -Xlinker -reproducible -target x86_64-apple-ios17.0-simulator -dynamiclib -isysroot /Applications/Xcode.app/Contents/Developer/Platforms/iPhoneSimulator.platform/Developer/SDKs/iPhoneSimulator26.5.sdk -O0 -L/tmp/vp-heart-derived/Build/Products/Debug-iphonesimulator -F/tmp/vp-heart-derived/Build/Products/Debug-iphonesimulator -install_name @rpath/VisePanda.debug.dylib -Xlinker -dead_strip -rdynamic -Xlinker -no_deduplicate -Xlinker -objc_abi_version -Xlinker 2 -Xlinker -dependency_info -Xlinker /tmp/vp-heart-derived/Build/Intermediates.noindex/VisePanda.build/Debug-iphonesimulator/VisePanda.build/Objects-normal/x86_64/VisePanda_dependency_info.dat -o /tmp/vp-heart-derived/Build/Intermediates.noindex/VisePanda.build/Debug-iphonesimulator/VisePanda.build/Objects-normal/x86_64/Binary/__preview.dylib

GenerateAssetSymbols /Users/jtcao/Documents/VP-V4-Heart-Logo/ios/VisePanda/VisePanda/Resources/Assets.xcassets (in target 'VisePanda' from project 'VisePanda')
    cd /Users/jtcao/Documents/VP-V4-Heart-Logo/ios/VisePanda
    /Applications/Xcode.app/Contents/Developer/usr/bin/actool /Users/jtcao/Documents/VP-V4-Heart-Logo/ios/VisePanda/VisePanda/Resources/Assets.xcassets --compile /tmp/vp-heart-derived/Build/Products/Debug-iphonesimulator/VisePanda.app --output-format human-readable-text --notices --warnings --export-dependency-info /tmp/vp-heart-derived/Build/Intermediates.noindex/VisePanda.build/Debug-iphonesimulator/VisePanda.build/assetcatalog_dependencies --output-partial-info-plist /tmp/vp-heart-derived/Build/Intermediates.noindex/VisePanda.build/Debug-iphonesimulator/VisePanda.build/assetcatalog_generated_info.plist --app-icon AppIcon --compress-pngs --enable-on-demand-resources YES --development-region en --target-device iphone --minimum-deployment-target 17.0 --platform iphonesimulator --bundle-identifier space.go2china.VisePanda --generate-swift-asset-symbols /tmp/vp-heart-derived/Build/Intermediates.noindex/VisePanda.build/Debug-iphonesimulator/VisePanda.build/DerivedSources/GeneratedAssetSymbols.swift --generate-objc-asset-symbols /tmp/vp-heart-derived/Build/Intermediates.noindex/VisePanda.build/Debug-iphonesimulator/VisePanda.build/DerivedSources/GeneratedAssetSymbols.h --generate-asset-symbol-index /tmp/vp-heart-derived/Build/Intermediates.noindex/VisePanda.build/Debug-iphonesimulator/VisePanda.build/DerivedSources/GeneratedAssetSymbols-Index.plist
/* com.apple.actool.compilation-results */
/tmp/vp-heart-derived/Build/Intermediates.noindex/VisePanda.build/Debug-iphonesimulator/VisePanda.build/DerivedSources/GeneratedAssetSymbols-Index.plist
/tmp/vp-heart-derived/Build/Intermediates.noindex/VisePanda.build/Debug-iphonesimulator/VisePanda.build/DerivedSources/GeneratedAssetSymbols.h
/tmp/vp-heart-derived/Build/Intermediates.noindex/VisePanda.build/Debug-iphonesimulator/VisePanda.build/DerivedSources/GeneratedAssetSymbols.swift


CompileXCStrings /tmp/vp-heart-derived/Build/Intermediates.noindex/VisePanda.build/Debug-iphonesimulator/VisePanda.build/ /Users/jtcao/Documents/VP-V4-Heart-Logo/ios/VisePanda/VisePanda/Resources/Localizable.xcstrings (in target 'VisePanda' from project 'VisePanda')
    cd /Users/jtcao/Documents/VP-V4-Heart-Logo/ios/VisePanda
    /Applications/Xcode.app/Contents/Developer/usr/bin/xcstringstool compile --output-directory /tmp/vp-heart-derived/Build/Intermediates.noindex/VisePanda.build/Debug-iphonesimulator/VisePanda.build /Users/jtcao/Documents/VP-V4-Heart-Logo/ios/VisePanda/VisePanda/Resources/Localizable.xcstrings

CompileAssetCatalogVariant thinned /tmp/vp-heart-derived/Build/Products/Debug-iphonesimulator/VisePanda.app /Users/jtcao/Documents/VP-V4-Heart-Logo/ios/VisePanda/VisePanda/Resources/Assets.xcassets (in target 'VisePanda' from project 'VisePanda')
    cd /Users/jtcao/Documents/VP-V4-Heart-Logo/ios/VisePanda
    /Applications/Xcode.app/Contents/Developer/usr/bin/actool /Users/jtcao/Documents/VP-V4-Heart-Logo/ios/VisePanda/VisePanda/Resources/Assets.xcassets --compile /tmp/vp-heart-derived/Build/Intermediates.noindex/VisePanda.build/Debug-iphonesimulator/VisePanda.build/assetcatalog_output/thinned --output-format human-readable-text --notices --warnings --export-dependency-info /tmp/vp-heart-derived/Build/Intermediates.noindex/VisePanda.build/Debug-iphonesimulator/VisePanda.build/assetcatalog_dependencies_thinned --output-partial-info-plist /tmp/vp-heart-derived/Build/Intermediates.noindex/VisePanda.build/Debug-iphonesimulator/VisePanda.build/assetcatalog_generated_info.plist_thinned --app-icon AppIcon --compress-pngs --enable-on-demand-resources YES --development-region en --target-device iphone --minimum-deployment-target 17.0 --platform iphonesimulator
/* com.apple.actool.compilation-results */
/tmp/vp-heart-derived/Build/Intermediates.noindex/VisePanda.build/Debug-iphonesimulator/VisePanda.build/assetcatalog_generated_info.plist_thinned
/tmp/vp-heart-derived/Build/Intermediates.noindex/VisePanda.build/Debug-iphonesimulator/VisePanda.build/assetcatalog_output/thinned/AppIcon60x60@2x.png
/tmp/vp-heart-derived/Build/Intermediates.noindex/VisePanda.build/Debug-iphonesimulator/VisePanda.build/assetcatalog_output/thinned/AppIcon76x76@2x~ipad.png
/tmp/vp-heart-derived/Build/Intermediates.noindex/VisePanda.build/Debug-iphonesimulator/VisePanda.build/assetcatalog_output/thinned/Assets.car


CopyStringsFile /tmp/vp-heart-derived/Build/Products/Debug-iphonesimulator/VisePanda.app/zh-Hans.lproj/Localizable.strings /tmp/vp-heart-derived/Build/Intermediates.noindex/VisePanda.build/Debug-iphonesimulator/VisePanda.build/zh-Hans.lproj/Localizable.strings (in target 'VisePanda' from project 'VisePanda')
    cd /Users/jtcao/Documents/VP-V4-Heart-Logo/ios/VisePanda
    builtin-copyStrings --validate --outputencoding binary --outfilename Localizable.strings --outdir /tmp/vp-heart-derived/Build/Products/Debug-iphonesimulator/VisePanda.app/zh-Hans.lproj -- /tmp/vp-heart-derived/Build/Intermediates.noindex/VisePanda.build/Debug-iphonesimulator/VisePanda.build/zh-Hans.lproj/Localizable.strings
/tmp/vp-heart-derived/Build/Intermediates.noindex/VisePanda.build/Debug-iphonesimulator/VisePanda.build/zh-Hans.lproj/Localizable.strings:1:1: note: detected encoding of input file as Unicode (UTF-8) (in target 'VisePanda' from project 'VisePanda')

CopyStringsFile /tmp/vp-heart-derived/Build/Products/Debug-iphonesimulator/VisePanda.app/ru.lproj/Localizable.strings /tmp/vp-heart-derived/Build/Intermediates.noindex/VisePanda.build/Debug-iphonesimulator/VisePanda.build/ru.lproj/Localizable.strings (in target 'VisePanda' from project 'VisePanda')
    cd /Users/jtcao/Documents/VP-V4-Heart-Logo/ios/VisePanda
    builtin-copyStrings --validate --outputencoding binary --outfilename Localizable.strings --outdir /tmp/vp-heart-derived/Build/Products/Debug-iphonesimulator/VisePanda.app/ru.lproj -- /tmp/vp-heart-derived/Build/Intermediates.noindex/VisePanda.build/Debug-iphonesimulator/VisePanda.build/ru.lproj/Localizable.strings
/tmp/vp-heart-derived/Build/Intermediates.noindex/VisePanda.build/Debug-iphonesimulator/VisePanda.build/ru.lproj/Localizable.strings:1:1: note: detected encoding of input file as Unicode (UTF-8) (in target 'VisePanda' from project 'VisePanda')

CopyStringsFile /tmp/vp-heart-derived/Build/Products/Debug-iphonesimulator/VisePanda.app/es.lproj/Localizable.strings /tmp/vp-heart-derived/Build/Intermediates.noindex/VisePanda.build/Debug-iphonesimulator/VisePanda.build/es.lproj/Localizable.strings (in target 'VisePanda' from project 'VisePanda')
    cd /Users/jtcao/Documents/VP-V4-Heart-Logo/ios/VisePanda
    builtin-copyStrings --validate --outputencoding binary --outfilename Localizable.strings --outdir /tmp/vp-heart-derived/Build/Products/Debug-iphonesimulator/VisePanda.app/es.lproj -- /tmp/vp-heart-derived/Build/Intermediates.noindex/VisePanda.build/Debug-iphonesimulator/VisePanda.build/es.lproj/Localizable.strings
/tmp/vp-heart-derived/Build/Intermediates.noindex/VisePanda.build/Debug-iphonesimulator/VisePanda.build/es.lproj/Localizable.strings:1:1: note: detected encoding of input file as Unicode (UTF-8) (in target 'VisePanda' from project 'VisePanda')

CopyStringsFile /tmp/vp-heart-derived/Build/Products/Debug-iphonesimulator/VisePanda.app/en.lproj/Localizable.strings /tmp/vp-heart-derived/Build/Intermediates.noindex/VisePanda.build/Debug-iphonesimulator/VisePanda.build/en.lproj/Localizable.strings (in target 'VisePanda' from project 'VisePanda')
    cd /Users/jtcao/Documents/VP-V4-Heart-Logo/ios/VisePanda
    builtin-copyStrings --validate --outputencoding binary --outfilename Localizable.strings --outdir /tmp/vp-heart-derived/Build/Products/Debug-iphonesimulator/VisePanda.app/en.lproj -- /tmp/vp-heart-derived/Build/Intermediates.noindex/VisePanda.build/Debug-iphonesimulator/VisePanda.build/en.lproj/Localizable.strings
/tmp/vp-heart-derived/Build/Intermediates.noindex/VisePanda.build/Debug-iphonesimulator/VisePanda.build/en.lproj/Localizable.strings:1:1: note: detected encoding of input file as Unicode (UTF-8) (in target 'VisePanda' from project 'VisePanda')

CreateUniversalBinary /tmp/vp-heart-derived/Build/Products/Debug-iphonesimulator/VisePanda.app/__preview.dylib normal arm64\ x86_64 (in target 'VisePanda' from project 'VisePanda')
    cd /Users/jtcao/Documents/VP-V4-Heart-Logo/ios/VisePanda
    /Applications/Xcode.app/Contents/Developer/Toolchains/XcodeDefault.xctoolchain/usr/bin/lipo -create /tmp/vp-heart-derived/Build/Intermediates.noindex/VisePanda.build/Debug-iphonesimulator/VisePanda.build/Objects-normal/arm64/Binary/__preview.dylib /tmp/vp-heart-derived/Build/Intermediates.noindex/VisePanda.build/Debug-iphonesimulator/VisePanda.build/Objects-normal/x86_64/Binary/__preview.dylib -output /tmp/vp-heart-derived/Build/Products/Debug-iphonesimulator/VisePanda.app/__preview.dylib

CopyStringsFile /tmp/vp-heart-derived/Build/Products/Debug-iphonesimulator/VisePanda.app/ar.lproj/Localizable.strings /tmp/vp-heart-derived/Build/Intermediates.noindex/VisePanda.build/Debug-iphonesimulator/VisePanda.build/ar.lproj/Localizable.strings (in target 'VisePanda' from project 'VisePanda')
    cd /Users/jtcao/Documents/VP-V4-Heart-Logo/ios/VisePanda
    builtin-copyStrings --validate --outputencoding binary --outfilename Localizable.strings --outdir /tmp/vp-heart-derived/Build/Products/Debug-iphonesimulator/VisePanda.app/ar.lproj -- /tmp/vp-heart-derived/Build/Intermediates.noindex/VisePanda.build/Debug-iphonesimulator/VisePanda.build/ar.lproj/Localizable.strings
/tmp/vp-heart-derived/Build/Intermediates.noindex/VisePanda.build/Debug-iphonesimulator/VisePanda.build/ar.lproj/Localizable.strings:1:1: note: detected encoding of input file as Unicode (UTF-8) (in target 'VisePanda' from project 'VisePanda')

SwiftDriver VisePanda normal arm64 com.apple.xcode.tools.swift.compiler (in target 'VisePanda' from project 'VisePanda')
    cd /Users/jtcao/Documents/VP-V4-Heart-Logo/ios/VisePanda
    builtin-SwiftDriver -- /Applications/Xcode.app/Contents/Developer/Toolchains/XcodeDefault.xctoolchain/usr/bin/swiftc -module-name VisePanda -Onone @/tmp/vp-heart-derived/Build/Intermediates.noindex/VisePanda.build/Debug-iphonesimulator/VisePanda.build/Objects-normal/arm64/VisePanda.SwiftFileList -DDEBUG -default-isolation\=MainActor -enable-upcoming-feature InferIsolatedConformances -enable-upcoming-feature NonisolatedNonsendingByDefault -enable-experimental-feature DebugDescriptionMacro -sdk /Applications/Xcode.app/Contents/Developer/Platforms/iPhoneSimulator.platform/Developer/SDKs/iPhoneSimulator26.5.sdk -target arm64-apple-ios17.0-simulator -g -module-cache-path /tmp/vp-heart-derived/ModuleCache.noindex -Xfrontend -serialize-debugging-options -enable-testing -index-store-path /tmp/vp-heart-derived/Index.noindex/DataStore -Xcc -D_LIBCPP_HARDENING_MODE\=_LIBCPP_HARDENING_MODE_DEBUG -swift-version 6 -I /tmp/vp-heart-derived/Build/Products/Debug-iphonesimulator -F /tmp/vp-heart-derived/Build/Products/Debug-iphonesimulator -c -j8 -enable-batch-mode -incremental -Xcc -ivfsstatcache -Xcc /tmp/vp-heart-derived/SDKStatCaches.noindex/iphonesimulator26.5-23F81a-6cfe768891a92b912361537c460fe42b.sdkstatcache -output-file-map /tmp/vp-heart-derived/Build/Intermediates.noindex/VisePanda.build/Debug-iphonesimulator/VisePanda.build/Objects-normal/arm64/VisePanda-OutputFileMap.json -use-frontend-parseable-output -save-temps -no-color-diagnostics -explicit-module-build -module-cache-path /tmp/vp-heart-derived/Build/Intermediates.noindex/SwiftExplicitPrecompiledModules -clang-scanner-module-cache-path /tmp/vp-heart-derived/ModuleCache.noindex -sdk-module-cache-path /tmp/vp-heart-derived/ModuleCache.noindex -serialize-diagnostics -emit-dependencies -emit-module -emit-module-path /tmp/vp-heart-derived/Build/Intermediates.noindex/VisePanda.build/Debug-iphonesimulator/VisePanda.build/Objects-normal/arm64/VisePanda.swiftmodule -validate-clang-modules-once -clang-build-session-file /tmp/vp-heart-derived/ModuleCache.noindex/Session.modulevalidation -Xcc -I/tmp/vp-heart-derived/Build/Intermediates.noindex/VisePanda.build/Debug-iphonesimulator/VisePanda.build/swift-overrides.hmap -emit-const-values -Xfrontend -const-gather-protocols-file -Xfrontend /tmp/vp-heart-derived/Build/Intermediates.noindex/VisePanda.build/Debug-iphonesimulator/VisePanda.build/Objects-normal/arm64/VisePanda_const_extract_protocols.json -Xcc -iquote -Xcc /tmp/vp-heart-derived/Build/Intermediates.noindex/VisePanda.build/Debug-iphonesimulator/VisePanda.build/VisePanda-generated-files.hmap -Xcc -I/tmp/vp-heart-derived/Build/Intermediates.noindex/VisePanda.build/Debug-iphonesimulator/VisePanda.build/VisePanda-own-target-headers.hmap -Xcc -I/tmp/vp-heart-derived/Build/Intermediates.noindex/VisePanda.build/Debug-iphonesimulator/VisePanda.build/VisePanda-all-target-headers.hmap -Xcc -iquote -Xcc /tmp/vp-heart-derived/Build/Intermediates.noindex/VisePanda.build/Debug-iphonesimulator/VisePanda.build/VisePanda-project-headers.hmap -Xcc -I/tmp/vp-heart-derived/Build/Products/Debug-iphonesimulator/include -Xcc -I/tmp/vp-heart-derived/Build/Intermediates.noindex/VisePanda.build/Debug-iphonesimulator/VisePanda.build/DerivedSources-normal/arm64 -Xcc -I/tmp/vp-heart-derived/Build/Intermediates.noindex/VisePanda.build/Debug-iphonesimulator/VisePanda.build/DerivedSources/arm64 -Xcc -I/tmp/vp-heart-derived/Build/Intermediates.noindex/VisePanda.build/Debug-iphonesimulator/VisePanda.build/DerivedSources -emit-objc-header -emit-objc-header-path /tmp/vp-heart-derived/Build/Intermediates.noindex/VisePanda.build/Debug-iphonesimulator/VisePanda.build/Objects-normal/arm64/VisePanda-Swift.h -working-directory /Users/jtcao/Documents/VP-V4-Heart-Logo/ios/VisePanda -experimental-emit-module-separately -disable-cmo

SwiftDriver VisePanda normal x86_64 com.apple.xcode.tools.swift.compiler (in target 'VisePanda' from project 'VisePanda')
    cd /Users/jtcao/Documents/VP-V4-Heart-Logo/ios/VisePanda
    builtin-SwiftDriver -- /Applications/Xcode.app/Contents/Developer/Toolchains/XcodeDefault.xctoolchain/usr/bin/swiftc -module-name VisePanda -Onone @/tmp/vp-heart-derived/Build/Intermediates.noindex/VisePanda.build/Debug-iphonesimulator/VisePanda.build/Objects-normal/x86_64/VisePanda.SwiftFileList -DDEBUG -default-isolation\=MainActor -enable-upcoming-feature InferIsolatedConformances -enable-upcoming-feature NonisolatedNonsendingByDefault -enable-experimental-feature DebugDescriptionMacro -sdk /Applications/Xcode.app/Contents/Developer/Platforms/iPhoneSimulator.platform/Developer/SDKs/iPhoneSimulator26.5.sdk -target x86_64-apple-ios17.0-simulator -g -module-cache-path /tmp/vp-heart-derived/ModuleCache.noindex -Xfrontend -serialize-debugging-options -enable-testing -index-store-path /tmp/vp-heart-derived/Index.noindex/DataStore -Xcc -D_LIBCPP_HARDENING_MODE\=_LIBCPP_HARDENING_MODE_DEBUG -swift-version 6 -I /tmp/vp-heart-derived/Build/Products/Debug-iphonesimulator -F /tmp/vp-heart-derived/Build/Products/Debug-iphonesimulator -c -j8 -enable-batch-mode -incremental -Xcc -ivfsstatcache -Xcc /tmp/vp-heart-derived/SDKStatCaches.noindex/iphonesimulator26.5-23F81a-6cfe768891a92b912361537c460fe42b.sdkstatcache -output-file-map /tmp/vp-heart-derived/Build/Intermediates.noindex/VisePanda.build/Debug-iphonesimulator/VisePanda.build/Objects-normal/x86_64/VisePanda-OutputFileMap.json -use-frontend-parseable-output -save-temps -no-color-diagnostics -explicit-module-build -module-cache-path /tmp/vp-heart-derived/Build/Intermediates.noindex/SwiftExplicitPrecompiledModules -clang-scanner-module-cache-path /tmp/vp-heart-derived/ModuleCache.noindex -sdk-module-cache-path /tmp/vp-heart-derived/ModuleCache.noindex -serialize-diagnostics -emit-dependencies -emit-module -emit-module-path /tmp/vp-heart-derived/Build/Intermediates.noindex/VisePanda.build/Debug-iphonesimulator/VisePanda.build/Objects-normal/x86_64/VisePanda.swiftmodule -validate-clang-modules-once -clang-build-session-file /tmp/vp-heart-derived/ModuleCache.noindex/Session.modulevalidation -Xcc -I/tmp/vp-heart-derived/Build/Intermediates.noindex/VisePanda.build/Debug-iphonesimulator/VisePanda.build/swift-overrides.hmap -emit-const-values -Xfrontend -const-gather-protocols-file -Xfrontend /tmp/vp-heart-derived/Build/Intermediates.noindex/VisePanda.build/Debug-iphonesimulator/VisePanda.build/Objects-normal/x86_64/VisePanda_const_extract_protocols.json -Xcc -iquote -Xcc /tmp/vp-heart-derived/Build/Intermediates.noindex/VisePanda.build/Debug-iphonesimulator/VisePanda.build/VisePanda-generated-files.hmap -Xcc -I/tmp/vp-heart-derived/Build/Intermediates.noindex/VisePanda.build/Debug-iphonesimulator/VisePanda.build/VisePanda-own-target-headers.hmap -Xcc -I/tmp/vp-heart-derived/Build/Intermediates.noindex/VisePanda.build/Debug-iphonesimulator/VisePanda.build/VisePanda-all-target-headers.hmap -Xcc -iquote -Xcc /tmp/vp-heart-derived/Build/Intermediates.noindex/VisePanda.build/Debug-iphonesimulator/VisePanda.build/VisePanda-project-headers.hmap -Xcc -I/tmp/vp-heart-derived/Build/Products/Debug-iphonesimulator/include -Xcc -I/tmp/vp-heart-derived/Build/Intermediates.noindex/VisePanda.build/Debug-iphonesimulator/VisePanda.build/DerivedSources-normal/x86_64 -Xcc -I/tmp/vp-heart-derived/Build/Intermediates.noindex/VisePanda.build/Debug-iphonesimulator/VisePanda.build/DerivedSources/x86_64 -Xcc -I/tmp/vp-heart-derived/Build/Intermediates.noindex/VisePanda.build/Debug-iphonesimulator/VisePanda.build/DerivedSources -emit-objc-header -emit-objc-header-path /tmp/vp-heart-derived/Build/Intermediates.noindex/VisePanda.build/Debug-iphonesimulator/VisePanda.build/Objects-normal/x86_64/VisePanda-Swift.h -working-directory /Users/jtcao/Documents/VP-V4-Heart-Logo/ios/VisePanda -experimental-emit-module-separately -disable-cmo

SwiftExplicitDependencyGeneratePcm x86_64 /tmp/vp-heart-derived/ModuleCache.noindex/_Builtin_stddef-EZ74WAUF8QP4NK3LWTZ2M9X2K.pcm

SwiftExplicitDependencyGeneratePcm x86_64 /tmp/vp-heart-derived/ModuleCache.noindex/_SwiftConcurrencyShims-CC4UT1QWBIRESJY09QHV9Y9DF.pcm

SwiftExplicitDependencyGeneratePcm x86_64 /tmp/vp-heart-derived/ModuleCache.noindex/_Builtin_stdarg-808152BWNWMYV2GQBY2UC3NUX.pcm

SwiftExplicitDependencyGeneratePcm x86_64 /tmp/vp-heart-derived/ModuleCache.noindex/_Builtin_stdbool-489AZB1U66V73AMOYOLA3ADE7.pcm

SwiftExplicitDependencyGeneratePcm x86_64 /tmp/vp-heart-derived/ModuleCache.noindex/ptrcheck-C2U6M6RZCN8GDXBEYRB8OH84B.pcm

SwiftExplicitDependencyGeneratePcm x86_64 /tmp/vp-heart-derived/ModuleCache.noindex/_Builtin_float-9O71AGDQ555XQ9WSWHSLXKFOT.pcm

SwiftExplicitDependencyGeneratePcm x86_64 /tmp/vp-heart-derived/ModuleCache.noindex/ptrauth-6UHQ0HBTQK8U5CYD4NFOBXJD1.pcm

SwiftExplicitDependencyGeneratePcm arm64 /tmp/vp-heart-derived/ModuleCache.noindex/_AvailabilityInternal-B5KGSF1Z7XCOYQP6DO3M6OWO.pcm

SwiftExplicitDependencyGeneratePcm arm64 /tmp/vp-heart-derived/ModuleCache.noindex/_SwiftConcurrencyShims-834OU2QLE4CNUE7SA7G50RN5V.pcm

SwiftExplicitDependencyGeneratePcm arm64 /tmp/vp-heart-derived/ModuleCache.noindex/ptrauth-7W990AOVIID0V6JVWM2351GOK.pcm

SwiftExplicitDependencyGeneratePcm arm64 /tmp/vp-heart-derived/ModuleCache.noindex/_Builtin_stddef-BVKW1GGZQLXCB4LPZDUBO7EO2.pcm

SwiftExplicitDependencyGeneratePcm arm64 /tmp/vp-heart-derived/ModuleCache.noindex/_Builtin_stdbool-C4879KTVJ64PUR4J3F5EO2C4I.pcm

SwiftExplicitDependencyGeneratePcm arm64 /tmp/vp-heart-derived/ModuleCache.noindex/SwiftShims-D8TXOM9IJG57LFWPP51MFGTJF.pcm

SwiftExplicitDependencyGeneratePcm arm64 /tmp/vp-heart-derived/ModuleCache.noindex/_Builtin_stdarg-6PW5SHD4GW35AD8EICTSWL96B.pcm

SwiftExplicitDependencyGeneratePcm arm64 /tmp/vp-heart-derived/ModuleCache.noindex/ptrcheck-48XUF2CX90OGWWIW5Y86P2705.pcm

SwiftExplicitDependencyGeneratePcm arm64 /tmp/vp-heart-derived/ModuleCache.noindex/_Builtin_float-32QZY9IA0JNJWEEC5PGDE8QUO.pcm

SwiftExplicitDependencyGeneratePcm arm64 /tmp/vp-heart-derived/ModuleCache.noindex/DeveloperToolsSupport-7JHETS5VQD78NINQH5SJZZ3ZD.pcm

SwiftExplicitDependencyGeneratePcm x86_64 /tmp/vp-heart-derived/ModuleCache.noindex/SwiftShims-B8HWD37FNIKJ4SCXS4HADL3AF.pcm

SwiftExplicitDependencyGeneratePcm x86_64 /tmp/vp-heart-derived/ModuleCache.noindex/DeveloperToolsSupport-59AL6ZEEQ5ELD1DREHED0Q1S1.pcm

SwiftExplicitDependencyGeneratePcm x86_64 /tmp/vp-heart-derived/ModuleCache.noindex/_AvailabilityInternal-5PX9CEJR2IN33P2RCGX7N4XZF.pcm

SwiftExplicitDependencyGeneratePcm arm64 /tmp/vp-heart-derived/ModuleCache.noindex/_DarwinFoundation1-1ZQ6S4KYA1S02EEQGG3799GSD.pcm

SwiftExplicitDependencyGeneratePcm x86_64 /tmp/vp-heart-derived/ModuleCache.noindex/_DarwinFoundation1-40ZPQSXVH1DO9MB8ROBV94AEM.pcm

SwiftExplicitDependencyGeneratePcm arm64 /tmp/vp-heart-derived/ModuleCache.noindex/_Builtin_limits-CEB1P2ALZDU3QHXBXMZT15RRG.pcm

SwiftExplicitDependencyGeneratePcm arm64 /tmp/vp-heart-derived/ModuleCache.noindex/_DarwinFoundation2-4C3M6BFQU728OT1YLDI62EI7W.pcm

SwiftExplicitDependencyGeneratePcm x86_64 /tmp/vp-heart-derived/ModuleCache.noindex/_DarwinFoundation2-4CFJB7FOHQA28RE2NNJZF8HHR.pcm

SwiftExplicitDependencyGeneratePcm x86_64 /tmp/vp-heart-derived/ModuleCache.noindex/_Builtin_limits-2CUXRAYHTOFFVM0V6QMH6STQL.pcm

SwiftExplicitDependencyGeneratePcm x86_64 /tmp/vp-heart-derived/ModuleCache.noindex/sys_types-A8N3EJEGBX3ABLBAF9JPUW8EQ.pcm

SwiftExplicitDependencyGeneratePcm x86_64 /tmp/vp-heart-derived/ModuleCache.noindex/_Builtin_stdint-5J300FQCNRYIT23RIMCX57UTJ.pcm

SwiftExplicitDependencyGeneratePcm x86_64 /tmp/vp-heart-derived/ModuleCache.noindex/_Builtin_tgmath-8CAJL63Z9JJIWGFN18NW0KJBF.pcm

SwiftExplicitDependencyGeneratePcm arm64 /tmp/vp-heart-derived/ModuleCache.noindex/_Builtin_tgmath-DBE3UIQV3RY7MOHQC0YL1M78L.pcm

SwiftExplicitDependencyGeneratePcm arm64 /tmp/vp-heart-derived/ModuleCache.noindex/sys_types-27QO68WZRQKX8YSBUFR0SUUS4.pcm

SwiftExplicitDependencyGeneratePcm arm64 /tmp/vp-heart-derived/ModuleCache.noindex/_Builtin_stdint-3CI06JYOQQOZ5ZBM3ST06U8J2.pcm

SwiftExplicitDependencyGeneratePcm x86_64 /tmp/vp-heart-derived/ModuleCache.noindex/_Builtin_stdatomic-9RYK2TLKZMDRRXFEGJ9YK5NFP.pcm

SwiftExplicitDependencyGeneratePcm x86_64 /tmp/vp-heart-derived/ModuleCache.noindex/_DarwinFoundation3-AZ5KTEM6JEXYK03PRNS8XSKS7.pcm

SwiftExplicitDependencyGeneratePcm arm64 /tmp/vp-heart-derived/ModuleCache.noindex/_Builtin_intrinsics-1MQQBDIFQGOQPC3UZO0D5V4GZ.pcm

SwiftExplicitDependencyGeneratePcm arm64 /tmp/vp-heart-derived/ModuleCache.noindex/_Builtin_stdatomic-6TRCM62BH40B4BHG5T2BXKBXY.pcm

SwiftExplicitDependencyGeneratePcm arm64 /tmp/vp-heart-derived/ModuleCache.noindex/_DarwinFoundation3-DAYSPRCNJJ7VRRYRU3OFGFPD8.pcm

SwiftExplicitDependencyGeneratePcm x86_64 /tmp/vp-heart-derived/ModuleCache.noindex/_Builtin_inttypes-4YSEO0S9VSYD7JY0MULPK4NV7.pcm

SwiftExplicitDependencyGeneratePcm x86_64 /tmp/vp-heart-derived/ModuleCache.noindex/_Builtin_intrinsics-7Q3HXPM80O1U0BFINA4V9AMN0.pcm

SwiftExplicitDependencyGeneratePcm arm64 /tmp/vp-heart-derived/ModuleCache.noindex/_Builtin_inttypes-47WS9OPDBXR3ME347X4BA7T2Y.pcm

SwiftExplicitDependencyGeneratePcm x86_64 /tmp/vp-heart-derived/ModuleCache.noindex/Darwin-65EVOEMWMGCQPIYETN0FUVIZ9.pcm

SwiftExplicitDependencyGeneratePcm arm64 /tmp/vp-heart-derived/ModuleCache.noindex/Darwin-1NI6MSF5P8ZH7B0YJ8F2AGN66.pcm

SwiftExplicitDependencyGeneratePcm arm64 /tmp/vp-heart-derived/ModuleCache.noindex/simd-25DJWVIRC2STPV32IL36WM24U.pcm

SwiftExplicitDependencyGeneratePcm x86_64 /tmp/vp-heart-derived/ModuleCache.noindex/MachO-14J4MW8CK3VJLRUP6U478XKQL.pcm

SwiftExplicitDependencyGeneratePcm x86_64 /tmp/vp-heart-derived/ModuleCache.noindex/ObjectiveC-D513MANOUCHBG8VV9PQSCOOUZ.pcm

SwiftExplicitDependencyGeneratePcm arm64 /tmp/vp-heart-derived/ModuleCache.noindex/MachO-6R5IITM8Q3SJSA7N8OA4WLUGN.pcm

SwiftExplicitDependencyGeneratePcm arm64 /tmp/vp-heart-derived/ModuleCache.noindex/ObjectiveC-44KTJ7EHVIHNVO7CVEMHZ779T.pcm

SwiftExplicitDependencyGeneratePcm x86_64 /tmp/vp-heart-derived/ModuleCache.noindex/simd-3B6QE44CRCC9MO5DQPXQEKKA5.pcm

SwiftExplicitDependencyGeneratePcm x86_64 /tmp/vp-heart-derived/ModuleCache.noindex/os_object-BKXAUPHZLFA7YK0CD2ESZOOZL.pcm

SwiftExplicitDependencyGeneratePcm arm64 /tmp/vp-heart-derived/ModuleCache.noindex/os_object-88NISZZ755XN61W5YT8QKSJHT.pcm

SwiftExplicitDependencyGeneratePcm x86_64 /tmp/vp-heart-derived/ModuleCache.noindex/os_workgroup-6ML5ZZPIOM21F3PP777BIYILJ.pcm

SwiftExplicitDependencyGeneratePcm arm64 /tmp/vp-heart-derived/ModuleCache.noindex/os_workgroup-4W6ZB8U28TFXYX0A40Q2SKX3M.pcm

SwiftExplicitDependencyGeneratePcm x86_64 /tmp/vp-heart-derived/ModuleCache.noindex/Dispatch-2XA3LUO96DC6G6XYO6YSKI4S1.pcm

SwiftExplicitDependencyGeneratePcm arm64 /tmp/vp-heart-derived/ModuleCache.noindex/Spatial-2WMO7W5APHDO4UPWB6AP3C8ZG.pcm

SwiftExplicitDependencyGeneratePcm arm64 /tmp/vp-heart-derived/ModuleCache.noindex/Dispatch-4R6EGYE2C99KM4BD769I6M3HR.pcm

SwiftExplicitDependencyGeneratePcm x86_64 /tmp/vp-heart-derived/ModuleCache.noindex/CoreFoundation-EJEAA6CAC43Q1KY3HWD0I77WG.pcm

SwiftExplicitDependencyGeneratePcm x86_64 /tmp/vp-heart-derived/ModuleCache.noindex/XPC-CIRCPZR8KZTSYWA7YXOY3RHBY.pcm

SwiftExplicitDependencyGeneratePcm arm64 /tmp/vp-heart-derived/ModuleCache.noindex/XPC-24MPDM536984I0IT9HZQWSKRR.pcm

SwiftExplicitDependencyGeneratePcm arm64 /tmp/vp-heart-derived/ModuleCache.noindex/CoreFoundation-5VAPQSQ227SUL4ES8AOMR6JVH.pcm

SwiftExplicitDependencyGeneratePcm x86_64 /tmp/vp-heart-derived/ModuleCache.noindex/os-4V1PZMYPTB28TL5Z62VNQ1F4O.pcm

SwiftExplicitDependencyGeneratePcm arm64 /tmp/vp-heart-derived/ModuleCache.noindex/os-3MS8H2X9E2HQ79XK4SFH6WA4S.pcm

SwiftExplicitDependencyGeneratePcm x86_64 /tmp/vp-heart-derived/ModuleCache.noindex/Spatial-6DUR21QC113VKDH1NEF2XS7QW.pcm

SwiftExplicitDependencyGeneratePcm x86_64 /tmp/vp-heart-derived/ModuleCache.noindex/Security-C4DHKO3D9KGQYRN9JD9WVPNOW.pcm

SwiftExplicitDependencyGeneratePcm x86_64 /tmp/vp-heart-derived/ModuleCache.noindex/CoreGraphics-8T5FVW59K1M9KBM6HFOLQ4XAV.pcm

SwiftExplicitDependencyGeneratePcm x86_64 /tmp/vp-heart-derived/ModuleCache.noindex/CFNetwork-EKNTQCD1XJ35BZO3KG13XSQ2J.pcm

SwiftExplicitDependencyGeneratePcm arm64 /tmp/vp-heart-derived/ModuleCache.noindex/Security-AMBK33OLVYH5B7P7FTN24K7T4.pcm

SwiftExplicitDependencyGeneratePcm arm64 /tmp/vp-heart-derived/ModuleCache.noindex/CoreGraphics-E9BYIT3LXW5PL6XU08IMXVPL3.pcm

SwiftExplicitDependencyGeneratePcm arm64 /tmp/vp-heart-derived/ModuleCache.noindex/CFNetwork-2PZQCMTLAI1RE99IBNYQYLB1D.pcm

SwiftExplicitDependencyGeneratePcm x86_64 /tmp/vp-heart-derived/ModuleCache.noindex/Foundation-6J0EA088U0492KDLJZG1XV944.pcm

SwiftExplicitDependencyGeneratePcm x86_64 /tmp/vp-heart-derived/ModuleCache.noindex/CoreText-3X4GMYQTPF6CTOVMK969OT1B4.pcm

SwiftExplicitDependencyGeneratePcm x86_64 /tmp/vp-heart-derived/ModuleCache.noindex/ImageIO-1R0PYEF325VKMS4AT8FFTBG6U.pcm

SwiftExplicitDependencyGeneratePcm arm64 /tmp/vp-heart-derived/ModuleCache.noindex/ImageIO-6HZRX3JDWSN3YD6NXODYYRRYX.pcm

SwiftExplicitDependencyGeneratePcm arm64 /tmp/vp-heart-derived/ModuleCache.noindex/CoreText-EUDL9GYWZ6MDASHDBMW49Y1RO.pcm

SwiftExplicitDependencyGeneratePcm arm64 /tmp/vp-heart-derived/ModuleCache.noindex/Foundation-391DXMGUSMO24FDD2DH6PKFKR.pcm

SwiftExplicitDependencyGeneratePcm x86_64 /tmp/vp-heart-derived/ModuleCache.noindex/DataDetection-CCH42FPEVUHCN7Q7H1CDX063W.pcm

SwiftExplicitDependencyGeneratePcm x86_64 /tmp/vp-heart-derived/ModuleCache.noindex/OSLog-9OBH3MS4MQBBJ1WGU3KCX51EK.pcm

SwiftExplicitDependencyGeneratePcm x86_64 /tmp/vp-heart-derived/ModuleCache.noindex/CoreTransferable-9DDP9LXKEGT7GWLJ5JXO6IJ9V.pcm

SwiftExplicitDependencyGeneratePcm x86_64 /tmp/vp-heart-derived/ModuleCache.noindex/OpenGLES-D6J0RV8F45KW73GIKJ4H7ON29.pcm

SwiftExplicitDependencyGeneratePcm x86_64 /tmp/vp-heart-derived/ModuleCache.noindex/UniformTypeIdentifiers-B0BMWE7RF55QTU5BN4YKQ3OQO.pcm

SwiftExplicitDependencyGeneratePcm x86_64 /tmp/vp-heart-derived/ModuleCache.noindex/FileProvider-CXIFJ6MK6ASR5VBHC4T6RJMXJ.pcm

SwiftExplicitDependencyGeneratePcm x86_64 /tmp/vp-heart-derived/ModuleCache.noindex/IOSurface-9T1KQ4KY4635SBC0DWUK5DTEM.pcm

SwiftExplicitDependencyGeneratePcm x86_64 /tmp/vp-heart-derived/ModuleCache.noindex/CoreData-DCHCWBU88H0A891XCTID7MPF2.pcm

SwiftExplicitDependencyGeneratePcm arm64 /tmp/vp-heart-derived/ModuleCache.noindex/DataDetection-2GCNB0OWIH12P64GORC059HLT.pcm

SwiftExplicitDependencyGeneratePcm arm64 /tmp/vp-heart-derived/ModuleCache.noindex/CoreData-55HKK1F7XXHFOQ356NDLLNZ1A.pcm

SwiftExplicitDependencyGeneratePcm arm64 /tmp/vp-heart-derived/ModuleCache.noindex/FileProvider-EOZKR8DMVW62F0A7NT73TVQET.pcm

SwiftExplicitDependencyGeneratePcm arm64 /tmp/vp-heart-derived/ModuleCache.noindex/CoreTransferable-4VQ109L7KF3S7TXNMCLEHO6HZ.pcm

SwiftExplicitDependencyGeneratePcm arm64 /tmp/vp-heart-derived/ModuleCache.noindex/UniformTypeIdentifiers-571E31GNLY6Q0ODP9DY2HWBI4.pcm

SwiftExplicitDependencyGeneratePcm arm64 /tmp/vp-heart-derived/ModuleCache.noindex/Accessibility-B9AFM3T3U31FC2M34W5199ZRG.pcm

SwiftExplicitDependencyGeneratePcm arm64 /tmp/vp-heart-derived/ModuleCache.noindex/Symbols-CSBN6ED86BA8ORKZXVIRF07SL.pcm

SwiftExplicitDependencyGeneratePcm arm64 /tmp/vp-heart-derived/ModuleCache.noindex/OSLog-8B7YEA8PJZOWFO2KY0K88MEZV.pcm

SwiftExplicitDependencyGeneratePcm arm64 /tmp/vp-heart-derived/ModuleCache.noindex/IOSurface-2UKPREXEMJS8U48O635QERVYL.pcm

SwiftExplicitDependencyGeneratePcm arm64 /tmp/vp-heart-derived/ModuleCache.noindex/OpenGLES-EV1ZCOZ67J3OZEKKEK1HNLZUP.pcm

SwiftExplicitDependencyGeneratePcm x86_64 /tmp/vp-heart-derived/ModuleCache.noindex/UserNotifications-CW98PX5XK3FYDFA9ZORHRBE8Q.pcm

SwiftExplicitDependencyGeneratePcm x86_64 /tmp/vp-heart-derived/ModuleCache.noindex/Accessibility-C0LP7U3WVZTWOCUL8198T2LZF.pcm

SwiftExplicitDependencyGeneratePcm arm64 /tmp/vp-heart-derived/ModuleCache.noindex/UIUtilities-1K2AFV214Z1GDED4ZFS9VECEB.pcm

SwiftExplicitDependencyGeneratePcm x86_64 /tmp/vp-heart-derived/ModuleCache.noindex/Symbols-79V3AZ5D0QCPGOO5ZKLIJD5UK.pcm

SwiftExplicitDependencyGeneratePcm x86_64 /tmp/vp-heart-derived/ModuleCache.noindex/UIUtilities-3IVGXBCV7PXHTRG6S7Z58I448.pcm

SwiftExplicitDependencyGeneratePcm arm64 /tmp/vp-heart-derived/ModuleCache.noindex/UserNotifications-3M0CZDEF8WKSPL9HSWV23LCKY.pcm

SwiftExplicitDependencyGeneratePcm arm64 /tmp/vp-heart-derived/ModuleCache.noindex/Metal-34P11I3UH3CUSY91YYM7B30TR.pcm

SwiftExplicitDependencyGeneratePcm x86_64 /tmp/vp-heart-derived/ModuleCache.noindex/Metal-B1BNS0PUP41KDU5OOXDGEBRA1.pcm

SwiftExplicitDependencyGeneratePcm arm64 /tmp/vp-heart-derived/ModuleCache.noindex/CoreVideo-912ZP7F3LU0TZT8TUKNIOJZUO.pcm

SwiftExplicitDependencyGeneratePcm x86_64 /tmp/vp-heart-derived/ModuleCache.noindex/CoreVideo-6ZFZPRR7Q2Y7VVRTFNOTAETV5.pcm

SwiftExplicitDependencyGeneratePcm arm64 /tmp/vp-heart-derived/ModuleCache.noindex/CoreImage-CQO0F1FGA26QO9GMO5I5CPS8H.pcm

SwiftExplicitDependencyGeneratePcm arm64 /tmp/vp-heart-derived/ModuleCache.noindex/QuartzCore-B1KORNKRLCQBT34NSNIJM4FVC.pcm

SwiftExplicitDependencyGeneratePcm x86_64 /tmp/vp-heart-derived/ModuleCache.noindex/QuartzCore-4K22ZOMGW6Z5HBPFP9SVTRFZ4.pcm

SwiftExplicitDependencyGeneratePcm x86_64 /tmp/vp-heart-derived/ModuleCache.noindex/CoreImage-B6KTLI4XCUTYD933VENXBG2V2.pcm

SwiftExplicitDependencyGeneratePcm arm64 /tmp/vp-heart-derived/ModuleCache.noindex/SwiftUICore-EAFB71CN27LIGQP3SALLHP71Z.pcm

SwiftExplicitDependencyGeneratePcm x86_64 /tmp/vp-heart-derived/ModuleCache.noindex/SwiftUICore-DXNHDNP2OU6EUT7Z9PXQLYIYD.pcm

SwiftExplicitDependencyGeneratePcm arm64 /tmp/vp-heart-derived/ModuleCache.noindex/UIKit-A7WCTO8SHBKENP5MHIBN8VH0C.pcm

SwiftExplicitDependencyGeneratePcm x86_64 /tmp/vp-heart-derived/ModuleCache.noindex/UIKit-AEWGZIABAWX720TMH0UORSUIE.pcm

SwiftExplicitDependencyGeneratePcm x86_64 /tmp/vp-heart-derived/ModuleCache.noindex/SwiftUI-13FGD6HXUPLICRA5WPDHUTCWU.pcm

SwiftExplicitDependencyGeneratePcm arm64 /tmp/vp-heart-derived/ModuleCache.noindex/SwiftUI-CP0Z00H44N03RZX8SOJVEPLBJ.pcm

SwiftCompile normal x86_64 Compiling\ NativeTripModels.swift,\ NativeTripStore.swift,\ NativeTripView.swift /Users/jtcao/Documents/VP-V4-Heart-Logo/ios/VisePanda/VisePanda/Features/Trip/NativeTripModels.swift /Users/jtcao/Documents/VP-V4-Heart-Logo/ios/VisePanda/VisePanda/Features/Trip/NativeTripStore.swift /Users/jtcao/Documents/VP-V4-Heart-Logo/ios/VisePanda/VisePanda/Features/Trip/NativeTripView.swift (in target 'VisePanda' from project 'VisePanda')
SwiftCompile normal x86_64 /Users/jtcao/Documents/VP-V4-Heart-Logo/ios/VisePanda/VisePanda/Features/Trip/NativeTripModels.swift (in target 'VisePanda' from project 'VisePanda')
    cd /Users/jtcao/Documents/VP-V4-Heart-Logo/ios/VisePanda
    

SwiftCompile normal x86_64 /Users/jtcao/Documents/VP-V4-Heart-Logo/ios/VisePanda/VisePanda/Features/Trip/NativeTripStore.swift (in target 'VisePanda' from project 'VisePanda')
    cd /Users/jtcao/Documents/VP-V4-Heart-Logo/ios/VisePanda
    

SwiftCompile normal x86_64 /Users/jtcao/Documents/VP-V4-Heart-Logo/ios/VisePanda/VisePanda/Features/Trip/NativeTripView.swift (in target 'VisePanda' from project 'VisePanda')
    cd /Users/jtcao/Documents/VP-V4-Heart-Logo/ios/VisePanda
    

SwiftEmitModule normal x86_64 Emitting\ module\ for\ VisePanda (in target 'VisePanda' from project 'VisePanda')

EmitSwiftModule normal x86_64 (in target 'VisePanda' from project 'VisePanda')
    cd /Users/jtcao/Documents/VP-V4-Heart-Logo/ios/VisePanda
    

SwiftCompile normal x86_64 Compiling\ PreviewStatusBanner.swift,\ CapabilityCard.swift,\ TodayView.swift /Users/jtcao/Documents/VP-V4-Heart-Logo/ios/VisePanda/VisePanda/Components/PreviewStatusBanner.swift /Users/jtcao/Documents/VP-V4-Heart-Logo/ios/VisePanda/VisePanda/Components/CapabilityCard.swift /Users/jtcao/Documents/VP-V4-Heart-Logo/ios/VisePanda/VisePanda/Features/Today/TodayView.swift (in target 'VisePanda' from project 'VisePanda')

SwiftCompile normal x86_64 /Users/jtcao/Documents/VP-V4-Heart-Logo/ios/VisePanda/VisePanda/Components/PreviewStatusBanner.swift (in target 'VisePanda' from project 'VisePanda')
    cd /Users/jtcao/Documents/VP-V4-Heart-Logo/ios/VisePanda
    

SwiftCompile normal x86_64 /Users/jtcao/Documents/VP-V4-Heart-Logo/ios/VisePanda/VisePanda/Components/CapabilityCard.swift (in target 'VisePanda' from project 'VisePanda')
    cd /Users/jtcao/Documents/VP-V4-Heart-Logo/ios/VisePanda
    

SwiftCompile normal x86_64 /Users/jtcao/Documents/VP-V4-Heart-Logo/ios/VisePanda/VisePanda/Features/Today/TodayView.swift (in target 'VisePanda' from project 'VisePanda')
    cd /Users/jtcao/Documents/VP-V4-Heart-Logo/ios/VisePanda
    

SwiftCompile normal x86_64 Compiling\ AppShellView.swift,\ AppTab.swift,\ AppRoute.swift /Users/jtcao/Documents/VP-V4-Heart-Logo/ios/VisePanda/VisePanda/App/AppShellView.swift /Users/jtcao/Documents/VP-V4-Heart-Logo/ios/VisePanda/VisePanda/Navigation/AppTab.swift /Users/jtcao/Documents/VP-V4-Heart-Logo/ios/VisePanda/VisePanda/Navigation/AppRoute.swift (in target 'VisePanda' from project 'VisePanda')

SwiftCompile normal x86_64 /Users/jtcao/Documents/VP-V4-Heart-Logo/ios/VisePanda/VisePanda/App/AppShellView.swift (in target 'VisePanda' from project 'VisePanda')
    cd /Users/jtcao/Documents/VP-V4-Heart-Logo/ios/VisePanda
    

SwiftCompile normal x86_64 /Users/jtcao/Documents/VP-V4-Heart-Logo/ios/VisePanda/VisePanda/Navigation/AppTab.swift (in target 'VisePanda' from project 'VisePanda')
    cd /Users/jtcao/Documents/VP-V4-Heart-Logo/ios/VisePanda
    

SwiftCompile normal x86_64 /Users/jtcao/Documents/VP-V4-Heart-Logo/ios/VisePanda/VisePanda/Navigation/AppRoute.swift (in target 'VisePanda' from project 'VisePanda')
    cd /Users/jtcao/Documents/VP-V4-Heart-Logo/ios/VisePanda
    

SwiftCompile normal x86_64 Compiling\ Capability.swift,\ VisePandaTheme.swift,\ BrandHeader.swift /Users/jtcao/Documents/VP-V4-Heart-Logo/ios/VisePanda/VisePanda/Navigation/Capability.swift /Users/jtcao/Documents/VP-V4-Heart-Logo/ios/VisePanda/VisePanda/DesignSystem/VisePandaTheme.swift /Users/jtcao/Documents/VP-V4-Heart-Logo/ios/VisePanda/VisePanda/Components/BrandHeader.swift (in target 'VisePanda' from project 'VisePanda')

SwiftCompile normal x86_64 /Users/jtcao/Documents/VP-V4-Heart-Logo/ios/VisePanda/VisePanda/Navigation/Capability.swift (in target 'VisePanda' from project 'VisePanda')
    cd /Users/jtcao/Documents/VP-V4-Heart-Logo/ios/VisePanda
    

SwiftCompile normal x86_64 /Users/jtcao/Documents/VP-V4-Heart-Logo/ios/VisePanda/VisePanda/DesignSystem/VisePandaTheme.swift (in target 'VisePanda' from project 'VisePanda')
    cd /Users/jtcao/Documents/VP-V4-Heart-Logo/ios/VisePanda
    

SwiftCompile normal x86_64 /Users/jtcao/Documents/VP-V4-Heart-Logo/ios/VisePanda/VisePanda/Components/BrandHeader.swift (in target 'VisePanda' from project 'VisePanda')
    cd /Users/jtcao/Documents/VP-V4-Heart-Logo/ios/VisePanda
    

SwiftCompile normal x86_64 Compiling\ NativeSession.swift,\ VisePandaApp.swift,\ AppSettings.swift /Users/jtcao/Documents/VP-V4-Heart-Logo/ios/VisePanda/VisePanda/App/NativeSession.swift /Users/jtcao/Documents/VP-V4-Heart-Logo/ios/VisePanda/VisePanda/App/VisePandaApp.swift /Users/jtcao/Documents/VP-V4-Heart-Logo/ios/VisePanda/VisePanda/App/AppSettings.swift (in target 'VisePanda' from project 'VisePanda')

SwiftCompile normal x86_64 /Users/jtcao/Documents/VP-V4-Heart-Logo/ios/VisePanda/VisePanda/App/NativeSession.swift (in target 'VisePanda' from project 'VisePanda')
    cd /Users/jtcao/Documents/VP-V4-Heart-Logo/ios/VisePanda
    

SwiftCompile normal x86_64 /Users/jtcao/Documents/VP-V4-Heart-Logo/ios/VisePanda/VisePanda/App/VisePandaApp.swift (in target 'VisePanda' from project 'VisePanda')
    cd /Users/jtcao/Documents/VP-V4-Heart-Logo/ios/VisePanda
    

SwiftCompile normal x86_64 /Users/jtcao/Documents/VP-V4-Heart-Logo/ios/VisePanda/VisePanda/App/AppSettings.swift (in target 'VisePanda' from project 'VisePanda')
    cd /Users/jtcao/Documents/VP-V4-Heart-Logo/ios/VisePanda
    

SwiftCompile normal x86_64 Compiling\ ProfileView.swift,\ GeneratedAssetSymbols.swift /Users/jtcao/Documents/VP-V4-Heart-Logo/ios/VisePanda/VisePanda/Features/Profile/ProfileView.swift /tmp/vp-heart-derived/Build/Intermediates.noindex/VisePanda.build/Debug-iphonesimulator/VisePanda.build/DerivedSources/GeneratedAssetSymbols.swift (in target 'VisePanda' from project 'VisePanda')

SwiftCompile normal x86_64 /Users/jtcao/Documents/VP-V4-Heart-Logo/ios/VisePanda/VisePanda/Features/Profile/ProfileView.swift (in target 'VisePanda' from project 'VisePanda')
    cd /Users/jtcao/Documents/VP-V4-Heart-Logo/ios/VisePanda
    

SwiftCompile normal x86_64 /tmp/vp-heart-derived/Build/Intermediates.noindex/VisePanda.build/Debug-iphonesimulator/VisePanda.build/DerivedSources/GeneratedAssetSymbols.swift (in target 'VisePanda' from project 'VisePanda')
    cd /Users/jtcao/Documents/VP-V4-Heart-Logo/ios/VisePanda
    

SwiftEmitModule normal arm64 Emitting\ module\ for\ VisePanda (in target 'VisePanda' from project 'VisePanda')

EmitSwiftModule normal arm64 (in target 'VisePanda' from project 'VisePanda')
    cd /Users/jtcao/Documents/VP-V4-Heart-Logo/ios/VisePanda
    

SwiftDriverJobDiscovery normal x86_64 Emitting module for VisePanda (in target 'VisePanda' from project 'VisePanda')

SwiftDriver\ Compilation\ Requirements VisePanda normal x86_64 com.apple.xcode.tools.swift.compiler (in target 'VisePanda' from project 'VisePanda')
    cd /Users/jtcao/Documents/VP-V4-Heart-Logo/ios/VisePanda
    builtin-Swift-Compilation-Requirements -- /Applications/Xcode.app/Contents/Developer/Toolchains/XcodeDefault.xctoolchain/usr/bin/swiftc -module-name VisePanda -Onone @/tmp/vp-heart-derived/Build/Intermediates.noindex/VisePanda.build/Debug-iphonesimulator/VisePanda.build/Objects-normal/x86_64/VisePanda.SwiftFileList -DDEBUG -default-isolation\=MainActor -enable-upcoming-feature InferIsolatedConformances -enable-upcoming-feature NonisolatedNonsendingByDefault -enable-experimental-feature DebugDescriptionMacro -sdk /Applications/Xcode.app/Contents/Developer/Platforms/iPhoneSimulator.platform/Developer/SDKs/iPhoneSimulator26.5.sdk -target x86_64-apple-ios17.0-simulator -g -module-cache-path /tmp/vp-heart-derived/ModuleCache.noindex -Xfrontend -serialize-debugging-options -enable-testing -index-store-path /tmp/vp-heart-derived/Index.noindex/DataStore -Xcc -D_LIBCPP_HARDENING_MODE\=_LIBCPP_HARDENING_MODE_DEBUG -swift-version 6 -I /tmp/vp-heart-derived/Build/Products/Debug-iphonesimulator -F /tmp/vp-heart-derived/Build/Products/Debug-iphonesimulator -c -j8 -enable-batch-mode -incremental -Xcc -ivfsstatcache -Xcc /tmp/vp-heart-derived/SDKStatCaches.noindex/iphonesimulator26.5-23F81a-6cfe768891a92b912361537c460fe42b.sdkstatcache -output-file-map /tmp/vp-heart-derived/Build/Intermediates.noindex/VisePanda.build/Debug-iphonesimulator/VisePanda.build/Objects-normal/x86_64/VisePanda-OutputFileMap.json -use-frontend-parseable-output -save-temps -no-color-diagnostics -explicit-module-build -module-cache-path /tmp/vp-heart-derived/Build/Intermediates.noindex/SwiftExplicitPrecompiledModules -clang-scanner-module-cache-path /tmp/vp-heart-derived/ModuleCache.noindex -sdk-module-cache-path /tmp/vp-heart-derived/ModuleCache.noindex -serialize-diagnostics -emit-dependencies -emit-module -emit-module-path /tmp/vp-heart-derived/Build/Intermediates.noindex/VisePanda.build/Debug-iphonesimulator/VisePanda.build/Objects-normal/x86_64/VisePanda.swiftmodule -validate-clang-modules-once -clang-build-session-file /tmp/vp-heart-derived/ModuleCache.noindex/Session.modulevalidation -Xcc -I/tmp/vp-heart-derived/Build/Intermediates.noindex/VisePanda.build/Debug-iphonesimulator/VisePanda.build/swift-overrides.hmap -emit-const-values -Xfrontend -const-gather-protocols-file -Xfrontend /tmp/vp-heart-derived/Build/Intermediates.noindex/VisePanda.build/Debug-iphonesimulator/VisePanda.build/Objects-normal/x86_64/VisePanda_const_extract_protocols.json -Xcc -iquote -Xcc /tmp/vp-heart-derived/Build/Intermediates.noindex/VisePanda.build/Debug-iphonesimulator/VisePanda.build/VisePanda-generated-files.hmap -Xcc -I/tmp/vp-heart-derived/Build/Intermediates.noindex/VisePanda.build/Debug-iphonesimulator/VisePanda.build/VisePanda-own-target-headers.hmap -Xcc -I/tmp/vp-heart-derived/Build/Intermediates.noindex/VisePanda.build/Debug-iphonesimulator/VisePanda.build/VisePanda-all-target-headers.hmap -Xcc -iquote -Xcc /tmp/vp-heart-derived/Build/Intermediates.noindex/VisePanda.build/Debug-iphonesimulator/VisePanda.build/VisePanda-project-headers.hmap -Xcc -I/tmp/vp-heart-derived/Build/Products/Debug-iphonesimulator/include -Xcc -I/tmp/vp-heart-derived/Build/Intermediates.noindex/VisePanda.build/Debug-iphonesimulator/VisePanda.build/DerivedSources-normal/x86_64 -Xcc -I/tmp/vp-heart-derived/Build/Intermediates.noindex/VisePanda.build/Debug-iphonesimulator/VisePanda.build/DerivedSources/x86_64 -Xcc -I/tmp/vp-heart-derived/Build/Intermediates.noindex/VisePanda.build/Debug-iphonesimulator/VisePanda.build/DerivedSources -emit-objc-header -emit-objc-header-path /tmp/vp-heart-derived/Build/Intermediates.noindex/VisePanda.build/Debug-iphonesimulator/VisePanda.build/Objects-normal/x86_64/VisePanda-Swift.h -working-directory /Users/jtcao/Documents/VP-V4-Heart-Logo/ios/VisePanda -experimental-emit-module-separately -disable-cmo

SwiftCompile normal arm64 Compiling\ PreviewStatusBanner.swift,\ CapabilityCard.swift,\ TodayView.swift /Users/jtcao/Documents/VP-V4-Heart-Logo/ios/VisePanda/VisePanda/Components/PreviewStatusBanner.swift /Users/jtcao/Documents/VP-V4-Heart-Logo/ios/VisePanda/VisePanda/Components/CapabilityCard.swift /Users/jtcao/Documents/VP-V4-Heart-Logo/ios/VisePanda/VisePanda/Features/Today/TodayView.swift (in target 'VisePanda' from project 'VisePanda')
SwiftCompile normal arm64 /Users/jtcao/Documents/VP-V4-Heart-Logo/ios/VisePanda/VisePanda/Components/PreviewStatusBanner.swift (in target 'VisePanda' from project 'VisePanda')
    cd /Users/jtcao/Documents/VP-V4-Heart-Logo/ios/VisePanda
    

SwiftCompile normal arm64 /Users/jtcao/Documents/VP-V4-Heart-Logo/ios/VisePanda/VisePanda/Components/CapabilityCard.swift (in target 'VisePanda' from project 'VisePanda')
    cd /Users/jtcao/Documents/VP-V4-Heart-Logo/ios/VisePanda
    

SwiftCompile normal arm64 /Users/jtcao/Documents/VP-V4-Heart-Logo/ios/VisePanda/VisePanda/Features/Today/TodayView.swift (in target 'VisePanda' from project 'VisePanda')
    cd /Users/jtcao/Documents/VP-V4-Heart-Logo/ios/VisePanda
    

SwiftDriverJobDiscovery normal arm64 Emitting module for VisePanda (in target 'VisePanda' from project 'VisePanda')

Copy /tmp/vp-heart-derived/Build/Products/Debug-iphonesimulator/VisePanda.swiftmodule/x86_64-apple-ios-simulator.swiftmodule /tmp/vp-heart-derived/Build/Intermediates.noindex/VisePanda.build/Debug-iphonesimulator/VisePanda.build/Objects-normal/x86_64/VisePanda.swiftmodule (in target 'VisePanda' from project 'VisePanda')
    cd /Users/jtcao/Documents/VP-V4-Heart-Logo/ios/VisePanda
    builtin-copy -exclude .DS_Store -exclude CVS -exclude .svn -exclude .git -exclude .hg -resolve-src-symlinks -rename /tmp/vp-heart-derived/Build/Intermediates.noindex/VisePanda.build/Debug-iphonesimulator/VisePanda.build/Objects-normal/x86_64/VisePanda.swiftmodule /tmp/vp-heart-derived/Build/Products/Debug-iphonesimulator/VisePanda.swiftmodule/x86_64-apple-ios-simulator.swiftmodule

SwiftDriver\ Compilation\ Requirements VisePanda normal arm64 com.apple.xcode.tools.swift.compiler (in target 'VisePanda' from project 'VisePanda')
    cd /Users/jtcao/Documents/VP-V4-Heart-Logo/ios/VisePanda
    builtin-Swift-Compilation-Requirements -- /Applications/Xcode.app/Contents/Developer/Toolchains/XcodeDefault.xctoolchain/usr/bin/swiftc -module-name VisePanda -Onone @/tmp/vp-heart-derived/Build/Intermediates.noindex/VisePanda.build/Debug-iphonesimulator/VisePanda.build/Objects-normal/arm64/VisePanda.SwiftFileList -DDEBUG -default-isolation\=MainActor -enable-upcoming-feature InferIsolatedConformances -enable-upcoming-feature NonisolatedNonsendingByDefault -enable-experimental-feature DebugDescriptionMacro -sdk /Applications/Xcode.app/Contents/Developer/Platforms/iPhoneSimulator.platform/Developer/SDKs/iPhoneSimulator26.5.sdk -target arm64-apple-ios17.0-simulator -g -module-cache-path /tmp/vp-heart-derived/ModuleCache.noindex -Xfrontend -serialize-debugging-options -enable-testing -index-store-path /tmp/vp-heart-derived/Index.noindex/DataStore -Xcc -D_LIBCPP_HARDENING_MODE\=_LIBCPP_HARDENING_MODE_DEBUG -swift-version 6 -I /tmp/vp-heart-derived/Build/Products/Debug-iphonesimulator -F /tmp/vp-heart-derived/Build/Products/Debug-iphonesimulator -c -j8 -enable-batch-mode -incremental -Xcc -ivfsstatcache -Xcc /tmp/vp-heart-derived/SDKStatCaches.noindex/iphonesimulator26.5-23F81a-6cfe768891a92b912361537c460fe42b.sdkstatcache -output-file-map /tmp/vp-heart-derived/Build/Intermediates.noindex/VisePanda.build/Debug-iphonesimulator/VisePanda.build/Objects-normal/arm64/VisePanda-OutputFileMap.json -use-frontend-parseable-output -save-temps -no-color-diagnostics -explicit-module-build -module-cache-path /tmp/vp-heart-derived/Build/Intermediates.noindex/SwiftExplicitPrecompiledModules -clang-scanner-module-cache-path /tmp/vp-heart-derived/ModuleCache.noindex -sdk-module-cache-path /tmp/vp-heart-derived/ModuleCache.noindex -serialize-diagnostics -emit-dependencies -emit-module -emit-module-path /tmp/vp-heart-derived/Build/Intermediates.noindex/VisePanda.build/Debug-iphonesimulator/VisePanda.build/Objects-normal/arm64/VisePanda.swiftmodule -validate-clang-modules-once -clang-build-session-file /tmp/vp-heart-derived/ModuleCache.noindex/Session.modulevalidation -Xcc -I/tmp/vp-heart-derived/Build/Intermediates.noindex/VisePanda.build/Debug-iphonesimulator/VisePanda.build/swift-overrides.hmap -emit-const-values -Xfrontend -const-gather-protocols-file -Xfrontend /tmp/vp-heart-derived/Build/Intermediates.noindex/VisePanda.build/Debug-iphonesimulator/VisePanda.build/Objects-normal/arm64/VisePanda_const_extract_protocols.json -Xcc -iquote -Xcc /tmp/vp-heart-derived/Build/Intermediates.noindex/VisePanda.build/Debug-iphonesimulator/VisePanda.build/VisePanda-generated-files.hmap -Xcc -I/tmp/vp-heart-derived/Build/Intermediates.noindex/VisePanda.build/Debug-iphonesimulator/VisePanda.build/VisePanda-own-target-headers.hmap -Xcc -I/tmp/vp-heart-derived/Build/Intermediates.noindex/VisePanda.build/Debug-iphonesimulator/VisePanda.build/VisePanda-all-target-headers.hmap -Xcc -iquote -Xcc /tmp/vp-heart-derived/Build/Intermediates.noindex/VisePanda.build/Debug-iphonesimulator/VisePanda.build/VisePanda-project-headers.hmap -Xcc -I/tmp/vp-heart-derived/Build/Products/Debug-iphonesimulator/include -Xcc -I/tmp/vp-heart-derived/Build/Intermediates.noindex/VisePanda.build/Debug-iphonesimulator/VisePanda.build/DerivedSources-normal/arm64 -Xcc -I/tmp/vp-heart-derived/Build/Intermediates.noindex/VisePanda.build/Debug-iphonesimulator/VisePanda.build/DerivedSources/arm64 -Xcc -I/tmp/vp-heart-derived/Build/Intermediates.noindex/VisePanda.build/Debug-iphonesimulator/VisePanda.build/DerivedSources -emit-objc-header -emit-objc-header-path /tmp/vp-heart-derived/Build/Intermediates.noindex/VisePanda.build/Debug-iphonesimulator/VisePanda.build/Objects-normal/arm64/VisePanda-Swift.h -working-directory /Users/jtcao/Documents/VP-V4-Heart-Logo/ios/VisePanda -experimental-emit-module-separately -disable-cmo

Copy /tmp/vp-heart-derived/Build/Products/Debug-iphonesimulator/VisePanda.swiftmodule/x86_64-apple-ios-simulator.swiftdoc /tmp/vp-heart-derived/Build/Intermediates.noindex/VisePanda.build/Debug-iphonesimulator/VisePanda.build/Objects-normal/x86_64/VisePanda.swiftdoc (in target 'VisePanda' from project 'VisePanda')
    cd /Users/jtcao/Documents/VP-V4-Heart-Logo/ios/VisePanda
    builtin-copy -exclude .DS_Store -exclude CVS -exclude .svn -exclude .git -exclude .hg -resolve-src-symlinks -rename /tmp/vp-heart-derived/Build/Intermediates.noindex/VisePanda.build/Debug-iphonesimulator/VisePanda.build/Objects-normal/x86_64/VisePanda.swiftdoc /tmp/vp-heart-derived/Build/Products/Debug-iphonesimulator/VisePanda.swiftmodule/x86_64-apple-ios-simulator.swiftdoc

Copy /tmp/vp-heart-derived/Build/Products/Debug-iphonesimulator/VisePanda.swiftmodule/x86_64-apple-ios-simulator.abi.json /tmp/vp-heart-derived/Build/Intermediates.noindex/VisePanda.build/Debug-iphonesimulator/VisePanda.build/Objects-normal/x86_64/VisePanda.abi.json (in target 'VisePanda' from project 'VisePanda')
    cd /Users/jtcao/Documents/VP-V4-Heart-Logo/ios/VisePanda
    builtin-copy -exclude .DS_Store -exclude CVS -exclude .svn -exclude .git -exclude .hg -resolve-src-symlinks -rename /tmp/vp-heart-derived/Build/Intermediates.noindex/VisePanda.build/Debug-iphonesimulator/VisePanda.build/Objects-normal/x86_64/VisePanda.abi.json /tmp/vp-heart-derived/Build/Products/Debug-iphonesimulator/VisePanda.swiftmodule/x86_64-apple-ios-simulator.abi.json

SwiftMergeGeneratedHeaders /tmp/vp-heart-derived/Build/Intermediates.noindex/VisePanda.build/Debug-iphonesimulator/VisePanda.build/DerivedSources/VisePanda-Swift.h /tmp/vp-heart-derived/Build/Intermediates.noindex/VisePanda.build/Debug-iphonesimulator/VisePanda.build/Objects-normal/arm64/VisePanda-Swift.h /tmp/vp-heart-derived/Build/Intermediates.noindex/VisePanda.build/Debug-iphonesimulator/VisePanda.build/Objects-normal/x86_64/VisePanda-Swift.h (in target 'VisePanda' from project 'VisePanda')
    cd /Users/jtcao/Documents/VP-V4-Heart-Logo/ios/VisePanda
    builtin-swiftHeaderTool -arch arm64 /tmp/vp-heart-derived/Build/Intermediates.noindex/VisePanda.build/Debug-iphonesimulator/VisePanda.build/Objects-normal/arm64/VisePanda-Swift.h -arch x86_64 /tmp/vp-heart-derived/Build/Intermediates.noindex/VisePanda.build/Debug-iphonesimulator/VisePanda.build/Objects-normal/x86_64/VisePanda-Swift.h -o /tmp/vp-heart-derived/Build/Intermediates.noindex/VisePanda.build/Debug-iphonesimulator/VisePanda.build/DerivedSources/VisePanda-Swift.h

Copy /tmp/vp-heart-derived/Build/Products/Debug-iphonesimulator/VisePanda.swiftmodule/arm64-apple-ios-simulator.swiftmodule /tmp/vp-heart-derived/Build/Intermediates.noindex/VisePanda.build/Debug-iphonesimulator/VisePanda.build/Objects-normal/arm64/VisePanda.swiftmodule (in target 'VisePanda' from project 'VisePanda')
    cd /Users/jtcao/Documents/VP-V4-Heart-Logo/ios/VisePanda
    builtin-copy -exclude .DS_Store -exclude CVS -exclude .svn -exclude .git -exclude .hg -resolve-src-symlinks -rename /tmp/vp-heart-derived/Build/Intermediates.noindex/VisePanda.build/Debug-iphonesimulator/VisePanda.build/Objects-normal/arm64/VisePanda.swiftmodule /tmp/vp-heart-derived/Build/Products/Debug-iphonesimulator/VisePanda.swiftmodule/arm64-apple-ios-simulator.swiftmodule

Copy /tmp/vp-heart-derived/Build/Products/Debug-iphonesimulator/VisePanda.swiftmodule/arm64-apple-ios-simulator.swiftdoc /tmp/vp-heart-derived/Build/Intermediates.noindex/VisePanda.build/Debug-iphonesimulator/VisePanda.build/Objects-normal/arm64/VisePanda.swiftdoc (in target 'VisePanda' from project 'VisePanda')
    cd /Users/jtcao/Documents/VP-V4-Heart-Logo/ios/VisePanda
    builtin-copy -exclude .DS_Store -exclude CVS -exclude .svn -exclude .git -exclude .hg -resolve-src-symlinks -rename /tmp/vp-heart-derived/Build/Intermediates.noindex/VisePanda.build/Debug-iphonesimulator/VisePanda.build/Objects-normal/arm64/VisePanda.swiftdoc /tmp/vp-heart-derived/Build/Products/Debug-iphonesimulator/VisePanda.swiftmodule/arm64-apple-ios-simulator.swiftdoc

Copy /tmp/vp-heart-derived/Build/Products/Debug-iphonesimulator/VisePanda.swiftmodule/arm64-apple-ios-simulator.abi.json /tmp/vp-heart-derived/Build/Intermediates.noindex/VisePanda.build/Debug-iphonesimulator/VisePanda.build/Objects-normal/arm64/VisePanda.abi.json (in target 'VisePanda' from project 'VisePanda')
    cd /Users/jtcao/Documents/VP-V4-Heart-Logo/ios/VisePanda
    builtin-copy -exclude .DS_Store -exclude CVS -exclude .svn -exclude .git -exclude .hg -resolve-src-symlinks -rename /tmp/vp-heart-derived/Build/Intermediates.noindex/VisePanda.build/Debug-iphonesimulator/VisePanda.build/Objects-normal/arm64/VisePanda.abi.json /tmp/vp-heart-derived/Build/Products/Debug-iphonesimulator/VisePanda.swiftmodule/arm64-apple-ios-simulator.abi.json

Copy /tmp/vp-heart-derived/Build/Products/Debug-iphonesimulator/VisePanda.swiftmodule/Project/x86_64-apple-ios-simulator.swiftsourceinfo /tmp/vp-heart-derived/Build/Intermediates.noindex/VisePanda.build/Debug-iphonesimulator/VisePanda.build/Objects-normal/x86_64/VisePanda.swiftsourceinfo (in target 'VisePanda' from project 'VisePanda')
    cd /Users/jtcao/Documents/VP-V4-Heart-Logo/ios/VisePanda
    builtin-copy -exclude .DS_Store -exclude CVS -exclude .svn -exclude .git -exclude .hg -resolve-src-symlinks -rename /tmp/vp-heart-derived/Build/Intermediates.noindex/VisePanda.build/Debug-iphonesimulator/VisePanda.build/Objects-normal/x86_64/VisePanda.swiftsourceinfo /tmp/vp-heart-derived/Build/Products/Debug-iphonesimulator/VisePanda.swiftmodule/Project/x86_64-apple-ios-simulator.swiftsourceinfo

Copy /tmp/vp-heart-derived/Build/Products/Debug-iphonesimulator/VisePanda.swiftmodule/Project/arm64-apple-ios-simulator.swiftsourceinfo /tmp/vp-heart-derived/Build/Intermediates.noindex/VisePanda.build/Debug-iphonesimulator/VisePanda.build/Objects-normal/arm64/VisePanda.swiftsourceinfo (in target 'VisePanda' from project 'VisePanda')
    cd /Users/jtcao/Documents/VP-V4-Heart-Logo/ios/VisePanda
    builtin-copy -exclude .DS_Store -exclude CVS -exclude .svn -exclude .git -exclude .hg -resolve-src-symlinks -rename /tmp/vp-heart-derived/Build/Intermediates.noindex/VisePanda.build/Debug-iphonesimulator/VisePanda.build/Objects-normal/arm64/VisePanda.swiftsourceinfo /tmp/vp-heart-derived/Build/Products/Debug-iphonesimulator/VisePanda.swiftmodule/Project/arm64-apple-ios-simulator.swiftsourceinfo

SwiftCompile normal arm64 Compiling\ NativeAskView.swift,\ NativeAskModels.swift,\ NativeAskStore.swift /Users/jtcao/Documents/VP-V4-Heart-Logo/ios/VisePanda/VisePanda/Features/Ask/NativeAskView.swift /Users/jtcao/Documents/VP-V4-Heart-Logo/ios/VisePanda/VisePanda/Features/Ask/NativeAskModels.swift /Users/jtcao/Documents/VP-V4-Heart-Logo/ios/VisePanda/VisePanda/Features/Ask/NativeAskStore.swift (in target 'VisePanda' from project 'VisePanda')
SwiftCompile normal arm64 /Users/jtcao/Documents/VP-V4-Heart-Logo/ios/VisePanda/VisePanda/Features/Ask/NativeAskView.swift (in target 'VisePanda' from project 'VisePanda')
    cd /Users/jtcao/Documents/VP-V4-Heart-Logo/ios/VisePanda
    

SwiftCompile normal arm64 /Users/jtcao/Documents/VP-V4-Heart-Logo/ios/VisePanda/VisePanda/Features/Ask/NativeAskModels.swift (in target 'VisePanda' from project 'VisePanda')
    cd /Users/jtcao/Documents/VP-V4-Heart-Logo/ios/VisePanda
    

SwiftCompile normal arm64 /Users/jtcao/Documents/VP-V4-Heart-Logo/ios/VisePanda/VisePanda/Features/Ask/NativeAskStore.swift (in target 'VisePanda' from project 'VisePanda')
    cd /Users/jtcao/Documents/VP-V4-Heart-Logo/ios/VisePanda
    

LinkAssetCatalog /Users/jtcao/Documents/VP-V4-Heart-Logo/ios/VisePanda/VisePanda/Resources/Assets.xcassets (in target 'VisePanda' from project 'VisePanda')
    cd /Users/jtcao/Documents/VP-V4-Heart-Logo/ios/VisePanda
    builtin-linkAssetCatalog --thinned /tmp/vp-heart-derived/Build/Intermediates.noindex/VisePanda.build/Debug-iphonesimulator/VisePanda.build/assetcatalog_output/thinned --thinned-dependencies /tmp/vp-heart-derived/Build/Intermediates.noindex/VisePanda.build/Debug-iphonesimulator/VisePanda.build/assetcatalog_dependencies_thinned --thinned-info-plist-content /tmp/vp-heart-derived/Build/Intermediates.noindex/VisePanda.build/Debug-iphonesimulator/VisePanda.build/assetcatalog_generated_info.plist_thinned --unthinned /tmp/vp-heart-derived/Build/Intermediates.noindex/VisePanda.build/Debug-iphonesimulator/VisePanda.build/assetcatalog_output/unthinned --unthinned-dependencies /tmp/vp-heart-derived/Build/Intermediates.noindex/VisePanda.build/Debug-iphonesimulator/VisePanda.build/assetcatalog_dependencies_unthinned --unthinned-info-plist-content /tmp/vp-heart-derived/Build/Intermediates.noindex/VisePanda.build/Debug-iphonesimulator/VisePanda.build/assetcatalog_generated_info.plist_unthinned --output /tmp/vp-heart-derived/Build/Products/Debug-iphonesimulator/VisePanda.app --plist-output /tmp/vp-heart-derived/Build/Intermediates.noindex/VisePanda.build/Debug-iphonesimulator/VisePanda.build/assetcatalog_generated_info.plist
note: Emplaced /tmp/vp-heart-derived/Build/Products/Debug-iphonesimulator/VisePanda.app/Assets.car (in target 'VisePanda' from project 'VisePanda')
note: Emplaced /tmp/vp-heart-derived/Build/Products/Debug-iphonesimulator/VisePanda.app/AppIcon76x76@2x~ipad.png (in target 'VisePanda' from project 'VisePanda')
note: Emplaced /tmp/vp-heart-derived/Build/Products/Debug-iphonesimulator/VisePanda.app/AppIcon60x60@2x.png (in target 'VisePanda' from project 'VisePanda')

SwiftDriverJobDiscovery normal x86_64 Compiling ProfileView.swift, GeneratedAssetSymbols.swift (in target 'VisePanda' from project 'VisePanda')

ProcessInfoPlistFile /tmp/vp-heart-derived/Build/Products/Debug-iphonesimulator/VisePanda.app/Info.plist /Users/jtcao/Documents/VP-V4-Heart-Logo/ios/VisePanda/VisePanda/NativeEnvironment.plist (in target 'VisePanda' from project 'VisePanda')
    cd /Users/jtcao/Documents/VP-V4-Heart-Logo/ios/VisePanda
    builtin-infoPlistUtility /Users/jtcao/Documents/VP-V4-Heart-Logo/ios/VisePanda/VisePanda/NativeEnvironment.plist -producttype com.apple.product-type.application -genpkginfo /tmp/vp-heart-derived/Build/Products/Debug-iphonesimulator/VisePanda.app/PkgInfo -expandbuildsettings -format binary -platform iphonesimulator -additionalcontentfile /tmp/vp-heart-derived/Build/Intermediates.noindex/VisePanda.build/Debug-iphonesimulator/VisePanda.build/assetcatalog_generated_info.plist -o /tmp/vp-heart-derived/Build/Products/Debug-iphonesimulator/VisePanda.app/Info.plist

SwiftCompile normal arm64 Compiling\ NativeSession.swift,\ VisePandaApp.swift,\ AppSettings.swift /Users/jtcao/Documents/VP-V4-Heart-Logo/ios/VisePanda/VisePanda/App/NativeSession.swift /Users/jtcao/Documents/VP-V4-Heart-Logo/ios/VisePanda/VisePanda/App/VisePandaApp.swift /Users/jtcao/Documents/VP-V4-Heart-Logo/ios/VisePanda/VisePanda/App/AppSettings.swift (in target 'VisePanda' from project 'VisePanda')

SwiftCompile normal arm64 /Users/jtcao/Documents/VP-V4-Heart-Logo/ios/VisePanda/VisePanda/App/NativeSession.swift (in target 'VisePanda' from project 'VisePanda')
    cd /Users/jtcao/Documents/VP-V4-Heart-Logo/ios/VisePanda
    

SwiftCompile normal arm64 /Users/jtcao/Documents/VP-V4-Heart-Logo/ios/VisePanda/VisePanda/App/VisePandaApp.swift (in target 'VisePanda' from project 'VisePanda')
    cd /Users/jtcao/Documents/VP-V4-Heart-Logo/ios/VisePanda
    

SwiftCompile normal arm64 /Users/jtcao/Documents/VP-V4-Heart-Logo/ios/VisePanda/VisePanda/App/AppSettings.swift (in target 'VisePanda' from project 'VisePanda')
    cd /Users/jtcao/Documents/VP-V4-Heart-Logo/ios/VisePanda
    

SwiftDriverJobDiscovery normal x86_64 Compiling AppShellView.swift, AppTab.swift, AppRoute.swift (in target 'VisePanda' from project 'VisePanda')

SwiftCompile normal arm64 Compiling\ NativeTripModels.swift,\ NativeTripStore.swift,\ NativeTripView.swift /Users/jtcao/Documents/VP-V4-Heart-Logo/ios/VisePanda/VisePanda/Features/Trip/NativeTripModels.swift /Users/jtcao/Documents/VP-V4-Heart-Logo/ios/VisePanda/VisePanda/Features/Trip/NativeTripStore.swift /Users/jtcao/Documents/VP-V4-Heart-Logo/ios/VisePanda/VisePanda/Features/Trip/NativeTripView.swift (in target 'VisePanda' from project 'VisePanda')
SwiftCompile normal arm64 /Users/jtcao/Documents/VP-V4-Heart-Logo/ios/VisePanda/VisePanda/Features/Trip/NativeTripModels.swift (in target 'VisePanda' from project 'VisePanda')
    cd /Users/jtcao/Documents/VP-V4-Heart-Logo/ios/VisePanda
    

SwiftCompile normal arm64 /Users/jtcao/Documents/VP-V4-Heart-Logo/ios/VisePanda/VisePanda/Features/Trip/NativeTripStore.swift (in target 'VisePanda' from project 'VisePanda')
    cd /Users/jtcao/Documents/VP-V4-Heart-Logo/ios/VisePanda
    

SwiftCompile normal arm64 /Users/jtcao/Documents/VP-V4-Heart-Logo/ios/VisePanda/VisePanda/Features/Trip/NativeTripView.swift (in target 'VisePanda' from project 'VisePanda')
    cd /Users/jtcao/Documents/VP-V4-Heart-Logo/ios/VisePanda
    

SwiftDriverJobDiscovery normal x86_64 Compiling Capability.swift, VisePandaTheme.swift, BrandHeader.swift (in target 'VisePanda' from project 'VisePanda')

SwiftCompile normal arm64 Compiling\ AskView.swift,\ TripView.swift,\ ExploreView.swift /Users/jtcao/Documents/VP-V4-Heart-Logo/ios/VisePanda/VisePanda/Features/Ask/AskView.swift /Users/jtcao/Documents/VP-V4-Heart-Logo/ios/VisePanda/VisePanda/Features/Trip/TripView.swift /Users/jtcao/Documents/VP-V4-Heart-Logo/ios/VisePanda/VisePanda/Features/Explore/ExploreView.swift (in target 'VisePanda' from project 'VisePanda')

SwiftCompile normal arm64 /Users/jtcao/Documents/VP-V4-Heart-Logo/ios/VisePanda/VisePanda/Features/Ask/AskView.swift (in target 'VisePanda' from project 'VisePanda')
    cd /Users/jtcao/Documents/VP-V4-Heart-Logo/ios/VisePanda
    

SwiftCompile normal arm64 /Users/jtcao/Documents/VP-V4-Heart-Logo/ios/VisePanda/VisePanda/Features/Trip/TripView.swift (in target 'VisePanda' from project 'VisePanda')
    cd /Users/jtcao/Documents/VP-V4-Heart-Logo/ios/VisePanda
    

SwiftCompile normal arm64 /Users/jtcao/Documents/VP-V4-Heart-Logo/ios/VisePanda/VisePanda/Features/Explore/ExploreView.swift (in target 'VisePanda' from project 'VisePanda')
    cd /Users/jtcao/Documents/VP-V4-Heart-Logo/ios/VisePanda
    

SwiftCompile normal arm64 Compiling\ AppShellView.swift,\ AppTab.swift,\ AppRoute.swift /Users/jtcao/Documents/VP-V4-Heart-Logo/ios/VisePanda/VisePanda/App/AppShellView.swift /Users/jtcao/Documents/VP-V4-Heart-Logo/ios/VisePanda/VisePanda/Navigation/AppTab.swift /Users/jtcao/Documents/VP-V4-Heart-Logo/ios/VisePanda/VisePanda/Navigation/AppRoute.swift (in target 'VisePanda' from project 'VisePanda')

SwiftCompile normal arm64 /Users/jtcao/Documents/VP-V4-Heart-Logo/ios/VisePanda/VisePanda/App/AppShellView.swift (in target 'VisePanda' from project 'VisePanda')
    cd /Users/jtcao/Documents/VP-V4-Heart-Logo/ios/VisePanda
    

SwiftCompile normal arm64 /Users/jtcao/Documents/VP-V4-Heart-Logo/ios/VisePanda/VisePanda/Navigation/AppTab.swift (in target 'VisePanda' from project 'VisePanda')
    cd /Users/jtcao/Documents/VP-V4-Heart-Logo/ios/VisePanda
    

SwiftCompile normal arm64 /Users/jtcao/Documents/VP-V4-Heart-Logo/ios/VisePanda/VisePanda/Navigation/AppRoute.swift (in target 'VisePanda' from project 'VisePanda')
    cd /Users/jtcao/Documents/VP-V4-Heart-Logo/ios/VisePanda
    

SwiftDriverJobDiscovery normal x86_64 Compiling NativeSession.swift, VisePandaApp.swift, AppSettings.swift (in target 'VisePanda' from project 'VisePanda')

SwiftDriverJobDiscovery normal x86_64 Compiling PreviewStatusBanner.swift, CapabilityCard.swift, TodayView.swift (in target 'VisePanda' from project 'VisePanda')

SwiftCompile normal x86_64 Compiling\ AskView.swift,\ TripView.swift,\ ExploreView.swift /Users/jtcao/Documents/VP-V4-Heart-Logo/ios/VisePanda/VisePanda/Features/Ask/AskView.swift /Users/jtcao/Documents/VP-V4-Heart-Logo/ios/VisePanda/VisePanda/Features/Trip/TripView.swift /Users/jtcao/Documents/VP-V4-Heart-Logo/ios/VisePanda/VisePanda/Features/Explore/ExploreView.swift (in target 'VisePanda' from project 'VisePanda')

SwiftCompile normal x86_64 /Users/jtcao/Documents/VP-V4-Heart-Logo/ios/VisePanda/VisePanda/Features/Ask/AskView.swift (in target 'VisePanda' from project 'VisePanda')
    cd /Users/jtcao/Documents/VP-V4-Heart-Logo/ios/VisePanda
    

SwiftCompile normal x86_64 /Users/jtcao/Documents/VP-V4-Heart-Logo/ios/VisePanda/VisePanda/Features/Trip/TripView.swift (in target 'VisePanda' from project 'VisePanda')
    cd /Users/jtcao/Documents/VP-V4-Heart-Logo/ios/VisePanda
    

SwiftCompile normal x86_64 /Users/jtcao/Documents/VP-V4-Heart-Logo/ios/VisePanda/VisePanda/Features/Explore/ExploreView.swift (in target 'VisePanda' from project 'VisePanda')
    cd /Users/jtcao/Documents/VP-V4-Heart-Logo/ios/VisePanda
    

SwiftCompile normal arm64 Compiling\ ProfileView.swift,\ GeneratedAssetSymbols.swift /Users/jtcao/Documents/VP-V4-Heart-Logo/ios/VisePanda/VisePanda/Features/Profile/ProfileView.swift /tmp/vp-heart-derived/Build/Intermediates.noindex/VisePanda.build/Debug-iphonesimulator/VisePanda.build/DerivedSources/GeneratedAssetSymbols.swift (in target 'VisePanda' from project 'VisePanda')

SwiftCompile normal arm64 /Users/jtcao/Documents/VP-V4-Heart-Logo/ios/VisePanda/VisePanda/Features/Profile/ProfileView.swift (in target 'VisePanda' from project 'VisePanda')
    cd /Users/jtcao/Documents/VP-V4-Heart-Logo/ios/VisePanda
    

SwiftCompile normal arm64 /tmp/vp-heart-derived/Build/Intermediates.noindex/VisePanda.build/Debug-iphonesimulator/VisePanda.build/DerivedSources/GeneratedAssetSymbols.swift (in target 'VisePanda' from project 'VisePanda')
    cd /Users/jtcao/Documents/VP-V4-Heart-Logo/ios/VisePanda
    

SwiftDriverJobDiscovery normal x86_64 Compiling NativeTripModels.swift, NativeTripStore.swift, NativeTripView.swift (in target 'VisePanda' from project 'VisePanda')

SwiftCompile normal arm64 Compiling\ Capability.swift,\ VisePandaTheme.swift,\ BrandHeader.swift /Users/jtcao/Documents/VP-V4-Heart-Logo/ios/VisePanda/VisePanda/Navigation/Capability.swift /Users/jtcao/Documents/VP-V4-Heart-Logo/ios/VisePanda/VisePanda/DesignSystem/VisePandaTheme.swift /Users/jtcao/Documents/VP-V4-Heart-Logo/ios/VisePanda/VisePanda/Components/BrandHeader.swift (in target 'VisePanda' from project 'VisePanda')

SwiftCompile normal arm64 /Users/jtcao/Documents/VP-V4-Heart-Logo/ios/VisePanda/VisePanda/Navigation/Capability.swift (in target 'VisePanda' from project 'VisePanda')
    cd /Users/jtcao/Documents/VP-V4-Heart-Logo/ios/VisePanda
    

SwiftCompile normal arm64 /Users/jtcao/Documents/VP-V4-Heart-Logo/ios/VisePanda/VisePanda/DesignSystem/VisePandaTheme.swift (in target 'VisePanda' from project 'VisePanda')
    cd /Users/jtcao/Documents/VP-V4-Heart-Logo/ios/VisePanda
    

SwiftCompile normal arm64 /Users/jtcao/Documents/VP-V4-Heart-Logo/ios/VisePanda/VisePanda/Components/BrandHeader.swift (in target 'VisePanda' from project 'VisePanda')
    cd /Users/jtcao/Documents/VP-V4-Heart-Logo/ios/VisePanda
    

SwiftDriverJobDiscovery normal x86_64 Compiling AskView.swift, TripView.swift, ExploreView.swift (in target 'VisePanda' from project 'VisePanda')

SwiftCompile normal x86_64 Compiling\ NativeAskView.swift,\ NativeAskModels.swift,\ NativeAskStore.swift /Users/jtcao/Documents/VP-V4-Heart-Logo/ios/VisePanda/VisePanda/Features/Ask/NativeAskView.swift /Users/jtcao/Documents/VP-V4-Heart-Logo/ios/VisePanda/VisePanda/Features/Ask/NativeAskModels.swift /Users/jtcao/Documents/VP-V4-Heart-Logo/ios/VisePanda/VisePanda/Features/Ask/NativeAskStore.swift (in target 'VisePanda' from project 'VisePanda')
SwiftCompile normal x86_64 /Users/jtcao/Documents/VP-V4-Heart-Logo/ios/VisePanda/VisePanda/Features/Ask/NativeAskView.swift (in target 'VisePanda' from project 'VisePanda')
    cd /Users/jtcao/Documents/VP-V4-Heart-Logo/ios/VisePanda
    

SwiftCompile normal x86_64 /Users/jtcao/Documents/VP-V4-Heart-Logo/ios/VisePanda/VisePanda/Features/Ask/NativeAskModels.swift (in target 'VisePanda' from project 'VisePanda')
    cd /Users/jtcao/Documents/VP-V4-Heart-Logo/ios/VisePanda
    

SwiftCompile normal x86_64 /Users/jtcao/Documents/VP-V4-Heart-Logo/ios/VisePanda/VisePanda/Features/Ask/NativeAskStore.swift (in target 'VisePanda' from project 'VisePanda')
    cd /Users/jtcao/Documents/VP-V4-Heart-Logo/ios/VisePanda
    

SwiftDriverJobDiscovery normal arm64 Compiling ProfileView.swift, GeneratedAssetSymbols.swift (in target 'VisePanda' from project 'VisePanda')

SwiftDriverJobDiscovery normal arm64 Compiling AppShellView.swift, AppTab.swift, AppRoute.swift (in target 'VisePanda' from project 'VisePanda')

SwiftDriverJobDiscovery normal arm64 Compiling NativeSession.swift, VisePandaApp.swift, AppSettings.swift (in target 'VisePanda' from project 'VisePanda')

SwiftDriverJobDiscovery normal arm64 Compiling PreviewStatusBanner.swift, CapabilityCard.swift, TodayView.swift (in target 'VisePanda' from project 'VisePanda')

SwiftDriverJobDiscovery normal arm64 Compiling AskView.swift, TripView.swift, ExploreView.swift (in target 'VisePanda' from project 'VisePanda')

SwiftDriverJobDiscovery normal arm64 Compiling NativeAskView.swift, NativeAskModels.swift, NativeAskStore.swift (in target 'VisePanda' from project 'VisePanda')

SwiftDriverJobDiscovery normal arm64 Compiling Capability.swift, VisePandaTheme.swift, BrandHeader.swift (in target 'VisePanda' from project 'VisePanda')

SwiftDriverJobDiscovery normal arm64 Compiling NativeTripModels.swift, NativeTripStore.swift, NativeTripView.swift (in target 'VisePanda' from project 'VisePanda')

SwiftDriver\ Compilation VisePanda normal arm64 com.apple.xcode.tools.swift.compiler (in target 'VisePanda' from project 'VisePanda')
    cd /Users/jtcao/Documents/VP-V4-Heart-Logo/ios/VisePanda
    builtin-Swift-Compilation -- /Applications/Xcode.app/Contents/Developer/Toolchains/XcodeDefault.xctoolchain/usr/bin/swiftc -module-name VisePanda -Onone @/tmp/vp-heart-derived/Build/Intermediates.noindex/VisePanda.build/Debug-iphonesimulator/VisePanda.build/Objects-normal/arm64/VisePanda.SwiftFileList -DDEBUG -default-isolation\=MainActor -enable-upcoming-feature InferIsolatedConformances -enable-upcoming-feature NonisolatedNonsendingByDefault -enable-experimental-feature DebugDescriptionMacro -sdk /Applications/Xcode.app/Contents/Developer/Platforms/iPhoneSimulator.platform/Developer/SDKs/iPhoneSimulator26.5.sdk -target arm64-apple-ios17.0-simulator -g -module-cache-path /tmp/vp-heart-derived/ModuleCache.noindex -Xfrontend -serialize-debugging-options -enable-testing -index-store-path /tmp/vp-heart-derived/Index.noindex/DataStore -Xcc -D_LIBCPP_HARDENING_MODE\=_LIBCPP_HARDENING_MODE_DEBUG -swift-version 6 -I /tmp/vp-heart-derived/Build/Products/Debug-iphonesimulator -F /tmp/vp-heart-derived/Build/Products/Debug-iphonesimulator -c -j8 -enable-batch-mode -incremental -Xcc -ivfsstatcache -Xcc /tmp/vp-heart-derived/SDKStatCaches.noindex/iphonesimulator26.5-23F81a-6cfe768891a92b912361537c460fe42b.sdkstatcache -output-file-map /tmp/vp-heart-derived/Build/Intermediates.noindex/VisePanda.build/Debug-iphonesimulator/VisePanda.build/Objects-normal/arm64/VisePanda-OutputFileMap.json -use-frontend-parseable-output -save-temps -no-color-diagnostics -explicit-module-build -module-cache-path /tmp/vp-heart-derived/Build/Intermediates.noindex/SwiftExplicitPrecompiledModules -clang-scanner-module-cache-path /tmp/vp-heart-derived/ModuleCache.noindex -sdk-module-cache-path /tmp/vp-heart-derived/ModuleCache.noindex -serialize-diagnostics -emit-dependencies -emit-module -emit-module-path /tmp/vp-heart-derived/Build/Intermediates.noindex/VisePanda.build/Debug-iphonesimulator/VisePanda.build/Objects-normal/arm64/VisePanda.swiftmodule -validate-clang-modules-once -clang-build-session-file /tmp/vp-heart-derived/ModuleCache.noindex/Session.modulevalidation -Xcc -I/tmp/vp-heart-derived/Build/Intermediates.noindex/VisePanda.build/Debug-iphonesimulator/VisePanda.build/swift-overrides.hmap -emit-const-values -Xfrontend -const-gather-protocols-file -Xfrontend /tmp/vp-heart-derived/Build/Intermediates.noindex/VisePanda.build/Debug-iphonesimulator/VisePanda.build/Objects-normal/arm64/VisePanda_const_extract_protocols.json -Xcc -iquote -Xcc /tmp/vp-heart-derived/Build/Intermediates.noindex/VisePanda.build/Debug-iphonesimulator/VisePanda.build/VisePanda-generated-files.hmap -Xcc -I/tmp/vp-heart-derived/Build/Intermediates.noindex/VisePanda.build/Debug-iphonesimulator/VisePanda.build/VisePanda-own-target-headers.hmap -Xcc -I/tmp/vp-heart-derived/Build/Intermediates.noindex/VisePanda.build/Debug-iphonesimulator/VisePanda.build/VisePanda-all-target-headers.hmap -Xcc -iquote -Xcc /tmp/vp-heart-derived/Build/Intermediates.noindex/VisePanda.build/Debug-iphonesimulator/VisePanda.build/VisePanda-project-headers.hmap -Xcc -I/tmp/vp-heart-derived/Build/Products/Debug-iphonesimulator/include -Xcc -I/tmp/vp-heart-derived/Build/Intermediates.noindex/VisePanda.build/Debug-iphonesimulator/VisePanda.build/DerivedSources-normal/arm64 -Xcc -I/tmp/vp-heart-derived/Build/Intermediates.noindex/VisePanda.build/Debug-iphonesimulator/VisePanda.build/DerivedSources/arm64 -Xcc -I/tmp/vp-heart-derived/Build/Intermediates.noindex/VisePanda.build/Debug-iphonesimulator/VisePanda.build/DerivedSources -emit-objc-header -emit-objc-header-path /tmp/vp-heart-derived/Build/Intermediates.noindex/VisePanda.build/Debug-iphonesimulator/VisePanda.build/Objects-normal/arm64/VisePanda-Swift.h -working-directory /Users/jtcao/Documents/VP-V4-Heart-Logo/ios/VisePanda -experimental-emit-module-separately -disable-cmo

Ld /tmp/vp-heart-derived/Build/Intermediates.noindex/VisePanda.build/Debug-iphonesimulator/VisePanda.build/Objects-normal/arm64/Binary/VisePanda.debug.dylib normal arm64 (in target 'VisePanda' from project 'VisePanda')
    cd /Users/jtcao/Documents/VP-V4-Heart-Logo/ios/VisePanda
    /Applications/Xcode.app/Contents/Developer/Toolchains/XcodeDefault.xctoolchain/usr/bin/clang -Xlinker -reproducible -target arm64-apple-ios17.0-simulator -dynamiclib -isysroot /Applications/Xcode.app/Contents/Developer/Platforms/iPhoneSimulator.platform/Developer/SDKs/iPhoneSimulator26.5.sdk -O0 -L/tmp/vp-heart-derived/Build/Intermediates.noindex/EagerLinkingTBDs/Debug-iphonesimulator -L/tmp/vp-heart-derived/Build/Products/Debug-iphonesimulator -F/tmp/vp-heart-derived/Build/Intermediates.noindex/EagerLinkingTBDs/Debug-iphonesimulator -F/tmp/vp-heart-derived/Build/Products/Debug-iphonesimulator -filelist /tmp/vp-heart-derived/Build/Intermediates.noindex/VisePanda.build/Debug-iphonesimulator/VisePanda.build/Objects-normal/arm64/VisePanda.LinkFileList -install_name @rpath/VisePanda.debug.dylib -Xlinker -rpath -Xlinker /usr/lib/swift -Xlinker -dead_strip -Xlinker -object_path_lto -Xlinker /tmp/vp-heart-derived/Build/Intermediates.noindex/VisePanda.build/Debug-iphonesimulator/VisePanda.build/Objects-normal/arm64/VisePanda_lto.o -rdynamic -Xlinker -no_deduplicate -Xlinker -objc_abi_version -Xlinker 2 -Xlinker -dependency_info -Xlinker /tmp/vp-heart-derived/Build/Intermediates.noindex/VisePanda.build/Debug-iphonesimulator/VisePanda.build/Objects-normal/arm64/VisePanda_dependency_info.dat -fobjc-link-runtime -L/Applications/Xcode.app/Contents/Developer/Toolchains/XcodeDefault.xctoolchain/usr/lib/swift/iphonesimulator -L/usr/lib/swift -Xlinker -add_ast_path -Xlinker /tmp/vp-heart-derived/Build/Intermediates.noindex/VisePanda.build/Debug-iphonesimulator/VisePanda.build/Objects-normal/arm64/VisePanda.swiftmodule @/tmp/vp-heart-derived/Build/Intermediates.noindex/VisePanda.build/Debug-iphonesimulator/VisePanda.build/Objects-normal/arm64/VisePanda-linker-args.resp -Xlinker -alias -Xlinker _main -Xlinker ___debug_main_executable_dylib_entry_point -o /tmp/vp-heart-derived/Build/Intermediates.noindex/VisePanda.build/Debug-iphonesimulator/VisePanda.build/Objects-normal/arm64/Binary/VisePanda.debug.dylib

ConstructStubExecutorLinkFileList /tmp/vp-heart-derived/Build/Intermediates.noindex/VisePanda.build/Debug-iphonesimulator/VisePanda.build/VisePanda-ExecutorLinkFileList-normal-arm64.txt (in target 'VisePanda' from project 'VisePanda')
    cd /Users/jtcao/Documents/VP-V4-Heart-Logo/ios/VisePanda
    construct-stub-executor-link-file-list /tmp/vp-heart-derived/Build/Intermediates.noindex/VisePanda.build/Debug-iphonesimulator/VisePanda.build/Objects-normal/arm64/Binary/VisePanda.debug.dylib /Applications/Xcode.app/Contents/Developer/Platforms/iPhoneSimulator.platform/Developer/usr/lib/libPreviewsJITStubExecutor_no_swift_entry_point.a /Applications/Xcode.app/Contents/Developer/Platforms/iPhoneSimulator.platform/Developer/usr/lib/libPreviewsJITStubExecutor.a --output /tmp/vp-heart-derived/Build/Intermediates.noindex/VisePanda.build/Debug-iphonesimulator/VisePanda.build/VisePanda-ExecutorLinkFileList-normal-arm64.txt
note: Using stub executor library with Swift entry point. (in target 'VisePanda' from project 'VisePanda')

Ld /tmp/vp-heart-derived/Build/Intermediates.noindex/VisePanda.build/Debug-iphonesimulator/VisePanda.build/Objects-normal/arm64/Binary/VisePanda normal arm64 (in target 'VisePanda' from project 'VisePanda')
    cd /Users/jtcao/Documents/VP-V4-Heart-Logo/ios/VisePanda
    /Applications/Xcode.app/Contents/Developer/Toolchains/XcodeDefault.xctoolchain/usr/bin/clang -Xlinker -reproducible -target arm64-apple-ios17.0-simulator -isysroot /Applications/Xcode.app/Contents/Developer/Platforms/iPhoneSimulator.platform/Developer/SDKs/iPhoneSimulator26.5.sdk -O0 -L/tmp/vp-heart-derived/Build/Products/Debug-iphonesimulator -F/tmp/vp-heart-derived/Build/Products/Debug-iphonesimulator -Xlinker -rpath -Xlinker @executable_path -rdynamic -Xlinker -no_deduplicate -Xlinker -objc_abi_version -Xlinker 2 -e ___debug_blank_executor_main -Xlinker -sectcreate -Xlinker __TEXT -Xlinker __debug_dylib -Xlinker /tmp/vp-heart-derived/Build/Intermediates.noindex/VisePanda.build/Debug-iphonesimulator/VisePanda.build/VisePanda-DebugDylibPath-normal-arm64.txt -Xlinker -sectcreate -Xlinker __TEXT -Xlinker __debug_instlnm -Xlinker /tmp/vp-heart-derived/Build/Intermediates.noindex/VisePanda.build/Debug-iphonesimulator/VisePanda.build/VisePanda-DebugDylibInstallName-normal-arm64.txt -Xlinker -filelist -Xlinker /tmp/vp-heart-derived/Build/Intermediates.noindex/VisePanda.build/Debug-iphonesimulator/VisePanda.build/VisePanda-ExecutorLinkFileList-normal-arm64.txt /tmp/vp-heart-derived/Build/Intermediates.noindex/VisePanda.build/Debug-iphonesimulator/VisePanda.build/Objects-normal/arm64/Binary/VisePanda.debug.dylib -o /tmp/vp-heart-derived/Build/Intermediates.noindex/VisePanda.build/Debug-iphonesimulator/VisePanda.build/Objects-normal/arm64/Binary/VisePanda

SwiftDriverJobDiscovery normal x86_64 Compiling NativeAskView.swift, NativeAskModels.swift, NativeAskStore.swift (in target 'VisePanda' from project 'VisePanda')

SwiftDriver\ Compilation VisePanda normal x86_64 com.apple.xcode.tools.swift.compiler (in target 'VisePanda' from project 'VisePanda')
    cd /Users/jtcao/Documents/VP-V4-Heart-Logo/ios/VisePanda
    builtin-Swift-Compilation -- /Applications/Xcode.app/Contents/Developer/Toolchains/XcodeDefault.xctoolchain/usr/bin/swiftc -module-name VisePanda -Onone @/tmp/vp-heart-derived/Build/Intermediates.noindex/VisePanda.build/Debug-iphonesimulator/VisePanda.build/Objects-normal/x86_64/VisePanda.SwiftFileList -DDEBUG -default-isolation\=MainActor -enable-upcoming-feature InferIsolatedConformances -enable-upcoming-feature NonisolatedNonsendingByDefault -enable-experimental-feature DebugDescriptionMacro -sdk /Applications/Xcode.app/Contents/Developer/Platforms/iPhoneSimulator.platform/Developer/SDKs/iPhoneSimulator26.5.sdk -target x86_64-apple-ios17.0-simulator -g -module-cache-path /tmp/vp-heart-derived/ModuleCache.noindex -Xfrontend -serialize-debugging-options -enable-testing -index-store-path /tmp/vp-heart-derived/Index.noindex/DataStore -Xcc -D_LIBCPP_HARDENING_MODE\=_LIBCPP_HARDENING_MODE_DEBUG -swift-version 6 -I /tmp/vp-heart-derived/Build/Products/Debug-iphonesimulator -F /tmp/vp-heart-derived/Build/Products/Debug-iphonesimulator -c -j8 -enable-batch-mode -incremental -Xcc -ivfsstatcache -Xcc /tmp/vp-heart-derived/SDKStatCaches.noindex/iphonesimulator26.5-23F81a-6cfe768891a92b912361537c460fe42b.sdkstatcache -output-file-map /tmp/vp-heart-derived/Build/Intermediates.noindex/VisePanda.build/Debug-iphonesimulator/VisePanda.build/Objects-normal/x86_64/VisePanda-OutputFileMap.json -use-frontend-parseable-output -save-temps -no-color-diagnostics -explicit-module-build -module-cache-path /tmp/vp-heart-derived/Build/Intermediates.noindex/SwiftExplicitPrecompiledModules -clang-scanner-module-cache-path /tmp/vp-heart-derived/ModuleCache.noindex -sdk-module-cache-path /tmp/vp-heart-derived/ModuleCache.noindex -serialize-diagnostics -emit-dependencies -emit-module -emit-module-path /tmp/vp-heart-derived/Build/Intermediates.noindex/VisePanda.build/Debug-iphonesimulator/VisePanda.build/Objects-normal/x86_64/VisePanda.swiftmodule -validate-clang-modules-once -clang-build-session-file /tmp/vp-heart-derived/ModuleCache.noindex/Session.modulevalidation -Xcc -I/tmp/vp-heart-derived/Build/Intermediates.noindex/VisePanda.build/Debug-iphonesimulator/VisePanda.build/swift-overrides.hmap -emit-const-values -Xfrontend -const-gather-protocols-file -Xfrontend /tmp/vp-heart-derived/Build/Intermediates.noindex/VisePanda.build/Debug-iphonesimulator/VisePanda.build/Objects-normal/x86_64/VisePanda_const_extract_protocols.json -Xcc -iquote -Xcc /tmp/vp-heart-derived/Build/Intermediates.noindex/VisePanda.build/Debug-iphonesimulator/VisePanda.build/VisePanda-generated-files.hmap -Xcc -I/tmp/vp-heart-derived/Build/Intermediates.noindex/VisePanda.build/Debug-iphonesimulator/VisePanda.build/VisePanda-own-target-headers.hmap -Xcc -I/tmp/vp-heart-derived/Build/Intermediates.noindex/VisePanda.build/Debug-iphonesimulator/VisePanda.build/VisePanda-all-target-headers.hmap -Xcc -iquote -Xcc /tmp/vp-heart-derived/Build/Intermediates.noindex/VisePanda.build/Debug-iphonesimulator/VisePanda.build/VisePanda-project-headers.hmap -Xcc -I/tmp/vp-heart-derived/Build/Products/Debug-iphonesimulator/include -Xcc -I/tmp/vp-heart-derived/Build/Intermediates.noindex/VisePanda.build/Debug-iphonesimulator/VisePanda.build/DerivedSources-normal/x86_64 -Xcc -I/tmp/vp-heart-derived/Build/Intermediates.noindex/VisePanda.build/Debug-iphonesimulator/VisePanda.build/DerivedSources/x86_64 -Xcc -I/tmp/vp-heart-derived/Build/Intermediates.noindex/VisePanda.build/Debug-iphonesimulator/VisePanda.build/DerivedSources -emit-objc-header -emit-objc-header-path /tmp/vp-heart-derived/Build/Intermediates.noindex/VisePanda.build/Debug-iphonesimulator/VisePanda.build/Objects-normal/x86_64/VisePanda-Swift.h -working-directory /Users/jtcao/Documents/VP-V4-Heart-Logo/ios/VisePanda -experimental-emit-module-separately -disable-cmo

Ld /tmp/vp-heart-derived/Build/Intermediates.noindex/VisePanda.build/Debug-iphonesimulator/VisePanda.build/Objects-normal/x86_64/Binary/VisePanda.debug.dylib normal x86_64 (in target 'VisePanda' from project 'VisePanda')
    cd /Users/jtcao/Documents/VP-V4-Heart-Logo/ios/VisePanda
    /Applications/Xcode.app/Contents/Developer/Toolchains/XcodeDefault.xctoolchain/usr/bin/clang -Xlinker -reproducible -target x86_64-apple-ios17.0-simulator -dynamiclib -isysroot /Applications/Xcode.app/Contents/Developer/Platforms/iPhoneSimulator.platform/Developer/SDKs/iPhoneSimulator26.5.sdk -O0 -L/tmp/vp-heart-derived/Build/Intermediates.noindex/EagerLinkingTBDs/Debug-iphonesimulator -L/tmp/vp-heart-derived/Build/Products/Debug-iphonesimulator -F/tmp/vp-heart-derived/Build/Intermediates.noindex/EagerLinkingTBDs/Debug-iphonesimulator -F/tmp/vp-heart-derived/Build/Products/Debug-iphonesimulator -filelist /tmp/vp-heart-derived/Build/Intermediates.noindex/VisePanda.build/Debug-iphonesimulator/VisePanda.build/Objects-normal/x86_64/VisePanda.LinkFileList -install_name @rpath/VisePanda.debug.dylib -Xlinker -rpath -Xlinker /usr/lib/swift -Xlinker -dead_strip -Xlinker -object_path_lto -Xlinker /tmp/vp-heart-derived/Build/Intermediates.noindex/VisePanda.build/Debug-iphonesimulator/VisePanda.build/Objects-normal/x86_64/VisePanda_lto.o -rdynamic -Xlinker -no_deduplicate -Xlinker -objc_abi_version -Xlinker 2 -Xlinker -dependency_info -Xlinker /tmp/vp-heart-derived/Build/Intermediates.noindex/VisePanda.build/Debug-iphonesimulator/VisePanda.build/Objects-normal/x86_64/VisePanda_dependency_info.dat -fobjc-link-runtime -L/Applications/Xcode.app/Contents/Developer/Toolchains/XcodeDefault.xctoolchain/usr/lib/swift/iphonesimulator -L/usr/lib/swift -Xlinker -add_ast_path -Xlinker /tmp/vp-heart-derived/Build/Intermediates.noindex/VisePanda.build/Debug-iphonesimulator/VisePanda.build/Objects-normal/x86_64/VisePanda.swiftmodule @/tmp/vp-heart-derived/Build/Intermediates.noindex/VisePanda.build/Debug-iphonesimulator/VisePanda.build/Objects-normal/x86_64/VisePanda-linker-args.resp -Xlinker -alias -Xlinker _main -Xlinker ___debug_main_executable_dylib_entry_point -o /tmp/vp-heart-derived/Build/Intermediates.noindex/VisePanda.build/Debug-iphonesimulator/VisePanda.build/Objects-normal/x86_64/Binary/VisePanda.debug.dylib

CreateUniversalBinary /tmp/vp-heart-derived/Build/Products/Debug-iphonesimulator/VisePanda.app/VisePanda.debug.dylib normal arm64\ x86_64 (in target 'VisePanda' from project 'VisePanda')
    cd /Users/jtcao/Documents/VP-V4-Heart-Logo/ios/VisePanda
    /Applications/Xcode.app/Contents/Developer/Toolchains/XcodeDefault.xctoolchain/usr/bin/lipo -create /tmp/vp-heart-derived/Build/Intermediates.noindex/VisePanda.build/Debug-iphonesimulator/VisePanda.build/Objects-normal/arm64/Binary/VisePanda.debug.dylib /tmp/vp-heart-derived/Build/Intermediates.noindex/VisePanda.build/Debug-iphonesimulator/VisePanda.build/Objects-normal/x86_64/Binary/VisePanda.debug.dylib -output /tmp/vp-heart-derived/Build/Products/Debug-iphonesimulator/VisePanda.app/VisePanda.debug.dylib

ConstructStubExecutorLinkFileList /tmp/vp-heart-derived/Build/Intermediates.noindex/VisePanda.build/Debug-iphonesimulator/VisePanda.build/VisePanda-ExecutorLinkFileList-normal-x86_64.txt (in target 'VisePanda' from project 'VisePanda')
    cd /Users/jtcao/Documents/VP-V4-Heart-Logo/ios/VisePanda
    construct-stub-executor-link-file-list /tmp/vp-heart-derived/Build/Intermediates.noindex/VisePanda.build/Debug-iphonesimulator/VisePanda.build/Objects-normal/x86_64/Binary/VisePanda.debug.dylib /Applications/Xcode.app/Contents/Developer/Platforms/iPhoneSimulator.platform/Developer/usr/lib/libPreviewsJITStubExecutor_no_swift_entry_point.a /Applications/Xcode.app/Contents/Developer/Platforms/iPhoneSimulator.platform/Developer/usr/lib/libPreviewsJITStubExecutor.a --output /tmp/vp-heart-derived/Build/Intermediates.noindex/VisePanda.build/Debug-iphonesimulator/VisePanda.build/VisePanda-ExecutorLinkFileList-normal-x86_64.txt
note: Using stub executor library with Swift entry point. (in target 'VisePanda' from project 'VisePanda')

Ld /tmp/vp-heart-derived/Build/Intermediates.noindex/VisePanda.build/Debug-iphonesimulator/VisePanda.build/Objects-normal/x86_64/Binary/VisePanda normal x86_64 (in target 'VisePanda' from project 'VisePanda')
    cd /Users/jtcao/Documents/VP-V4-Heart-Logo/ios/VisePanda
    /Applications/Xcode.app/Contents/Developer/Toolchains/XcodeDefault.xctoolchain/usr/bin/clang -Xlinker -reproducible -target x86_64-apple-ios17.0-simulator -isysroot /Applications/Xcode.app/Contents/Developer/Platforms/iPhoneSimulator.platform/Developer/SDKs/iPhoneSimulator26.5.sdk -O0 -L/tmp/vp-heart-derived/Build/Products/Debug-iphonesimulator -F/tmp/vp-heart-derived/Build/Products/Debug-iphonesimulator -Xlinker -rpath -Xlinker @executable_path -rdynamic -Xlinker -no_deduplicate -Xlinker -objc_abi_version -Xlinker 2 -e ___debug_blank_executor_main -Xlinker -sectcreate -Xlinker __TEXT -Xlinker __debug_dylib -Xlinker /tmp/vp-heart-derived/Build/Intermediates.noindex/VisePanda.build/Debug-iphonesimulator/VisePanda.build/VisePanda-DebugDylibPath-normal-x86_64.txt -Xlinker -sectcreate -Xlinker __TEXT -Xlinker __debug_instlnm -Xlinker /tmp/vp-heart-derived/Build/Intermediates.noindex/VisePanda.build/Debug-iphonesimulator/VisePanda.build/VisePanda-DebugDylibInstallName-normal-x86_64.txt -Xlinker -filelist -Xlinker /tmp/vp-heart-derived/Build/Intermediates.noindex/VisePanda.build/Debug-iphonesimulator/VisePanda.build/VisePanda-ExecutorLinkFileList-normal-x86_64.txt /tmp/vp-heart-derived/Build/Intermediates.noindex/VisePanda.build/Debug-iphonesimulator/VisePanda.build/Objects-normal/x86_64/Binary/VisePanda.debug.dylib -o /tmp/vp-heart-derived/Build/Intermediates.noindex/VisePanda.build/Debug-iphonesimulator/VisePanda.build/Objects-normal/x86_64/Binary/VisePanda

CreateUniversalBinary /tmp/vp-heart-derived/Build/Products/Debug-iphonesimulator/VisePanda.app/VisePanda normal arm64\ x86_64 (in target 'VisePanda' from project 'VisePanda')
    cd /Users/jtcao/Documents/VP-V4-Heart-Logo/ios/VisePanda
    /Applications/Xcode.app/Contents/Developer/Toolchains/XcodeDefault.xctoolchain/usr/bin/lipo -create /tmp/vp-heart-derived/Build/Intermediates.noindex/VisePanda.build/Debug-iphonesimulator/VisePanda.build/Objects-normal/arm64/Binary/VisePanda /tmp/vp-heart-derived/Build/Intermediates.noindex/VisePanda.build/Debug-iphonesimulator/VisePanda.build/Objects-normal/x86_64/Binary/VisePanda -output /tmp/vp-heart-derived/Build/Products/Debug-iphonesimulator/VisePanda.app/VisePanda

CopySwiftLibs /tmp/vp-heart-derived/Build/Products/Debug-iphonesimulator/VisePanda.app (in target 'VisePanda' from project 'VisePanda')
    cd /Users/jtcao/Documents/VP-V4-Heart-Logo/ios/VisePanda
    builtin-swiftStdLibTool --copy --verbose --scan-executable /tmp/vp-heart-derived/Build/Products/Debug-iphonesimulator/VisePanda.app/VisePanda.debug.dylib --scan-folder /tmp/vp-heart-derived/Build/Products/Debug-iphonesimulator/VisePanda.app/Frameworks --scan-folder /tmp/vp-heart-derived/Build/Products/Debug-iphonesimulator/VisePanda.app/PlugIns --scan-folder /tmp/vp-heart-derived/Build/Products/Debug-iphonesimulator/VisePanda.app/SystemExtensions --scan-folder /tmp/vp-heart-derived/Build/Products/Debug-iphonesimulator/VisePanda.app/Extensions --platform iphonesimulator --toolchain /Applications/Xcode.app/Contents/Developer/Toolchains/XcodeDefault.xctoolchain --destination /tmp/vp-heart-derived/Build/Products/Debug-iphonesimulator/VisePanda.app/Frameworks --strip-bitcode --strip-bitcode-tool /Applications/Xcode.app/Contents/Developer/Toolchains/XcodeDefault.xctoolchain/usr/bin/bitcode_strip --emit-dependency-info /tmp/vp-heart-derived/Build/Intermediates.noindex/VisePanda.build/Debug-iphonesimulator/VisePanda.build/SwiftStdLibToolInputDependencies.dep --filter-for-swift-os --back-deploy-swift-span
Ignoring --strip-bitcode because --sign was not passed

ExtractAppIntentsMetadata (in target 'VisePanda' from project 'VisePanda')
    cd /Users/jtcao/Documents/VP-V4-Heart-Logo/ios/VisePanda
    /Applications/Xcode.app/Contents/Developer/Toolchains/XcodeDefault.xctoolchain/usr/bin/appintentsmetadataprocessor --toolchain-dir /Applications/Xcode.app/Contents/Developer/Toolchains/XcodeDefault.xctoolchain --module-name VisePanda --sdk-root /Applications/Xcode.app/Contents/Developer/Platforms/iPhoneSimulator.platform/Developer/SDKs/iPhoneSimulator26.5.sdk --xcode-version 17F113 --platform-family iOS --deployment-target 17.0 --bundle-identifier space.go2china.VisePanda --output /tmp/vp-heart-derived/Build/Products/Debug-iphonesimulator/VisePanda.app --target-triple arm64-apple-ios17.0-simulator --target-triple x86_64-apple-ios17.0-simulator --binary-file /tmp/vp-heart-derived/Build/Products/Debug-iphonesimulator/VisePanda.app/VisePanda --dependency-file /tmp/vp-heart-derived/Build/Intermediates.noindex/VisePanda.build/Debug-iphonesimulator/VisePanda.build/Objects-normal/arm64/VisePanda_dependency_info.dat --dependency-file /tmp/vp-heart-derived/Build/Intermediates.noindex/VisePanda.build/Debug-iphonesimulator/VisePanda.build/Objects-normal/x86_64/VisePanda_dependency_info.dat --stringsdata-file /tmp/vp-heart-derived/Build/Intermediates.noindex/VisePanda.build/Debug-iphonesimulator/VisePanda.build/Objects-normal/arm64/ExtractedAppShortcutsMetadata.stringsdata --stringsdata-file /tmp/vp-heart-derived/Build/Intermediates.noindex/VisePanda.build/Debug-iphonesimulator/VisePanda.build/Objects-normal/x86_64/ExtractedAppShortcutsMetadata.stringsdata --source-file-list /tmp/vp-heart-derived/Build/Intermediates.noindex/VisePanda.build/Debug-iphonesimulator/VisePanda.build/Objects-normal/arm64/VisePanda.SwiftFileList --source-file-list /tmp/vp-heart-derived/Build/Intermediates.noindex/VisePanda.build/Debug-iphonesimulator/VisePanda.build/Objects-normal/x86_64/VisePanda.SwiftFileList --metadata-file-list /tmp/vp-heart-derived/Build/Intermediates.noindex/VisePanda.build/Debug-iphonesimulator/VisePanda.build/VisePanda.DependencyMetadataFileList --static-metadata-file-list /tmp/vp-heart-derived/Build/Intermediates.noindex/VisePanda.build/Debug-iphonesimulator/VisePanda.build/VisePanda.DependencyStaticMetadataFileList --swift-const-vals-list /tmp/vp-heart-derived/Build/Intermediates.noindex/VisePanda.build/Debug-iphonesimulator/VisePanda.build/Objects-normal/arm64/VisePanda.SwiftConstValuesFileList --swift-const-vals-list /tmp/vp-heart-derived/Build/Intermediates.noindex/VisePanda.build/Debug-iphonesimulator/VisePanda.build/Objects-normal/x86_64/VisePanda.SwiftConstValuesFileList --compile-time-extraction --deployment-aware-processing --validate-assistant-intents --no-app-shortcuts-localization
2026-09-13 00:09:04.279 appintentsmetadataprocessor[23613:295950] Starting appintentsmetadataprocessor export
2026-09-13 00:09:04.285 appintentsmetadataprocessor[23613:295950] warning: Metadata extraction skipped. No AppIntents.framework dependency found.

AppIntentsSSUTraining (in target 'VisePanda' from project 'VisePanda')
    cd /Users/jtcao/Documents/VP-V4-Heart-Logo/ios/VisePanda
    /Applications/Xcode.app/Contents/Developer/Toolchains/XcodeDefault.xctoolchain/usr/bin/appintentsnltrainingprocessor --infoplist-path /tmp/vp-heart-derived/Build/Products/Debug-iphonesimulator/VisePanda.app/Info.plist --temp-dir-path /tmp/vp-heart-derived/Build/Intermediates.noindex/VisePanda.build/Debug-iphonesimulator/VisePanda.build/ssu --bundle-id space.go2china.VisePanda --product-path /tmp/vp-heart-derived/Build/Products/Debug-iphonesimulator/VisePanda.app --extracted-metadata-path /tmp/vp-heart-derived/Build/Products/Debug-iphonesimulator/VisePanda.app/Metadata.appintents --metadata-file-list /tmp/vp-heart-derived/Build/Intermediates.noindex/VisePanda.build/Debug-iphonesimulator/VisePanda.build/VisePanda.DependencyMetadataFileList --source-file /tmp/vp-heart-derived/Build/Products/Debug-iphonesimulator/VisePanda.app/Info.plist --archive-ssu-assets
2026-09-13 00:09:04.304 appintentsnltrainingprocessor[23614:295951] Parsing options for appintentsnltrainingprocessor
2026-09-13 00:09:04.305 appintentsnltrainingprocessor[23614:295951] Starting AppIntents SSU YAML Generation
2026-09-13 00:09:04.305 appintentsnltrainingprocessor[23614:295951] No AppShortcuts found - Skipping.

RegisterExecutionPolicyException /tmp/vp-heart-derived/Build/Products/Debug-iphonesimulator/VisePanda.app (in target 'VisePanda' from project 'VisePanda')
    cd /Users/jtcao/Documents/VP-V4-Heart-Logo/ios/VisePanda
    builtin-RegisterExecutionPolicyException /tmp/vp-heart-derived/Build/Products/Debug-iphonesimulator/VisePanda.app

Validate /tmp/vp-heart-derived/Build/Products/Debug-iphonesimulator/VisePanda.app (in target 'VisePanda' from project 'VisePanda')
    cd /Users/jtcao/Documents/VP-V4-Heart-Logo/ios/VisePanda
    builtin-validationUtility /tmp/vp-heart-derived/Build/Products/Debug-iphonesimulator/VisePanda.app -shallow-bundle -infoplist-subpath Info.plist

Touch /tmp/vp-heart-derived/Build/Products/Debug-iphonesimulator/VisePanda.app (in target 'VisePanda' from project 'VisePanda')
    cd /Users/jtcao/Documents/VP-V4-Heart-Logo/ios/VisePanda
    /usr/bin/touch -c /tmp/vp-heart-derived/Build/Products/Debug-iphonesimulator/VisePanda.app

** BUILD SUCCEEDED **

