Command line invocation:
    /Applications/Xcode.app/Contents/Developer/usr/bin/xcodebuild build -project ios/VisePanda/VisePanda.xcodeproj -scheme VisePanda -destination "generic/platform=iOS Simulator" CODE_SIGNING_ALLOWED=NO -derivedDataPath /Users/jtcao/Library/Caches/visepanda/native-knowledge-20260913/build

Build settings from command line:
    CODE_SIGNING_ALLOWED = NO

ComputePackagePrebuildTargetDependencyGraph

Prepare packages

CreateBuildRequest

SendProjectDescription

CreateBuildOperation

ComputeTargetDependencyGraph
note: Building targets in dependency order
note: Target dependency graph (1 target)
    Target 'VisePanda' in project 'VisePanda' (no dependencies)

GatherProvisioningInputs

CreateBuildDescription

ExecuteExternalTool /Applications/Xcode.app/Contents/Developer/Toolchains/XcodeDefault.xctoolchain/usr/bin/clang -v -E -dM -isysroot /Applications/Xcode.app/Contents/Developer/Platforms/iPhoneSimulator.platform/Developer/SDKs/iPhoneSimulator26.5.sdk -x c -c /dev/null

ExecuteExternalTool /Applications/Xcode.app/Contents/Developer/usr/bin/xcstringstool compile --dry-run --output-directory /Users/jtcao/Library/Caches/visepanda/native-knowledge-20260913/build/Build/Intermediates.noindex/VisePanda.build/Debug-iphonesimulator/VisePanda.build /Users/jtcao/Documents/VP-V4-S2-Knowledge-Publish/ios/VisePanda/VisePanda/Resources/Localizable.xcstrings

ExecuteExternalTool /Applications/Xcode.app/Contents/Developer/usr/bin/actool --print-asset-tag-combinations --output-format xml1 /Users/jtcao/Documents/VP-V4-S2-Knowledge-Publish/ios/VisePanda/VisePanda/Resources/Assets.xcassets

ExecuteExternalTool /Applications/Xcode.app/Contents/Developer/usr/bin/actool --version --output-format xml1

ExecuteExternalTool /Applications/Xcode.app/Contents/Developer/Toolchains/XcodeDefault.xctoolchain/usr/bin/swiftc --version

ExecuteExternalTool /Applications/Xcode.app/Contents/Developer/Toolchains/XcodeDefault.xctoolchain/usr/bin/ld -version_details

Build description signature: fd750b7265ddd3bce269aa23ef2278f3
Build description path: /Users/jtcao/Library/Caches/visepanda/native-knowledge-20260913/build/Build/Intermediates.noindex/XCBuildData/fd750b7265ddd3bce269aa23ef2278f3.xcbuilddata
ClangStatCache /Applications/Xcode.app/Contents/Developer/Toolchains/XcodeDefault.xctoolchain/usr/bin/clang-stat-cache /Applications/Xcode.app/Contents/Developer/Platforms/iPhoneSimulator.platform/Developer/SDKs/iPhoneSimulator26.5.sdk /Users/jtcao/Library/Caches/visepanda/native-knowledge-20260913/build/SDKStatCaches.noindex/iphonesimulator26.5-23F81a-6cfe768891a92b912361537c460fe42b.sdkstatcache
    cd /Users/jtcao/Documents/VP-V4-S2-Knowledge-Publish/ios/VisePanda/VisePanda.xcodeproj
    /Applications/Xcode.app/Contents/Developer/Toolchains/XcodeDefault.xctoolchain/usr/bin/clang-stat-cache /Applications/Xcode.app/Contents/Developer/Platforms/iPhoneSimulator.platform/Developer/SDKs/iPhoneSimulator26.5.sdk -o /Users/jtcao/Library/Caches/visepanda/native-knowledge-20260913/build/SDKStatCaches.noindex/iphonesimulator26.5-23F81a-6cfe768891a92b912361537c460fe42b.sdkstatcache

CreateBuildDirectory /Users/jtcao/Library/Caches/visepanda/native-knowledge-20260913/build/Build/Intermediates.noindex
    cd /Users/jtcao/Documents/VP-V4-S2-Knowledge-Publish/ios/VisePanda/VisePanda.xcodeproj
    builtin-create-build-directory /Users/jtcao/Library/Caches/visepanda/native-knowledge-20260913/build/Build/Intermediates.noindex

CreateBuildDirectory /Users/jtcao/Library/Caches/visepanda/native-knowledge-20260913/build/Build/Products
    cd /Users/jtcao/Documents/VP-V4-S2-Knowledge-Publish/ios/VisePanda/VisePanda.xcodeproj
    builtin-create-build-directory /Users/jtcao/Library/Caches/visepanda/native-knowledge-20260913/build/Build/Products

CreateBuildDirectory /Users/jtcao/Library/Caches/visepanda/native-knowledge-20260913/build/Build/Products/Debug-iphonesimulator
    cd /Users/jtcao/Documents/VP-V4-S2-Knowledge-Publish/ios/VisePanda/VisePanda.xcodeproj
    builtin-create-build-directory /Users/jtcao/Library/Caches/visepanda/native-knowledge-20260913/build/Build/Products/Debug-iphonesimulator

WriteAuxiliaryFile /Users/jtcao/Library/Caches/visepanda/native-knowledge-20260913/build/Build/Intermediates.noindex/VisePanda.build/Debug-iphonesimulator/VisePanda-97c7769df369d917a11b704107fd7f24-VFS-iphonesimulator/all-product-headers.yaml
    cd /Users/jtcao/Documents/VP-V4-S2-Knowledge-Publish/ios/VisePanda/VisePanda.xcodeproj
    write-file /Users/jtcao/Library/Caches/visepanda/native-knowledge-20260913/build/Build/Intermediates.noindex/VisePanda.build/Debug-iphonesimulator/VisePanda-97c7769df369d917a11b704107fd7f24-VFS-iphonesimulator/all-product-headers.yaml

CreateBuildDirectory /Users/jtcao/Library/Caches/visepanda/native-knowledge-20260913/build/Build/Intermediates.noindex/SwiftExplicitPrecompiledModules
    cd /Users/jtcao/Documents/VP-V4-S2-Knowledge-Publish/ios/VisePanda/VisePanda.xcodeproj
    builtin-create-build-directory /Users/jtcao/Library/Caches/visepanda/native-knowledge-20260913/build/Build/Intermediates.noindex/SwiftExplicitPrecompiledModules

CreateBuildDirectory /Users/jtcao/Library/Caches/visepanda/native-knowledge-20260913/build/Build/Intermediates.noindex/ExplicitPrecompiledModules
    cd /Users/jtcao/Documents/VP-V4-S2-Knowledge-Publish/ios/VisePanda/VisePanda.xcodeproj
    builtin-create-build-directory /Users/jtcao/Library/Caches/visepanda/native-knowledge-20260913/build/Build/Intermediates.noindex/ExplicitPrecompiledModules

CreateBuildDirectory /Users/jtcao/Library/Caches/visepanda/native-knowledge-20260913/build/Build/Intermediates.noindex/EagerLinkingTBDs/Debug-iphonesimulator
    cd /Users/jtcao/Documents/VP-V4-S2-Knowledge-Publish/ios/VisePanda/VisePanda.xcodeproj
    builtin-create-build-directory /Users/jtcao/Library/Caches/visepanda/native-knowledge-20260913/build/Build/Intermediates.noindex/EagerLinkingTBDs/Debug-iphonesimulator

WriteAuxiliaryFile /Users/jtcao/Library/Caches/visepanda/native-knowledge-20260913/build/Build/Intermediates.noindex/VisePanda.build/Debug-iphonesimulator/VisePanda.build/VisePanda.hmap (in target 'VisePanda' from project 'VisePanda')
    cd /Users/jtcao/Documents/VP-V4-S2-Knowledge-Publish/ios/VisePanda
    write-file /Users/jtcao/Library/Caches/visepanda/native-knowledge-20260913/build/Build/Intermediates.noindex/VisePanda.build/Debug-iphonesimulator/VisePanda.build/VisePanda.hmap

WriteAuxiliaryFile /Users/jtcao/Library/Caches/visepanda/native-knowledge-20260913/build/Build/Intermediates.noindex/VisePanda.build/Debug-iphonesimulator/VisePanda.build/VisePanda.DependencyStaticMetadataFileList (in target 'VisePanda' from project 'VisePanda')
    cd /Users/jtcao/Documents/VP-V4-S2-Knowledge-Publish/ios/VisePanda
    write-file /Users/jtcao/Library/Caches/visepanda/native-knowledge-20260913/build/Build/Intermediates.noindex/VisePanda.build/Debug-iphonesimulator/VisePanda.build/VisePanda.DependencyStaticMetadataFileList

WriteAuxiliaryFile /Users/jtcao/Library/Caches/visepanda/native-knowledge-20260913/build/Build/Intermediates.noindex/VisePanda.build/Debug-iphonesimulator/VisePanda.build/VisePanda.DependencyMetadataFileList (in target 'VisePanda' from project 'VisePanda')
    cd /Users/jtcao/Documents/VP-V4-S2-Knowledge-Publish/ios/VisePanda
    write-file /Users/jtcao/Library/Caches/visepanda/native-knowledge-20260913/build/Build/Intermediates.noindex/VisePanda.build/Debug-iphonesimulator/VisePanda.build/VisePanda.DependencyMetadataFileList

WriteAuxiliaryFile /Users/jtcao/Library/Caches/visepanda/native-knowledge-20260913/build/Build/Intermediates.noindex/VisePanda.build/Debug-iphonesimulator/VisePanda.build/VisePanda-project-headers.hmap (in target 'VisePanda' from project 'VisePanda')
    cd /Users/jtcao/Documents/VP-V4-S2-Knowledge-Publish/ios/VisePanda
    write-file /Users/jtcao/Library/Caches/visepanda/native-knowledge-20260913/build/Build/Intermediates.noindex/VisePanda.build/Debug-iphonesimulator/VisePanda.build/VisePanda-project-headers.hmap

WriteAuxiliaryFile /Users/jtcao/Library/Caches/visepanda/native-knowledge-20260913/build/Build/Intermediates.noindex/VisePanda.build/Debug-iphonesimulator/VisePanda.build/VisePanda-own-target-headers.hmap (in target 'VisePanda' from project 'VisePanda')
    cd /Users/jtcao/Documents/VP-V4-S2-Knowledge-Publish/ios/VisePanda
    write-file /Users/jtcao/Library/Caches/visepanda/native-knowledge-20260913/build/Build/Intermediates.noindex/VisePanda.build/Debug-iphonesimulator/VisePanda.build/VisePanda-own-target-headers.hmap

WriteAuxiliaryFile /Users/jtcao/Library/Caches/visepanda/native-knowledge-20260913/build/Build/Intermediates.noindex/VisePanda.build/Debug-iphonesimulator/VisePanda.build/VisePanda-generated-files.hmap (in target 'VisePanda' from project 'VisePanda')
    cd /Users/jtcao/Documents/VP-V4-S2-Knowledge-Publish/ios/VisePanda
    write-file /Users/jtcao/Library/Caches/visepanda/native-knowledge-20260913/build/Build/Intermediates.noindex/VisePanda.build/Debug-iphonesimulator/VisePanda.build/VisePanda-generated-files.hmap

WriteAuxiliaryFile /Users/jtcao/Library/Caches/visepanda/native-knowledge-20260913/build/Build/Intermediates.noindex/VisePanda.build/Debug-iphonesimulator/VisePanda.build/VisePanda-all-target-headers.hmap (in target 'VisePanda' from project 'VisePanda')
    cd /Users/jtcao/Documents/VP-V4-S2-Knowledge-Publish/ios/VisePanda
    write-file /Users/jtcao/Library/Caches/visepanda/native-knowledge-20260913/build/Build/Intermediates.noindex/VisePanda.build/Debug-iphonesimulator/VisePanda.build/VisePanda-all-target-headers.hmap

WriteAuxiliaryFile /Users/jtcao/Library/Caches/visepanda/native-knowledge-20260913/build/Build/Intermediates.noindex/VisePanda.build/Debug-iphonesimulator/VisePanda.build/VisePanda-all-non-framework-target-headers.hmap (in target 'VisePanda' from project 'VisePanda')
    cd /Users/jtcao/Documents/VP-V4-S2-Knowledge-Publish/ios/VisePanda
    write-file /Users/jtcao/Library/Caches/visepanda/native-knowledge-20260913/build/Build/Intermediates.noindex/VisePanda.build/Debug-iphonesimulator/VisePanda.build/VisePanda-all-non-framework-target-headers.hmap

WriteAuxiliaryFile /Users/jtcao/Library/Caches/visepanda/native-knowledge-20260913/build/Build/Intermediates.noindex/VisePanda.build/Debug-iphonesimulator/VisePanda.build/VisePanda-DebugDylibPath-normal-x86_64.txt (in target 'VisePanda' from project 'VisePanda')
    cd /Users/jtcao/Documents/VP-V4-S2-Knowledge-Publish/ios/VisePanda
    write-file /Users/jtcao/Library/Caches/visepanda/native-knowledge-20260913/build/Build/Intermediates.noindex/VisePanda.build/Debug-iphonesimulator/VisePanda.build/VisePanda-DebugDylibPath-normal-x86_64.txt

WriteAuxiliaryFile /Users/jtcao/Library/Caches/visepanda/native-knowledge-20260913/build/Build/Intermediates.noindex/VisePanda.build/Debug-iphonesimulator/VisePanda.build/VisePanda-DebugDylibPath-normal-arm64.txt (in target 'VisePanda' from project 'VisePanda')
    cd /Users/jtcao/Documents/VP-V4-S2-Knowledge-Publish/ios/VisePanda
    write-file /Users/jtcao/Library/Caches/visepanda/native-knowledge-20260913/build/Build/Intermediates.noindex/VisePanda.build/Debug-iphonesimulator/VisePanda.build/VisePanda-DebugDylibPath-normal-arm64.txt

WriteAuxiliaryFile /Users/jtcao/Library/Caches/visepanda/native-knowledge-20260913/build/Build/Intermediates.noindex/VisePanda.build/Debug-iphonesimulator/VisePanda.build/VisePanda-DebugDylibInstallName-normal-x86_64.txt (in target 'VisePanda' from project 'VisePanda')
    cd /Users/jtcao/Documents/VP-V4-S2-Knowledge-Publish/ios/VisePanda
    write-file /Users/jtcao/Library/Caches/visepanda/native-knowledge-20260913/build/Build/Intermediates.noindex/VisePanda.build/Debug-iphonesimulator/VisePanda.build/VisePanda-DebugDylibInstallName-normal-x86_64.txt

WriteAuxiliaryFile /Users/jtcao/Library/Caches/visepanda/native-knowledge-20260913/build/Build/Intermediates.noindex/VisePanda.build/Debug-iphonesimulator/VisePanda.build/VisePanda-DebugDylibInstallName-normal-arm64.txt (in target 'VisePanda' from project 'VisePanda')
    cd /Users/jtcao/Documents/VP-V4-S2-Knowledge-Publish/ios/VisePanda
    write-file /Users/jtcao/Library/Caches/visepanda/native-knowledge-20260913/build/Build/Intermediates.noindex/VisePanda.build/Debug-iphonesimulator/VisePanda.build/VisePanda-DebugDylibInstallName-normal-arm64.txt

WriteAuxiliaryFile /Users/jtcao/Library/Caches/visepanda/native-knowledge-20260913/build/Build/Intermediates.noindex/VisePanda.build/Debug-iphonesimulator/VisePanda.build/Objects-normal/x86_64/VisePanda_const_extract_protocols.json (in target 'VisePanda' from project 'VisePanda')
    cd /Users/jtcao/Documents/VP-V4-S2-Knowledge-Publish/ios/VisePanda
    write-file /Users/jtcao/Library/Caches/visepanda/native-knowledge-20260913/build/Build/Intermediates.noindex/VisePanda.build/Debug-iphonesimulator/VisePanda.build/Objects-normal/x86_64/VisePanda_const_extract_protocols.json

WriteAuxiliaryFile /Users/jtcao/Library/Caches/visepanda/native-knowledge-20260913/build/Build/Intermediates.noindex/VisePanda.build/Debug-iphonesimulator/VisePanda.build/Objects-normal/x86_64/VisePanda.SwiftFileList (in target 'VisePanda' from project 'VisePanda')
    cd /Users/jtcao/Documents/VP-V4-S2-Knowledge-Publish/ios/VisePanda
    write-file /Users/jtcao/Library/Caches/visepanda/native-knowledge-20260913/build/Build/Intermediates.noindex/VisePanda.build/Debug-iphonesimulator/VisePanda.build/Objects-normal/x86_64/VisePanda.SwiftFileList

WriteAuxiliaryFile /Users/jtcao/Library/Caches/visepanda/native-knowledge-20260913/build/Build/Intermediates.noindex/VisePanda.build/Debug-iphonesimulator/VisePanda.build/Objects-normal/x86_64/VisePanda.SwiftConstValuesFileList (in target 'VisePanda' from project 'VisePanda')
    cd /Users/jtcao/Documents/VP-V4-S2-Knowledge-Publish/ios/VisePanda
    write-file /Users/jtcao/Library/Caches/visepanda/native-knowledge-20260913/build/Build/Intermediates.noindex/VisePanda.build/Debug-iphonesimulator/VisePanda.build/Objects-normal/x86_64/VisePanda.SwiftConstValuesFileList

WriteAuxiliaryFile /Users/jtcao/Library/Caches/visepanda/native-knowledge-20260913/build/Build/Intermediates.noindex/VisePanda.build/Debug-iphonesimulator/VisePanda.build/Objects-normal/x86_64/VisePanda.LinkFileList (in target 'VisePanda' from project 'VisePanda')
    cd /Users/jtcao/Documents/VP-V4-S2-Knowledge-Publish/ios/VisePanda
    write-file /Users/jtcao/Library/Caches/visepanda/native-knowledge-20260913/build/Build/Intermediates.noindex/VisePanda.build/Debug-iphonesimulator/VisePanda.build/Objects-normal/x86_64/VisePanda.LinkFileList

WriteAuxiliaryFile /Users/jtcao/Library/Caches/visepanda/native-knowledge-20260913/build/Build/Intermediates.noindex/VisePanda.build/Debug-iphonesimulator/VisePanda.build/Objects-normal/x86_64/VisePanda-OutputFileMap.json (in target 'VisePanda' from project 'VisePanda')
    cd /Users/jtcao/Documents/VP-V4-S2-Knowledge-Publish/ios/VisePanda
    write-file /Users/jtcao/Library/Caches/visepanda/native-knowledge-20260913/build/Build/Intermediates.noindex/VisePanda.build/Debug-iphonesimulator/VisePanda.build/Objects-normal/x86_64/VisePanda-OutputFileMap.json

WriteAuxiliaryFile /Users/jtcao/Library/Caches/visepanda/native-knowledge-20260913/build/Build/Intermediates.noindex/VisePanda.build/Debug-iphonesimulator/VisePanda.build/Objects-normal/arm64/VisePanda_const_extract_protocols.json (in target 'VisePanda' from project 'VisePanda')
    cd /Users/jtcao/Documents/VP-V4-S2-Knowledge-Publish/ios/VisePanda
    write-file /Users/jtcao/Library/Caches/visepanda/native-knowledge-20260913/build/Build/Intermediates.noindex/VisePanda.build/Debug-iphonesimulator/VisePanda.build/Objects-normal/arm64/VisePanda_const_extract_protocols.json

WriteAuxiliaryFile /Users/jtcao/Library/Caches/visepanda/native-knowledge-20260913/build/Build/Intermediates.noindex/VisePanda.build/Debug-iphonesimulator/VisePanda.build/Objects-normal/arm64/VisePanda.SwiftFileList (in target 'VisePanda' from project 'VisePanda')
    cd /Users/jtcao/Documents/VP-V4-S2-Knowledge-Publish/ios/VisePanda
    write-file /Users/jtcao/Library/Caches/visepanda/native-knowledge-20260913/build/Build/Intermediates.noindex/VisePanda.build/Debug-iphonesimulator/VisePanda.build/Objects-normal/arm64/VisePanda.SwiftFileList

WriteAuxiliaryFile /Users/jtcao/Library/Caches/visepanda/native-knowledge-20260913/build/Build/Intermediates.noindex/VisePanda.build/Debug-iphonesimulator/VisePanda.build/Objects-normal/arm64/VisePanda.SwiftConstValuesFileList (in target 'VisePanda' from project 'VisePanda')
    cd /Users/jtcao/Documents/VP-V4-S2-Knowledge-Publish/ios/VisePanda
    write-file /Users/jtcao/Library/Caches/visepanda/native-knowledge-20260913/build/Build/Intermediates.noindex/VisePanda.build/Debug-iphonesimulator/VisePanda.build/Objects-normal/arm64/VisePanda.SwiftConstValuesFileList

WriteAuxiliaryFile /Users/jtcao/Library/Caches/visepanda/native-knowledge-20260913/build/Build/Intermediates.noindex/VisePanda.build/Debug-iphonesimulator/VisePanda.build/Objects-normal/arm64/VisePanda.LinkFileList (in target 'VisePanda' from project 'VisePanda')
    cd /Users/jtcao/Documents/VP-V4-S2-Knowledge-Publish/ios/VisePanda
    write-file /Users/jtcao/Library/Caches/visepanda/native-knowledge-20260913/build/Build/Intermediates.noindex/VisePanda.build/Debug-iphonesimulator/VisePanda.build/Objects-normal/arm64/VisePanda.LinkFileList

WriteAuxiliaryFile /Users/jtcao/Library/Caches/visepanda/native-knowledge-20260913/build/Build/Intermediates.noindex/VisePanda.build/Debug-iphonesimulator/VisePanda.build/Objects-normal/arm64/VisePanda-OutputFileMap.json (in target 'VisePanda' from project 'VisePanda')
    cd /Users/jtcao/Documents/VP-V4-S2-Knowledge-Publish/ios/VisePanda
    write-file /Users/jtcao/Library/Caches/visepanda/native-knowledge-20260913/build/Build/Intermediates.noindex/VisePanda.build/Debug-iphonesimulator/VisePanda.build/Objects-normal/arm64/VisePanda-OutputFileMap.json

MkDir /Users/jtcao/Library/Caches/visepanda/native-knowledge-20260913/build/Build/Products/Debug-iphonesimulator/VisePanda.app (in target 'VisePanda' from project 'VisePanda')
    cd /Users/jtcao/Documents/VP-V4-S2-Knowledge-Publish/ios/VisePanda
    /bin/mkdir -p /Users/jtcao/Library/Caches/visepanda/native-knowledge-20260913/build/Build/Products/Debug-iphonesimulator/VisePanda.app

MkDir /Users/jtcao/Library/Caches/visepanda/native-knowledge-20260913/build/Build/Intermediates.noindex/VisePanda.build/Debug-iphonesimulator/VisePanda.build/assetcatalog_output/thinned (in target 'VisePanda' from project 'VisePanda')
    cd /Users/jtcao/Documents/VP-V4-S2-Knowledge-Publish/ios/VisePanda
    /bin/mkdir -p /Users/jtcao/Library/Caches/visepanda/native-knowledge-20260913/build/Build/Intermediates.noindex/VisePanda.build/Debug-iphonesimulator/VisePanda.build/assetcatalog_output/thinned

Ld /Users/jtcao/Library/Caches/visepanda/native-knowledge-20260913/build/Build/Intermediates.noindex/VisePanda.build/Debug-iphonesimulator/VisePanda.build/Objects-normal/x86_64/Binary/__preview.dylib normal x86_64 (in target 'VisePanda' from project 'VisePanda')
    cd /Users/jtcao/Documents/VP-V4-S2-Knowledge-Publish/ios/VisePanda
    /Applications/Xcode.app/Contents/Developer/Toolchains/XcodeDefault.xctoolchain/usr/bin/clang -Xlinker -reproducible -target x86_64-apple-ios17.0-simulator -dynamiclib -isysroot /Applications/Xcode.app/Contents/Developer/Platforms/iPhoneSimulator.platform/Developer/SDKs/iPhoneSimulator26.5.sdk -O0 -L/Users/jtcao/Library/Caches/visepanda/native-knowledge-20260913/build/Build/Products/Debug-iphonesimulator -F/Users/jtcao/Library/Caches/visepanda/native-knowledge-20260913/build/Build/Products/Debug-iphonesimulator -install_name @rpath/VisePanda.debug.dylib -Xlinker -dead_strip -rdynamic -Xlinker -no_deduplicate -Xlinker -objc_abi_version -Xlinker 2 -Xlinker -dependency_info -Xlinker /Users/jtcao/Library/Caches/visepanda/native-knowledge-20260913/build/Build/Intermediates.noindex/VisePanda.build/Debug-iphonesimulator/VisePanda.build/Objects-normal/x86_64/VisePanda_dependency_info.dat -o /Users/jtcao/Library/Caches/visepanda/native-knowledge-20260913/build/Build/Intermediates.noindex/VisePanda.build/Debug-iphonesimulator/VisePanda.build/Objects-normal/x86_64/Binary/__preview.dylib

MkDir /Users/jtcao/Library/Caches/visepanda/native-knowledge-20260913/build/Build/Intermediates.noindex/VisePanda.build/Debug-iphonesimulator/VisePanda.build/assetcatalog_output/unthinned (in target 'VisePanda' from project 'VisePanda')
    cd /Users/jtcao/Documents/VP-V4-S2-Knowledge-Publish/ios/VisePanda
    /bin/mkdir -p /Users/jtcao/Library/Caches/visepanda/native-knowledge-20260913/build/Build/Intermediates.noindex/VisePanda.build/Debug-iphonesimulator/VisePanda.build/assetcatalog_output/unthinned

Ld /Users/jtcao/Library/Caches/visepanda/native-knowledge-20260913/build/Build/Intermediates.noindex/VisePanda.build/Debug-iphonesimulator/VisePanda.build/Objects-normal/arm64/Binary/__preview.dylib normal arm64 (in target 'VisePanda' from project 'VisePanda')
    cd /Users/jtcao/Documents/VP-V4-S2-Knowledge-Publish/ios/VisePanda
    /Applications/Xcode.app/Contents/Developer/Toolchains/XcodeDefault.xctoolchain/usr/bin/clang -Xlinker -reproducible -target arm64-apple-ios17.0-simulator -dynamiclib -isysroot /Applications/Xcode.app/Contents/Developer/Platforms/iPhoneSimulator.platform/Developer/SDKs/iPhoneSimulator26.5.sdk -O0 -L/Users/jtcao/Library/Caches/visepanda/native-knowledge-20260913/build/Build/Products/Debug-iphonesimulator -F/Users/jtcao/Library/Caches/visepanda/native-knowledge-20260913/build/Build/Products/Debug-iphonesimulator -install_name @rpath/VisePanda.debug.dylib -Xlinker -dead_strip -rdynamic -Xlinker -no_deduplicate -Xlinker -objc_abi_version -Xlinker 2 -Xlinker -dependency_info -Xlinker /Users/jtcao/Library/Caches/visepanda/native-knowledge-20260913/build/Build/Intermediates.noindex/VisePanda.build/Debug-iphonesimulator/VisePanda.build/Objects-normal/arm64/VisePanda_dependency_info.dat -o /Users/jtcao/Library/Caches/visepanda/native-knowledge-20260913/build/Build/Intermediates.noindex/VisePanda.build/Debug-iphonesimulator/VisePanda.build/Objects-normal/arm64/Binary/__preview.dylib

GenerateAssetSymbols /Users/jtcao/Documents/VP-V4-S2-Knowledge-Publish/ios/VisePanda/VisePanda/Resources/Assets.xcassets (in target 'VisePanda' from project 'VisePanda')
    cd /Users/jtcao/Documents/VP-V4-S2-Knowledge-Publish/ios/VisePanda
    /Applications/Xcode.app/Contents/Developer/usr/bin/actool /Users/jtcao/Documents/VP-V4-S2-Knowledge-Publish/ios/VisePanda/VisePanda/Resources/Assets.xcassets --compile /Users/jtcao/Library/Caches/visepanda/native-knowledge-20260913/build/Build/Products/Debug-iphonesimulator/VisePanda.app --output-format human-readable-text --notices --warnings --export-dependency-info /Users/jtcao/Library/Caches/visepanda/native-knowledge-20260913/build/Build/Intermediates.noindex/VisePanda.build/Debug-iphonesimulator/VisePanda.build/assetcatalog_dependencies --output-partial-info-plist /Users/jtcao/Library/Caches/visepanda/native-knowledge-20260913/build/Build/Intermediates.noindex/VisePanda.build/Debug-iphonesimulator/VisePanda.build/assetcatalog_generated_info.plist --app-icon AppIcon --compress-pngs --enable-on-demand-resources YES --development-region en --target-device iphone --minimum-deployment-target 17.0 --platform iphonesimulator --bundle-identifier space.go2china.VisePanda --generate-swift-asset-symbols /Users/jtcao/Library/Caches/visepanda/native-knowledge-20260913/build/Build/Intermediates.noindex/VisePanda.build/Debug-iphonesimulator/VisePanda.build/DerivedSources/GeneratedAssetSymbols.swift --generate-objc-asset-symbols /Users/jtcao/Library/Caches/visepanda/native-knowledge-20260913/build/Build/Intermediates.noindex/VisePanda.build/Debug-iphonesimulator/VisePanda.build/DerivedSources/GeneratedAssetSymbols.h --generate-asset-symbol-index /Users/jtcao/Library/Caches/visepanda/native-knowledge-20260913/build/Build/Intermediates.noindex/VisePanda.build/Debug-iphonesimulator/VisePanda.build/DerivedSources/GeneratedAssetSymbols-Index.plist
/* com.apple.actool.compilation-results */
/Users/jtcao/Library/Caches/visepanda/native-knowledge-20260913/build/Build/Intermediates.noindex/VisePanda.build/Debug-iphonesimulator/VisePanda.build/DerivedSources/GeneratedAssetSymbols-Index.plist
/Users/jtcao/Library/Caches/visepanda/native-knowledge-20260913/build/Build/Intermediates.noindex/VisePanda.build/Debug-iphonesimulator/VisePanda.build/DerivedSources/GeneratedAssetSymbols.h
/Users/jtcao/Library/Caches/visepanda/native-knowledge-20260913/build/Build/Intermediates.noindex/VisePanda.build/Debug-iphonesimulator/VisePanda.build/DerivedSources/GeneratedAssetSymbols.swift


CompileXCStrings /Users/jtcao/Library/Caches/visepanda/native-knowledge-20260913/build/Build/Intermediates.noindex/VisePanda.build/Debug-iphonesimulator/VisePanda.build/ /Users/jtcao/Documents/VP-V4-S2-Knowledge-Publish/ios/VisePanda/VisePanda/Resources/Localizable.xcstrings (in target 'VisePanda' from project 'VisePanda')
    cd /Users/jtcao/Documents/VP-V4-S2-Knowledge-Publish/ios/VisePanda
    /Applications/Xcode.app/Contents/Developer/usr/bin/xcstringstool compile --output-directory /Users/jtcao/Library/Caches/visepanda/native-knowledge-20260913/build/Build/Intermediates.noindex/VisePanda.build/Debug-iphonesimulator/VisePanda.build /Users/jtcao/Documents/VP-V4-S2-Knowledge-Publish/ios/VisePanda/VisePanda/Resources/Localizable.xcstrings

CompileAssetCatalogVariant thinned /Users/jtcao/Library/Caches/visepanda/native-knowledge-20260913/build/Build/Products/Debug-iphonesimulator/VisePanda.app /Users/jtcao/Documents/VP-V4-S2-Knowledge-Publish/ios/VisePanda/VisePanda/Resources/Assets.xcassets (in target 'VisePanda' from project 'VisePanda')
    cd /Users/jtcao/Documents/VP-V4-S2-Knowledge-Publish/ios/VisePanda
    /Applications/Xcode.app/Contents/Developer/usr/bin/actool /Users/jtcao/Documents/VP-V4-S2-Knowledge-Publish/ios/VisePanda/VisePanda/Resources/Assets.xcassets --compile /Users/jtcao/Library/Caches/visepanda/native-knowledge-20260913/build/Build/Intermediates.noindex/VisePanda.build/Debug-iphonesimulator/VisePanda.build/assetcatalog_output/thinned --output-format human-readable-text --notices --warnings --export-dependency-info /Users/jtcao/Library/Caches/visepanda/native-knowledge-20260913/build/Build/Intermediates.noindex/VisePanda.build/Debug-iphonesimulator/VisePanda.build/assetcatalog_dependencies_thinned --output-partial-info-plist /Users/jtcao/Library/Caches/visepanda/native-knowledge-20260913/build/Build/Intermediates.noindex/VisePanda.build/Debug-iphonesimulator/VisePanda.build/assetcatalog_generated_info.plist_thinned --app-icon AppIcon --compress-pngs --enable-on-demand-resources YES --development-region en --target-device iphone --minimum-deployment-target 17.0 --platform iphonesimulator
/* com.apple.actool.compilation-results */
/Users/jtcao/Library/Caches/visepanda/native-knowledge-20260913/build/Build/Intermediates.noindex/VisePanda.build/Debug-iphonesimulator/VisePanda.build/assetcatalog_generated_info.plist_thinned
/Users/jtcao/Library/Caches/visepanda/native-knowledge-20260913/build/Build/Intermediates.noindex/VisePanda.build/Debug-iphonesimulator/VisePanda.build/assetcatalog_output/thinned/AppIcon60x60@2x.png
/Users/jtcao/Library/Caches/visepanda/native-knowledge-20260913/build/Build/Intermediates.noindex/VisePanda.build/Debug-iphonesimulator/VisePanda.build/assetcatalog_output/thinned/AppIcon76x76@2x~ipad.png
/Users/jtcao/Library/Caches/visepanda/native-knowledge-20260913/build/Build/Intermediates.noindex/VisePanda.build/Debug-iphonesimulator/VisePanda.build/assetcatalog_output/thinned/Assets.car


CopyStringsFile /Users/jtcao/Library/Caches/visepanda/native-knowledge-20260913/build/Build/Products/Debug-iphonesimulator/VisePanda.app/zh-Hans.lproj/Localizable.strings /Users/jtcao/Library/Caches/visepanda/native-knowledge-20260913/build/Build/Intermediates.noindex/VisePanda.build/Debug-iphonesimulator/VisePanda.build/zh-Hans.lproj/Localizable.strings (in target 'VisePanda' from project 'VisePanda')
    cd /Users/jtcao/Documents/VP-V4-S2-Knowledge-Publish/ios/VisePanda
    builtin-copyStrings --validate --outputencoding binary --outfilename Localizable.strings --outdir /Users/jtcao/Library/Caches/visepanda/native-knowledge-20260913/build/Build/Products/Debug-iphonesimulator/VisePanda.app/zh-Hans.lproj -- /Users/jtcao/Library/Caches/visepanda/native-knowledge-20260913/build/Build/Intermediates.noindex/VisePanda.build/Debug-iphonesimulator/VisePanda.build/zh-Hans.lproj/Localizable.strings
/Users/jtcao/Library/Caches/visepanda/native-knowledge-20260913/build/Build/Intermediates.noindex/VisePanda.build/Debug-iphonesimulator/VisePanda.build/zh-Hans.lproj/Localizable.strings:1:1: note: detected encoding of input file as Unicode (UTF-8) (in target 'VisePanda' from project 'VisePanda')

CopyStringsFile /Users/jtcao/Library/Caches/visepanda/native-knowledge-20260913/build/Build/Products/Debug-iphonesimulator/VisePanda.app/ru.lproj/Localizable.strings /Users/jtcao/Library/Caches/visepanda/native-knowledge-20260913/build/Build/Intermediates.noindex/VisePanda.build/Debug-iphonesimulator/VisePanda.build/ru.lproj/Localizable.strings (in target 'VisePanda' from project 'VisePanda')
    cd /Users/jtcao/Documents/VP-V4-S2-Knowledge-Publish/ios/VisePanda
    builtin-copyStrings --validate --outputencoding binary --outfilename Localizable.strings --outdir /Users/jtcao/Library/Caches/visepanda/native-knowledge-20260913/build/Build/Products/Debug-iphonesimulator/VisePanda.app/ru.lproj -- /Users/jtcao/Library/Caches/visepanda/native-knowledge-20260913/build/Build/Intermediates.noindex/VisePanda.build/Debug-iphonesimulator/VisePanda.build/ru.lproj/Localizable.strings
/Users/jtcao/Library/Caches/visepanda/native-knowledge-20260913/build/Build/Intermediates.noindex/VisePanda.build/Debug-iphonesimulator/VisePanda.build/ru.lproj/Localizable.strings:1:1: note: detected encoding of input file as Unicode (UTF-8) (in target 'VisePanda' from project 'VisePanda')

CopyStringsFile /Users/jtcao/Library/Caches/visepanda/native-knowledge-20260913/build/Build/Products/Debug-iphonesimulator/VisePanda.app/es.lproj/Localizable.strings /Users/jtcao/Library/Caches/visepanda/native-knowledge-20260913/build/Build/Intermediates.noindex/VisePanda.build/Debug-iphonesimulator/VisePanda.build/es.lproj/Localizable.strings (in target 'VisePanda' from project 'VisePanda')
    cd /Users/jtcao/Documents/VP-V4-S2-Knowledge-Publish/ios/VisePanda
    builtin-copyStrings --validate --outputencoding binary --outfilename Localizable.strings --outdir /Users/jtcao/Library/Caches/visepanda/native-knowledge-20260913/build/Build/Products/Debug-iphonesimulator/VisePanda.app/es.lproj -- /Users/jtcao/Library/Caches/visepanda/native-knowledge-20260913/build/Build/Intermediates.noindex/VisePanda.build/Debug-iphonesimulator/VisePanda.build/es.lproj/Localizable.strings
/Users/jtcao/Library/Caches/visepanda/native-knowledge-20260913/build/Build/Intermediates.noindex/VisePanda.build/Debug-iphonesimulator/VisePanda.build/es.lproj/Localizable.strings:1:1: note: detected encoding of input file as Unicode (UTF-8) (in target 'VisePanda' from project 'VisePanda')

CopyStringsFile /Users/jtcao/Library/Caches/visepanda/native-knowledge-20260913/build/Build/Products/Debug-iphonesimulator/VisePanda.app/en.lproj/Localizable.strings /Users/jtcao/Library/Caches/visepanda/native-knowledge-20260913/build/Build/Intermediates.noindex/VisePanda.build/Debug-iphonesimulator/VisePanda.build/en.lproj/Localizable.strings (in target 'VisePanda' from project 'VisePanda')
    cd /Users/jtcao/Documents/VP-V4-S2-Knowledge-Publish/ios/VisePanda
    builtin-copyStrings --validate --outputencoding binary --outfilename Localizable.strings --outdir /Users/jtcao/Library/Caches/visepanda/native-knowledge-20260913/build/Build/Products/Debug-iphonesimulator/VisePanda.app/en.lproj -- /Users/jtcao/Library/Caches/visepanda/native-knowledge-20260913/build/Build/Intermediates.noindex/VisePanda.build/Debug-iphonesimulator/VisePanda.build/en.lproj/Localizable.strings
/Users/jtcao/Library/Caches/visepanda/native-knowledge-20260913/build/Build/Intermediates.noindex/VisePanda.build/Debug-iphonesimulator/VisePanda.build/en.lproj/Localizable.strings:1:1: note: detected encoding of input file as Unicode (UTF-8) (in target 'VisePanda' from project 'VisePanda')

CopyStringsFile /Users/jtcao/Library/Caches/visepanda/native-knowledge-20260913/build/Build/Products/Debug-iphonesimulator/VisePanda.app/ar.lproj/Localizable.strings /Users/jtcao/Library/Caches/visepanda/native-knowledge-20260913/build/Build/Intermediates.noindex/VisePanda.build/Debug-iphonesimulator/VisePanda.build/ar.lproj/Localizable.strings (in target 'VisePanda' from project 'VisePanda')
    cd /Users/jtcao/Documents/VP-V4-S2-Knowledge-Publish/ios/VisePanda
    builtin-copyStrings --validate --outputencoding binary --outfilename Localizable.strings --outdir /Users/jtcao/Library/Caches/visepanda/native-knowledge-20260913/build/Build/Products/Debug-iphonesimulator/VisePanda.app/ar.lproj -- /Users/jtcao/Library/Caches/visepanda/native-knowledge-20260913/build/Build/Intermediates.noindex/VisePanda.build/Debug-iphonesimulator/VisePanda.build/ar.lproj/Localizable.strings
/Users/jtcao/Library/Caches/visepanda/native-knowledge-20260913/build/Build/Intermediates.noindex/VisePanda.build/Debug-iphonesimulator/VisePanda.build/ar.lproj/Localizable.strings:1:1: note: detected encoding of input file as Unicode (UTF-8) (in target 'VisePanda' from project 'VisePanda')

CreateUniversalBinary /Users/jtcao/Library/Caches/visepanda/native-knowledge-20260913/build/Build/Products/Debug-iphonesimulator/VisePanda.app/__preview.dylib normal arm64\ x86_64 (in target 'VisePanda' from project 'VisePanda')
    cd /Users/jtcao/Documents/VP-V4-S2-Knowledge-Publish/ios/VisePanda
    /Applications/Xcode.app/Contents/Developer/Toolchains/XcodeDefault.xctoolchain/usr/bin/lipo -create /Users/jtcao/Library/Caches/visepanda/native-knowledge-20260913/build/Build/Intermediates.noindex/VisePanda.build/Debug-iphonesimulator/VisePanda.build/Objects-normal/arm64/Binary/__preview.dylib /Users/jtcao/Library/Caches/visepanda/native-knowledge-20260913/build/Build/Intermediates.noindex/VisePanda.build/Debug-iphonesimulator/VisePanda.build/Objects-normal/x86_64/Binary/__preview.dylib -output /Users/jtcao/Library/Caches/visepanda/native-knowledge-20260913/build/Build/Products/Debug-iphonesimulator/VisePanda.app/__preview.dylib

SwiftDriver VisePanda normal arm64 com.apple.xcode.tools.swift.compiler (in target 'VisePanda' from project 'VisePanda')
    cd /Users/jtcao/Documents/VP-V4-S2-Knowledge-Publish/ios/VisePanda
    builtin-SwiftDriver -- /Applications/Xcode.app/Contents/Developer/Toolchains/XcodeDefault.xctoolchain/usr/bin/swiftc -module-name VisePanda -Onone @/Users/jtcao/Library/Caches/visepanda/native-knowledge-20260913/build/Build/Intermediates.noindex/VisePanda.build/Debug-iphonesimulator/VisePanda.build/Objects-normal/arm64/VisePanda.SwiftFileList -DDEBUG -default-isolation\=MainActor -enable-upcoming-feature InferIsolatedConformances -enable-upcoming-feature NonisolatedNonsendingByDefault -enable-experimental-feature DebugDescriptionMacro -sdk /Applications/Xcode.app/Contents/Developer/Platforms/iPhoneSimulator.platform/Developer/SDKs/iPhoneSimulator26.5.sdk -target arm64-apple-ios17.0-simulator -g -module-cache-path /Users/jtcao/Library/Caches/visepanda/native-knowledge-20260913/build/ModuleCache.noindex -Xfrontend -serialize-debugging-options -enable-testing -index-store-path /Users/jtcao/Library/Caches/visepanda/native-knowledge-20260913/build/Index.noindex/DataStore -Xcc -D_LIBCPP_HARDENING_MODE\=_LIBCPP_HARDENING_MODE_DEBUG -swift-version 6 -I /Users/jtcao/Library/Caches/visepanda/native-knowledge-20260913/build/Build/Products/Debug-iphonesimulator -F /Users/jtcao/Library/Caches/visepanda/native-knowledge-20260913/build/Build/Products/Debug-iphonesimulator -c -j8 -enable-batch-mode -incremental -Xcc -ivfsstatcache -Xcc /Users/jtcao/Library/Caches/visepanda/native-knowledge-20260913/build/SDKStatCaches.noindex/iphonesimulator26.5-23F81a-6cfe768891a92b912361537c460fe42b.sdkstatcache -output-file-map /Users/jtcao/Library/Caches/visepanda/native-knowledge-20260913/build/Build/Intermediates.noindex/VisePanda.build/Debug-iphonesimulator/VisePanda.build/Objects-normal/arm64/VisePanda-OutputFileMap.json -use-frontend-parseable-output -save-temps -no-color-diagnostics -explicit-module-build -module-cache-path /Users/jtcao/Library/Caches/visepanda/native-knowledge-20260913/build/Build/Intermediates.noindex/SwiftExplicitPrecompiledModules -clang-scanner-module-cache-path /Users/jtcao/Library/Caches/visepanda/native-knowledge-20260913/build/ModuleCache.noindex -sdk-module-cache-path /Users/jtcao/Library/Caches/visepanda/native-knowledge-20260913/build/ModuleCache.noindex -serialize-diagnostics -emit-dependencies -emit-module -emit-module-path /Users/jtcao/Library/Caches/visepanda/native-knowledge-20260913/build/Build/Intermediates.noindex/VisePanda.build/Debug-iphonesimulator/VisePanda.build/Objects-normal/arm64/VisePanda.swiftmodule -validate-clang-modules-once -clang-build-session-file /Users/jtcao/Library/Caches/visepanda/native-knowledge-20260913/build/ModuleCache.noindex/Session.modulevalidation -Xcc -I/Users/jtcao/Library/Caches/visepanda/native-knowledge-20260913/build/Build/Intermediates.noindex/VisePanda.build/Debug-iphonesimulator/VisePanda.build/swift-overrides.hmap -emit-const-values -Xfrontend -const-gather-protocols-file -Xfrontend /Users/jtcao/Library/Caches/visepanda/native-knowledge-20260913/build/Build/Intermediates.noindex/VisePanda.build/Debug-iphonesimulator/VisePanda.build/Objects-normal/arm64/VisePanda_const_extract_protocols.json -Xcc -iquote -Xcc /Users/jtcao/Library/Caches/visepanda/native-knowledge-20260913/build/Build/Intermediates.noindex/VisePanda.build/Debug-iphonesimulator/VisePanda.build/VisePanda-generated-files.hmap -Xcc -I/Users/jtcao/Library/Caches/visepanda/native-knowledge-20260913/build/Build/Intermediates.noindex/VisePanda.build/Debug-iphonesimulator/VisePanda.build/VisePanda-own-target-headers.hmap -Xcc -I/Users/jtcao/Library/Caches/visepanda/native-knowledge-20260913/build/Build/Intermediates.noindex/VisePanda.build/Debug-iphonesimulator/VisePanda.build/VisePanda-all-target-headers.hmap -Xcc -iquote -Xcc /Users/jtcao/Library/Caches/visepanda/native-knowledge-20260913/build/Build/Intermediates.noindex/VisePanda.build/Debug-iphonesimulator/VisePanda.build/VisePanda-project-headers.hmap -Xcc -I/Users/jtcao/Library/Caches/visepanda/native-knowledge-20260913/build/Build/Products/Debug-iphonesimulator/include -Xcc -I/Users/jtcao/Library/Caches/visepanda/native-knowledge-20260913/build/Build/Intermediates.noindex/VisePanda.build/Debug-iphonesimulator/VisePanda.build/DerivedSources-normal/arm64 -Xcc -I/Users/jtcao/Library/Caches/visepanda/native-knowledge-20260913/build/Build/Intermediates.noindex/VisePanda.build/Debug-iphonesimulator/VisePanda.build/DerivedSources/arm64 -Xcc -I/Users/jtcao/Library/Caches/visepanda/native-knowledge-20260913/build/Build/Intermediates.noindex/VisePanda.build/Debug-iphonesimulator/VisePanda.build/DerivedSources -emit-objc-header -emit-objc-header-path /Users/jtcao/Library/Caches/visepanda/native-knowledge-20260913/build/Build/Intermediates.noindex/VisePanda.build/Debug-iphonesimulator/VisePanda.build/Objects-normal/arm64/VisePanda-Swift.h -working-directory /Users/jtcao/Documents/VP-V4-S2-Knowledge-Publish/ios/VisePanda -experimental-emit-module-separately -disable-cmo

SwiftDriver VisePanda normal x86_64 com.apple.xcode.tools.swift.compiler (in target 'VisePanda' from project 'VisePanda')
    cd /Users/jtcao/Documents/VP-V4-S2-Knowledge-Publish/ios/VisePanda
    builtin-SwiftDriver -- /Applications/Xcode.app/Contents/Developer/Toolchains/XcodeDefault.xctoolchain/usr/bin/swiftc -module-name VisePanda -Onone @/Users/jtcao/Library/Caches/visepanda/native-knowledge-20260913/build/Build/Intermediates.noindex/VisePanda.build/Debug-iphonesimulator/VisePanda.build/Objects-normal/x86_64/VisePanda.SwiftFileList -DDEBUG -default-isolation\=MainActor -enable-upcoming-feature InferIsolatedConformances -enable-upcoming-feature NonisolatedNonsendingByDefault -enable-experimental-feature DebugDescriptionMacro -sdk /Applications/Xcode.app/Contents/Developer/Platforms/iPhoneSimulator.platform/Developer/SDKs/iPhoneSimulator26.5.sdk -target x86_64-apple-ios17.0-simulator -g -module-cache-path /Users/jtcao/Library/Caches/visepanda/native-knowledge-20260913/build/ModuleCache.noindex -Xfrontend -serialize-debugging-options -enable-testing -index-store-path /Users/jtcao/Library/Caches/visepanda/native-knowledge-20260913/build/Index.noindex/DataStore -Xcc -D_LIBCPP_HARDENING_MODE\=_LIBCPP_HARDENING_MODE_DEBUG -swift-version 6 -I /Users/jtcao/Library/Caches/visepanda/native-knowledge-20260913/build/Build/Products/Debug-iphonesimulator -F /Users/jtcao/Library/Caches/visepanda/native-knowledge-20260913/build/Build/Products/Debug-iphonesimulator -c -j8 -enable-batch-mode -incremental -Xcc -ivfsstatcache -Xcc /Users/jtcao/Library/Caches/visepanda/native-knowledge-20260913/build/SDKStatCaches.noindex/iphonesimulator26.5-23F81a-6cfe768891a92b912361537c460fe42b.sdkstatcache -output-file-map /Users/jtcao/Library/Caches/visepanda/native-knowledge-20260913/build/Build/Intermediates.noindex/VisePanda.build/Debug-iphonesimulator/VisePanda.build/Objects-normal/x86_64/VisePanda-OutputFileMap.json -use-frontend-parseable-output -save-temps -no-color-diagnostics -explicit-module-build -module-cache-path /Users/jtcao/Library/Caches/visepanda/native-knowledge-20260913/build/Build/Intermediates.noindex/SwiftExplicitPrecompiledModules -clang-scanner-module-cache-path /Users/jtcao/Library/Caches/visepanda/native-knowledge-20260913/build/ModuleCache.noindex -sdk-module-cache-path /Users/jtcao/Library/Caches/visepanda/native-knowledge-20260913/build/ModuleCache.noindex -serialize-diagnostics -emit-dependencies -emit-module -emit-module-path /Users/jtcao/Library/Caches/visepanda/native-knowledge-20260913/build/Build/Intermediates.noindex/VisePanda.build/Debug-iphonesimulator/VisePanda.build/Objects-normal/x86_64/VisePanda.swiftmodule -validate-clang-modules-once -clang-build-session-file /Users/jtcao/Library/Caches/visepanda/native-knowledge-20260913/build/ModuleCache.noindex/Session.modulevalidation -Xcc -I/Users/jtcao/Library/Caches/visepanda/native-knowledge-20260913/build/Build/Intermediates.noindex/VisePanda.build/Debug-iphonesimulator/VisePanda.build/swift-overrides.hmap -emit-const-values -Xfrontend -const-gather-protocols-file -Xfrontend /Users/jtcao/Library/Caches/visepanda/native-knowledge-20260913/build/Build/Intermediates.noindex/VisePanda.build/Debug-iphonesimulator/VisePanda.build/Objects-normal/x86_64/VisePanda_const_extract_protocols.json -Xcc -iquote -Xcc /Users/jtcao/Library/Caches/visepanda/native-knowledge-20260913/build/Build/Intermediates.noindex/VisePanda.build/Debug-iphonesimulator/VisePanda.build/VisePanda-generated-files.hmap -Xcc -I/Users/jtcao/Library/Caches/visepanda/native-knowledge-20260913/build/Build/Intermediates.noindex/VisePanda.build/Debug-iphonesimulator/VisePanda.build/VisePanda-own-target-headers.hmap -Xcc -I/Users/jtcao/Library/Caches/visepanda/native-knowledge-20260913/build/Build/Intermediates.noindex/VisePanda.build/Debug-iphonesimulator/VisePanda.build/VisePanda-all-target-headers.hmap -Xcc -iquote -Xcc /Users/jtcao/Library/Caches/visepanda/native-knowledge-20260913/build/Build/Intermediates.noindex/VisePanda.build/Debug-iphonesimulator/VisePanda.build/VisePanda-project-headers.hmap -Xcc -I/Users/jtcao/Library/Caches/visepanda/native-knowledge-20260913/build/Build/Products/Debug-iphonesimulator/include -Xcc -I/Users/jtcao/Library/Caches/visepanda/native-knowledge-20260913/build/Build/Intermediates.noindex/VisePanda.build/Debug-iphonesimulator/VisePanda.build/DerivedSources-normal/x86_64 -Xcc -I/Users/jtcao/Library/Caches/visepanda/native-knowledge-20260913/build/Build/Intermediates.noindex/VisePanda.build/Debug-iphonesimulator/VisePanda.build/DerivedSources/x86_64 -Xcc -I/Users/jtcao/Library/Caches/visepanda/native-knowledge-20260913/build/Build/Intermediates.noindex/VisePanda.build/Debug-iphonesimulator/VisePanda.build/DerivedSources -emit-objc-header -emit-objc-header-path /Users/jtcao/Library/Caches/visepanda/native-knowledge-20260913/build/Build/Intermediates.noindex/VisePanda.build/Debug-iphonesimulator/VisePanda.build/Objects-normal/x86_64/VisePanda-Swift.h -working-directory /Users/jtcao/Documents/VP-V4-S2-Knowledge-Publish/ios/VisePanda -experimental-emit-module-separately -disable-cmo

SwiftExplicitDependencyGeneratePcm x86_64 /Users/jtcao/Library/Caches/visepanda/native-knowledge-20260913/build/ModuleCache.noindex/DeveloperToolsSupport-DEMOT93TKO87DFZESD9YYAOYW.pcm

SwiftExplicitDependencyGeneratePcm x86_64 /Users/jtcao/Library/Caches/visepanda/native-knowledge-20260913/build/ModuleCache.noindex/_SwiftConcurrencyShims-DA086A03D4JFO96TM0GV85JYN.pcm

SwiftExplicitDependencyGeneratePcm x86_64 /Users/jtcao/Library/Caches/visepanda/native-knowledge-20260913/build/ModuleCache.noindex/_Builtin_stdbool-A3PSFAHRXS9OH2JWVFIGNJY85.pcm

SwiftExplicitDependencyGeneratePcm x86_64 /Users/jtcao/Library/Caches/visepanda/native-knowledge-20260913/build/ModuleCache.noindex/ptrauth-4FFIG4DZGWHP152N9Y4D0ZO9H.pcm

SwiftExplicitDependencyGeneratePcm x86_64 /Users/jtcao/Library/Caches/visepanda/native-knowledge-20260913/build/ModuleCache.noindex/_Builtin_stddef-UDHHM18WC7B47A0N9EIDJQVF.pcm

SwiftExplicitDependencyGeneratePcm x86_64 /Users/jtcao/Library/Caches/visepanda/native-knowledge-20260913/build/ModuleCache.noindex/_Builtin_stdarg-6GATCHWV11T4XT7KPS44ESG11.pcm

SwiftExplicitDependencyGeneratePcm x86_64 /Users/jtcao/Library/Caches/visepanda/native-knowledge-20260913/build/ModuleCache.noindex/_Builtin_float-BSP2RGFQ7QGQAD7MS4DT42QQH.pcm

SwiftExplicitDependencyGeneratePcm arm64 /Users/jtcao/Library/Caches/visepanda/native-knowledge-20260913/build/ModuleCache.noindex/_Builtin_stdbool-5LTIFZ725U4NNGI6WUEXPUP9Y.pcm

SwiftExplicitDependencyGeneratePcm arm64 /Users/jtcao/Library/Caches/visepanda/native-knowledge-20260913/build/ModuleCache.noindex/SwiftShims-LFZJY8KGYNTZ1X9697G3L9G.pcm

SwiftExplicitDependencyGeneratePcm arm64 /Users/jtcao/Library/Caches/visepanda/native-knowledge-20260913/build/ModuleCache.noindex/ptrcheck-E9FD32ZI27PPQD65T3SJJJ3J4.pcm

SwiftExplicitDependencyGeneratePcm arm64 /Users/jtcao/Library/Caches/visepanda/native-knowledge-20260913/build/ModuleCache.noindex/DeveloperToolsSupport-594K7TWM0VK0XG35FK2UQ8XP4.pcm

SwiftExplicitDependencyGeneratePcm arm64 /Users/jtcao/Library/Caches/visepanda/native-knowledge-20260913/build/ModuleCache.noindex/_Builtin_stddef-5PMB9F5W77CHIU0YB3P0NPT6L.pcm

SwiftExplicitDependencyGeneratePcm arm64 /Users/jtcao/Library/Caches/visepanda/native-knowledge-20260913/build/ModuleCache.noindex/_Builtin_float-658E42UCETZWBXD5E0FNIWUDY.pcm

SwiftExplicitDependencyGeneratePcm arm64 /Users/jtcao/Library/Caches/visepanda/native-knowledge-20260913/build/ModuleCache.noindex/ptrauth-C5S8BBRK4BO6R45BPMLLGGY2M.pcm

SwiftExplicitDependencyGeneratePcm arm64 /Users/jtcao/Library/Caches/visepanda/native-knowledge-20260913/build/ModuleCache.noindex/_AvailabilityInternal-322LK97M1SEW36K07WQ9WQQLU.pcm

SwiftExplicitDependencyGeneratePcm arm64 /Users/jtcao/Library/Caches/visepanda/native-knowledge-20260913/build/ModuleCache.noindex/_Builtin_stdarg-5WA9OYBD2T8DIV8PSUSJQC5YE.pcm

SwiftExplicitDependencyGeneratePcm arm64 /Users/jtcao/Library/Caches/visepanda/native-knowledge-20260913/build/ModuleCache.noindex/_SwiftConcurrencyShims-757MH39CRJX1QKKSWTYG9S90Q.pcm

SwiftExplicitDependencyGeneratePcm x86_64 /Users/jtcao/Library/Caches/visepanda/native-knowledge-20260913/build/ModuleCache.noindex/_AvailabilityInternal-553P06PPHFENJ3MJKRGXOYN80.pcm

SwiftExplicitDependencyGeneratePcm x86_64 /Users/jtcao/Library/Caches/visepanda/native-knowledge-20260913/build/ModuleCache.noindex/ptrcheck-5ILP7GTH4EJAVVT4KD3LV7LRD.pcm

SwiftExplicitDependencyGeneratePcm x86_64 /Users/jtcao/Library/Caches/visepanda/native-knowledge-20260913/build/ModuleCache.noindex/SwiftShims-35ZRR87NDS5P7MPPJ1NE6001E.pcm

SwiftExplicitDependencyGeneratePcm arm64 /Users/jtcao/Library/Caches/visepanda/native-knowledge-20260913/build/ModuleCache.noindex/_DarwinFoundation1-52111Z7WSLLAIOPFT9SSLA5NY.pcm

SwiftExplicitDependencyGeneratePcm x86_64 /Users/jtcao/Library/Caches/visepanda/native-knowledge-20260913/build/ModuleCache.noindex/_DarwinFoundation1-X0D1R1SCRP7GL421K1EVXTX4.pcm

SwiftExplicitDependencyGeneratePcm arm64 /Users/jtcao/Library/Caches/visepanda/native-knowledge-20260913/build/ModuleCache.noindex/_Builtin_limits-4EDVR8CTLNENLBBNLQLH00OBQ.pcm

SwiftExplicitDependencyGeneratePcm arm64 /Users/jtcao/Library/Caches/visepanda/native-knowledge-20260913/build/ModuleCache.noindex/_DarwinFoundation2-BN57DB0LO0VTMLK7B0QAKT3Z7.pcm

SwiftExplicitDependencyGeneratePcm x86_64 /Users/jtcao/Library/Caches/visepanda/native-knowledge-20260913/build/ModuleCache.noindex/_DarwinFoundation2-626BEBI4L7N5CH6R721L0R4A7.pcm

SwiftExplicitDependencyGeneratePcm x86_64 /Users/jtcao/Library/Caches/visepanda/native-knowledge-20260913/build/ModuleCache.noindex/_Builtin_limits-40ATO70YBGUZG8VUZ5I9BN5WI.pcm

SwiftExplicitDependencyGeneratePcm x86_64 /Users/jtcao/Library/Caches/visepanda/native-knowledge-20260913/build/ModuleCache.noindex/sys_types-1V37I2U6ZZ6YYCNS9GLOVTSMH.pcm

SwiftExplicitDependencyGeneratePcm x86_64 /Users/jtcao/Library/Caches/visepanda/native-knowledge-20260913/build/ModuleCache.noindex/_Builtin_stdint-3RO9556APFWLWAOWHXVHES2DN.pcm

SwiftExplicitDependencyGeneratePcm x86_64 /Users/jtcao/Library/Caches/visepanda/native-knowledge-20260913/build/ModuleCache.noindex/_Builtin_tgmath-7VL1V2WYOA2B8NAWS4IJRCEBT.pcm

SwiftExplicitDependencyGeneratePcm arm64 /Users/jtcao/Library/Caches/visepanda/native-knowledge-20260913/build/ModuleCache.noindex/_Builtin_tgmath-6IZH1HDJXWPRPP9IQTSRQII7B.pcm

SwiftExplicitDependencyGeneratePcm arm64 /Users/jtcao/Library/Caches/visepanda/native-knowledge-20260913/build/ModuleCache.noindex/sys_types-E22T9Q6S4206WYV94MHO5CZVM.pcm

SwiftExplicitDependencyGeneratePcm arm64 /Users/jtcao/Library/Caches/visepanda/native-knowledge-20260913/build/ModuleCache.noindex/_Builtin_stdint-48IKZI8ZXWMG7ORS4ZA4KI4MU.pcm

SwiftExplicitDependencyGeneratePcm x86_64 /Users/jtcao/Library/Caches/visepanda/native-knowledge-20260913/build/ModuleCache.noindex/_Builtin_stdatomic-5O2ZHNLEAGH7QTWNMN89HH9R8.pcm

SwiftExplicitDependencyGeneratePcm x86_64 /Users/jtcao/Library/Caches/visepanda/native-knowledge-20260913/build/ModuleCache.noindex/_DarwinFoundation3-C3FMBI1FNK7GVCXVQ3F9RIDQY.pcm

SwiftExplicitDependencyGeneratePcm arm64 /Users/jtcao/Library/Caches/visepanda/native-knowledge-20260913/build/ModuleCache.noindex/_Builtin_intrinsics-1JRGLP9RKTLSIKOM9UEM9514Y.pcm

SwiftExplicitDependencyGeneratePcm arm64 /Users/jtcao/Library/Caches/visepanda/native-knowledge-20260913/build/ModuleCache.noindex/_DarwinFoundation3-2O8PB3TNVK1F72F2GZR5QNUBB.pcm

SwiftExplicitDependencyGeneratePcm arm64 /Users/jtcao/Library/Caches/visepanda/native-knowledge-20260913/build/ModuleCache.noindex/_Builtin_stdatomic-AAVBY5HWWDWJANCEC4FRZO5YX.pcm

SwiftExplicitDependencyGeneratePcm x86_64 /Users/jtcao/Library/Caches/visepanda/native-knowledge-20260913/build/ModuleCache.noindex/_Builtin_inttypes-ACI5BQKV523NSFHM411JLQMHU.pcm

SwiftExplicitDependencyGeneratePcm x86_64 /Users/jtcao/Library/Caches/visepanda/native-knowledge-20260913/build/ModuleCache.noindex/_Builtin_intrinsics-D8E5VB9I0A9ZDRFTI19Y3W0ND.pcm

SwiftExplicitDependencyGeneratePcm arm64 /Users/jtcao/Library/Caches/visepanda/native-knowledge-20260913/build/ModuleCache.noindex/_Builtin_inttypes-853SN573XV38S7U48VJ0M86MD.pcm

SwiftExplicitDependencyGeneratePcm x86_64 /Users/jtcao/Library/Caches/visepanda/native-knowledge-20260913/build/ModuleCache.noindex/Darwin-DMZIW3L6A7RIUGKQU4Z34HTOK.pcm

SwiftExplicitDependencyGeneratePcm arm64 /Users/jtcao/Library/Caches/visepanda/native-knowledge-20260913/build/ModuleCache.noindex/Darwin-7D2KPTNN8ULTZ1GCDBXD81R7N.pcm

SwiftExplicitDependencyGeneratePcm arm64 /Users/jtcao/Library/Caches/visepanda/native-knowledge-20260913/build/ModuleCache.noindex/simd-D91CD8OEAEAROE6PXVTO6HO9K.pcm

SwiftExplicitDependencyGeneratePcm x86_64 /Users/jtcao/Library/Caches/visepanda/native-knowledge-20260913/build/ModuleCache.noindex/ObjectiveC-89TFAIBZWYFQ0ALHZ54LCIDXN.pcm

SwiftExplicitDependencyGeneratePcm x86_64 /Users/jtcao/Library/Caches/visepanda/native-knowledge-20260913/build/ModuleCache.noindex/MachO-AEXLFKYUQCLNIUAZ14I2FFOFH.pcm

SwiftExplicitDependencyGeneratePcm arm64 /Users/jtcao/Library/Caches/visepanda/native-knowledge-20260913/build/ModuleCache.noindex/MachO-4WDD4PIBADQHZH7F529GAQJ37.pcm

SwiftExplicitDependencyGeneratePcm arm64 /Users/jtcao/Library/Caches/visepanda/native-knowledge-20260913/build/ModuleCache.noindex/ObjectiveC-AWM1HFVMV7P8IUKNPSVEYFG0T.pcm

SwiftExplicitDependencyGeneratePcm x86_64 /Users/jtcao/Library/Caches/visepanda/native-knowledge-20260913/build/ModuleCache.noindex/simd-86IGP40Y8P6QXGGGPH0LF9K26.pcm

SwiftExplicitDependencyGeneratePcm x86_64 /Users/jtcao/Library/Caches/visepanda/native-knowledge-20260913/build/ModuleCache.noindex/os_object-BVXPNK07MEI0KIWY1CQLZO99A.pcm

SwiftExplicitDependencyGeneratePcm arm64 /Users/jtcao/Library/Caches/visepanda/native-knowledge-20260913/build/ModuleCache.noindex/os_object-8KI0TXAFNJYH0AMMH8X2XIYV4.pcm

SwiftExplicitDependencyGeneratePcm x86_64 /Users/jtcao/Library/Caches/visepanda/native-knowledge-20260913/build/ModuleCache.noindex/os_workgroup-32WCGIW4FMRO0W3B4Z5X87RTQ.pcm

SwiftExplicitDependencyGeneratePcm arm64 /Users/jtcao/Library/Caches/visepanda/native-knowledge-20260913/build/ModuleCache.noindex/os_workgroup-6RENICMZY5OPCKLAAWQVMSXE5.pcm

SwiftExplicitDependencyGeneratePcm arm64 /Users/jtcao/Library/Caches/visepanda/native-knowledge-20260913/build/ModuleCache.noindex/Spatial-6OAQQWZDWHHZDBAF1G6774QDQ.pcm

SwiftExplicitDependencyGeneratePcm x86_64 /Users/jtcao/Library/Caches/visepanda/native-knowledge-20260913/build/ModuleCache.noindex/Dispatch-EY0X7STPFEHC6SB2606KDORX.pcm

SwiftExplicitDependencyGeneratePcm arm64 /Users/jtcao/Library/Caches/visepanda/native-knowledge-20260913/build/ModuleCache.noindex/Dispatch-2OZESJAT5K26M59USHZHEGAXQ.pcm

SwiftExplicitDependencyGeneratePcm x86_64 /Users/jtcao/Library/Caches/visepanda/native-knowledge-20260913/build/ModuleCache.noindex/XPC-E5MRCQBKCX6W77DC2IME6SZE8.pcm

SwiftExplicitDependencyGeneratePcm x86_64 /Users/jtcao/Library/Caches/visepanda/native-knowledge-20260913/build/ModuleCache.noindex/CoreFoundation-1S31ZQKBKFZRY9JC8PZQE98JL.pcm

SwiftExplicitDependencyGeneratePcm arm64 /Users/jtcao/Library/Caches/visepanda/native-knowledge-20260913/build/ModuleCache.noindex/XPC-CMXME5N1KZUEFE5MPOQCS3NY.pcm

SwiftExplicitDependencyGeneratePcm arm64 /Users/jtcao/Library/Caches/visepanda/native-knowledge-20260913/build/ModuleCache.noindex/CoreFoundation-B7YRZVW4Z0L27A9ORZ9DY5Y4D.pcm

SwiftExplicitDependencyGeneratePcm x86_64 /Users/jtcao/Library/Caches/visepanda/native-knowledge-20260913/build/ModuleCache.noindex/os-8K10ERP2EOZFMRMN0KVYPK7WM.pcm

SwiftExplicitDependencyGeneratePcm arm64 /Users/jtcao/Library/Caches/visepanda/native-knowledge-20260913/build/ModuleCache.noindex/os-6PN1KVJIGUVSO8YF2SPHLEFAI.pcm

SwiftExplicitDependencyGeneratePcm x86_64 /Users/jtcao/Library/Caches/visepanda/native-knowledge-20260913/build/ModuleCache.noindex/CFNetwork-QXDSWT3Y96IE8Y9E5C0KDQ1H.pcm

SwiftExplicitDependencyGeneratePcm x86_64 /Users/jtcao/Library/Caches/visepanda/native-knowledge-20260913/build/ModuleCache.noindex/Security-5LVX6OKP947U66QQ9G60YVGYC.pcm

SwiftExplicitDependencyGeneratePcm x86_64 /Users/jtcao/Library/Caches/visepanda/native-knowledge-20260913/build/ModuleCache.noindex/CoreGraphics-AJ7W5G40MNNS80FIAH0F4DPQL.pcm

SwiftExplicitDependencyGeneratePcm x86_64 /Users/jtcao/Library/Caches/visepanda/native-knowledge-20260913/build/ModuleCache.noindex/Spatial-8IQD29KRZUUOR4N98BRMIRVKG.pcm

SwiftExplicitDependencyGeneratePcm arm64 /Users/jtcao/Library/Caches/visepanda/native-knowledge-20260913/build/ModuleCache.noindex/CoreGraphics-A7BFWQ093SW2F5ZRHJB0LGWAX.pcm

SwiftExplicitDependencyGeneratePcm arm64 /Users/jtcao/Library/Caches/visepanda/native-knowledge-20260913/build/ModuleCache.noindex/Security-4IX4TS3WYTZPFU87NHM75HU7A.pcm

SwiftExplicitDependencyGeneratePcm arm64 /Users/jtcao/Library/Caches/visepanda/native-knowledge-20260913/build/ModuleCache.noindex/CFNetwork-4ZF6HSHP97ZLPCON4UJSQXUQ8.pcm

SwiftExplicitDependencyGeneratePcm x86_64 /Users/jtcao/Library/Caches/visepanda/native-knowledge-20260913/build/ModuleCache.noindex/Foundation-5TA8LLRGMQR187WG13RXIU6DY.pcm

SwiftExplicitDependencyGeneratePcm x86_64 /Users/jtcao/Library/Caches/visepanda/native-knowledge-20260913/build/ModuleCache.noindex/CoreText-C4A0MP9NIPSDJW5UAECB8MVPY.pcm

SwiftExplicitDependencyGeneratePcm x86_64 /Users/jtcao/Library/Caches/visepanda/native-knowledge-20260913/build/ModuleCache.noindex/ImageIO-4TL1R35IF07PLJQSI28XVEU9Q.pcm

SwiftExplicitDependencyGeneratePcm arm64 /Users/jtcao/Library/Caches/visepanda/native-knowledge-20260913/build/ModuleCache.noindex/Foundation-45RMWIKHJ5V7U48WJZAEQO9FO.pcm

SwiftExplicitDependencyGeneratePcm arm64 /Users/jtcao/Library/Caches/visepanda/native-knowledge-20260913/build/ModuleCache.noindex/CoreText-5E422UR8ZCQ9MYNAHHUM1YCK5.pcm

SwiftExplicitDependencyGeneratePcm arm64 /Users/jtcao/Library/Caches/visepanda/native-knowledge-20260913/build/ModuleCache.noindex/ImageIO-4SFHUAQAFRY0YAS9RFBPRPP2V.pcm

SwiftExplicitDependencyGeneratePcm x86_64 /Users/jtcao/Library/Caches/visepanda/native-knowledge-20260913/build/ModuleCache.noindex/DataDetection-3VL99LOYYQ629SP1BLMQYOZMS.pcm

SwiftExplicitDependencyGeneratePcm x86_64 /Users/jtcao/Library/Caches/visepanda/native-knowledge-20260913/build/ModuleCache.noindex/UserNotifications-63C2YAZFVU9FZ8YDCJWYTDH16.pcm

SwiftExplicitDependencyGeneratePcm x86_64 /Users/jtcao/Library/Caches/visepanda/native-knowledge-20260913/build/ModuleCache.noindex/UniformTypeIdentifiers-DGXU1B22C31KUL861IDAK9ICS.pcm

SwiftExplicitDependencyGeneratePcm x86_64 /Users/jtcao/Library/Caches/visepanda/native-knowledge-20260913/build/ModuleCache.noindex/Accessibility-2N5S4Y13RFYAH7HOWKYTDV512.pcm

SwiftExplicitDependencyGeneratePcm x86_64 /Users/jtcao/Library/Caches/visepanda/native-knowledge-20260913/build/ModuleCache.noindex/CoreData-7NWGH8YJIM1MQ7CNJD3T2XOYN.pcm

SwiftExplicitDependencyGeneratePcm x86_64 /Users/jtcao/Library/Caches/visepanda/native-knowledge-20260913/build/ModuleCache.noindex/UIUtilities-6UN0SJ74KX9O0C5ULDYK4128X.pcm

SwiftExplicitDependencyGeneratePcm x86_64 /Users/jtcao/Library/Caches/visepanda/native-knowledge-20260913/build/ModuleCache.noindex/FileProvider-D6XXAGR6QAVQJ36XV8WYZYYIQ.pcm

SwiftExplicitDependencyGeneratePcm arm64 /Users/jtcao/Library/Caches/visepanda/native-knowledge-20260913/build/ModuleCache.noindex/OSLog-APN405CFDUDQEDSYD1LKSRVM3.pcm

SwiftExplicitDependencyGeneratePcm arm64 /Users/jtcao/Library/Caches/visepanda/native-knowledge-20260913/build/ModuleCache.noindex/CoreData-9JM9PQJXT4TO7M46AI7A5ZV2K.pcm

SwiftExplicitDependencyGeneratePcm arm64 /Users/jtcao/Library/Caches/visepanda/native-knowledge-20260913/build/ModuleCache.noindex/UniformTypeIdentifiers-ASDC9P11NM9L2Z26CF31OG9DF.pcm

SwiftExplicitDependencyGeneratePcm arm64 /Users/jtcao/Library/Caches/visepanda/native-knowledge-20260913/build/ModuleCache.noindex/OpenGLES-EHTT3M4TZ2M5VI9HSCQLP022A.pcm

SwiftExplicitDependencyGeneratePcm arm64 /Users/jtcao/Library/Caches/visepanda/native-knowledge-20260913/build/ModuleCache.noindex/UIUtilities-6JVK8CCDSBKKSENG2IM5Y8QFD.pcm

SwiftExplicitDependencyGeneratePcm arm64 /Users/jtcao/Library/Caches/visepanda/native-knowledge-20260913/build/ModuleCache.noindex/UserNotifications-8LI5NW5KER2066I1P0I0KGR8P.pcm

SwiftExplicitDependencyGeneratePcm arm64 /Users/jtcao/Library/Caches/visepanda/native-knowledge-20260913/build/ModuleCache.noindex/CoreTransferable-A7CBXKPF69E4TANFJSCVCAWHI.pcm

SwiftExplicitDependencyGeneratePcm x86_64 /Users/jtcao/Library/Caches/visepanda/native-knowledge-20260913/build/ModuleCache.noindex/IOSurface-8WLB6WE6CW2J4DD29WTVRX3HS.pcm

SwiftExplicitDependencyGeneratePcm arm64 /Users/jtcao/Library/Caches/visepanda/native-knowledge-20260913/build/ModuleCache.noindex/Symbols-E6KCZIJYTSM7LNCSSNEOAGT6V.pcm

SwiftExplicitDependencyGeneratePcm arm64 /Users/jtcao/Library/Caches/visepanda/native-knowledge-20260913/build/ModuleCache.noindex/Accessibility-1CS290QS2ISQH0F29XASF772K.pcm

SwiftExplicitDependencyGeneratePcm x86_64 /Users/jtcao/Library/Caches/visepanda/native-knowledge-20260913/build/ModuleCache.noindex/OSLog-9X0QIDFKQKCXHPX6EQWX766QZ.pcm

SwiftExplicitDependencyGeneratePcm arm64 /Users/jtcao/Library/Caches/visepanda/native-knowledge-20260913/build/ModuleCache.noindex/FileProvider-LYIYVDMQ6O7A3DPGKDKBIJRF.pcm

SwiftExplicitDependencyGeneratePcm arm64 /Users/jtcao/Library/Caches/visepanda/native-knowledge-20260913/build/ModuleCache.noindex/DataDetection-604O1C7WNNXPTTF9PS9KSF8V5.pcm

SwiftExplicitDependencyGeneratePcm x86_64 /Users/jtcao/Library/Caches/visepanda/native-knowledge-20260913/build/ModuleCache.noindex/CoreTransferable-EPS2T8YGRD46O8IAF3JWE6GZK.pcm

SwiftExplicitDependencyGeneratePcm arm64 /Users/jtcao/Library/Caches/visepanda/native-knowledge-20260913/build/ModuleCache.noindex/IOSurface-AJ19V36ENKL351ZXLT94CPBGQ.pcm

SwiftExplicitDependencyGeneratePcm x86_64 /Users/jtcao/Library/Caches/visepanda/native-knowledge-20260913/build/ModuleCache.noindex/Symbols-CLYC2LJBFK3VJ6IUG01GLZBSE.pcm

SwiftExplicitDependencyGeneratePcm x86_64 /Users/jtcao/Library/Caches/visepanda/native-knowledge-20260913/build/ModuleCache.noindex/Metal-3J3KAVQKKD7L7X5F717F327G6.pcm

SwiftExplicitDependencyGeneratePcm x86_64 /Users/jtcao/Library/Caches/visepanda/native-knowledge-20260913/build/ModuleCache.noindex/OpenGLES-DTS6APZZ097CFLM234GU7LFZA.pcm

SwiftExplicitDependencyGeneratePcm arm64 /Users/jtcao/Library/Caches/visepanda/native-knowledge-20260913/build/ModuleCache.noindex/Metal-69U19N2SVOZ37J2VRX3HRP9SS.pcm

SwiftExplicitDependencyGeneratePcm x86_64 /Users/jtcao/Library/Caches/visepanda/native-knowledge-20260913/build/ModuleCache.noindex/CoreVideo-5RBU0OJXQVMJLNM4O7BFFJDM6.pcm

SwiftExplicitDependencyGeneratePcm arm64 /Users/jtcao/Library/Caches/visepanda/native-knowledge-20260913/build/ModuleCache.noindex/CoreVideo-20IXWANP5GCNEN1TDR0WXWHRG.pcm

SwiftExplicitDependencyGeneratePcm x86_64 /Users/jtcao/Library/Caches/visepanda/native-knowledge-20260913/build/ModuleCache.noindex/QuartzCore-CUCFBBISDBMJHDY877IGGSTNK.pcm

SwiftExplicitDependencyGeneratePcm x86_64 /Users/jtcao/Library/Caches/visepanda/native-knowledge-20260913/build/ModuleCache.noindex/CoreImage-5DZ4EWC1RGM3C1M2N5W71UK1O.pcm

SwiftExplicitDependencyGeneratePcm arm64 /Users/jtcao/Library/Caches/visepanda/native-knowledge-20260913/build/ModuleCache.noindex/QuartzCore-7INS423QLFLO363J7GNHMXF7C.pcm

SwiftExplicitDependencyGeneratePcm arm64 /Users/jtcao/Library/Caches/visepanda/native-knowledge-20260913/build/ModuleCache.noindex/CoreImage-7DG0PVNKQ9YCEX2Q7R12Y0KT1.pcm

SwiftExplicitDependencyGeneratePcm x86_64 /Users/jtcao/Library/Caches/visepanda/native-knowledge-20260913/build/ModuleCache.noindex/SwiftUICore-E3DHMLMYMMUZHQ914X2IM16WX.pcm

SwiftExplicitDependencyGeneratePcm x86_64 /Users/jtcao/Library/Caches/visepanda/native-knowledge-20260913/build/ModuleCache.noindex/UIKit-6FML4NVIXJANUKGOPV9KRL88U.pcm

SwiftExplicitDependencyGeneratePcm arm64 /Users/jtcao/Library/Caches/visepanda/native-knowledge-20260913/build/ModuleCache.noindex/SwiftUICore-CTC1GOIAHLZOKHIDL722LPKV2.pcm

SwiftExplicitDependencyGeneratePcm arm64 /Users/jtcao/Library/Caches/visepanda/native-knowledge-20260913/build/ModuleCache.noindex/UIKit-7UUDFJ3SFYT2RBF015L64LRXP.pcm

SwiftExplicitDependencyGeneratePcm x86_64 /Users/jtcao/Library/Caches/visepanda/native-knowledge-20260913/build/ModuleCache.noindex/SwiftUI-89S0CAJL74FAZZVHK49MPWG1J.pcm

SwiftCompile normal x86_64 Compiling\ TodayView.swift,\ AskView.swift,\ TripView.swift /Users/jtcao/Documents/VP-V4-S2-Knowledge-Publish/ios/VisePanda/VisePanda/Features/Today/TodayView.swift /Users/jtcao/Documents/VP-V4-S2-Knowledge-Publish/ios/VisePanda/VisePanda/Features/Ask/AskView.swift /Users/jtcao/Documents/VP-V4-S2-Knowledge-Publish/ios/VisePanda/VisePanda/Features/Trip/TripView.swift (in target 'VisePanda' from project 'VisePanda')
SwiftCompile normal x86_64 /Users/jtcao/Documents/VP-V4-S2-Knowledge-Publish/ios/VisePanda/VisePanda/Features/Today/TodayView.swift (in target 'VisePanda' from project 'VisePanda')
    cd /Users/jtcao/Documents/VP-V4-S2-Knowledge-Publish/ios/VisePanda


SwiftCompile normal x86_64 /Users/jtcao/Documents/VP-V4-S2-Knowledge-Publish/ios/VisePanda/VisePanda/Features/Ask/AskView.swift (in target 'VisePanda' from project 'VisePanda')
    cd /Users/jtcao/Documents/VP-V4-S2-Knowledge-Publish/ios/VisePanda


SwiftCompile normal x86_64 /Users/jtcao/Documents/VP-V4-S2-Knowledge-Publish/ios/VisePanda/VisePanda/Features/Trip/TripView.swift (in target 'VisePanda' from project 'VisePanda')
    cd /Users/jtcao/Documents/VP-V4-S2-Knowledge-Publish/ios/VisePanda


SwiftCompile normal x86_64 Compiling\ BrandHeader.swift,\ PreviewStatusBanner.swift,\ CapabilityCard.swift /Users/jtcao/Documents/VP-V4-S2-Knowledge-Publish/ios/VisePanda/VisePanda/Components/BrandHeader.swift /Users/jtcao/Documents/VP-V4-S2-Knowledge-Publish/ios/VisePanda/VisePanda/Components/PreviewStatusBanner.swift /Users/jtcao/Documents/VP-V4-S2-Knowledge-Publish/ios/VisePanda/VisePanda/Components/CapabilityCard.swift (in target 'VisePanda' from project 'VisePanda')
SwiftCompile normal x86_64 /Users/jtcao/Documents/VP-V4-S2-Knowledge-Publish/ios/VisePanda/VisePanda/Components/BrandHeader.swift (in target 'VisePanda' from project 'VisePanda')
    cd /Users/jtcao/Documents/VP-V4-S2-Knowledge-Publish/ios/VisePanda


SwiftCompile normal x86_64 /Users/jtcao/Documents/VP-V4-S2-Knowledge-Publish/ios/VisePanda/VisePanda/Components/PreviewStatusBanner.swift (in target 'VisePanda' from project 'VisePanda')
    cd /Users/jtcao/Documents/VP-V4-S2-Knowledge-Publish/ios/VisePanda


SwiftCompile normal x86_64 /Users/jtcao/Documents/VP-V4-S2-Knowledge-Publish/ios/VisePanda/VisePanda/Components/CapabilityCard.swift (in target 'VisePanda' from project 'VisePanda')
    cd /Users/jtcao/Documents/VP-V4-S2-Knowledge-Publish/ios/VisePanda


SwiftEmitModule normal x86_64 Emitting\ module\ for\ VisePanda (in target 'VisePanda' from project 'VisePanda')

EmitSwiftModule normal x86_64 (in target 'VisePanda' from project 'VisePanda')
    cd /Users/jtcao/Documents/VP-V4-S2-Knowledge-Publish/ios/VisePanda


SwiftCompile normal x86_64 Compiling\ AppRoute.swift,\ Capability.swift,\ VisePandaTheme.swift /Users/jtcao/Documents/VP-V4-S2-Knowledge-Publish/ios/VisePanda/VisePanda/Navigation/AppRoute.swift /Users/jtcao/Documents/VP-V4-S2-Knowledge-Publish/ios/VisePanda/VisePanda/Navigation/Capability.swift /Users/jtcao/Documents/VP-V4-S2-Knowledge-Publish/ios/VisePanda/VisePanda/DesignSystem/VisePandaTheme.swift (in target 'VisePanda' from project 'VisePanda')

SwiftCompile normal x86_64 /Users/jtcao/Documents/VP-V4-S2-Knowledge-Publish/ios/VisePanda/VisePanda/Navigation/AppRoute.swift (in target 'VisePanda' from project 'VisePanda')
    cd /Users/jtcao/Documents/VP-V4-S2-Knowledge-Publish/ios/VisePanda


SwiftCompile normal x86_64 /Users/jtcao/Documents/VP-V4-S2-Knowledge-Publish/ios/VisePanda/VisePanda/Navigation/Capability.swift (in target 'VisePanda' from project 'VisePanda')
    cd /Users/jtcao/Documents/VP-V4-S2-Knowledge-Publish/ios/VisePanda


SwiftCompile normal x86_64 /Users/jtcao/Documents/VP-V4-S2-Knowledge-Publish/ios/VisePanda/VisePanda/DesignSystem/VisePandaTheme.swift (in target 'VisePanda' from project 'VisePanda')
    cd /Users/jtcao/Documents/VP-V4-S2-Knowledge-Publish/ios/VisePanda


SwiftCompile normal x86_64 Compiling\ NativeAskModels.swift,\ NativeAskStore.swift,\ NativeTripModels.swift,\ NativeTripStore.swift /Users/jtcao/Documents/VP-V4-S2-Knowledge-Publish/ios/VisePanda/VisePanda/Features/Ask/NativeAskModels.swift /Users/jtcao/Documents/VP-V4-S2-Knowledge-Publish/ios/VisePanda/VisePanda/Features/Ask/NativeAskStore.swift /Users/jtcao/Documents/VP-V4-S2-Knowledge-Publish/ios/VisePanda/VisePanda/Features/Trip/NativeTripModels.swift /Users/jtcao/Documents/VP-V4-S2-Knowledge-Publish/ios/VisePanda/VisePanda/Features/Trip/NativeTripStore.swift (in target 'VisePanda' from project 'VisePanda')

SwiftCompile normal x86_64 /Users/jtcao/Documents/VP-V4-S2-Knowledge-Publish/ios/VisePanda/VisePanda/Features/Ask/NativeAskModels.swift (in target 'VisePanda' from project 'VisePanda')
    cd /Users/jtcao/Documents/VP-V4-S2-Knowledge-Publish/ios/VisePanda


SwiftCompile normal x86_64 /Users/jtcao/Documents/VP-V4-S2-Knowledge-Publish/ios/VisePanda/VisePanda/Features/Ask/NativeAskStore.swift (in target 'VisePanda' from project 'VisePanda')
    cd /Users/jtcao/Documents/VP-V4-S2-Knowledge-Publish/ios/VisePanda


SwiftCompile normal x86_64 /Users/jtcao/Documents/VP-V4-S2-Knowledge-Publish/ios/VisePanda/VisePanda/Features/Trip/NativeTripModels.swift (in target 'VisePanda' from project 'VisePanda')
    cd /Users/jtcao/Documents/VP-V4-S2-Knowledge-Publish/ios/VisePanda


SwiftCompile normal x86_64 /Users/jtcao/Documents/VP-V4-S2-Knowledge-Publish/ios/VisePanda/VisePanda/Features/Trip/NativeTripStore.swift (in target 'VisePanda' from project 'VisePanda')
    cd /Users/jtcao/Documents/VP-V4-S2-Knowledge-Publish/ios/VisePanda


SwiftCompile normal x86_64 Compiling\ AppSettings.swift,\ AppShellView.swift,\ AppTab.swift /Users/jtcao/Documents/VP-V4-S2-Knowledge-Publish/ios/VisePanda/VisePanda/App/AppSettings.swift /Users/jtcao/Documents/VP-V4-S2-Knowledge-Publish/ios/VisePanda/VisePanda/App/AppShellView.swift /Users/jtcao/Documents/VP-V4-S2-Knowledge-Publish/ios/VisePanda/VisePanda/Navigation/AppTab.swift (in target 'VisePanda' from project 'VisePanda')

SwiftCompile normal x86_64 /Users/jtcao/Documents/VP-V4-S2-Knowledge-Publish/ios/VisePanda/VisePanda/App/AppSettings.swift (in target 'VisePanda' from project 'VisePanda')
    cd /Users/jtcao/Documents/VP-V4-S2-Knowledge-Publish/ios/VisePanda


SwiftCompile normal x86_64 /Users/jtcao/Documents/VP-V4-S2-Knowledge-Publish/ios/VisePanda/VisePanda/App/AppShellView.swift (in target 'VisePanda' from project 'VisePanda')
    cd /Users/jtcao/Documents/VP-V4-S2-Knowledge-Publish/ios/VisePanda


SwiftCompile normal x86_64 /Users/jtcao/Documents/VP-V4-S2-Knowledge-Publish/ios/VisePanda/VisePanda/Navigation/AppTab.swift (in target 'VisePanda' from project 'VisePanda')
    cd /Users/jtcao/Documents/VP-V4-S2-Knowledge-Publish/ios/VisePanda


SwiftCompile normal x86_64 Compiling\ NativeTripView.swift,\ NativeSession.swift,\ VisePandaApp.swift /Users/jtcao/Documents/VP-V4-S2-Knowledge-Publish/ios/VisePanda/VisePanda/Features/Trip/NativeTripView.swift /Users/jtcao/Documents/VP-V4-S2-Knowledge-Publish/ios/VisePanda/VisePanda/App/NativeSession.swift /Users/jtcao/Documents/VP-V4-S2-Knowledge-Publish/ios/VisePanda/VisePanda/App/VisePandaApp.swift (in target 'VisePanda' from project 'VisePanda')

SwiftCompile normal x86_64 /Users/jtcao/Documents/VP-V4-S2-Knowledge-Publish/ios/VisePanda/VisePanda/Features/Trip/NativeTripView.swift (in target 'VisePanda' from project 'VisePanda')
    cd /Users/jtcao/Documents/VP-V4-S2-Knowledge-Publish/ios/VisePanda


SwiftCompile normal x86_64 /Users/jtcao/Documents/VP-V4-S2-Knowledge-Publish/ios/VisePanda/VisePanda/App/NativeSession.swift (in target 'VisePanda' from project 'VisePanda')
    cd /Users/jtcao/Documents/VP-V4-S2-Knowledge-Publish/ios/VisePanda


SwiftCompile normal x86_64 /Users/jtcao/Documents/VP-V4-S2-Knowledge-Publish/ios/VisePanda/VisePanda/App/VisePandaApp.swift (in target 'VisePanda' from project 'VisePanda')
    cd /Users/jtcao/Documents/VP-V4-S2-Knowledge-Publish/ios/VisePanda


SwiftExplicitDependencyGeneratePcm arm64 /Users/jtcao/Library/Caches/visepanda/native-knowledge-20260913/build/ModuleCache.noindex/SwiftUI-DS8GUSB45WWZ39V7JWOV7DOI.pcm

LinkAssetCatalog /Users/jtcao/Documents/VP-V4-S2-Knowledge-Publish/ios/VisePanda/VisePanda/Resources/Assets.xcassets (in target 'VisePanda' from project 'VisePanda')
    cd /Users/jtcao/Documents/VP-V4-S2-Knowledge-Publish/ios/VisePanda
    builtin-linkAssetCatalog --thinned /Users/jtcao/Library/Caches/visepanda/native-knowledge-20260913/build/Build/Intermediates.noindex/VisePanda.build/Debug-iphonesimulator/VisePanda.build/assetcatalog_output/thinned --thinned-dependencies /Users/jtcao/Library/Caches/visepanda/native-knowledge-20260913/build/Build/Intermediates.noindex/VisePanda.build/Debug-iphonesimulator/VisePanda.build/assetcatalog_dependencies_thinned --thinned-info-plist-content /Users/jtcao/Library/Caches/visepanda/native-knowledge-20260913/build/Build/Intermediates.noindex/VisePanda.build/Debug-iphonesimulator/VisePanda.build/assetcatalog_generated_info.plist_thinned --unthinned /Users/jtcao/Library/Caches/visepanda/native-knowledge-20260913/build/Build/Intermediates.noindex/VisePanda.build/Debug-iphonesimulator/VisePanda.build/assetcatalog_output/unthinned --unthinned-dependencies /Users/jtcao/Library/Caches/visepanda/native-knowledge-20260913/build/Build/Intermediates.noindex/VisePanda.build/Debug-iphonesimulator/VisePanda.build/assetcatalog_dependencies_unthinned --unthinned-info-plist-content /Users/jtcao/Library/Caches/visepanda/native-knowledge-20260913/build/Build/Intermediates.noindex/VisePanda.build/Debug-iphonesimulator/VisePanda.build/assetcatalog_generated_info.plist_unthinned --output /Users/jtcao/Library/Caches/visepanda/native-knowledge-20260913/build/Build/Products/Debug-iphonesimulator/VisePanda.app --plist-output /Users/jtcao/Library/Caches/visepanda/native-knowledge-20260913/build/Build/Intermediates.noindex/VisePanda.build/Debug-iphonesimulator/VisePanda.build/assetcatalog_generated_info.plist
note: Emplaced /Users/jtcao/Library/Caches/visepanda/native-knowledge-20260913/build/Build/Products/Debug-iphonesimulator/VisePanda.app/Assets.car (in target 'VisePanda' from project 'VisePanda')
note: Emplaced /Users/jtcao/Library/Caches/visepanda/native-knowledge-20260913/build/Build/Products/Debug-iphonesimulator/VisePanda.app/AppIcon76x76@2x~ipad.png (in target 'VisePanda' from project 'VisePanda')
note: Emplaced /Users/jtcao/Library/Caches/visepanda/native-knowledge-20260913/build/Build/Products/Debug-iphonesimulator/VisePanda.app/AppIcon60x60@2x.png (in target 'VisePanda' from project 'VisePanda')

SwiftEmitModule normal arm64 Emitting\ module\ for\ VisePanda (in target 'VisePanda' from project 'VisePanda')

EmitSwiftModule normal arm64 (in target 'VisePanda' from project 'VisePanda')
    cd /Users/jtcao/Documents/VP-V4-S2-Knowledge-Publish/ios/VisePanda


SwiftCompile normal arm64 Compiling\ NativeKnowledgeModels.swift,\ NativeKnowledgeStore.swift,\ NativeKnowledgeView.swift,\ NativeAskView.swift /Users/jtcao/Documents/VP-V4-S2-Knowledge-Publish/ios/VisePanda/VisePanda/Features/Knowledge/NativeKnowledgeModels.swift /Users/jtcao/Documents/VP-V4-S2-Knowledge-Publish/ios/VisePanda/VisePanda/Features/Knowledge/NativeKnowledgeStore.swift /Users/jtcao/Documents/VP-V4-S2-Knowledge-Publish/ios/VisePanda/VisePanda/Features/Knowledge/NativeKnowledgeView.swift /Users/jtcao/Documents/VP-V4-S2-Knowledge-Publish/ios/VisePanda/VisePanda/Features/Ask/NativeAskView.swift (in target 'VisePanda' from project 'VisePanda')
SwiftCompile normal arm64 /Users/jtcao/Documents/VP-V4-S2-Knowledge-Publish/ios/VisePanda/VisePanda/Features/Knowledge/NativeKnowledgeModels.swift (in target 'VisePanda' from project 'VisePanda')
    cd /Users/jtcao/Documents/VP-V4-S2-Knowledge-Publish/ios/VisePanda


SwiftCompile normal arm64 /Users/jtcao/Documents/VP-V4-S2-Knowledge-Publish/ios/VisePanda/VisePanda/Features/Knowledge/NativeKnowledgeStore.swift (in target 'VisePanda' from project 'VisePanda')
    cd /Users/jtcao/Documents/VP-V4-S2-Knowledge-Publish/ios/VisePanda


SwiftCompile normal arm64 /Users/jtcao/Documents/VP-V4-S2-Knowledge-Publish/ios/VisePanda/VisePanda/Features/Knowledge/NativeKnowledgeView.swift (in target 'VisePanda' from project 'VisePanda')
    cd /Users/jtcao/Documents/VP-V4-S2-Knowledge-Publish/ios/VisePanda


SwiftCompile normal arm64 /Users/jtcao/Documents/VP-V4-S2-Knowledge-Publish/ios/VisePanda/VisePanda/Features/Ask/NativeAskView.swift (in target 'VisePanda' from project 'VisePanda')
    cd /Users/jtcao/Documents/VP-V4-S2-Knowledge-Publish/ios/VisePanda


SwiftDriverJobDiscovery normal x86_64 Emitting module for VisePanda (in target 'VisePanda' from project 'VisePanda')

SwiftDriver\ Compilation\ Requirements VisePanda normal x86_64 com.apple.xcode.tools.swift.compiler (in target 'VisePanda' from project 'VisePanda')
    cd /Users/jtcao/Documents/VP-V4-S2-Knowledge-Publish/ios/VisePanda
    builtin-Swift-Compilation-Requirements -- /Applications/Xcode.app/Contents/Developer/Toolchains/XcodeDefault.xctoolchain/usr/bin/swiftc -module-name VisePanda -Onone @/Users/jtcao/Library/Caches/visepanda/native-knowledge-20260913/build/Build/Intermediates.noindex/VisePanda.build/Debug-iphonesimulator/VisePanda.build/Objects-normal/x86_64/VisePanda.SwiftFileList -DDEBUG -default-isolation\=MainActor -enable-upcoming-feature InferIsolatedConformances -enable-upcoming-feature NonisolatedNonsendingByDefault -enable-experimental-feature DebugDescriptionMacro -sdk /Applications/Xcode.app/Contents/Developer/Platforms/iPhoneSimulator.platform/Developer/SDKs/iPhoneSimulator26.5.sdk -target x86_64-apple-ios17.0-simulator -g -module-cache-path /Users/jtcao/Library/Caches/visepanda/native-knowledge-20260913/build/ModuleCache.noindex -Xfrontend -serialize-debugging-options -enable-testing -index-store-path /Users/jtcao/Library/Caches/visepanda/native-knowledge-20260913/build/Index.noindex/DataStore -Xcc -D_LIBCPP_HARDENING_MODE\=_LIBCPP_HARDENING_MODE_DEBUG -swift-version 6 -I /Users/jtcao/Library/Caches/visepanda/native-knowledge-20260913/build/Build/Products/Debug-iphonesimulator -F /Users/jtcao/Library/Caches/visepanda/native-knowledge-20260913/build/Build/Products/Debug-iphonesimulator -c -j8 -enable-batch-mode -incremental -Xcc -ivfsstatcache -Xcc /Users/jtcao/Library/Caches/visepanda/native-knowledge-20260913/build/SDKStatCaches.noindex/iphonesimulator26.5-23F81a-6cfe768891a92b912361537c460fe42b.sdkstatcache -output-file-map /Users/jtcao/Library/Caches/visepanda/native-knowledge-20260913/build/Build/Intermediates.noindex/VisePanda.build/Debug-iphonesimulator/VisePanda.build/Objects-normal/x86_64/VisePanda-OutputFileMap.json -use-frontend-parseable-output -save-temps -no-color-diagnostics -explicit-module-build -module-cache-path /Users/jtcao/Library/Caches/visepanda/native-knowledge-20260913/build/Build/Intermediates.noindex/SwiftExplicitPrecompiledModules -clang-scanner-module-cache-path /Users/jtcao/Library/Caches/visepanda/native-knowledge-20260913/build/ModuleCache.noindex -sdk-module-cache-path /Users/jtcao/Library/Caches/visepanda/native-knowledge-20260913/build/ModuleCache.noindex -serialize-diagnostics -emit-dependencies -emit-module -emit-module-path /Users/jtcao/Library/Caches/visepanda/native-knowledge-20260913/build/Build/Intermediates.noindex/VisePanda.build/Debug-iphonesimulator/VisePanda.build/Objects-normal/x86_64/VisePanda.swiftmodule -validate-clang-modules-once -clang-build-session-file /Users/jtcao/Library/Caches/visepanda/native-knowledge-20260913/build/ModuleCache.noindex/Session.modulevalidation -Xcc -I/Users/jtcao/Library/Caches/visepanda/native-knowledge-20260913/build/Build/Intermediates.noindex/VisePanda.build/Debug-iphonesimulator/VisePanda.build/swift-overrides.hmap -emit-const-values -Xfrontend -const-gather-protocols-file -Xfrontend /Users/jtcao/Library/Caches/visepanda/native-knowledge-20260913/build/Build/Intermediates.noindex/VisePanda.build/Debug-iphonesimulator/VisePanda.build/Objects-normal/x86_64/VisePanda_const_extract_protocols.json -Xcc -iquote -Xcc /Users/jtcao/Library/Caches/visepanda/native-knowledge-20260913/build/Build/Intermediates.noindex/VisePanda.build/Debug-iphonesimulator/VisePanda.build/VisePanda-generated-files.hmap -Xcc -I/Users/jtcao/Library/Caches/visepanda/native-knowledge-20260913/build/Build/Intermediates.noindex/VisePanda.build/Debug-iphonesimulator/VisePanda.build/VisePanda-own-target-headers.hmap -Xcc -I/Users/jtcao/Library/Caches/visepanda/native-knowledge-20260913/build/Build/Intermediates.noindex/VisePanda.build/Debug-iphonesimulator/VisePanda.build/VisePanda-all-target-headers.hmap -Xcc -iquote -Xcc /Users/jtcao/Library/Caches/visepanda/native-knowledge-20260913/build/Build/Intermediates.noindex/VisePanda.build/Debug-iphonesimulator/VisePanda.build/VisePanda-project-headers.hmap -Xcc -I/Users/jtcao/Library/Caches/visepanda/native-knowledge-20260913/build/Build/Products/Debug-iphonesimulator/include -Xcc -I/Users/jtcao/Library/Caches/visepanda/native-knowledge-20260913/build/Build/Intermediates.noindex/VisePanda.build/Debug-iphonesimulator/VisePanda.build/DerivedSources-normal/x86_64 -Xcc -I/Users/jtcao/Library/Caches/visepanda/native-knowledge-20260913/build/Build/Intermediates.noindex/VisePanda.build/Debug-iphonesimulator/VisePanda.build/DerivedSources/x86_64 -Xcc -I/Users/jtcao/Library/Caches/visepanda/native-knowledge-20260913/build/Build/Intermediates.noindex/VisePanda.build/Debug-iphonesimulator/VisePanda.build/DerivedSources -emit-objc-header -emit-objc-header-path /Users/jtcao/Library/Caches/visepanda/native-knowledge-20260913/build/Build/Intermediates.noindex/VisePanda.build/Debug-iphonesimulator/VisePanda.build/Objects-normal/x86_64/VisePanda-Swift.h -working-directory /Users/jtcao/Documents/VP-V4-S2-Knowledge-Publish/ios/VisePanda -experimental-emit-module-separately -disable-cmo

SwiftDriverJobDiscovery normal arm64 Emitting module for VisePanda (in target 'VisePanda' from project 'VisePanda')

SwiftDriver\ Compilation\ Requirements VisePanda normal arm64 com.apple.xcode.tools.swift.compiler (in target 'VisePanda' from project 'VisePanda')
    cd /Users/jtcao/Documents/VP-V4-S2-Knowledge-Publish/ios/VisePanda
    builtin-Swift-Compilation-Requirements -- /Applications/Xcode.app/Contents/Developer/Toolchains/XcodeDefault.xctoolchain/usr/bin/swiftc -module-name VisePanda -Onone @/Users/jtcao/Library/Caches/visepanda/native-knowledge-20260913/build/Build/Intermediates.noindex/VisePanda.build/Debug-iphonesimulator/VisePanda.build/Objects-normal/arm64/VisePanda.SwiftFileList -DDEBUG -default-isolation\=MainActor -enable-upcoming-feature InferIsolatedConformances -enable-upcoming-feature NonisolatedNonsendingByDefault -enable-experimental-feature DebugDescriptionMacro -sdk /Applications/Xcode.app/Contents/Developer/Platforms/iPhoneSimulator.platform/Developer/SDKs/iPhoneSimulator26.5.sdk -target arm64-apple-ios17.0-simulator -g -module-cache-path /Users/jtcao/Library/Caches/visepanda/native-knowledge-20260913/build/ModuleCache.noindex -Xfrontend -serialize-debugging-options -enable-testing -index-store-path /Users/jtcao/Library/Caches/visepanda/native-knowledge-20260913/build/Index.noindex/DataStore -Xcc -D_LIBCPP_HARDENING_MODE\=_LIBCPP_HARDENING_MODE_DEBUG -swift-version 6 -I /Users/jtcao/Library/Caches/visepanda/native-knowledge-20260913/build/Build/Products/Debug-iphonesimulator -F /Users/jtcao/Library/Caches/visepanda/native-knowledge-20260913/build/Build/Products/Debug-iphonesimulator -c -j8 -enable-batch-mode -incremental -Xcc -ivfsstatcache -Xcc /Users/jtcao/Library/Caches/visepanda/native-knowledge-20260913/build/SDKStatCaches.noindex/iphonesimulator26.5-23F81a-6cfe768891a92b912361537c460fe42b.sdkstatcache -output-file-map /Users/jtcao/Library/Caches/visepanda/native-knowledge-20260913/build/Build/Intermediates.noindex/VisePanda.build/Debug-iphonesimulator/VisePanda.build/Objects-normal/arm64/VisePanda-OutputFileMap.json -use-frontend-parseable-output -save-temps -no-color-diagnostics -explicit-module-build -module-cache-path /Users/jtcao/Library/Caches/visepanda/native-knowledge-20260913/build/Build/Intermediates.noindex/SwiftExplicitPrecompiledModules -clang-scanner-module-cache-path /Users/jtcao/Library/Caches/visepanda/native-knowledge-20260913/build/ModuleCache.noindex -sdk-module-cache-path /Users/jtcao/Library/Caches/visepanda/native-knowledge-20260913/build/ModuleCache.noindex -serialize-diagnostics -emit-dependencies -emit-module -emit-module-path /Users/jtcao/Library/Caches/visepanda/native-knowledge-20260913/build/Build/Intermediates.noindex/VisePanda.build/Debug-iphonesimulator/VisePanda.build/Objects-normal/arm64/VisePanda.swiftmodule -validate-clang-modules-once -clang-build-session-file /Users/jtcao/Library/Caches/visepanda/native-knowledge-20260913/build/ModuleCache.noindex/Session.modulevalidation -Xcc -I/Users/jtcao/Library/Caches/visepanda/native-knowledge-20260913/build/Build/Intermediates.noindex/VisePanda.build/Debug-iphonesimulator/VisePanda.build/swift-overrides.hmap -emit-const-values -Xfrontend -const-gather-protocols-file -Xfrontend /Users/jtcao/Library/Caches/visepanda/native-knowledge-20260913/build/Build/Intermediates.noindex/VisePanda.build/Debug-iphonesimulator/VisePanda.build/Objects-normal/arm64/VisePanda_const_extract_protocols.json -Xcc -iquote -Xcc /Users/jtcao/Library/Caches/visepanda/native-knowledge-20260913/build/Build/Intermediates.noindex/VisePanda.build/Debug-iphonesimulator/VisePanda.build/VisePanda-generated-files.hmap -Xcc -I/Users/jtcao/Library/Caches/visepanda/native-knowledge-20260913/build/Build/Intermediates.noindex/VisePanda.build/Debug-iphonesimulator/VisePanda.build/VisePanda-own-target-headers.hmap -Xcc -I/Users/jtcao/Library/Caches/visepanda/native-knowledge-20260913/build/Build/Intermediates.noindex/VisePanda.build/Debug-iphonesimulator/VisePanda.build/VisePanda-all-target-headers.hmap -Xcc -iquote -Xcc /Users/jtcao/Library/Caches/visepanda/native-knowledge-20260913/build/Build/Intermediates.noindex/VisePanda.build/Debug-iphonesimulator/VisePanda.build/VisePanda-project-headers.hmap -Xcc -I/Users/jtcao/Library/Caches/visepanda/native-knowledge-20260913/build/Build/Products/Debug-iphonesimulator/include -Xcc -I/Users/jtcao/Library/Caches/visepanda/native-knowledge-20260913/build/Build/Intermediates.noindex/VisePanda.build/Debug-iphonesimulator/VisePanda.build/DerivedSources-normal/arm64 -Xcc -I/Users/jtcao/Library/Caches/visepanda/native-knowledge-20260913/build/Build/Intermediates.noindex/VisePanda.build/Debug-iphonesimulator/VisePanda.build/DerivedSources/arm64 -Xcc -I/Users/jtcao/Library/Caches/visepanda/native-knowledge-20260913/build/Build/Intermediates.noindex/VisePanda.build/Debug-iphonesimulator/VisePanda.build/DerivedSources -emit-objc-header -emit-objc-header-path /Users/jtcao/Library/Caches/visepanda/native-knowledge-20260913/build/Build/Intermediates.noindex/VisePanda.build/Debug-iphonesimulator/VisePanda.build/Objects-normal/arm64/VisePanda-Swift.h -working-directory /Users/jtcao/Documents/VP-V4-S2-Knowledge-Publish/ios/VisePanda -experimental-emit-module-separately -disable-cmo

Copy /Users/jtcao/Library/Caches/visepanda/native-knowledge-20260913/build/Build/Products/Debug-iphonesimulator/VisePanda.swiftmodule/x86_64-apple-ios-simulator.swiftmodule /Users/jtcao/Library/Caches/visepanda/native-knowledge-20260913/build/Build/Intermediates.noindex/VisePanda.build/Debug-iphonesimulator/VisePanda.build/Objects-normal/x86_64/VisePanda.swiftmodule (in target 'VisePanda' from project 'VisePanda')
    cd /Users/jtcao/Documents/VP-V4-S2-Knowledge-Publish/ios/VisePanda
    builtin-copy -exclude .DS_Store -exclude CVS -exclude .svn -exclude .git -exclude .hg -resolve-src-symlinks -rename /Users/jtcao/Library/Caches/visepanda/native-knowledge-20260913/build/Build/Intermediates.noindex/VisePanda.build/Debug-iphonesimulator/VisePanda.build/Objects-normal/x86_64/VisePanda.swiftmodule /Users/jtcao/Library/Caches/visepanda/native-knowledge-20260913/build/Build/Products/Debug-iphonesimulator/VisePanda.swiftmodule/x86_64-apple-ios-simulator.swiftmodule

SwiftMergeGeneratedHeaders /Users/jtcao/Library/Caches/visepanda/native-knowledge-20260913/build/Build/Intermediates.noindex/VisePanda.build/Debug-iphonesimulator/VisePanda.build/DerivedSources/VisePanda-Swift.h /Users/jtcao/Library/Caches/visepanda/native-knowledge-20260913/build/Build/Intermediates.noindex/VisePanda.build/Debug-iphonesimulator/VisePanda.build/Objects-normal/arm64/VisePanda-Swift.h /Users/jtcao/Library/Caches/visepanda/native-knowledge-20260913/build/Build/Intermediates.noindex/VisePanda.build/Debug-iphonesimulator/VisePanda.build/Objects-normal/x86_64/VisePanda-Swift.h (in target 'VisePanda' from project 'VisePanda')
    cd /Users/jtcao/Documents/VP-V4-S2-Knowledge-Publish/ios/VisePanda
    builtin-swiftHeaderTool -arch arm64 /Users/jtcao/Library/Caches/visepanda/native-knowledge-20260913/build/Build/Intermediates.noindex/VisePanda.build/Debug-iphonesimulator/VisePanda.build/Objects-normal/arm64/VisePanda-Swift.h -arch x86_64 /Users/jtcao/Library/Caches/visepanda/native-knowledge-20260913/build/Build/Intermediates.noindex/VisePanda.build/Debug-iphonesimulator/VisePanda.build/Objects-normal/x86_64/VisePanda-Swift.h -o /Users/jtcao/Library/Caches/visepanda/native-knowledge-20260913/build/Build/Intermediates.noindex/VisePanda.build/Debug-iphonesimulator/VisePanda.build/DerivedSources/VisePanda-Swift.h

Copy /Users/jtcao/Library/Caches/visepanda/native-knowledge-20260913/build/Build/Products/Debug-iphonesimulator/VisePanda.swiftmodule/x86_64-apple-ios-simulator.swiftdoc /Users/jtcao/Library/Caches/visepanda/native-knowledge-20260913/build/Build/Intermediates.noindex/VisePanda.build/Debug-iphonesimulator/VisePanda.build/Objects-normal/x86_64/VisePanda.swiftdoc (in target 'VisePanda' from project 'VisePanda')
    cd /Users/jtcao/Documents/VP-V4-S2-Knowledge-Publish/ios/VisePanda
    builtin-copy -exclude .DS_Store -exclude CVS -exclude .svn -exclude .git -exclude .hg -resolve-src-symlinks -rename /Users/jtcao/Library/Caches/visepanda/native-knowledge-20260913/build/Build/Intermediates.noindex/VisePanda.build/Debug-iphonesimulator/VisePanda.build/Objects-normal/x86_64/VisePanda.swiftdoc /Users/jtcao/Library/Caches/visepanda/native-knowledge-20260913/build/Build/Products/Debug-iphonesimulator/VisePanda.swiftmodule/x86_64-apple-ios-simulator.swiftdoc

Copy /Users/jtcao/Library/Caches/visepanda/native-knowledge-20260913/build/Build/Products/Debug-iphonesimulator/VisePanda.swiftmodule/x86_64-apple-ios-simulator.abi.json /Users/jtcao/Library/Caches/visepanda/native-knowledge-20260913/build/Build/Intermediates.noindex/VisePanda.build/Debug-iphonesimulator/VisePanda.build/Objects-normal/x86_64/VisePanda.abi.json (in target 'VisePanda' from project 'VisePanda')
    cd /Users/jtcao/Documents/VP-V4-S2-Knowledge-Publish/ios/VisePanda
    builtin-copy -exclude .DS_Store -exclude CVS -exclude .svn -exclude .git -exclude .hg -resolve-src-symlinks -rename /Users/jtcao/Library/Caches/visepanda/native-knowledge-20260913/build/Build/Intermediates.noindex/VisePanda.build/Debug-iphonesimulator/VisePanda.build/Objects-normal/x86_64/VisePanda.abi.json /Users/jtcao/Library/Caches/visepanda/native-knowledge-20260913/build/Build/Products/Debug-iphonesimulator/VisePanda.swiftmodule/x86_64-apple-ios-simulator.abi.json

Copy /Users/jtcao/Library/Caches/visepanda/native-knowledge-20260913/build/Build/Products/Debug-iphonesimulator/VisePanda.swiftmodule/arm64-apple-ios-simulator.swiftmodule /Users/jtcao/Library/Caches/visepanda/native-knowledge-20260913/build/Build/Intermediates.noindex/VisePanda.build/Debug-iphonesimulator/VisePanda.build/Objects-normal/arm64/VisePanda.swiftmodule (in target 'VisePanda' from project 'VisePanda')
    cd /Users/jtcao/Documents/VP-V4-S2-Knowledge-Publish/ios/VisePanda
    builtin-copy -exclude .DS_Store -exclude CVS -exclude .svn -exclude .git -exclude .hg -resolve-src-symlinks -rename /Users/jtcao/Library/Caches/visepanda/native-knowledge-20260913/build/Build/Intermediates.noindex/VisePanda.build/Debug-iphonesimulator/VisePanda.build/Objects-normal/arm64/VisePanda.swiftmodule /Users/jtcao/Library/Caches/visepanda/native-knowledge-20260913/build/Build/Products/Debug-iphonesimulator/VisePanda.swiftmodule/arm64-apple-ios-simulator.swiftmodule

Copy /Users/jtcao/Library/Caches/visepanda/native-knowledge-20260913/build/Build/Products/Debug-iphonesimulator/VisePanda.swiftmodule/arm64-apple-ios-simulator.swiftdoc /Users/jtcao/Library/Caches/visepanda/native-knowledge-20260913/build/Build/Intermediates.noindex/VisePanda.build/Debug-iphonesimulator/VisePanda.build/Objects-normal/arm64/VisePanda.swiftdoc (in target 'VisePanda' from project 'VisePanda')
    cd /Users/jtcao/Documents/VP-V4-S2-Knowledge-Publish/ios/VisePanda
    builtin-copy -exclude .DS_Store -exclude CVS -exclude .svn -exclude .git -exclude .hg -resolve-src-symlinks -rename /Users/jtcao/Library/Caches/visepanda/native-knowledge-20260913/build/Build/Intermediates.noindex/VisePanda.build/Debug-iphonesimulator/VisePanda.build/Objects-normal/arm64/VisePanda.swiftdoc /Users/jtcao/Library/Caches/visepanda/native-knowledge-20260913/build/Build/Products/Debug-iphonesimulator/VisePanda.swiftmodule/arm64-apple-ios-simulator.swiftdoc

Copy /Users/jtcao/Library/Caches/visepanda/native-knowledge-20260913/build/Build/Products/Debug-iphonesimulator/VisePanda.swiftmodule/arm64-apple-ios-simulator.abi.json /Users/jtcao/Library/Caches/visepanda/native-knowledge-20260913/build/Build/Intermediates.noindex/VisePanda.build/Debug-iphonesimulator/VisePanda.build/Objects-normal/arm64/VisePanda.abi.json (in target 'VisePanda' from project 'VisePanda')
    cd /Users/jtcao/Documents/VP-V4-S2-Knowledge-Publish/ios/VisePanda
    builtin-copy -exclude .DS_Store -exclude CVS -exclude .svn -exclude .git -exclude .hg -resolve-src-symlinks -rename /Users/jtcao/Library/Caches/visepanda/native-knowledge-20260913/build/Build/Intermediates.noindex/VisePanda.build/Debug-iphonesimulator/VisePanda.build/Objects-normal/arm64/VisePanda.abi.json /Users/jtcao/Library/Caches/visepanda/native-knowledge-20260913/build/Build/Products/Debug-iphonesimulator/VisePanda.swiftmodule/arm64-apple-ios-simulator.abi.json

Copy /Users/jtcao/Library/Caches/visepanda/native-knowledge-20260913/build/Build/Products/Debug-iphonesimulator/VisePanda.swiftmodule/Project/x86_64-apple-ios-simulator.swiftsourceinfo /Users/jtcao/Library/Caches/visepanda/native-knowledge-20260913/build/Build/Intermediates.noindex/VisePanda.build/Debug-iphonesimulator/VisePanda.build/Objects-normal/x86_64/VisePanda.swiftsourceinfo (in target 'VisePanda' from project 'VisePanda')
    cd /Users/jtcao/Documents/VP-V4-S2-Knowledge-Publish/ios/VisePanda
    builtin-copy -exclude .DS_Store -exclude CVS -exclude .svn -exclude .git -exclude .hg -resolve-src-symlinks -rename /Users/jtcao/Library/Caches/visepanda/native-knowledge-20260913/build/Build/Intermediates.noindex/VisePanda.build/Debug-iphonesimulator/VisePanda.build/Objects-normal/x86_64/VisePanda.swiftsourceinfo /Users/jtcao/Library/Caches/visepanda/native-knowledge-20260913/build/Build/Products/Debug-iphonesimulator/VisePanda.swiftmodule/Project/x86_64-apple-ios-simulator.swiftsourceinfo

Copy /Users/jtcao/Library/Caches/visepanda/native-knowledge-20260913/build/Build/Products/Debug-iphonesimulator/VisePanda.swiftmodule/Project/arm64-apple-ios-simulator.swiftsourceinfo /Users/jtcao/Library/Caches/visepanda/native-knowledge-20260913/build/Build/Intermediates.noindex/VisePanda.build/Debug-iphonesimulator/VisePanda.build/Objects-normal/arm64/VisePanda.swiftsourceinfo (in target 'VisePanda' from project 'VisePanda')
    cd /Users/jtcao/Documents/VP-V4-S2-Knowledge-Publish/ios/VisePanda
    builtin-copy -exclude .DS_Store -exclude CVS -exclude .svn -exclude .git -exclude .hg -resolve-src-symlinks -rename /Users/jtcao/Library/Caches/visepanda/native-knowledge-20260913/build/Build/Intermediates.noindex/VisePanda.build/Debug-iphonesimulator/VisePanda.build/Objects-normal/arm64/VisePanda.swiftsourceinfo /Users/jtcao/Library/Caches/visepanda/native-knowledge-20260913/build/Build/Products/Debug-iphonesimulator/VisePanda.swiftmodule/Project/arm64-apple-ios-simulator.swiftsourceinfo

SwiftCompile normal arm64 Compiling\ NativeAskModels.swift,\ NativeAskStore.swift,\ NativeTripModels.swift,\ NativeTripStore.swift /Users/jtcao/Documents/VP-V4-S2-Knowledge-Publish/ios/VisePanda/VisePanda/Features/Ask/NativeAskModels.swift /Users/jtcao/Documents/VP-V4-S2-Knowledge-Publish/ios/VisePanda/VisePanda/Features/Ask/NativeAskStore.swift /Users/jtcao/Documents/VP-V4-S2-Knowledge-Publish/ios/VisePanda/VisePanda/Features/Trip/NativeTripModels.swift /Users/jtcao/Documents/VP-V4-S2-Knowledge-Publish/ios/VisePanda/VisePanda/Features/Trip/NativeTripStore.swift (in target 'VisePanda' from project 'VisePanda')

SwiftCompile normal arm64 /Users/jtcao/Documents/VP-V4-S2-Knowledge-Publish/ios/VisePanda/VisePanda/Features/Ask/NativeAskModels.swift (in target 'VisePanda' from project 'VisePanda')
    cd /Users/jtcao/Documents/VP-V4-S2-Knowledge-Publish/ios/VisePanda


SwiftCompile normal arm64 /Users/jtcao/Documents/VP-V4-S2-Knowledge-Publish/ios/VisePanda/VisePanda/Features/Ask/NativeAskStore.swift (in target 'VisePanda' from project 'VisePanda')
    cd /Users/jtcao/Documents/VP-V4-S2-Knowledge-Publish/ios/VisePanda


SwiftCompile normal arm64 /Users/jtcao/Documents/VP-V4-S2-Knowledge-Publish/ios/VisePanda/VisePanda/Features/Trip/NativeTripModels.swift (in target 'VisePanda' from project 'VisePanda')
    cd /Users/jtcao/Documents/VP-V4-S2-Knowledge-Publish/ios/VisePanda


SwiftCompile normal arm64 /Users/jtcao/Documents/VP-V4-S2-Knowledge-Publish/ios/VisePanda/VisePanda/Features/Trip/NativeTripStore.swift (in target 'VisePanda' from project 'VisePanda')
    cd /Users/jtcao/Documents/VP-V4-S2-Knowledge-Publish/ios/VisePanda


ProcessInfoPlistFile /Users/jtcao/Library/Caches/visepanda/native-knowledge-20260913/build/Build/Products/Debug-iphonesimulator/VisePanda.app/Info.plist /Users/jtcao/Documents/VP-V4-S2-Knowledge-Publish/ios/VisePanda/VisePanda/NativeEnvironment.plist (in target 'VisePanda' from project 'VisePanda')
    cd /Users/jtcao/Documents/VP-V4-S2-Knowledge-Publish/ios/VisePanda
    builtin-infoPlistUtility /Users/jtcao/Documents/VP-V4-S2-Knowledge-Publish/ios/VisePanda/VisePanda/NativeEnvironment.plist -producttype com.apple.product-type.application -genpkginfo /Users/jtcao/Library/Caches/visepanda/native-knowledge-20260913/build/Build/Products/Debug-iphonesimulator/VisePanda.app/PkgInfo -expandbuildsettings -format binary -platform iphonesimulator -additionalcontentfile /Users/jtcao/Library/Caches/visepanda/native-knowledge-20260913/build/Build/Intermediates.noindex/VisePanda.build/Debug-iphonesimulator/VisePanda.build/assetcatalog_generated_info.plist -o /Users/jtcao/Library/Caches/visepanda/native-knowledge-20260913/build/Build/Products/Debug-iphonesimulator/VisePanda.app/Info.plist

SwiftDriverJobDiscovery normal x86_64 Compiling NativeAskModels.swift, NativeAskStore.swift, NativeTripModels.swift, NativeTripStore.swift (in target 'VisePanda' from project 'VisePanda')

SwiftCompile normal arm64 Compiling\ AppSettings.swift,\ AppShellView.swift,\ AppTab.swift /Users/jtcao/Documents/VP-V4-S2-Knowledge-Publish/ios/VisePanda/VisePanda/App/AppSettings.swift /Users/jtcao/Documents/VP-V4-S2-Knowledge-Publish/ios/VisePanda/VisePanda/App/AppShellView.swift /Users/jtcao/Documents/VP-V4-S2-Knowledge-Publish/ios/VisePanda/VisePanda/Navigation/AppTab.swift (in target 'VisePanda' from project 'VisePanda')

SwiftCompile normal arm64 /Users/jtcao/Documents/VP-V4-S2-Knowledge-Publish/ios/VisePanda/VisePanda/App/AppSettings.swift (in target 'VisePanda' from project 'VisePanda')
    cd /Users/jtcao/Documents/VP-V4-S2-Knowledge-Publish/ios/VisePanda


SwiftCompile normal arm64 /Users/jtcao/Documents/VP-V4-S2-Knowledge-Publish/ios/VisePanda/VisePanda/App/AppShellView.swift (in target 'VisePanda' from project 'VisePanda')
    cd /Users/jtcao/Documents/VP-V4-S2-Knowledge-Publish/ios/VisePanda


SwiftCompile normal arm64 /Users/jtcao/Documents/VP-V4-S2-Knowledge-Publish/ios/VisePanda/VisePanda/Navigation/AppTab.swift (in target 'VisePanda' from project 'VisePanda')
    cd /Users/jtcao/Documents/VP-V4-S2-Knowledge-Publish/ios/VisePanda


SwiftCompile normal arm64 Compiling\ AppRoute.swift,\ Capability.swift,\ VisePandaTheme.swift /Users/jtcao/Documents/VP-V4-S2-Knowledge-Publish/ios/VisePanda/VisePanda/Navigation/AppRoute.swift /Users/jtcao/Documents/VP-V4-S2-Knowledge-Publish/ios/VisePanda/VisePanda/Navigation/Capability.swift /Users/jtcao/Documents/VP-V4-S2-Knowledge-Publish/ios/VisePanda/VisePanda/DesignSystem/VisePandaTheme.swift (in target 'VisePanda' from project 'VisePanda')

SwiftCompile normal arm64 /Users/jtcao/Documents/VP-V4-S2-Knowledge-Publish/ios/VisePanda/VisePanda/Navigation/AppRoute.swift (in target 'VisePanda' from project 'VisePanda')
    cd /Users/jtcao/Documents/VP-V4-S2-Knowledge-Publish/ios/VisePanda


SwiftCompile normal arm64 /Users/jtcao/Documents/VP-V4-S2-Knowledge-Publish/ios/VisePanda/VisePanda/Navigation/Capability.swift (in target 'VisePanda' from project 'VisePanda')
    cd /Users/jtcao/Documents/VP-V4-S2-Knowledge-Publish/ios/VisePanda


SwiftCompile normal arm64 /Users/jtcao/Documents/VP-V4-S2-Knowledge-Publish/ios/VisePanda/VisePanda/DesignSystem/VisePandaTheme.swift (in target 'VisePanda' from project 'VisePanda')
    cd /Users/jtcao/Documents/VP-V4-S2-Knowledge-Publish/ios/VisePanda


SwiftDriverJobDiscovery normal x86_64 Compiling NativeTripView.swift, NativeSession.swift, VisePandaApp.swift (in target 'VisePanda' from project 'VisePanda')

SwiftCompile normal arm64 Compiling\ TodayView.swift,\ AskView.swift,\ TripView.swift /Users/jtcao/Documents/VP-V4-S2-Knowledge-Publish/ios/VisePanda/VisePanda/Features/Today/TodayView.swift /Users/jtcao/Documents/VP-V4-S2-Knowledge-Publish/ios/VisePanda/VisePanda/Features/Ask/AskView.swift /Users/jtcao/Documents/VP-V4-S2-Knowledge-Publish/ios/VisePanda/VisePanda/Features/Trip/TripView.swift (in target 'VisePanda' from project 'VisePanda')

SwiftCompile normal arm64 /Users/jtcao/Documents/VP-V4-S2-Knowledge-Publish/ios/VisePanda/VisePanda/Features/Today/TodayView.swift (in target 'VisePanda' from project 'VisePanda')
    cd /Users/jtcao/Documents/VP-V4-S2-Knowledge-Publish/ios/VisePanda


SwiftCompile normal arm64 /Users/jtcao/Documents/VP-V4-S2-Knowledge-Publish/ios/VisePanda/VisePanda/Features/Ask/AskView.swift (in target 'VisePanda' from project 'VisePanda')
    cd /Users/jtcao/Documents/VP-V4-S2-Knowledge-Publish/ios/VisePanda


SwiftCompile normal arm64 /Users/jtcao/Documents/VP-V4-S2-Knowledge-Publish/ios/VisePanda/VisePanda/Features/Trip/TripView.swift (in target 'VisePanda' from project 'VisePanda')
    cd /Users/jtcao/Documents/VP-V4-S2-Knowledge-Publish/ios/VisePanda


SwiftCompile normal arm64 Compiling\ NativeTripView.swift,\ NativeSession.swift,\ VisePandaApp.swift /Users/jtcao/Documents/VP-V4-S2-Knowledge-Publish/ios/VisePanda/VisePanda/Features/Trip/NativeTripView.swift /Users/jtcao/Documents/VP-V4-S2-Knowledge-Publish/ios/VisePanda/VisePanda/App/NativeSession.swift /Users/jtcao/Documents/VP-V4-S2-Knowledge-Publish/ios/VisePanda/VisePanda/App/VisePandaApp.swift (in target 'VisePanda' from project 'VisePanda')
SwiftCompile normal arm64 /Users/jtcao/Documents/VP-V4-S2-Knowledge-Publish/ios/VisePanda/VisePanda/Features/Trip/NativeTripView.swift (in target 'VisePanda' from project 'VisePanda')
    cd /Users/jtcao/Documents/VP-V4-S2-Knowledge-Publish/ios/VisePanda


SwiftCompile normal arm64 /Users/jtcao/Documents/VP-V4-S2-Knowledge-Publish/ios/VisePanda/VisePanda/App/NativeSession.swift (in target 'VisePanda' from project 'VisePanda')
    cd /Users/jtcao/Documents/VP-V4-S2-Knowledge-Publish/ios/VisePanda


SwiftCompile normal arm64 /Users/jtcao/Documents/VP-V4-S2-Knowledge-Publish/ios/VisePanda/VisePanda/App/VisePandaApp.swift (in target 'VisePanda' from project 'VisePanda')
    cd /Users/jtcao/Documents/VP-V4-S2-Knowledge-Publish/ios/VisePanda


SwiftDriverJobDiscovery normal x86_64 Compiling AppRoute.swift, Capability.swift, VisePandaTheme.swift (in target 'VisePanda' from project 'VisePanda')

SwiftCompile normal arm64 Compiling\ ExploreView.swift,\ ProfileView.swift,\ GeneratedAssetSymbols.swift /Users/jtcao/Documents/VP-V4-S2-Knowledge-Publish/ios/VisePanda/VisePanda/Features/Explore/ExploreView.swift /Users/jtcao/Documents/VP-V4-S2-Knowledge-Publish/ios/VisePanda/VisePanda/Features/Profile/ProfileView.swift /Users/jtcao/Library/Caches/visepanda/native-knowledge-20260913/build/Build/Intermediates.noindex/VisePanda.build/Debug-iphonesimulator/VisePanda.build/DerivedSources/GeneratedAssetSymbols.swift (in target 'VisePanda' from project 'VisePanda')

SwiftCompile normal arm64 /Users/jtcao/Documents/VP-V4-S2-Knowledge-Publish/ios/VisePanda/VisePanda/Features/Explore/ExploreView.swift (in target 'VisePanda' from project 'VisePanda')
    cd /Users/jtcao/Documents/VP-V4-S2-Knowledge-Publish/ios/VisePanda


SwiftCompile normal arm64 /Users/jtcao/Documents/VP-V4-S2-Knowledge-Publish/ios/VisePanda/VisePanda/Features/Profile/ProfileView.swift (in target 'VisePanda' from project 'VisePanda')
    cd /Users/jtcao/Documents/VP-V4-S2-Knowledge-Publish/ios/VisePanda


SwiftCompile normal arm64 /Users/jtcao/Library/Caches/visepanda/native-knowledge-20260913/build/Build/Intermediates.noindex/VisePanda.build/Debug-iphonesimulator/VisePanda.build/DerivedSources/GeneratedAssetSymbols.swift (in target 'VisePanda' from project 'VisePanda')
    cd /Users/jtcao/Documents/VP-V4-S2-Knowledge-Publish/ios/VisePanda


SwiftDriverJobDiscovery normal x86_64 Compiling TodayView.swift, AskView.swift, TripView.swift (in target 'VisePanda' from project 'VisePanda')

SwiftDriverJobDiscovery normal x86_64 Compiling AppSettings.swift, AppShellView.swift, AppTab.swift (in target 'VisePanda' from project 'VisePanda')

SwiftCompile normal x86_64 Compiling\ ExploreView.swift,\ ProfileView.swift,\ GeneratedAssetSymbols.swift /Users/jtcao/Documents/VP-V4-S2-Knowledge-Publish/ios/VisePanda/VisePanda/Features/Explore/ExploreView.swift /Users/jtcao/Documents/VP-V4-S2-Knowledge-Publish/ios/VisePanda/VisePanda/Features/Profile/ProfileView.swift /Users/jtcao/Library/Caches/visepanda/native-knowledge-20260913/build/Build/Intermediates.noindex/VisePanda.build/Debug-iphonesimulator/VisePanda.build/DerivedSources/GeneratedAssetSymbols.swift (in target 'VisePanda' from project 'VisePanda')

SwiftCompile normal x86_64 /Users/jtcao/Documents/VP-V4-S2-Knowledge-Publish/ios/VisePanda/VisePanda/Features/Explore/ExploreView.swift (in target 'VisePanda' from project 'VisePanda')
    cd /Users/jtcao/Documents/VP-V4-S2-Knowledge-Publish/ios/VisePanda


SwiftCompile normal x86_64 /Users/jtcao/Documents/VP-V4-S2-Knowledge-Publish/ios/VisePanda/VisePanda/Features/Profile/ProfileView.swift (in target 'VisePanda' from project 'VisePanda')
    cd /Users/jtcao/Documents/VP-V4-S2-Knowledge-Publish/ios/VisePanda


SwiftCompile normal x86_64 /Users/jtcao/Library/Caches/visepanda/native-knowledge-20260913/build/Build/Intermediates.noindex/VisePanda.build/Debug-iphonesimulator/VisePanda.build/DerivedSources/GeneratedAssetSymbols.swift (in target 'VisePanda' from project 'VisePanda')
    cd /Users/jtcao/Documents/VP-V4-S2-Knowledge-Publish/ios/VisePanda


SwiftDriverJobDiscovery normal x86_64 Compiling BrandHeader.swift, PreviewStatusBanner.swift, CapabilityCard.swift (in target 'VisePanda' from project 'VisePanda')

SwiftCompile normal x86_64 Compiling\ NativeKnowledgeModels.swift,\ NativeKnowledgeStore.swift,\ NativeKnowledgeView.swift,\ NativeAskView.swift /Users/jtcao/Documents/VP-V4-S2-Knowledge-Publish/ios/VisePanda/VisePanda/Features/Knowledge/NativeKnowledgeModels.swift /Users/jtcao/Documents/VP-V4-S2-Knowledge-Publish/ios/VisePanda/VisePanda/Features/Knowledge/NativeKnowledgeStore.swift /Users/jtcao/Documents/VP-V4-S2-Knowledge-Publish/ios/VisePanda/VisePanda/Features/Knowledge/NativeKnowledgeView.swift /Users/jtcao/Documents/VP-V4-S2-Knowledge-Publish/ios/VisePanda/VisePanda/Features/Ask/NativeAskView.swift (in target 'VisePanda' from project 'VisePanda')
SwiftCompile normal x86_64 /Users/jtcao/Documents/VP-V4-S2-Knowledge-Publish/ios/VisePanda/VisePanda/Features/Knowledge/NativeKnowledgeModels.swift (in target 'VisePanda' from project 'VisePanda')
    cd /Users/jtcao/Documents/VP-V4-S2-Knowledge-Publish/ios/VisePanda


SwiftCompile normal x86_64 /Users/jtcao/Documents/VP-V4-S2-Knowledge-Publish/ios/VisePanda/VisePanda/Features/Knowledge/NativeKnowledgeStore.swift (in target 'VisePanda' from project 'VisePanda')
    cd /Users/jtcao/Documents/VP-V4-S2-Knowledge-Publish/ios/VisePanda


SwiftCompile normal x86_64 /Users/jtcao/Documents/VP-V4-S2-Knowledge-Publish/ios/VisePanda/VisePanda/Features/Knowledge/NativeKnowledgeView.swift (in target 'VisePanda' from project 'VisePanda')
    cd /Users/jtcao/Documents/VP-V4-S2-Knowledge-Publish/ios/VisePanda


SwiftCompile normal x86_64 /Users/jtcao/Documents/VP-V4-S2-Knowledge-Publish/ios/VisePanda/VisePanda/Features/Ask/NativeAskView.swift (in target 'VisePanda' from project 'VisePanda')
    cd /Users/jtcao/Documents/VP-V4-S2-Knowledge-Publish/ios/VisePanda


SwiftDriverJobDiscovery normal x86_64 Compiling ExploreView.swift, ProfileView.swift, GeneratedAssetSymbols.swift (in target 'VisePanda' from project 'VisePanda')

SwiftCompile normal arm64 Compiling\ BrandHeader.swift,\ PreviewStatusBanner.swift,\ CapabilityCard.swift /Users/jtcao/Documents/VP-V4-S2-Knowledge-Publish/ios/VisePanda/VisePanda/Components/BrandHeader.swift /Users/jtcao/Documents/VP-V4-S2-Knowledge-Publish/ios/VisePanda/VisePanda/Components/PreviewStatusBanner.swift /Users/jtcao/Documents/VP-V4-S2-Knowledge-Publish/ios/VisePanda/VisePanda/Components/CapabilityCard.swift (in target 'VisePanda' from project 'VisePanda')

SwiftCompile normal arm64 /Users/jtcao/Documents/VP-V4-S2-Knowledge-Publish/ios/VisePanda/VisePanda/Components/BrandHeader.swift (in target 'VisePanda' from project 'VisePanda')
    cd /Users/jtcao/Documents/VP-V4-S2-Knowledge-Publish/ios/VisePanda


SwiftCompile normal arm64 /Users/jtcao/Documents/VP-V4-S2-Knowledge-Publish/ios/VisePanda/VisePanda/Components/PreviewStatusBanner.swift (in target 'VisePanda' from project 'VisePanda')
    cd /Users/jtcao/Documents/VP-V4-S2-Knowledge-Publish/ios/VisePanda


SwiftCompile normal arm64 /Users/jtcao/Documents/VP-V4-S2-Knowledge-Publish/ios/VisePanda/VisePanda/Components/CapabilityCard.swift (in target 'VisePanda' from project 'VisePanda')
    cd /Users/jtcao/Documents/VP-V4-S2-Knowledge-Publish/ios/VisePanda


SwiftDriverJobDiscovery normal arm64 Compiling NativeAskModels.swift, NativeAskStore.swift, NativeTripModels.swift, NativeTripStore.swift (in target 'VisePanda' from project 'VisePanda')

SwiftDriverJobDiscovery normal arm64 Compiling BrandHeader.swift, PreviewStatusBanner.swift, CapabilityCard.swift (in target 'VisePanda' from project 'VisePanda')

SwiftDriverJobDiscovery normal arm64 Compiling TodayView.swift, AskView.swift, TripView.swift (in target 'VisePanda' from project 'VisePanda')

SwiftDriverJobDiscovery normal arm64 Compiling ExploreView.swift, ProfileView.swift, GeneratedAssetSymbols.swift (in target 'VisePanda' from project 'VisePanda')

SwiftDriverJobDiscovery normal arm64 Compiling AppRoute.swift, Capability.swift, VisePandaTheme.swift (in target 'VisePanda' from project 'VisePanda')

SwiftDriverJobDiscovery normal arm64 Compiling AppSettings.swift, AppShellView.swift, AppTab.swift (in target 'VisePanda' from project 'VisePanda')

SwiftDriverJobDiscovery normal arm64 Compiling NativeKnowledgeModels.swift, NativeKnowledgeStore.swift, NativeKnowledgeView.swift, NativeAskView.swift (in target 'VisePanda' from project 'VisePanda')

SwiftDriverJobDiscovery normal arm64 Compiling NativeTripView.swift, NativeSession.swift, VisePandaApp.swift (in target 'VisePanda' from project 'VisePanda')

SwiftDriver\ Compilation VisePanda normal arm64 com.apple.xcode.tools.swift.compiler (in target 'VisePanda' from project 'VisePanda')
    cd /Users/jtcao/Documents/VP-V4-S2-Knowledge-Publish/ios/VisePanda
    builtin-Swift-Compilation -- /Applications/Xcode.app/Contents/Developer/Toolchains/XcodeDefault.xctoolchain/usr/bin/swiftc -module-name VisePanda -Onone @/Users/jtcao/Library/Caches/visepanda/native-knowledge-20260913/build/Build/Intermediates.noindex/VisePanda.build/Debug-iphonesimulator/VisePanda.build/Objects-normal/arm64/VisePanda.SwiftFileList -DDEBUG -default-isolation\=MainActor -enable-upcoming-feature InferIsolatedConformances -enable-upcoming-feature NonisolatedNonsendingByDefault -enable-experimental-feature DebugDescriptionMacro -sdk /Applications/Xcode.app/Contents/Developer/Platforms/iPhoneSimulator.platform/Developer/SDKs/iPhoneSimulator26.5.sdk -target arm64-apple-ios17.0-simulator -g -module-cache-path /Users/jtcao/Library/Caches/visepanda/native-knowledge-20260913/build/ModuleCache.noindex -Xfrontend -serialize-debugging-options -enable-testing -index-store-path /Users/jtcao/Library/Caches/visepanda/native-knowledge-20260913/build/Index.noindex/DataStore -Xcc -D_LIBCPP_HARDENING_MODE\=_LIBCPP_HARDENING_MODE_DEBUG -swift-version 6 -I /Users/jtcao/Library/Caches/visepanda/native-knowledge-20260913/build/Build/Products/Debug-iphonesimulator -F /Users/jtcao/Library/Caches/visepanda/native-knowledge-20260913/build/Build/Products/Debug-iphonesimulator -c -j8 -enable-batch-mode -incremental -Xcc -ivfsstatcache -Xcc /Users/jtcao/Library/Caches/visepanda/native-knowledge-20260913/build/SDKStatCaches.noindex/iphonesimulator26.5-23F81a-6cfe768891a92b912361537c460fe42b.sdkstatcache -output-file-map /Users/jtcao/Library/Caches/visepanda/native-knowledge-20260913/build/Build/Intermediates.noindex/VisePanda.build/Debug-iphonesimulator/VisePanda.build/Objects-normal/arm64/VisePanda-OutputFileMap.json -use-frontend-parseable-output -save-temps -no-color-diagnostics -explicit-module-build -module-cache-path /Users/jtcao/Library/Caches/visepanda/native-knowledge-20260913/build/Build/Intermediates.noindex/SwiftExplicitPrecompiledModules -clang-scanner-module-cache-path /Users/jtcao/Library/Caches/visepanda/native-knowledge-20260913/build/ModuleCache.noindex -sdk-module-cache-path /Users/jtcao/Library/Caches/visepanda/native-knowledge-20260913/build/ModuleCache.noindex -serialize-diagnostics -emit-dependencies -emit-module -emit-module-path /Users/jtcao/Library/Caches/visepanda/native-knowledge-20260913/build/Build/Intermediates.noindex/VisePanda.build/Debug-iphonesimulator/VisePanda.build/Objects-normal/arm64/VisePanda.swiftmodule -validate-clang-modules-once -clang-build-session-file /Users/jtcao/Library/Caches/visepanda/native-knowledge-20260913/build/ModuleCache.noindex/Session.modulevalidation -Xcc -I/Users/jtcao/Library/Caches/visepanda/native-knowledge-20260913/build/Build/Intermediates.noindex/VisePanda.build/Debug-iphonesimulator/VisePanda.build/swift-overrides.hmap -emit-const-values -Xfrontend -const-gather-protocols-file -Xfrontend /Users/jtcao/Library/Caches/visepanda/native-knowledge-20260913/build/Build/Intermediates.noindex/VisePanda.build/Debug-iphonesimulator/VisePanda.build/Objects-normal/arm64/VisePanda_const_extract_protocols.json -Xcc -iquote -Xcc /Users/jtcao/Library/Caches/visepanda/native-knowledge-20260913/build/Build/Intermediates.noindex/VisePanda.build/Debug-iphonesimulator/VisePanda.build/VisePanda-generated-files.hmap -Xcc -I/Users/jtcao/Library/Caches/visepanda/native-knowledge-20260913/build/Build/Intermediates.noindex/VisePanda.build/Debug-iphonesimulator/VisePanda.build/VisePanda-own-target-headers.hmap -Xcc -I/Users/jtcao/Library/Caches/visepanda/native-knowledge-20260913/build/Build/Intermediates.noindex/VisePanda.build/Debug-iphonesimulator/VisePanda.build/VisePanda-all-target-headers.hmap -Xcc -iquote -Xcc /Users/jtcao/Library/Caches/visepanda/native-knowledge-20260913/build/Build/Intermediates.noindex/VisePanda.build/Debug-iphonesimulator/VisePanda.build/VisePanda-project-headers.hmap -Xcc -I/Users/jtcao/Library/Caches/visepanda/native-knowledge-20260913/build/Build/Products/Debug-iphonesimulator/include -Xcc -I/Users/jtcao/Library/Caches/visepanda/native-knowledge-20260913/build/Build/Intermediates.noindex/VisePanda.build/Debug-iphonesimulator/VisePanda.build/DerivedSources-normal/arm64 -Xcc -I/Users/jtcao/Library/Caches/visepanda/native-knowledge-20260913/build/Build/Intermediates.noindex/VisePanda.build/Debug-iphonesimulator/VisePanda.build/DerivedSources/arm64 -Xcc -I/Users/jtcao/Library/Caches/visepanda/native-knowledge-20260913/build/Build/Intermediates.noindex/VisePanda.build/Debug-iphonesimulator/VisePanda.build/DerivedSources -emit-objc-header -emit-objc-header-path /Users/jtcao/Library/Caches/visepanda/native-knowledge-20260913/build/Build/Intermediates.noindex/VisePanda.build/Debug-iphonesimulator/VisePanda.build/Objects-normal/arm64/VisePanda-Swift.h -working-directory /Users/jtcao/Documents/VP-V4-S2-Knowledge-Publish/ios/VisePanda -experimental-emit-module-separately -disable-cmo

Ld /Users/jtcao/Library/Caches/visepanda/native-knowledge-20260913/build/Build/Intermediates.noindex/VisePanda.build/Debug-iphonesimulator/VisePanda.build/Objects-normal/arm64/Binary/VisePanda.debug.dylib normal arm64 (in target 'VisePanda' from project 'VisePanda')
    cd /Users/jtcao/Documents/VP-V4-S2-Knowledge-Publish/ios/VisePanda
    /Applications/Xcode.app/Contents/Developer/Toolchains/XcodeDefault.xctoolchain/usr/bin/clang -Xlinker -reproducible -target arm64-apple-ios17.0-simulator -dynamiclib -isysroot /Applications/Xcode.app/Contents/Developer/Platforms/iPhoneSimulator.platform/Developer/SDKs/iPhoneSimulator26.5.sdk -O0 -L/Users/jtcao/Library/Caches/visepanda/native-knowledge-20260913/build/Build/Intermediates.noindex/EagerLinkingTBDs/Debug-iphonesimulator -L/Users/jtcao/Library/Caches/visepanda/native-knowledge-20260913/build/Build/Products/Debug-iphonesimulator -F/Users/jtcao/Library/Caches/visepanda/native-knowledge-20260913/build/Build/Intermediates.noindex/EagerLinkingTBDs/Debug-iphonesimulator -F/Users/jtcao/Library/Caches/visepanda/native-knowledge-20260913/build/Build/Products/Debug-iphonesimulator -filelist /Users/jtcao/Library/Caches/visepanda/native-knowledge-20260913/build/Build/Intermediates.noindex/VisePanda.build/Debug-iphonesimulator/VisePanda.build/Objects-normal/arm64/VisePanda.LinkFileList -install_name @rpath/VisePanda.debug.dylib -Xlinker -rpath -Xlinker /usr/lib/swift -Xlinker -dead_strip -Xlinker -object_path_lto -Xlinker /Users/jtcao/Library/Caches/visepanda/native-knowledge-20260913/build/Build/Intermediates.noindex/VisePanda.build/Debug-iphonesimulator/VisePanda.build/Objects-normal/arm64/VisePanda_lto.o -rdynamic -Xlinker -no_deduplicate -Xlinker -objc_abi_version -Xlinker 2 -Xlinker -dependency_info -Xlinker /Users/jtcao/Library/Caches/visepanda/native-knowledge-20260913/build/Build/Intermediates.noindex/VisePanda.build/Debug-iphonesimulator/VisePanda.build/Objects-normal/arm64/VisePanda_dependency_info.dat -fobjc-link-runtime -L/Applications/Xcode.app/Contents/Developer/Toolchains/XcodeDefault.xctoolchain/usr/lib/swift/iphonesimulator -L/usr/lib/swift -Xlinker -add_ast_path -Xlinker /Users/jtcao/Library/Caches/visepanda/native-knowledge-20260913/build/Build/Intermediates.noindex/VisePanda.build/Debug-iphonesimulator/VisePanda.build/Objects-normal/arm64/VisePanda.swiftmodule @/Users/jtcao/Library/Caches/visepanda/native-knowledge-20260913/build/Build/Intermediates.noindex/VisePanda.build/Debug-iphonesimulator/VisePanda.build/Objects-normal/arm64/VisePanda-linker-args.resp -Xlinker -alias -Xlinker _main -Xlinker ___debug_main_executable_dylib_entry_point -o /Users/jtcao/Library/Caches/visepanda/native-knowledge-20260913/build/Build/Intermediates.noindex/VisePanda.build/Debug-iphonesimulator/VisePanda.build/Objects-normal/arm64/Binary/VisePanda.debug.dylib

SwiftDriverJobDiscovery normal x86_64 Compiling NativeKnowledgeModels.swift, NativeKnowledgeStore.swift, NativeKnowledgeView.swift, NativeAskView.swift (in target 'VisePanda' from project 'VisePanda')

SwiftDriver\ Compilation VisePanda normal x86_64 com.apple.xcode.tools.swift.compiler (in target 'VisePanda' from project 'VisePanda')
    cd /Users/jtcao/Documents/VP-V4-S2-Knowledge-Publish/ios/VisePanda
    builtin-Swift-Compilation -- /Applications/Xcode.app/Contents/Developer/Toolchains/XcodeDefault.xctoolchain/usr/bin/swiftc -module-name VisePanda -Onone @/Users/jtcao/Library/Caches/visepanda/native-knowledge-20260913/build/Build/Intermediates.noindex/VisePanda.build/Debug-iphonesimulator/VisePanda.build/Objects-normal/x86_64/VisePanda.SwiftFileList -DDEBUG -default-isolation\=MainActor -enable-upcoming-feature InferIsolatedConformances -enable-upcoming-feature NonisolatedNonsendingByDefault -enable-experimental-feature DebugDescriptionMacro -sdk /Applications/Xcode.app/Contents/Developer/Platforms/iPhoneSimulator.platform/Developer/SDKs/iPhoneSimulator26.5.sdk -target x86_64-apple-ios17.0-simulator -g -module-cache-path /Users/jtcao/Library/Caches/visepanda/native-knowledge-20260913/build/ModuleCache.noindex -Xfrontend -serialize-debugging-options -enable-testing -index-store-path /Users/jtcao/Library/Caches/visepanda/native-knowledge-20260913/build/Index.noindex/DataStore -Xcc -D_LIBCPP_HARDENING_MODE\=_LIBCPP_HARDENING_MODE_DEBUG -swift-version 6 -I /Users/jtcao/Library/Caches/visepanda/native-knowledge-20260913/build/Build/Products/Debug-iphonesimulator -F /Users/jtcao/Library/Caches/visepanda/native-knowledge-20260913/build/Build/Products/Debug-iphonesimulator -c -j8 -enable-batch-mode -incremental -Xcc -ivfsstatcache -Xcc /Users/jtcao/Library/Caches/visepanda/native-knowledge-20260913/build/SDKStatCaches.noindex/iphonesimulator26.5-23F81a-6cfe768891a92b912361537c460fe42b.sdkstatcache -output-file-map /Users/jtcao/Library/Caches/visepanda/native-knowledge-20260913/build/Build/Intermediates.noindex/VisePanda.build/Debug-iphonesimulator/VisePanda.build/Objects-normal/x86_64/VisePanda-OutputFileMap.json -use-frontend-parseable-output -save-temps -no-color-diagnostics -explicit-module-build -module-cache-path /Users/jtcao/Library/Caches/visepanda/native-knowledge-20260913/build/Build/Intermediates.noindex/SwiftExplicitPrecompiledModules -clang-scanner-module-cache-path /Users/jtcao/Library/Caches/visepanda/native-knowledge-20260913/build/ModuleCache.noindex -sdk-module-cache-path /Users/jtcao/Library/Caches/visepanda/native-knowledge-20260913/build/ModuleCache.noindex -serialize-diagnostics -emit-dependencies -emit-module -emit-module-path /Users/jtcao/Library/Caches/visepanda/native-knowledge-20260913/build/Build/Intermediates.noindex/VisePanda.build/Debug-iphonesimulator/VisePanda.build/Objects-normal/x86_64/VisePanda.swiftmodule -validate-clang-modules-once -clang-build-session-file /Users/jtcao/Library/Caches/visepanda/native-knowledge-20260913/build/ModuleCache.noindex/Session.modulevalidation -Xcc -I/Users/jtcao/Library/Caches/visepanda/native-knowledge-20260913/build/Build/Intermediates.noindex/VisePanda.build/Debug-iphonesimulator/VisePanda.build/swift-overrides.hmap -emit-const-values -Xfrontend -const-gather-protocols-file -Xfrontend /Users/jtcao/Library/Caches/visepanda/native-knowledge-20260913/build/Build/Intermediates.noindex/VisePanda.build/Debug-iphonesimulator/VisePanda.build/Objects-normal/x86_64/VisePanda_const_extract_protocols.json -Xcc -iquote -Xcc /Users/jtcao/Library/Caches/visepanda/native-knowledge-20260913/build/Build/Intermediates.noindex/VisePanda.build/Debug-iphonesimulator/VisePanda.build/VisePanda-generated-files.hmap -Xcc -I/Users/jtcao/Library/Caches/visepanda/native-knowledge-20260913/build/Build/Intermediates.noindex/VisePanda.build/Debug-iphonesimulator/VisePanda.build/VisePanda-own-target-headers.hmap -Xcc -I/Users/jtcao/Library/Caches/visepanda/native-knowledge-20260913/build/Build/Intermediates.noindex/VisePanda.build/Debug-iphonesimulator/VisePanda.build/VisePanda-all-target-headers.hmap -Xcc -iquote -Xcc /Users/jtcao/Library/Caches/visepanda/native-knowledge-20260913/build/Build/Intermediates.noindex/VisePanda.build/Debug-iphonesimulator/VisePanda.build/VisePanda-project-headers.hmap -Xcc -I/Users/jtcao/Library/Caches/visepanda/native-knowledge-20260913/build/Build/Products/Debug-iphonesimulator/include -Xcc -I/Users/jtcao/Library/Caches/visepanda/native-knowledge-20260913/build/Build/Intermediates.noindex/VisePanda.build/Debug-iphonesimulator/VisePanda.build/DerivedSources-normal/x86_64 -Xcc -I/Users/jtcao/Library/Caches/visepanda/native-knowledge-20260913/build/Build/Intermediates.noindex/VisePanda.build/Debug-iphonesimulator/VisePanda.build/DerivedSources/x86_64 -Xcc -I/Users/jtcao/Library/Caches/visepanda/native-knowledge-20260913/build/Build/Intermediates.noindex/VisePanda.build/Debug-iphonesimulator/VisePanda.build/DerivedSources -emit-objc-header -emit-objc-header-path /Users/jtcao/Library/Caches/visepanda/native-knowledge-20260913/build/Build/Intermediates.noindex/VisePanda.build/Debug-iphonesimulator/VisePanda.build/Objects-normal/x86_64/VisePanda-Swift.h -working-directory /Users/jtcao/Documents/VP-V4-S2-Knowledge-Publish/ios/VisePanda -experimental-emit-module-separately -disable-cmo

Ld /Users/jtcao/Library/Caches/visepanda/native-knowledge-20260913/build/Build/Intermediates.noindex/VisePanda.build/Debug-iphonesimulator/VisePanda.build/Objects-normal/x86_64/Binary/VisePanda.debug.dylib normal x86_64 (in target 'VisePanda' from project 'VisePanda')
    cd /Users/jtcao/Documents/VP-V4-S2-Knowledge-Publish/ios/VisePanda
    /Applications/Xcode.app/Contents/Developer/Toolchains/XcodeDefault.xctoolchain/usr/bin/clang -Xlinker -reproducible -target x86_64-apple-ios17.0-simulator -dynamiclib -isysroot /Applications/Xcode.app/Contents/Developer/Platforms/iPhoneSimulator.platform/Developer/SDKs/iPhoneSimulator26.5.sdk -O0 -L/Users/jtcao/Library/Caches/visepanda/native-knowledge-20260913/build/Build/Intermediates.noindex/EagerLinkingTBDs/Debug-iphonesimulator -L/Users/jtcao/Library/Caches/visepanda/native-knowledge-20260913/build/Build/Products/Debug-iphonesimulator -F/Users/jtcao/Library/Caches/visepanda/native-knowledge-20260913/build/Build/Intermediates.noindex/EagerLinkingTBDs/Debug-iphonesimulator -F/Users/jtcao/Library/Caches/visepanda/native-knowledge-20260913/build/Build/Products/Debug-iphonesimulator -filelist /Users/jtcao/Library/Caches/visepanda/native-knowledge-20260913/build/Build/Intermediates.noindex/VisePanda.build/Debug-iphonesimulator/VisePanda.build/Objects-normal/x86_64/VisePanda.LinkFileList -install_name @rpath/VisePanda.debug.dylib -Xlinker -rpath -Xlinker /usr/lib/swift -Xlinker -dead_strip -Xlinker -object_path_lto -Xlinker /Users/jtcao/Library/Caches/visepanda/native-knowledge-20260913/build/Build/Intermediates.noindex/VisePanda.build/Debug-iphonesimulator/VisePanda.build/Objects-normal/x86_64/VisePanda_lto.o -rdynamic -Xlinker -no_deduplicate -Xlinker -objc_abi_version -Xlinker 2 -Xlinker -dependency_info -Xlinker /Users/jtcao/Library/Caches/visepanda/native-knowledge-20260913/build/Build/Intermediates.noindex/VisePanda.build/Debug-iphonesimulator/VisePanda.build/Objects-normal/x86_64/VisePanda_dependency_info.dat -fobjc-link-runtime -L/Applications/Xcode.app/Contents/Developer/Toolchains/XcodeDefault.xctoolchain/usr/lib/swift/iphonesimulator -L/usr/lib/swift -Xlinker -add_ast_path -Xlinker /Users/jtcao/Library/Caches/visepanda/native-knowledge-20260913/build/Build/Intermediates.noindex/VisePanda.build/Debug-iphonesimulator/VisePanda.build/Objects-normal/x86_64/VisePanda.swiftmodule @/Users/jtcao/Library/Caches/visepanda/native-knowledge-20260913/build/Build/Intermediates.noindex/VisePanda.build/Debug-iphonesimulator/VisePanda.build/Objects-normal/x86_64/VisePanda-linker-args.resp -Xlinker -alias -Xlinker _main -Xlinker ___debug_main_executable_dylib_entry_point -o /Users/jtcao/Library/Caches/visepanda/native-knowledge-20260913/build/Build/Intermediates.noindex/VisePanda.build/Debug-iphonesimulator/VisePanda.build/Objects-normal/x86_64/Binary/VisePanda.debug.dylib

ConstructStubExecutorLinkFileList /Users/jtcao/Library/Caches/visepanda/native-knowledge-20260913/build/Build/Intermediates.noindex/VisePanda.build/Debug-iphonesimulator/VisePanda.build/VisePanda-ExecutorLinkFileList-normal-arm64.txt (in target 'VisePanda' from project 'VisePanda')
    cd /Users/jtcao/Documents/VP-V4-S2-Knowledge-Publish/ios/VisePanda
    construct-stub-executor-link-file-list /Users/jtcao/Library/Caches/visepanda/native-knowledge-20260913/build/Build/Intermediates.noindex/VisePanda.build/Debug-iphonesimulator/VisePanda.build/Objects-normal/arm64/Binary/VisePanda.debug.dylib /Applications/Xcode.app/Contents/Developer/Platforms/iPhoneSimulator.platform/Developer/usr/lib/libPreviewsJITStubExecutor_no_swift_entry_point.a /Applications/Xcode.app/Contents/Developer/Platforms/iPhoneSimulator.platform/Developer/usr/lib/libPreviewsJITStubExecutor.a --output /Users/jtcao/Library/Caches/visepanda/native-knowledge-20260913/build/Build/Intermediates.noindex/VisePanda.build/Debug-iphonesimulator/VisePanda.build/VisePanda-ExecutorLinkFileList-normal-arm64.txt
note: Using stub executor library with Swift entry point. (in target 'VisePanda' from project 'VisePanda')

Ld /Users/jtcao/Library/Caches/visepanda/native-knowledge-20260913/build/Build/Intermediates.noindex/VisePanda.build/Debug-iphonesimulator/VisePanda.build/Objects-normal/arm64/Binary/VisePanda normal arm64 (in target 'VisePanda' from project 'VisePanda')
    cd /Users/jtcao/Documents/VP-V4-S2-Knowledge-Publish/ios/VisePanda
    /Applications/Xcode.app/Contents/Developer/Toolchains/XcodeDefault.xctoolchain/usr/bin/clang -Xlinker -reproducible -target arm64-apple-ios17.0-simulator -isysroot /Applications/Xcode.app/Contents/Developer/Platforms/iPhoneSimulator.platform/Developer/SDKs/iPhoneSimulator26.5.sdk -O0 -L/Users/jtcao/Library/Caches/visepanda/native-knowledge-20260913/build/Build/Products/Debug-iphonesimulator -F/Users/jtcao/Library/Caches/visepanda/native-knowledge-20260913/build/Build/Products/Debug-iphonesimulator -Xlinker -rpath -Xlinker @executable_path -rdynamic -Xlinker -no_deduplicate -Xlinker -objc_abi_version -Xlinker 2 -e ___debug_blank_executor_main -Xlinker -sectcreate -Xlinker __TEXT -Xlinker __debug_dylib -Xlinker /Users/jtcao/Library/Caches/visepanda/native-knowledge-20260913/build/Build/Intermediates.noindex/VisePanda.build/Debug-iphonesimulator/VisePanda.build/VisePanda-DebugDylibPath-normal-arm64.txt -Xlinker -sectcreate -Xlinker __TEXT -Xlinker __debug_instlnm -Xlinker /Users/jtcao/Library/Caches/visepanda/native-knowledge-20260913/build/Build/Intermediates.noindex/VisePanda.build/Debug-iphonesimulator/VisePanda.build/VisePanda-DebugDylibInstallName-normal-arm64.txt -Xlinker -filelist -Xlinker /Users/jtcao/Library/Caches/visepanda/native-knowledge-20260913/build/Build/Intermediates.noindex/VisePanda.build/Debug-iphonesimulator/VisePanda.build/VisePanda-ExecutorLinkFileList-normal-arm64.txt /Users/jtcao/Library/Caches/visepanda/native-knowledge-20260913/build/Build/Intermediates.noindex/VisePanda.build/Debug-iphonesimulator/VisePanda.build/Objects-normal/arm64/Binary/VisePanda.debug.dylib -o /Users/jtcao/Library/Caches/visepanda/native-knowledge-20260913/build/Build/Intermediates.noindex/VisePanda.build/Debug-iphonesimulator/VisePanda.build/Objects-normal/arm64/Binary/VisePanda

CreateUniversalBinary /Users/jtcao/Library/Caches/visepanda/native-knowledge-20260913/build/Build/Products/Debug-iphonesimulator/VisePanda.app/VisePanda.debug.dylib normal arm64\ x86_64 (in target 'VisePanda' from project 'VisePanda')
    cd /Users/jtcao/Documents/VP-V4-S2-Knowledge-Publish/ios/VisePanda
    /Applications/Xcode.app/Contents/Developer/Toolchains/XcodeDefault.xctoolchain/usr/bin/lipo -create /Users/jtcao/Library/Caches/visepanda/native-knowledge-20260913/build/Build/Intermediates.noindex/VisePanda.build/Debug-iphonesimulator/VisePanda.build/Objects-normal/arm64/Binary/VisePanda.debug.dylib /Users/jtcao/Library/Caches/visepanda/native-knowledge-20260913/build/Build/Intermediates.noindex/VisePanda.build/Debug-iphonesimulator/VisePanda.build/Objects-normal/x86_64/Binary/VisePanda.debug.dylib -output /Users/jtcao/Library/Caches/visepanda/native-knowledge-20260913/build/Build/Products/Debug-iphonesimulator/VisePanda.app/VisePanda.debug.dylib

ConstructStubExecutorLinkFileList /Users/jtcao/Library/Caches/visepanda/native-knowledge-20260913/build/Build/Intermediates.noindex/VisePanda.build/Debug-iphonesimulator/VisePanda.build/VisePanda-ExecutorLinkFileList-normal-x86_64.txt (in target 'VisePanda' from project 'VisePanda')
    cd /Users/jtcao/Documents/VP-V4-S2-Knowledge-Publish/ios/VisePanda
    construct-stub-executor-link-file-list /Users/jtcao/Library/Caches/visepanda/native-knowledge-20260913/build/Build/Intermediates.noindex/VisePanda.build/Debug-iphonesimulator/VisePanda.build/Objects-normal/x86_64/Binary/VisePanda.debug.dylib /Applications/Xcode.app/Contents/Developer/Platforms/iPhoneSimulator.platform/Developer/usr/lib/libPreviewsJITStubExecutor_no_swift_entry_point.a /Applications/Xcode.app/Contents/Developer/Platforms/iPhoneSimulator.platform/Developer/usr/lib/libPreviewsJITStubExecutor.a --output /Users/jtcao/Library/Caches/visepanda/native-knowledge-20260913/build/Build/Intermediates.noindex/VisePanda.build/Debug-iphonesimulator/VisePanda.build/VisePanda-ExecutorLinkFileList-normal-x86_64.txt
note: Using stub executor library with Swift entry point. (in target 'VisePanda' from project 'VisePanda')

Ld /Users/jtcao/Library/Caches/visepanda/native-knowledge-20260913/build/Build/Intermediates.noindex/VisePanda.build/Debug-iphonesimulator/VisePanda.build/Objects-normal/x86_64/Binary/VisePanda normal x86_64 (in target 'VisePanda' from project 'VisePanda')
    cd /Users/jtcao/Documents/VP-V4-S2-Knowledge-Publish/ios/VisePanda
    /Applications/Xcode.app/Contents/Developer/Toolchains/XcodeDefault.xctoolchain/usr/bin/clang -Xlinker -reproducible -target x86_64-apple-ios17.0-simulator -isysroot /Applications/Xcode.app/Contents/Developer/Platforms/iPhoneSimulator.platform/Developer/SDKs/iPhoneSimulator26.5.sdk -O0 -L/Users/jtcao/Library/Caches/visepanda/native-knowledge-20260913/build/Build/Products/Debug-iphonesimulator -F/Users/jtcao/Library/Caches/visepanda/native-knowledge-20260913/build/Build/Products/Debug-iphonesimulator -Xlinker -rpath -Xlinker @executable_path -rdynamic -Xlinker -no_deduplicate -Xlinker -objc_abi_version -Xlinker 2 -e ___debug_blank_executor_main -Xlinker -sectcreate -Xlinker __TEXT -Xlinker __debug_dylib -Xlinker /Users/jtcao/Library/Caches/visepanda/native-knowledge-20260913/build/Build/Intermediates.noindex/VisePanda.build/Debug-iphonesimulator/VisePanda.build/VisePanda-DebugDylibPath-normal-x86_64.txt -Xlinker -sectcreate -Xlinker __TEXT -Xlinker __debug_instlnm -Xlinker /Users/jtcao/Library/Caches/visepanda/native-knowledge-20260913/build/Build/Intermediates.noindex/VisePanda.build/Debug-iphonesimulator/VisePanda.build/VisePanda-DebugDylibInstallName-normal-x86_64.txt -Xlinker -filelist -Xlinker /Users/jtcao/Library/Caches/visepanda/native-knowledge-20260913/build/Build/Intermediates.noindex/VisePanda.build/Debug-iphonesimulator/VisePanda.build/VisePanda-ExecutorLinkFileList-normal-x86_64.txt /Users/jtcao/Library/Caches/visepanda/native-knowledge-20260913/build/Build/Intermediates.noindex/VisePanda.build/Debug-iphonesimulator/VisePanda.build/Objects-normal/x86_64/Binary/VisePanda.debug.dylib -o /Users/jtcao/Library/Caches/visepanda/native-knowledge-20260913/build/Build/Intermediates.noindex/VisePanda.build/Debug-iphonesimulator/VisePanda.build/Objects-normal/x86_64/Binary/VisePanda

CreateUniversalBinary /Users/jtcao/Library/Caches/visepanda/native-knowledge-20260913/build/Build/Products/Debug-iphonesimulator/VisePanda.app/VisePanda normal arm64\ x86_64 (in target 'VisePanda' from project 'VisePanda')
    cd /Users/jtcao/Documents/VP-V4-S2-Knowledge-Publish/ios/VisePanda
    /Applications/Xcode.app/Contents/Developer/Toolchains/XcodeDefault.xctoolchain/usr/bin/lipo -create /Users/jtcao/Library/Caches/visepanda/native-knowledge-20260913/build/Build/Intermediates.noindex/VisePanda.build/Debug-iphonesimulator/VisePanda.build/Objects-normal/arm64/Binary/VisePanda /Users/jtcao/Library/Caches/visepanda/native-knowledge-20260913/build/Build/Intermediates.noindex/VisePanda.build/Debug-iphonesimulator/VisePanda.build/Objects-normal/x86_64/Binary/VisePanda -output /Users/jtcao/Library/Caches/visepanda/native-knowledge-20260913/build/Build/Products/Debug-iphonesimulator/VisePanda.app/VisePanda

CopySwiftLibs /Users/jtcao/Library/Caches/visepanda/native-knowledge-20260913/build/Build/Products/Debug-iphonesimulator/VisePanda.app (in target 'VisePanda' from project 'VisePanda')
    cd /Users/jtcao/Documents/VP-V4-S2-Knowledge-Publish/ios/VisePanda
    builtin-swiftStdLibTool --copy --verbose --scan-executable /Users/jtcao/Library/Caches/visepanda/native-knowledge-20260913/build/Build/Products/Debug-iphonesimulator/VisePanda.app/VisePanda.debug.dylib --scan-folder /Users/jtcao/Library/Caches/visepanda/native-knowledge-20260913/build/Build/Products/Debug-iphonesimulator/VisePanda.app/Frameworks --scan-folder /Users/jtcao/Library/Caches/visepanda/native-knowledge-20260913/build/Build/Products/Debug-iphonesimulator/VisePanda.app/PlugIns --scan-folder /Users/jtcao/Library/Caches/visepanda/native-knowledge-20260913/build/Build/Products/Debug-iphonesimulator/VisePanda.app/SystemExtensions --scan-folder /Users/jtcao/Library/Caches/visepanda/native-knowledge-20260913/build/Build/Products/Debug-iphonesimulator/VisePanda.app/Extensions --platform iphonesimulator --toolchain /Applications/Xcode.app/Contents/Developer/Toolchains/XcodeDefault.xctoolchain --destination /Users/jtcao/Library/Caches/visepanda/native-knowledge-20260913/build/Build/Products/Debug-iphonesimulator/VisePanda.app/Frameworks --strip-bitcode --strip-bitcode-tool /Applications/Xcode.app/Contents/Developer/Toolchains/XcodeDefault.xctoolchain/usr/bin/bitcode_strip --emit-dependency-info /Users/jtcao/Library/Caches/visepanda/native-knowledge-20260913/build/Build/Intermediates.noindex/VisePanda.build/Debug-iphonesimulator/VisePanda.build/SwiftStdLibToolInputDependencies.dep --filter-for-swift-os --back-deploy-swift-span
Ignoring --strip-bitcode because --sign was not passed

ExtractAppIntentsMetadata (in target 'VisePanda' from project 'VisePanda')
    cd /Users/jtcao/Documents/VP-V4-S2-Knowledge-Publish/ios/VisePanda
    /Applications/Xcode.app/Contents/Developer/Toolchains/XcodeDefault.xctoolchain/usr/bin/appintentsmetadataprocessor --toolchain-dir /Applications/Xcode.app/Contents/Developer/Toolchains/XcodeDefault.xctoolchain --module-name VisePanda --sdk-root /Applications/Xcode.app/Contents/Developer/Platforms/iPhoneSimulator.platform/Developer/SDKs/iPhoneSimulator26.5.sdk --xcode-version 17F113 --platform-family iOS --deployment-target 17.0 --bundle-identifier space.go2china.VisePanda --output /Users/jtcao/Library/Caches/visepanda/native-knowledge-20260913/build/Build/Products/Debug-iphonesimulator/VisePanda.app --target-triple arm64-apple-ios17.0-simulator --target-triple x86_64-apple-ios17.0-simulator --binary-file /Users/jtcao/Library/Caches/visepanda/native-knowledge-20260913/build/Build/Products/Debug-iphonesimulator/VisePanda.app/VisePanda --dependency-file /Users/jtcao/Library/Caches/visepanda/native-knowledge-20260913/build/Build/Intermediates.noindex/VisePanda.build/Debug-iphonesimulator/VisePanda.build/Objects-normal/arm64/VisePanda_dependency_info.dat --dependency-file /Users/jtcao/Library/Caches/visepanda/native-knowledge-20260913/build/Build/Intermediates.noindex/VisePanda.build/Debug-iphonesimulator/VisePanda.build/Objects-normal/x86_64/VisePanda_dependency_info.dat --stringsdata-file /Users/jtcao/Library/Caches/visepanda/native-knowledge-20260913/build/Build/Intermediates.noindex/VisePanda.build/Debug-iphonesimulator/VisePanda.build/Objects-normal/arm64/ExtractedAppShortcutsMetadata.stringsdata --stringsdata-file /Users/jtcao/Library/Caches/visepanda/native-knowledge-20260913/build/Build/Intermediates.noindex/VisePanda.build/Debug-iphonesimulator/VisePanda.build/Objects-normal/x86_64/ExtractedAppShortcutsMetadata.stringsdata --source-file-list /Users/jtcao/Library/Caches/visepanda/native-knowledge-20260913/build/Build/Intermediates.noindex/VisePanda.build/Debug-iphonesimulator/VisePanda.build/Objects-normal/arm64/VisePanda.SwiftFileList --source-file-list /Users/jtcao/Library/Caches/visepanda/native-knowledge-20260913/build/Build/Intermediates.noindex/VisePanda.build/Debug-iphonesimulator/VisePanda.build/Objects-normal/x86_64/VisePanda.SwiftFileList --metadata-file-list /Users/jtcao/Library/Caches/visepanda/native-knowledge-20260913/build/Build/Intermediates.noindex/VisePanda.build/Debug-iphonesimulator/VisePanda.build/VisePanda.DependencyMetadataFileList --static-metadata-file-list /Users/jtcao/Library/Caches/visepanda/native-knowledge-20260913/build/Build/Intermediates.noindex/VisePanda.build/Debug-iphonesimulator/VisePanda.build/VisePanda.DependencyStaticMetadataFileList --swift-const-vals-list /Users/jtcao/Library/Caches/visepanda/native-knowledge-20260913/build/Build/Intermediates.noindex/VisePanda.build/Debug-iphonesimulator/VisePanda.build/Objects-normal/arm64/VisePanda.SwiftConstValuesFileList --swift-const-vals-list /Users/jtcao/Library/Caches/visepanda/native-knowledge-20260913/build/Build/Intermediates.noindex/VisePanda.build/Debug-iphonesimulator/VisePanda.build/Objects-normal/x86_64/VisePanda.SwiftConstValuesFileList --compile-time-extraction --deployment-aware-processing --validate-assistant-intents --no-app-shortcuts-localization
2026-09-13 00:23:58.451 appintentsmetadataprocessor[25814:320724] Starting appintentsmetadataprocessor export
2026-09-13 00:23:58.458 appintentsmetadataprocessor[25814:320724] warning: Metadata extraction skipped. No AppIntents.framework dependency found.

AppIntentsSSUTraining (in target 'VisePanda' from project 'VisePanda')
    cd /Users/jtcao/Documents/VP-V4-S2-Knowledge-Publish/ios/VisePanda
    /Applications/Xcode.app/Contents/Developer/Toolchains/XcodeDefault.xctoolchain/usr/bin/appintentsnltrainingprocessor --infoplist-path /Users/jtcao/Library/Caches/visepanda/native-knowledge-20260913/build/Build/Products/Debug-iphonesimulator/VisePanda.app/Info.plist --temp-dir-path /Users/jtcao/Library/Caches/visepanda/native-knowledge-20260913/build/Build/Intermediates.noindex/VisePanda.build/Debug-iphonesimulator/VisePanda.build/ssu --bundle-id space.go2china.VisePanda --product-path /Users/jtcao/Library/Caches/visepanda/native-knowledge-20260913/build/Build/Products/Debug-iphonesimulator/VisePanda.app --extracted-metadata-path /Users/jtcao/Library/Caches/visepanda/native-knowledge-20260913/build/Build/Products/Debug-iphonesimulator/VisePanda.app/Metadata.appintents --metadata-file-list /Users/jtcao/Library/Caches/visepanda/native-knowledge-20260913/build/Build/Intermediates.noindex/VisePanda.build/Debug-iphonesimulator/VisePanda.build/VisePanda.DependencyMetadataFileList --source-file /Users/jtcao/Library/Caches/visepanda/native-knowledge-20260913/build/Build/Products/Debug-iphonesimulator/VisePanda.app/Info.plist --archive-ssu-assets
2026-09-13 00:23:58.494 appintentsnltrainingprocessor[25816:320727] Parsing options for appintentsnltrainingprocessor
2026-09-13 00:23:58.495 appintentsnltrainingprocessor[25816:320727] Starting AppIntents SSU YAML Generation
2026-09-13 00:23:58.495 appintentsnltrainingprocessor[25816:320727] No AppShortcuts found - Skipping.

RegisterExecutionPolicyException /Users/jtcao/Library/Caches/visepanda/native-knowledge-20260913/build/Build/Products/Debug-iphonesimulator/VisePanda.app (in target 'VisePanda' from project 'VisePanda')
    cd /Users/jtcao/Documents/VP-V4-S2-Knowledge-Publish/ios/VisePanda
    builtin-RegisterExecutionPolicyException /Users/jtcao/Library/Caches/visepanda/native-knowledge-20260913/build/Build/Products/Debug-iphonesimulator/VisePanda.app

Validate /Users/jtcao/Library/Caches/visepanda/native-knowledge-20260913/build/Build/Products/Debug-iphonesimulator/VisePanda.app (in target 'VisePanda' from project 'VisePanda')
    cd /Users/jtcao/Documents/VP-V4-S2-Knowledge-Publish/ios/VisePanda
    builtin-validationUtility /Users/jtcao/Library/Caches/visepanda/native-knowledge-20260913/build/Build/Products/Debug-iphonesimulator/VisePanda.app -shallow-bundle -infoplist-subpath Info.plist

Touch /Users/jtcao/Library/Caches/visepanda/native-knowledge-20260913/build/Build/Products/Debug-iphonesimulator/VisePanda.app (in target 'VisePanda' from project 'VisePanda')
    cd /Users/jtcao/Documents/VP-V4-S2-Knowledge-Publish/ios/VisePanda
    /usr/bin/touch -c /Users/jtcao/Library/Caches/visepanda/native-knowledge-20260913/build/Build/Products/Debug-iphonesimulator/VisePanda.app

** BUILD SUCCEEDED **
