Command line invocation:
    /Applications/Xcode.app/Contents/Developer/usr/bin/xcodebuild build-for-testing -project ios/VisePanda/VisePanda.xcodeproj -scheme VisePanda -destination "generic/platform=iOS Simulator" -derivedDataPath /Users/jtcao/Library/Caches/visepanda/native-knowledge-20260913/build CODE_SIGNING_ALLOWED=YES CODE_SIGN_IDENTITY=-

Build settings from command line:
    CODE_SIGN_IDENTITY = -
    CODE_SIGNING_ALLOWED = YES

note: Using codesigning identity override: -
ComputePackagePrebuildTargetDependencyGraph

Prepare packages

CreateBuildRequest

SendProjectDescription

CreateBuildOperation

ComputeTargetDependencyGraph
note: Building targets in dependency order
note: Target dependency graph (3 targets)
    Target 'VisePandaUITests' in project 'VisePanda'
        ➜ Explicit dependency on target 'VisePanda' in project 'VisePanda'
    Target 'VisePandaTests' in project 'VisePanda'
        ➜ Explicit dependency on target 'VisePanda' in project 'VisePanda'
    Target 'VisePanda' in project 'VisePanda' (no dependencies)

GatherProvisioningInputs

CreateBuildDescription

ExecuteExternalTool /Applications/Xcode.app/Contents/Developer/usr/bin/xcstringstool compile --dry-run --output-directory /Users/jtcao/Library/Caches/visepanda/native-knowledge-20260913/build/Build/Intermediates.noindex/VisePanda.build/Debug-iphonesimulator/VisePanda.build /Users/jtcao/Documents/VP-V4-S2-Knowledge-Publish/ios/VisePanda/VisePanda/Resources/Localizable.xcstrings

ExecuteExternalTool /Applications/Xcode.app/Contents/Developer/Toolchains/XcodeDefault.xctoolchain/usr/bin/swiftc --version

ExecuteExternalTool /Applications/Xcode.app/Contents/Developer/usr/bin/actool --print-asset-tag-combinations --output-format xml1 /Users/jtcao/Documents/VP-V4-S2-Knowledge-Publish/ios/VisePanda/VisePanda/Resources/Assets.xcassets

ExecuteExternalTool /Applications/Xcode.app/Contents/Developer/Toolchains/XcodeDefault.xctoolchain/usr/bin/clang -v -E -dM -isysroot /Applications/Xcode.app/Contents/Developer/Platforms/iPhoneSimulator.platform/Developer/SDKs/iPhoneSimulator26.5.sdk -x c -c /dev/null

ExecuteExternalTool /Applications/Xcode.app/Contents/Developer/Toolchains/XcodeDefault.xctoolchain/usr/bin/ld -version_details

ExecuteExternalTool /Applications/Xcode.app/Contents/Developer/usr/bin/actool --version --output-format xml1

Build description signature: bb814cc513bb1ed371510d8c2aaac8bb
Build description path: /Users/jtcao/Library/Caches/visepanda/native-knowledge-20260913/build/Build/Intermediates.noindex/XCBuildData/bb814cc513bb1ed371510d8c2aaac8bb.xcbuilddata
ClangStatCache /Applications/Xcode.app/Contents/Developer/Toolchains/XcodeDefault.xctoolchain/usr/bin/clang-stat-cache /Applications/Xcode.app/Contents/Developer/Platforms/iPhoneSimulator.platform/Developer/SDKs/iPhoneSimulator26.5.sdk /Users/jtcao/Library/Caches/visepanda/native-knowledge-20260913/build/SDKStatCaches.noindex/iphonesimulator26.5-23F81a-6cfe768891a92b912361537c460fe42b.sdkstatcache
    cd /Users/jtcao/Documents/VP-V4-S2-Knowledge-Publish/ios/VisePanda/VisePanda.xcodeproj
    /Applications/Xcode.app/Contents/Developer/Toolchains/XcodeDefault.xctoolchain/usr/bin/clang-stat-cache /Applications/Xcode.app/Contents/Developer/Platforms/iPhoneSimulator.platform/Developer/SDKs/iPhoneSimulator26.5.sdk -o /Users/jtcao/Library/Caches/visepanda/native-knowledge-20260913/build/SDKStatCaches.noindex/iphonesimulator26.5-23F81a-6cfe768891a92b912361537c460fe42b.sdkstatcache

WriteAuxiliaryFile /Users/jtcao/Library/Caches/visepanda/native-knowledge-20260913/build/Build/Intermediates.noindex/VisePanda.build/Debug-iphonesimulator/VisePandaUITests.build/Objects-normal/x86_64/VisePandaUITests.SwiftConstValuesFileList (in target 'VisePandaUITests' from project 'VisePanda')
    cd /Users/jtcao/Documents/VP-V4-S2-Knowledge-Publish/ios/VisePanda
    write-file /Users/jtcao/Library/Caches/visepanda/native-knowledge-20260913/build/Build/Intermediates.noindex/VisePanda.build/Debug-iphonesimulator/VisePandaUITests.build/Objects-normal/x86_64/VisePandaUITests.SwiftConstValuesFileList

WriteAuxiliaryFile /Users/jtcao/Library/Caches/visepanda/native-knowledge-20260913/build/Build/Intermediates.noindex/VisePanda.build/Debug-iphonesimulator/VisePandaUITests.build/Objects-normal/x86_64/VisePandaUITests.SwiftFileList (in target 'VisePandaUITests' from project 'VisePanda')
    cd /Users/jtcao/Documents/VP-V4-S2-Knowledge-Publish/ios/VisePanda
    write-file /Users/jtcao/Library/Caches/visepanda/native-knowledge-20260913/build/Build/Intermediates.noindex/VisePanda.build/Debug-iphonesimulator/VisePandaUITests.build/Objects-normal/x86_64/VisePandaUITests.SwiftFileList

WriteAuxiliaryFile /Users/jtcao/Library/Caches/visepanda/native-knowledge-20260913/build/Build/Intermediates.noindex/VisePanda.build/Debug-iphonesimulator/VisePandaUITests.build/Objects-normal/x86_64/VisePandaUITests_const_extract_protocols.json (in target 'VisePandaUITests' from project 'VisePanda')
    cd /Users/jtcao/Documents/VP-V4-S2-Knowledge-Publish/ios/VisePanda
    write-file /Users/jtcao/Library/Caches/visepanda/native-knowledge-20260913/build/Build/Intermediates.noindex/VisePanda.build/Debug-iphonesimulator/VisePandaUITests.build/Objects-normal/x86_64/VisePandaUITests_const_extract_protocols.json

WriteAuxiliaryFile /Users/jtcao/Library/Caches/visepanda/native-knowledge-20260913/build/Build/Intermediates.noindex/VisePanda.build/Debug-iphonesimulator/VisePandaUITests.build/Objects-normal/x86_64/VisePandaUITests.LinkFileList (in target 'VisePandaUITests' from project 'VisePanda')
    cd /Users/jtcao/Documents/VP-V4-S2-Knowledge-Publish/ios/VisePanda
    write-file /Users/jtcao/Library/Caches/visepanda/native-knowledge-20260913/build/Build/Intermediates.noindex/VisePanda.build/Debug-iphonesimulator/VisePandaUITests.build/Objects-normal/x86_64/VisePandaUITests.LinkFileList

WriteAuxiliaryFile /Users/jtcao/Library/Caches/visepanda/native-knowledge-20260913/build/Build/Intermediates.noindex/VisePanda.build/Debug-iphonesimulator/VisePandaUITests.build/Objects-normal/x86_64/VisePandaUITests-OutputFileMap.json (in target 'VisePandaUITests' from project 'VisePanda')
    cd /Users/jtcao/Documents/VP-V4-S2-Knowledge-Publish/ios/VisePanda
    write-file /Users/jtcao/Library/Caches/visepanda/native-knowledge-20260913/build/Build/Intermediates.noindex/VisePanda.build/Debug-iphonesimulator/VisePandaUITests.build/Objects-normal/x86_64/VisePandaUITests-OutputFileMap.json

WriteAuxiliaryFile /Users/jtcao/Library/Caches/visepanda/native-knowledge-20260913/build/Build/Intermediates.noindex/VisePanda.build/Debug-iphonesimulator/VisePandaUITests.build/Objects-normal/arm64/VisePandaUITests.SwiftFileList (in target 'VisePandaUITests' from project 'VisePanda')
    cd /Users/jtcao/Documents/VP-V4-S2-Knowledge-Publish/ios/VisePanda
    write-file /Users/jtcao/Library/Caches/visepanda/native-knowledge-20260913/build/Build/Intermediates.noindex/VisePanda.build/Debug-iphonesimulator/VisePandaUITests.build/Objects-normal/arm64/VisePandaUITests.SwiftFileList

WriteAuxiliaryFile /Users/jtcao/Library/Caches/visepanda/native-knowledge-20260913/build/Build/Intermediates.noindex/VisePanda.build/Debug-iphonesimulator/VisePandaUITests.build/Objects-normal/arm64/VisePandaUITests.SwiftConstValuesFileList (in target 'VisePandaUITests' from project 'VisePanda')
    cd /Users/jtcao/Documents/VP-V4-S2-Knowledge-Publish/ios/VisePanda
    write-file /Users/jtcao/Library/Caches/visepanda/native-knowledge-20260913/build/Build/Intermediates.noindex/VisePanda.build/Debug-iphonesimulator/VisePandaUITests.build/Objects-normal/arm64/VisePandaUITests.SwiftConstValuesFileList

WriteAuxiliaryFile /Users/jtcao/Library/Caches/visepanda/native-knowledge-20260913/build/Build/Intermediates.noindex/VisePanda.build/Debug-iphonesimulator/VisePandaUITests.build/Objects-normal/arm64/VisePandaUITests.LinkFileList (in target 'VisePandaUITests' from project 'VisePanda')
    cd /Users/jtcao/Documents/VP-V4-S2-Knowledge-Publish/ios/VisePanda
    write-file /Users/jtcao/Library/Caches/visepanda/native-knowledge-20260913/build/Build/Intermediates.noindex/VisePanda.build/Debug-iphonesimulator/VisePandaUITests.build/Objects-normal/arm64/VisePandaUITests.LinkFileList

WriteAuxiliaryFile /Users/jtcao/Library/Caches/visepanda/native-knowledge-20260913/build/Build/Intermediates.noindex/VisePanda.build/Debug-iphonesimulator/VisePandaUITests.build/Objects-normal/arm64/VisePandaUITests-OutputFileMap.json (in target 'VisePandaUITests' from project 'VisePanda')
    cd /Users/jtcao/Documents/VP-V4-S2-Knowledge-Publish/ios/VisePanda
    write-file /Users/jtcao/Library/Caches/visepanda/native-knowledge-20260913/build/Build/Intermediates.noindex/VisePanda.build/Debug-iphonesimulator/VisePandaUITests.build/Objects-normal/arm64/VisePandaUITests-OutputFileMap.json

WriteAuxiliaryFile /Users/jtcao/Library/Caches/visepanda/native-knowledge-20260913/build/Build/Intermediates.noindex/VisePanda.build/Debug-iphonesimulator/VisePandaTests.build/Objects-normal/x86_64/VisePandaTests_const_extract_protocols.json (in target 'VisePandaTests' from project 'VisePanda')
    cd /Users/jtcao/Documents/VP-V4-S2-Knowledge-Publish/ios/VisePanda
    write-file /Users/jtcao/Library/Caches/visepanda/native-knowledge-20260913/build/Build/Intermediates.noindex/VisePanda.build/Debug-iphonesimulator/VisePandaTests.build/Objects-normal/x86_64/VisePandaTests_const_extract_protocols.json

WriteAuxiliaryFile /Users/jtcao/Library/Caches/visepanda/native-knowledge-20260913/build/Build/Intermediates.noindex/VisePanda.build/Debug-iphonesimulator/VisePandaTests.build/Objects-normal/x86_64/VisePandaTests.SwiftFileList (in target 'VisePandaTests' from project 'VisePanda')
    cd /Users/jtcao/Documents/VP-V4-S2-Knowledge-Publish/ios/VisePanda
    write-file /Users/jtcao/Library/Caches/visepanda/native-knowledge-20260913/build/Build/Intermediates.noindex/VisePanda.build/Debug-iphonesimulator/VisePandaTests.build/Objects-normal/x86_64/VisePandaTests.SwiftFileList

WriteAuxiliaryFile /Users/jtcao/Library/Caches/visepanda/native-knowledge-20260913/build/Build/Intermediates.noindex/VisePanda.build/Debug-iphonesimulator/VisePandaTests.build/Objects-normal/x86_64/VisePandaTests.SwiftConstValuesFileList (in target 'VisePandaTests' from project 'VisePanda')
    cd /Users/jtcao/Documents/VP-V4-S2-Knowledge-Publish/ios/VisePanda
    write-file /Users/jtcao/Library/Caches/visepanda/native-knowledge-20260913/build/Build/Intermediates.noindex/VisePanda.build/Debug-iphonesimulator/VisePandaTests.build/Objects-normal/x86_64/VisePandaTests.SwiftConstValuesFileList

WriteAuxiliaryFile /Users/jtcao/Library/Caches/visepanda/native-knowledge-20260913/build/Build/Intermediates.noindex/VisePanda.build/Debug-iphonesimulator/VisePandaTests.build/Objects-normal/x86_64/VisePandaTests.LinkFileList (in target 'VisePandaTests' from project 'VisePanda')
    cd /Users/jtcao/Documents/VP-V4-S2-Knowledge-Publish/ios/VisePanda
    write-file /Users/jtcao/Library/Caches/visepanda/native-knowledge-20260913/build/Build/Intermediates.noindex/VisePanda.build/Debug-iphonesimulator/VisePandaTests.build/Objects-normal/x86_64/VisePandaTests.LinkFileList

WriteAuxiliaryFile /Users/jtcao/Library/Caches/visepanda/native-knowledge-20260913/build/Build/Intermediates.noindex/VisePanda.build/Debug-iphonesimulator/VisePandaTests.build/Objects-normal/x86_64/VisePandaTests-OutputFileMap.json (in target 'VisePandaTests' from project 'VisePanda')
    cd /Users/jtcao/Documents/VP-V4-S2-Knowledge-Publish/ios/VisePanda
    write-file /Users/jtcao/Library/Caches/visepanda/native-knowledge-20260913/build/Build/Intermediates.noindex/VisePanda.build/Debug-iphonesimulator/VisePandaTests.build/Objects-normal/x86_64/VisePandaTests-OutputFileMap.json

Ld /Users/jtcao/Library/Caches/visepanda/native-knowledge-20260913/build/Build/Intermediates.noindex/VisePanda.build/Debug-iphonesimulator/VisePanda.build/Objects-normal/x86_64/Binary/__preview.dylib normal x86_64 (in target 'VisePanda' from project 'VisePanda')
    cd /Users/jtcao/Documents/VP-V4-S2-Knowledge-Publish/ios/VisePanda
    /Applications/Xcode.app/Contents/Developer/Toolchains/XcodeDefault.xctoolchain/usr/bin/clang -Xlinker -reproducible -target x86_64-apple-ios17.0-simulator -dynamiclib -isysroot /Applications/Xcode.app/Contents/Developer/Platforms/iPhoneSimulator.platform/Developer/SDKs/iPhoneSimulator26.5.sdk -O0 -L/Users/jtcao/Library/Caches/visepanda/native-knowledge-20260913/build/Build/Products/Debug-iphonesimulator -F/Users/jtcao/Library/Caches/visepanda/native-knowledge-20260913/build/Build/Products/Debug-iphonesimulator -install_name @rpath/VisePanda.debug.dylib -Xlinker -dead_strip -rdynamic -Xlinker -no_deduplicate -Xlinker -objc_abi_version -Xlinker 2 -Xlinker -dependency_info -Xlinker /Users/jtcao/Library/Caches/visepanda/native-knowledge-20260913/build/Build/Intermediates.noindex/VisePanda.build/Debug-iphonesimulator/VisePanda.build/Objects-normal/x86_64/VisePanda_dependency_info.dat -Xlinker -sectcreate -Xlinker __TEXT -Xlinker __entitlements -Xlinker /Users/jtcao/Library/Caches/visepanda/native-knowledge-20260913/build/Build/Intermediates.noindex/VisePanda.build/Debug-iphonesimulator/VisePanda.build/VisePanda.app-Simulated.xcent -Xlinker -sectcreate -Xlinker __TEXT -Xlinker __ents_der -Xlinker /Users/jtcao/Library/Caches/visepanda/native-knowledge-20260913/build/Build/Intermediates.noindex/VisePanda.build/Debug-iphonesimulator/VisePanda.build/VisePanda.app-Simulated.xcent.der -Xlinker -no_adhoc_codesign -o /Users/jtcao/Library/Caches/visepanda/native-knowledge-20260913/build/Build/Intermediates.noindex/VisePanda.build/Debug-iphonesimulator/VisePanda.build/Objects-normal/x86_64/Binary/__preview.dylib

Ld /Users/jtcao/Library/Caches/visepanda/native-knowledge-20260913/build/Build/Intermediates.noindex/VisePanda.build/Debug-iphonesimulator/VisePanda.build/Objects-normal/arm64/Binary/__preview.dylib normal arm64 (in target 'VisePanda' from project 'VisePanda')
    cd /Users/jtcao/Documents/VP-V4-S2-Knowledge-Publish/ios/VisePanda
    /Applications/Xcode.app/Contents/Developer/Toolchains/XcodeDefault.xctoolchain/usr/bin/clang -Xlinker -reproducible -target arm64-apple-ios17.0-simulator -dynamiclib -isysroot /Applications/Xcode.app/Contents/Developer/Platforms/iPhoneSimulator.platform/Developer/SDKs/iPhoneSimulator26.5.sdk -O0 -L/Users/jtcao/Library/Caches/visepanda/native-knowledge-20260913/build/Build/Products/Debug-iphonesimulator -F/Users/jtcao/Library/Caches/visepanda/native-knowledge-20260913/build/Build/Products/Debug-iphonesimulator -install_name @rpath/VisePanda.debug.dylib -Xlinker -dead_strip -rdynamic -Xlinker -no_deduplicate -Xlinker -objc_abi_version -Xlinker 2 -Xlinker -dependency_info -Xlinker /Users/jtcao/Library/Caches/visepanda/native-knowledge-20260913/build/Build/Intermediates.noindex/VisePanda.build/Debug-iphonesimulator/VisePanda.build/Objects-normal/arm64/VisePanda_dependency_info.dat -Xlinker -sectcreate -Xlinker __TEXT -Xlinker __entitlements -Xlinker /Users/jtcao/Library/Caches/visepanda/native-knowledge-20260913/build/Build/Intermediates.noindex/VisePanda.build/Debug-iphonesimulator/VisePanda.build/VisePanda.app-Simulated.xcent -Xlinker -sectcreate -Xlinker __TEXT -Xlinker __ents_der -Xlinker /Users/jtcao/Library/Caches/visepanda/native-knowledge-20260913/build/Build/Intermediates.noindex/VisePanda.build/Debug-iphonesimulator/VisePanda.build/VisePanda.app-Simulated.xcent.der -Xlinker -no_adhoc_codesign -o /Users/jtcao/Library/Caches/visepanda/native-knowledge-20260913/build/Build/Intermediates.noindex/VisePanda.build/Debug-iphonesimulator/VisePanda.build/Objects-normal/arm64/Binary/__preview.dylib

CompileAssetCatalogVariant thinned /Users/jtcao/Library/Caches/visepanda/native-knowledge-20260913/build/Build/Products/Debug-iphonesimulator/VisePanda.app /Users/jtcao/Documents/VP-V4-S2-Knowledge-Publish/ios/VisePanda/VisePanda/Resources/Assets.xcassets (in target 'VisePanda' from project 'VisePanda')
    cd /Users/jtcao/Documents/VP-V4-S2-Knowledge-Publish/ios/VisePanda
    /Applications/Xcode.app/Contents/Developer/usr/bin/actool /Users/jtcao/Documents/VP-V4-S2-Knowledge-Publish/ios/VisePanda/VisePanda/Resources/Assets.xcassets --compile /Users/jtcao/Library/Caches/visepanda/native-knowledge-20260913/build/Build/Intermediates.noindex/VisePanda.build/Debug-iphonesimulator/VisePanda.build/assetcatalog_output/thinned --output-format human-readable-text --notices --warnings --export-dependency-info /Users/jtcao/Library/Caches/visepanda/native-knowledge-20260913/build/Build/Intermediates.noindex/VisePanda.build/Debug-iphonesimulator/VisePanda.build/assetcatalog_dependencies_thinned --output-partial-info-plist /Users/jtcao/Library/Caches/visepanda/native-knowledge-20260913/build/Build/Intermediates.noindex/VisePanda.build/Debug-iphonesimulator/VisePanda.build/assetcatalog_generated_info.plist_thinned --app-icon AppIcon --compress-pngs --enable-on-demand-resources YES --development-region en --target-device iphone --minimum-deployment-target 17.0 --platform iphonesimulator
/* com.apple.actool.compilation-results */
/Users/jtcao/Library/Caches/visepanda/native-knowledge-20260913/build/Build/Intermediates.noindex/VisePanda.build/Debug-iphonesimulator/VisePanda.build/assetcatalog_generated_info.plist_thinned
/Users/jtcao/Library/Caches/visepanda/native-knowledge-20260913/build/Build/Intermediates.noindex/VisePanda.build/Debug-iphonesimulator/VisePanda.build/assetcatalog_output/thinned/AppIcon60x60@2x.png
/Users/jtcao/Library/Caches/visepanda/native-knowledge-20260913/build/Build/Intermediates.noindex/VisePanda.build/Debug-iphonesimulator/VisePanda.build/assetcatalog_output/thinned/AppIcon76x76@2x~ipad.png
/Users/jtcao/Library/Caches/visepanda/native-knowledge-20260913/build/Build/Intermediates.noindex/VisePanda.build/Debug-iphonesimulator/VisePanda.build/assetcatalog_output/thinned/Assets.car


Copy /Users/jtcao/Library/Caches/visepanda/native-knowledge-20260913/build/Build/Products/Debug-iphonesimulator/VisePanda.app/Frameworks/libXCTestSwiftSupport.dylib /Applications/Xcode.app/Contents/Developer/Platforms/iPhoneSimulator.platform/Developer/usr/lib/libXCTestSwiftSupport.dylib (in target 'VisePanda' from project 'VisePanda')
    cd /Users/jtcao/Documents/VP-V4-S2-Knowledge-Publish/ios/VisePanda
    builtin-copy -exclude .DS_Store -exclude CVS -exclude .svn -exclude .git -exclude .hg -exclude Headers -exclude PrivateHeaders -exclude Modules -exclude \*.tbd -resolve-src-symlinks /Applications/Xcode.app/Contents/Developer/Platforms/iPhoneSimulator.platform/Developer/usr/lib/libXCTestSwiftSupport.dylib /Users/jtcao/Library/Caches/visepanda/native-knowledge-20260913/build/Build/Products/Debug-iphonesimulator/VisePanda.app/Frameworks

Copy /Users/jtcao/Library/Caches/visepanda/native-knowledge-20260913/build/Build/Products/Debug-iphonesimulator/VisePanda.app/Frameworks/libXCTestBundleInject.dylib /Applications/Xcode.app/Contents/Developer/Platforms/iPhoneSimulator.platform/Developer/usr/lib/libXCTestBundleInject.dylib (in target 'VisePanda' from project 'VisePanda')
    cd /Users/jtcao/Documents/VP-V4-S2-Knowledge-Publish/ios/VisePanda
    builtin-copy -exclude .DS_Store -exclude CVS -exclude .svn -exclude .git -exclude .hg -exclude Headers -exclude PrivateHeaders -exclude Modules -exclude \*.tbd -resolve-src-symlinks /Applications/Xcode.app/Contents/Developer/Platforms/iPhoneSimulator.platform/Developer/usr/lib/libXCTestBundleInject.dylib /Users/jtcao/Library/Caches/visepanda/native-knowledge-20260913/build/Build/Products/Debug-iphonesimulator/VisePanda.app/Frameworks

Copy /Users/jtcao/Library/Caches/visepanda/native-knowledge-20260913/build/Build/Products/Debug-iphonesimulator/VisePanda.app/Frameworks/XCUnit.framework /Applications/Xcode.app/Contents/Developer/Platforms/iPhoneSimulator.platform/Developer/Library/PrivateFrameworks/XCUnit.framework (in target 'VisePanda' from project 'VisePanda')
    cd /Users/jtcao/Documents/VP-V4-S2-Knowledge-Publish/ios/VisePanda
    builtin-copy -exclude .DS_Store -exclude CVS -exclude .svn -exclude .git -exclude .hg -exclude Headers -exclude PrivateHeaders -exclude Modules -exclude \*.tbd -resolve-src-symlinks /Applications/Xcode.app/Contents/Developer/Platforms/iPhoneSimulator.platform/Developer/Library/PrivateFrameworks/XCUnit.framework /Users/jtcao/Library/Caches/visepanda/native-knowledge-20260913/build/Build/Products/Debug-iphonesimulator/VisePanda.app/Frameworks

Copy /Users/jtcao/Library/Caches/visepanda/native-knowledge-20260913/build/Build/Products/Debug-iphonesimulator/VisePanda.app/Frameworks/XCUIAutomation.framework /Applications/Xcode.app/Contents/Developer/Platforms/iPhoneSimulator.platform/Developer/Library/Frameworks/XCUIAutomation.framework (in target 'VisePanda' from project 'VisePanda')
    cd /Users/jtcao/Documents/VP-V4-S2-Knowledge-Publish/ios/VisePanda
    builtin-copy -exclude .DS_Store -exclude CVS -exclude .svn -exclude .git -exclude .hg -exclude Headers -exclude PrivateHeaders -exclude Modules -exclude \*.tbd -resolve-src-symlinks /Applications/Xcode.app/Contents/Developer/Platforms/iPhoneSimulator.platform/Developer/Library/Frameworks/XCUIAutomation.framework /Users/jtcao/Library/Caches/visepanda/native-knowledge-20260913/build/Build/Products/Debug-iphonesimulator/VisePanda.app/Frameworks

Copy /Users/jtcao/Library/Caches/visepanda/native-knowledge-20260913/build/Build/Products/Debug-iphonesimulator/VisePanda.app/Frameworks/XCTestSupport.framework /Applications/Xcode.app/Contents/Developer/Platforms/iPhoneSimulator.platform/Developer/Library/PrivateFrameworks/XCTestSupport.framework (in target 'VisePanda' from project 'VisePanda')
    cd /Users/jtcao/Documents/VP-V4-S2-Knowledge-Publish/ios/VisePanda
    builtin-copy -exclude .DS_Store -exclude CVS -exclude .svn -exclude .git -exclude .hg -exclude Headers -exclude PrivateHeaders -exclude Modules -exclude \*.tbd -resolve-src-symlinks /Applications/Xcode.app/Contents/Developer/Platforms/iPhoneSimulator.platform/Developer/Library/PrivateFrameworks/XCTestSupport.framework /Users/jtcao/Library/Caches/visepanda/native-knowledge-20260913/build/Build/Products/Debug-iphonesimulator/VisePanda.app/Frameworks

Copy /Users/jtcao/Library/Caches/visepanda/native-knowledge-20260913/build/Build/Products/Debug-iphonesimulator/VisePanda.app/Frameworks/XCTestCore.framework /Applications/Xcode.app/Contents/Developer/Platforms/iPhoneSimulator.platform/Developer/Library/PrivateFrameworks/XCTestCore.framework (in target 'VisePanda' from project 'VisePanda')
    cd /Users/jtcao/Documents/VP-V4-S2-Knowledge-Publish/ios/VisePanda
    builtin-copy -exclude .DS_Store -exclude CVS -exclude .svn -exclude .git -exclude .hg -exclude Headers -exclude PrivateHeaders -exclude Modules -exclude \*.tbd -resolve-src-symlinks /Applications/Xcode.app/Contents/Developer/Platforms/iPhoneSimulator.platform/Developer/Library/PrivateFrameworks/XCTestCore.framework /Users/jtcao/Library/Caches/visepanda/native-knowledge-20260913/build/Build/Products/Debug-iphonesimulator/VisePanda.app/Frameworks

Copy /Users/jtcao/Library/Caches/visepanda/native-knowledge-20260913/build/Build/Products/Debug-iphonesimulator/VisePanda.app/Frameworks/XCTest.framework /Applications/Xcode.app/Contents/Developer/Platforms/iPhoneSimulator.platform/Developer/Library/Frameworks/XCTest.framework (in target 'VisePanda' from project 'VisePanda')
    cd /Users/jtcao/Documents/VP-V4-S2-Knowledge-Publish/ios/VisePanda
    builtin-copy -exclude .DS_Store -exclude CVS -exclude .svn -exclude .git -exclude .hg -exclude Headers -exclude PrivateHeaders -exclude Modules -exclude \*.tbd -resolve-src-symlinks /Applications/Xcode.app/Contents/Developer/Platforms/iPhoneSimulator.platform/Developer/Library/Frameworks/XCTest.framework /Users/jtcao/Library/Caches/visepanda/native-knowledge-20260913/build/Build/Products/Debug-iphonesimulator/VisePanda.app/Frameworks

Copy /Users/jtcao/Library/Caches/visepanda/native-knowledge-20260913/build/Build/Products/Debug-iphonesimulator/VisePanda.app/Frameworks/XCTAutomationSupport.framework /Applications/Xcode.app/Contents/Developer/Platforms/iPhoneSimulator.platform/Developer/Library/PrivateFrameworks/XCTAutomationSupport.framework (in target 'VisePanda' from project 'VisePanda')
    cd /Users/jtcao/Documents/VP-V4-S2-Knowledge-Publish/ios/VisePanda
    builtin-copy -exclude .DS_Store -exclude CVS -exclude .svn -exclude .git -exclude .hg -exclude Headers -exclude PrivateHeaders -exclude Modules -exclude \*.tbd -resolve-src-symlinks /Applications/Xcode.app/Contents/Developer/Platforms/iPhoneSimulator.platform/Developer/Library/PrivateFrameworks/XCTAutomationSupport.framework /Users/jtcao/Library/Caches/visepanda/native-knowledge-20260913/build/Build/Products/Debug-iphonesimulator/VisePanda.app/Frameworks

Copy /Users/jtcao/Library/Caches/visepanda/native-knowledge-20260913/build/Build/Products/Debug-iphonesimulator/VisePanda.app/Frameworks/Testing.framework /Applications/Xcode.app/Contents/Developer/Platforms/iPhoneSimulator.platform/Developer/Library/Frameworks/Testing.framework (in target 'VisePanda' from project 'VisePanda')
    cd /Users/jtcao/Documents/VP-V4-S2-Knowledge-Publish/ios/VisePanda
    builtin-copy -exclude .DS_Store -exclude CVS -exclude .svn -exclude .git -exclude .hg -exclude Headers -exclude PrivateHeaders -exclude Modules -exclude \*.tbd -resolve-src-symlinks /Applications/Xcode.app/Contents/Developer/Platforms/iPhoneSimulator.platform/Developer/Library/Frameworks/Testing.framework /Users/jtcao/Library/Caches/visepanda/native-knowledge-20260913/build/Build/Products/Debug-iphonesimulator/VisePanda.app/Frameworks

CompileXCStrings /Users/jtcao/Library/Caches/visepanda/native-knowledge-20260913/build/Build/Intermediates.noindex/VisePanda.build/Debug-iphonesimulator/VisePanda.build/ /Users/jtcao/Documents/VP-V4-S2-Knowledge-Publish/ios/VisePanda/VisePanda/Resources/Localizable.xcstrings (in target 'VisePanda' from project 'VisePanda')
    cd /Users/jtcao/Documents/VP-V4-S2-Knowledge-Publish/ios/VisePanda
    /Applications/Xcode.app/Contents/Developer/usr/bin/xcstringstool compile --output-directory /Users/jtcao/Library/Caches/visepanda/native-knowledge-20260913/build/Build/Intermediates.noindex/VisePanda.build/Debug-iphonesimulator/VisePanda.build /Users/jtcao/Documents/VP-V4-S2-Knowledge-Publish/ios/VisePanda/VisePanda/Resources/Localizable.xcstrings

CreateUniversalBinary /Users/jtcao/Library/Caches/visepanda/native-knowledge-20260913/build/Build/Products/Debug-iphonesimulator/VisePanda.app/__preview.dylib normal arm64\ x86_64 (in target 'VisePanda' from project 'VisePanda')
    cd /Users/jtcao/Documents/VP-V4-S2-Knowledge-Publish/ios/VisePanda
    /Applications/Xcode.app/Contents/Developer/Toolchains/XcodeDefault.xctoolchain/usr/bin/lipo -create /Users/jtcao/Library/Caches/visepanda/native-knowledge-20260913/build/Build/Intermediates.noindex/VisePanda.build/Debug-iphonesimulator/VisePanda.build/Objects-normal/arm64/Binary/__preview.dylib /Users/jtcao/Library/Caches/visepanda/native-knowledge-20260913/build/Build/Intermediates.noindex/VisePanda.build/Debug-iphonesimulator/VisePanda.build/Objects-normal/x86_64/Binary/__preview.dylib -output /Users/jtcao/Library/Caches/visepanda/native-knowledge-20260913/build/Build/Products/Debug-iphonesimulator/VisePanda.app/__preview.dylib

CopyStringsFile /Users/jtcao/Library/Caches/visepanda/native-knowledge-20260913/build/Build/Products/Debug-iphonesimulator/VisePanda.app/zh-Hans.lproj/Localizable.strings /Users/jtcao/Library/Caches/visepanda/native-knowledge-20260913/build/Build/Intermediates.noindex/VisePanda.build/Debug-iphonesimulator/VisePanda.build/zh-Hans.lproj/Localizable.strings (in target 'VisePanda' from project 'VisePanda')
    cd /Users/jtcao/Documents/VP-V4-S2-Knowledge-Publish/ios/VisePanda
    builtin-copyStrings --validate --outputencoding binary --outfilename Localizable.strings --outdir /Users/jtcao/Library/Caches/visepanda/native-knowledge-20260913/build/Build/Products/Debug-iphonesimulator/VisePanda.app/zh-Hans.lproj -- /Users/jtcao/Library/Caches/visepanda/native-knowledge-20260913/build/Build/Intermediates.noindex/VisePanda.build/Debug-iphonesimulator/VisePanda.build/zh-Hans.lproj/Localizable.strings
/Users/jtcao/Library/Caches/visepanda/native-knowledge-20260913/build/Build/Intermediates.noindex/VisePanda.build/Debug-iphonesimulator/VisePanda.build/zh-Hans.lproj/Localizable.strings:1:1: note: detected encoding of input file as Unicode (UTF-8) (in target 'VisePanda' from project 'VisePanda')

CopyStringsFile /Users/jtcao/Library/Caches/visepanda/native-knowledge-20260913/build/Build/Products/Debug-iphonesimulator/VisePanda.app/ru.lproj/Localizable.strings /Users/jtcao/Library/Caches/visepanda/native-knowledge-20260913/build/Build/Intermediates.noindex/VisePanda.build/Debug-iphonesimulator/VisePanda.build/ru.lproj/Localizable.strings (in target 'VisePanda' from project 'VisePanda')
    cd /Users/jtcao/Documents/VP-V4-S2-Knowledge-Publish/ios/VisePanda
    builtin-copyStrings --validate --outputencoding binary --outfilename Localizable.strings --outdir /Users/jtcao/Library/Caches/visepanda/native-knowledge-20260913/build/Build/Products/Debug-iphonesimulator/VisePanda.app/ru.lproj -- /Users/jtcao/Library/Caches/visepanda/native-knowledge-20260913/build/Build/Intermediates.noindex/VisePanda.build/Debug-iphonesimulator/VisePanda.build/ru.lproj/Localizable.strings
/Users/jtcao/Library/Caches/visepanda/native-knowledge-20260913/build/Build/Intermediates.noindex/VisePanda.build/Debug-iphonesimulator/VisePanda.build/ru.lproj/Localizable.strings:1:1: note: detected encoding of input file as Unicode (UTF-8) (in target 'VisePanda' from project 'VisePanda')

CopyStringsFile /Users/jtcao/Library/Caches/visepanda/native-knowledge-20260913/build/Build/Products/Debug-iphonesimulator/VisePanda.app/es.lproj/Localizable.strings /Users/jtcao/Library/Caches/visepanda/native-knowledge-20260913/build/Build/Intermediates.noindex/VisePanda.build/Debug-iphonesimulator/VisePanda.build/es.lproj/Localizable.strings (in target 'VisePanda' from project 'VisePanda')
    cd /Users/jtcao/Documents/VP-V4-S2-Knowledge-Publish/ios/VisePanda
    builtin-copyStrings --validate --outputencoding binary --outfilename Localizable.strings --outdir /Users/jtcao/Library/Caches/visepanda/native-knowledge-20260913/build/Build/Products/Debug-iphonesimulator/VisePanda.app/es.lproj -- /Users/jtcao/Library/Caches/visepanda/native-knowledge-20260913/build/Build/Intermediates.noindex/VisePanda.build/Debug-iphonesimulator/VisePanda.build/es.lproj/Localizable.strings
/Users/jtcao/Library/Caches/visepanda/native-knowledge-20260913/build/Build/Intermediates.noindex/VisePanda.build/Debug-iphonesimulator/VisePanda.build/es.lproj/Localizable.strings:1:1: note: detected encoding of input file as Unicode (UTF-8) (in target 'VisePanda' from project 'VisePanda')

CopyStringsFile /Users/jtcao/Library/Caches/visepanda/native-knowledge-20260913/build/Build/Products/Debug-iphonesimulator/VisePanda.app/en.lproj/Localizable.strings /Users/jtcao/Library/Caches/visepanda/native-knowledge-20260913/build/Build/Intermediates.noindex/VisePanda.build/Debug-iphonesimulator/VisePanda.build/en.lproj/Localizable.strings (in target 'VisePanda' from project 'VisePanda')
    cd /Users/jtcao/Documents/VP-V4-S2-Knowledge-Publish/ios/VisePanda
    builtin-copyStrings --validate --outputencoding binary --outfilename Localizable.strings --outdir /Users/jtcao/Library/Caches/visepanda/native-knowledge-20260913/build/Build/Products/Debug-iphonesimulator/VisePanda.app/en.lproj -- /Users/jtcao/Library/Caches/visepanda/native-knowledge-20260913/build/Build/Intermediates.noindex/VisePanda.build/Debug-iphonesimulator/VisePanda.build/en.lproj/Localizable.strings
/Users/jtcao/Library/Caches/visepanda/native-knowledge-20260913/build/Build/Intermediates.noindex/VisePanda.build/Debug-iphonesimulator/VisePanda.build/en.lproj/Localizable.strings:1:1: note: detected encoding of input file as Unicode (UTF-8) (in target 'VisePanda' from project 'VisePanda')

CopyStringsFile /Users/jtcao/Library/Caches/visepanda/native-knowledge-20260913/build/Build/Products/Debug-iphonesimulator/VisePanda.app/ar.lproj/Localizable.strings /Users/jtcao/Library/Caches/visepanda/native-knowledge-20260913/build/Build/Intermediates.noindex/VisePanda.build/Debug-iphonesimulator/VisePanda.build/ar.lproj/Localizable.strings (in target 'VisePanda' from project 'VisePanda')
    cd /Users/jtcao/Documents/VP-V4-S2-Knowledge-Publish/ios/VisePanda
    builtin-copyStrings --validate --outputencoding binary --outfilename Localizable.strings --outdir /Users/jtcao/Library/Caches/visepanda/native-knowledge-20260913/build/Build/Products/Debug-iphonesimulator/VisePanda.app/ar.lproj -- /Users/jtcao/Library/Caches/visepanda/native-knowledge-20260913/build/Build/Intermediates.noindex/VisePanda.build/Debug-iphonesimulator/VisePanda.build/ar.lproj/Localizable.strings
/Users/jtcao/Library/Caches/visepanda/native-knowledge-20260913/build/Build/Intermediates.noindex/VisePanda.build/Debug-iphonesimulator/VisePanda.build/ar.lproj/Localizable.strings:1:1: note: detected encoding of input file as Unicode (UTF-8) (in target 'VisePanda' from project 'VisePanda')

SwiftDriver VisePanda normal x86_64 com.apple.xcode.tools.swift.compiler (in target 'VisePanda' from project 'VisePanda')
    cd /Users/jtcao/Documents/VP-V4-S2-Knowledge-Publish/ios/VisePanda
    builtin-SwiftDriver -- /Applications/Xcode.app/Contents/Developer/Toolchains/XcodeDefault.xctoolchain/usr/bin/swiftc -module-name VisePanda -Onone @/Users/jtcao/Library/Caches/visepanda/native-knowledge-20260913/build/Build/Intermediates.noindex/VisePanda.build/Debug-iphonesimulator/VisePanda.build/Objects-normal/x86_64/VisePanda.SwiftFileList -DDEBUG -default-isolation\=MainActor -enable-upcoming-feature InferIsolatedConformances -enable-upcoming-feature NonisolatedNonsendingByDefault -enable-experimental-feature DebugDescriptionMacro -sdk /Applications/Xcode.app/Contents/Developer/Platforms/iPhoneSimulator.platform/Developer/SDKs/iPhoneSimulator26.5.sdk -target x86_64-apple-ios17.0-simulator -g -module-cache-path /Users/jtcao/Library/Caches/visepanda/native-knowledge-20260913/build/ModuleCache.noindex -Xfrontend -serialize-debugging-options -enable-testing -index-store-path /Users/jtcao/Library/Caches/visepanda/native-knowledge-20260913/build/Index.noindex/DataStore -Xcc -D_LIBCPP_HARDENING_MODE\=_LIBCPP_HARDENING_MODE_DEBUG -swift-version 6 -I /Users/jtcao/Library/Caches/visepanda/native-knowledge-20260913/build/Build/Products/Debug-iphonesimulator -F /Users/jtcao/Library/Caches/visepanda/native-knowledge-20260913/build/Build/Products/Debug-iphonesimulator -c -j8 -enable-batch-mode -incremental -Xcc -ivfsstatcache -Xcc /Users/jtcao/Library/Caches/visepanda/native-knowledge-20260913/build/SDKStatCaches.noindex/iphonesimulator26.5-23F81a-6cfe768891a92b912361537c460fe42b.sdkstatcache -output-file-map /Users/jtcao/Library/Caches/visepanda/native-knowledge-20260913/build/Build/Intermediates.noindex/VisePanda.build/Debug-iphonesimulator/VisePanda.build/Objects-normal/x86_64/VisePanda-OutputFileMap.json -use-frontend-parseable-output -save-temps -no-color-diagnostics -explicit-module-build -module-cache-path /Users/jtcao/Library/Caches/visepanda/native-knowledge-20260913/build/Build/Intermediates.noindex/SwiftExplicitPrecompiledModules -clang-scanner-module-cache-path /Users/jtcao/Library/Caches/visepanda/native-knowledge-20260913/build/ModuleCache.noindex -sdk-module-cache-path /Users/jtcao/Library/Caches/visepanda/native-knowledge-20260913/build/ModuleCache.noindex -serialize-diagnostics -emit-dependencies -emit-module -emit-module-path /Users/jtcao/Library/Caches/visepanda/native-knowledge-20260913/build/Build/Intermediates.noindex/VisePanda.build/Debug-iphonesimulator/VisePanda.build/Objects-normal/x86_64/VisePanda.swiftmodule -validate-clang-modules-once -clang-build-session-file /Users/jtcao/Library/Caches/visepanda/native-knowledge-20260913/build/ModuleCache.noindex/Session.modulevalidation -Xcc -I/Users/jtcao/Library/Caches/visepanda/native-knowledge-20260913/build/Build/Intermediates.noindex/VisePanda.build/Debug-iphonesimulator/VisePanda.build/swift-overrides.hmap -emit-const-values -Xfrontend -const-gather-protocols-file -Xfrontend /Users/jtcao/Library/Caches/visepanda/native-knowledge-20260913/build/Build/Intermediates.noindex/VisePanda.build/Debug-iphonesimulator/VisePanda.build/Objects-normal/x86_64/VisePanda_const_extract_protocols.json -Xcc -iquote -Xcc /Users/jtcao/Library/Caches/visepanda/native-knowledge-20260913/build/Build/Intermediates.noindex/VisePanda.build/Debug-iphonesimulator/VisePanda.build/VisePanda-generated-files.hmap -Xcc -I/Users/jtcao/Library/Caches/visepanda/native-knowledge-20260913/build/Build/Intermediates.noindex/VisePanda.build/Debug-iphonesimulator/VisePanda.build/VisePanda-own-target-headers.hmap -Xcc -I/Users/jtcao/Library/Caches/visepanda/native-knowledge-20260913/build/Build/Intermediates.noindex/VisePanda.build/Debug-iphonesimulator/VisePanda.build/VisePanda-all-target-headers.hmap -Xcc -iquote -Xcc /Users/jtcao/Library/Caches/visepanda/native-knowledge-20260913/build/Build/Intermediates.noindex/VisePanda.build/Debug-iphonesimulator/VisePanda.build/VisePanda-project-headers.hmap -Xcc -I/Users/jtcao/Library/Caches/visepanda/native-knowledge-20260913/build/Build/Products/Debug-iphonesimulator/include -Xcc -I/Users/jtcao/Library/Caches/visepanda/native-knowledge-20260913/build/Build/Intermediates.noindex/VisePanda.build/Debug-iphonesimulator/VisePanda.build/DerivedSources-normal/x86_64 -Xcc -I/Users/jtcao/Library/Caches/visepanda/native-knowledge-20260913/build/Build/Intermediates.noindex/VisePanda.build/Debug-iphonesimulator/VisePanda.build/DerivedSources/x86_64 -Xcc -I/Users/jtcao/Library/Caches/visepanda/native-knowledge-20260913/build/Build/Intermediates.noindex/VisePanda.build/Debug-iphonesimulator/VisePanda.build/DerivedSources -emit-objc-header -emit-objc-header-path /Users/jtcao/Library/Caches/visepanda/native-knowledge-20260913/build/Build/Intermediates.noindex/VisePanda.build/Debug-iphonesimulator/VisePanda.build/Objects-normal/x86_64/VisePanda-Swift.h -working-directory /Users/jtcao/Documents/VP-V4-S2-Knowledge-Publish/ios/VisePanda -experimental-emit-module-separately -disable-cmo

SwiftDriver VisePanda normal arm64 com.apple.xcode.tools.swift.compiler (in target 'VisePanda' from project 'VisePanda')
    cd /Users/jtcao/Documents/VP-V4-S2-Knowledge-Publish/ios/VisePanda
    builtin-SwiftDriver -- /Applications/Xcode.app/Contents/Developer/Toolchains/XcodeDefault.xctoolchain/usr/bin/swiftc -module-name VisePanda -Onone @/Users/jtcao/Library/Caches/visepanda/native-knowledge-20260913/build/Build/Intermediates.noindex/VisePanda.build/Debug-iphonesimulator/VisePanda.build/Objects-normal/arm64/VisePanda.SwiftFileList -DDEBUG -default-isolation\=MainActor -enable-upcoming-feature InferIsolatedConformances -enable-upcoming-feature NonisolatedNonsendingByDefault -enable-experimental-feature DebugDescriptionMacro -sdk /Applications/Xcode.app/Contents/Developer/Platforms/iPhoneSimulator.platform/Developer/SDKs/iPhoneSimulator26.5.sdk -target arm64-apple-ios17.0-simulator -g -module-cache-path /Users/jtcao/Library/Caches/visepanda/native-knowledge-20260913/build/ModuleCache.noindex -Xfrontend -serialize-debugging-options -enable-testing -index-store-path /Users/jtcao/Library/Caches/visepanda/native-knowledge-20260913/build/Index.noindex/DataStore -Xcc -D_LIBCPP_HARDENING_MODE\=_LIBCPP_HARDENING_MODE_DEBUG -swift-version 6 -I /Users/jtcao/Library/Caches/visepanda/native-knowledge-20260913/build/Build/Products/Debug-iphonesimulator -F /Users/jtcao/Library/Caches/visepanda/native-knowledge-20260913/build/Build/Products/Debug-iphonesimulator -c -j8 -enable-batch-mode -incremental -Xcc -ivfsstatcache -Xcc /Users/jtcao/Library/Caches/visepanda/native-knowledge-20260913/build/SDKStatCaches.noindex/iphonesimulator26.5-23F81a-6cfe768891a92b912361537c460fe42b.sdkstatcache -output-file-map /Users/jtcao/Library/Caches/visepanda/native-knowledge-20260913/build/Build/Intermediates.noindex/VisePanda.build/Debug-iphonesimulator/VisePanda.build/Objects-normal/arm64/VisePanda-OutputFileMap.json -use-frontend-parseable-output -save-temps -no-color-diagnostics -explicit-module-build -module-cache-path /Users/jtcao/Library/Caches/visepanda/native-knowledge-20260913/build/Build/Intermediates.noindex/SwiftExplicitPrecompiledModules -clang-scanner-module-cache-path /Users/jtcao/Library/Caches/visepanda/native-knowledge-20260913/build/ModuleCache.noindex -sdk-module-cache-path /Users/jtcao/Library/Caches/visepanda/native-knowledge-20260913/build/ModuleCache.noindex -serialize-diagnostics -emit-dependencies -emit-module -emit-module-path /Users/jtcao/Library/Caches/visepanda/native-knowledge-20260913/build/Build/Intermediates.noindex/VisePanda.build/Debug-iphonesimulator/VisePanda.build/Objects-normal/arm64/VisePanda.swiftmodule -validate-clang-modules-once -clang-build-session-file /Users/jtcao/Library/Caches/visepanda/native-knowledge-20260913/build/ModuleCache.noindex/Session.modulevalidation -Xcc -I/Users/jtcao/Library/Caches/visepanda/native-knowledge-20260913/build/Build/Intermediates.noindex/VisePanda.build/Debug-iphonesimulator/VisePanda.build/swift-overrides.hmap -emit-const-values -Xfrontend -const-gather-protocols-file -Xfrontend /Users/jtcao/Library/Caches/visepanda/native-knowledge-20260913/build/Build/Intermediates.noindex/VisePanda.build/Debug-iphonesimulator/VisePanda.build/Objects-normal/arm64/VisePanda_const_extract_protocols.json -Xcc -iquote -Xcc /Users/jtcao/Library/Caches/visepanda/native-knowledge-20260913/build/Build/Intermediates.noindex/VisePanda.build/Debug-iphonesimulator/VisePanda.build/VisePanda-generated-files.hmap -Xcc -I/Users/jtcao/Library/Caches/visepanda/native-knowledge-20260913/build/Build/Intermediates.noindex/VisePanda.build/Debug-iphonesimulator/VisePanda.build/VisePanda-own-target-headers.hmap -Xcc -I/Users/jtcao/Library/Caches/visepanda/native-knowledge-20260913/build/Build/Intermediates.noindex/VisePanda.build/Debug-iphonesimulator/VisePanda.build/VisePanda-all-target-headers.hmap -Xcc -iquote -Xcc /Users/jtcao/Library/Caches/visepanda/native-knowledge-20260913/build/Build/Intermediates.noindex/VisePanda.build/Debug-iphonesimulator/VisePanda.build/VisePanda-project-headers.hmap -Xcc -I/Users/jtcao/Library/Caches/visepanda/native-knowledge-20260913/build/Build/Products/Debug-iphonesimulator/include -Xcc -I/Users/jtcao/Library/Caches/visepanda/native-knowledge-20260913/build/Build/Intermediates.noindex/VisePanda.build/Debug-iphonesimulator/VisePanda.build/DerivedSources-normal/arm64 -Xcc -I/Users/jtcao/Library/Caches/visepanda/native-knowledge-20260913/build/Build/Intermediates.noindex/VisePanda.build/Debug-iphonesimulator/VisePanda.build/DerivedSources/arm64 -Xcc -I/Users/jtcao/Library/Caches/visepanda/native-knowledge-20260913/build/Build/Intermediates.noindex/VisePanda.build/Debug-iphonesimulator/VisePanda.build/DerivedSources -emit-objc-header -emit-objc-header-path /Users/jtcao/Library/Caches/visepanda/native-knowledge-20260913/build/Build/Intermediates.noindex/VisePanda.build/Debug-iphonesimulator/VisePanda.build/Objects-normal/arm64/VisePanda-Swift.h -working-directory /Users/jtcao/Documents/VP-V4-S2-Knowledge-Publish/ios/VisePanda -experimental-emit-module-separately -disable-cmo

SwiftEmitModule normal arm64 Emitting\ module\ for\ VisePanda (in target 'VisePanda' from project 'VisePanda')

EmitSwiftModule normal arm64 (in target 'VisePanda' from project 'VisePanda')
    cd /Users/jtcao/Documents/VP-V4-S2-Knowledge-Publish/ios/VisePanda


SwiftCompile normal arm64 Compiling\ NativeKnowledgeView.swift /Users/jtcao/Documents/VP-V4-S2-Knowledge-Publish/ios/VisePanda/VisePanda/Features/Knowledge/NativeKnowledgeView.swift (in target 'VisePanda' from project 'VisePanda')

SwiftCompile normal arm64 /Users/jtcao/Documents/VP-V4-S2-Knowledge-Publish/ios/VisePanda/VisePanda/Features/Knowledge/NativeKnowledgeView.swift (in target 'VisePanda' from project 'VisePanda')
    cd /Users/jtcao/Documents/VP-V4-S2-Knowledge-Publish/ios/VisePanda


SwiftEmitModule normal x86_64 Emitting\ module\ for\ VisePanda (in target 'VisePanda' from project 'VisePanda')

EmitSwiftModule normal x86_64 (in target 'VisePanda' from project 'VisePanda')
    cd /Users/jtcao/Documents/VP-V4-S2-Knowledge-Publish/ios/VisePanda


SwiftCompile normal x86_64 Compiling\ NativeKnowledgeView.swift /Users/jtcao/Documents/VP-V4-S2-Knowledge-Publish/ios/VisePanda/VisePanda/Features/Knowledge/NativeKnowledgeView.swift (in target 'VisePanda' from project 'VisePanda')

SwiftCompile normal x86_64 /Users/jtcao/Documents/VP-V4-S2-Knowledge-Publish/ios/VisePanda/VisePanda/Features/Knowledge/NativeKnowledgeView.swift (in target 'VisePanda' from project 'VisePanda')
    cd /Users/jtcao/Documents/VP-V4-S2-Knowledge-Publish/ios/VisePanda


SwiftDriverJobDiscovery normal arm64 Emitting module for VisePanda (in target 'VisePanda' from project 'VisePanda')

SwiftDriverJobDiscovery normal x86_64 Emitting module for VisePanda (in target 'VisePanda' from project 'VisePanda')

SwiftDriver\ Compilation\ Requirements VisePanda normal arm64 com.apple.xcode.tools.swift.compiler (in target 'VisePanda' from project 'VisePanda')
    cd /Users/jtcao/Documents/VP-V4-S2-Knowledge-Publish/ios/VisePanda
    builtin-Swift-Compilation-Requirements -- /Applications/Xcode.app/Contents/Developer/Toolchains/XcodeDefault.xctoolchain/usr/bin/swiftc -module-name VisePanda -Onone @/Users/jtcao/Library/Caches/visepanda/native-knowledge-20260913/build/Build/Intermediates.noindex/VisePanda.build/Debug-iphonesimulator/VisePanda.build/Objects-normal/arm64/VisePanda.SwiftFileList -DDEBUG -default-isolation\=MainActor -enable-upcoming-feature InferIsolatedConformances -enable-upcoming-feature NonisolatedNonsendingByDefault -enable-experimental-feature DebugDescriptionMacro -sdk /Applications/Xcode.app/Contents/Developer/Platforms/iPhoneSimulator.platform/Developer/SDKs/iPhoneSimulator26.5.sdk -target arm64-apple-ios17.0-simulator -g -module-cache-path /Users/jtcao/Library/Caches/visepanda/native-knowledge-20260913/build/ModuleCache.noindex -Xfrontend -serialize-debugging-options -enable-testing -index-store-path /Users/jtcao/Library/Caches/visepanda/native-knowledge-20260913/build/Index.noindex/DataStore -Xcc -D_LIBCPP_HARDENING_MODE\=_LIBCPP_HARDENING_MODE_DEBUG -swift-version 6 -I /Users/jtcao/Library/Caches/visepanda/native-knowledge-20260913/build/Build/Products/Debug-iphonesimulator -F /Users/jtcao/Library/Caches/visepanda/native-knowledge-20260913/build/Build/Products/Debug-iphonesimulator -c -j8 -enable-batch-mode -incremental -Xcc -ivfsstatcache -Xcc /Users/jtcao/Library/Caches/visepanda/native-knowledge-20260913/build/SDKStatCaches.noindex/iphonesimulator26.5-23F81a-6cfe768891a92b912361537c460fe42b.sdkstatcache -output-file-map /Users/jtcao/Library/Caches/visepanda/native-knowledge-20260913/build/Build/Intermediates.noindex/VisePanda.build/Debug-iphonesimulator/VisePanda.build/Objects-normal/arm64/VisePanda-OutputFileMap.json -use-frontend-parseable-output -save-temps -no-color-diagnostics -explicit-module-build -module-cache-path /Users/jtcao/Library/Caches/visepanda/native-knowledge-20260913/build/Build/Intermediates.noindex/SwiftExplicitPrecompiledModules -clang-scanner-module-cache-path /Users/jtcao/Library/Caches/visepanda/native-knowledge-20260913/build/ModuleCache.noindex -sdk-module-cache-path /Users/jtcao/Library/Caches/visepanda/native-knowledge-20260913/build/ModuleCache.noindex -serialize-diagnostics -emit-dependencies -emit-module -emit-module-path /Users/jtcao/Library/Caches/visepanda/native-knowledge-20260913/build/Build/Intermediates.noindex/VisePanda.build/Debug-iphonesimulator/VisePanda.build/Objects-normal/arm64/VisePanda.swiftmodule -validate-clang-modules-once -clang-build-session-file /Users/jtcao/Library/Caches/visepanda/native-knowledge-20260913/build/ModuleCache.noindex/Session.modulevalidation -Xcc -I/Users/jtcao/Library/Caches/visepanda/native-knowledge-20260913/build/Build/Intermediates.noindex/VisePanda.build/Debug-iphonesimulator/VisePanda.build/swift-overrides.hmap -emit-const-values -Xfrontend -const-gather-protocols-file -Xfrontend /Users/jtcao/Library/Caches/visepanda/native-knowledge-20260913/build/Build/Intermediates.noindex/VisePanda.build/Debug-iphonesimulator/VisePanda.build/Objects-normal/arm64/VisePanda_const_extract_protocols.json -Xcc -iquote -Xcc /Users/jtcao/Library/Caches/visepanda/native-knowledge-20260913/build/Build/Intermediates.noindex/VisePanda.build/Debug-iphonesimulator/VisePanda.build/VisePanda-generated-files.hmap -Xcc -I/Users/jtcao/Library/Caches/visepanda/native-knowledge-20260913/build/Build/Intermediates.noindex/VisePanda.build/Debug-iphonesimulator/VisePanda.build/VisePanda-own-target-headers.hmap -Xcc -I/Users/jtcao/Library/Caches/visepanda/native-knowledge-20260913/build/Build/Intermediates.noindex/VisePanda.build/Debug-iphonesimulator/VisePanda.build/VisePanda-all-target-headers.hmap -Xcc -iquote -Xcc /Users/jtcao/Library/Caches/visepanda/native-knowledge-20260913/build/Build/Intermediates.noindex/VisePanda.build/Debug-iphonesimulator/VisePanda.build/VisePanda-project-headers.hmap -Xcc -I/Users/jtcao/Library/Caches/visepanda/native-knowledge-20260913/build/Build/Products/Debug-iphonesimulator/include -Xcc -I/Users/jtcao/Library/Caches/visepanda/native-knowledge-20260913/build/Build/Intermediates.noindex/VisePanda.build/Debug-iphonesimulator/VisePanda.build/DerivedSources-normal/arm64 -Xcc -I/Users/jtcao/Library/Caches/visepanda/native-knowledge-20260913/build/Build/Intermediates.noindex/VisePanda.build/Debug-iphonesimulator/VisePanda.build/DerivedSources/arm64 -Xcc -I/Users/jtcao/Library/Caches/visepanda/native-knowledge-20260913/build/Build/Intermediates.noindex/VisePanda.build/Debug-iphonesimulator/VisePanda.build/DerivedSources -emit-objc-header -emit-objc-header-path /Users/jtcao/Library/Caches/visepanda/native-knowledge-20260913/build/Build/Intermediates.noindex/VisePanda.build/Debug-iphonesimulator/VisePanda.build/Objects-normal/arm64/VisePanda-Swift.h -working-directory /Users/jtcao/Documents/VP-V4-S2-Knowledge-Publish/ios/VisePanda -experimental-emit-module-separately -disable-cmo

SwiftDriver\ Compilation\ Requirements VisePanda normal x86_64 com.apple.xcode.tools.swift.compiler (in target 'VisePanda' from project 'VisePanda')
    cd /Users/jtcao/Documents/VP-V4-S2-Knowledge-Publish/ios/VisePanda
    builtin-Swift-Compilation-Requirements -- /Applications/Xcode.app/Contents/Developer/Toolchains/XcodeDefault.xctoolchain/usr/bin/swiftc -module-name VisePanda -Onone @/Users/jtcao/Library/Caches/visepanda/native-knowledge-20260913/build/Build/Intermediates.noindex/VisePanda.build/Debug-iphonesimulator/VisePanda.build/Objects-normal/x86_64/VisePanda.SwiftFileList -DDEBUG -default-isolation\=MainActor -enable-upcoming-feature InferIsolatedConformances -enable-upcoming-feature NonisolatedNonsendingByDefault -enable-experimental-feature DebugDescriptionMacro -sdk /Applications/Xcode.app/Contents/Developer/Platforms/iPhoneSimulator.platform/Developer/SDKs/iPhoneSimulator26.5.sdk -target x86_64-apple-ios17.0-simulator -g -module-cache-path /Users/jtcao/Library/Caches/visepanda/native-knowledge-20260913/build/ModuleCache.noindex -Xfrontend -serialize-debugging-options -enable-testing -index-store-path /Users/jtcao/Library/Caches/visepanda/native-knowledge-20260913/build/Index.noindex/DataStore -Xcc -D_LIBCPP_HARDENING_MODE\=_LIBCPP_HARDENING_MODE_DEBUG -swift-version 6 -I /Users/jtcao/Library/Caches/visepanda/native-knowledge-20260913/build/Build/Products/Debug-iphonesimulator -F /Users/jtcao/Library/Caches/visepanda/native-knowledge-20260913/build/Build/Products/Debug-iphonesimulator -c -j8 -enable-batch-mode -incremental -Xcc -ivfsstatcache -Xcc /Users/jtcao/Library/Caches/visepanda/native-knowledge-20260913/build/SDKStatCaches.noindex/iphonesimulator26.5-23F81a-6cfe768891a92b912361537c460fe42b.sdkstatcache -output-file-map /Users/jtcao/Library/Caches/visepanda/native-knowledge-20260913/build/Build/Intermediates.noindex/VisePanda.build/Debug-iphonesimulator/VisePanda.build/Objects-normal/x86_64/VisePanda-OutputFileMap.json -use-frontend-parseable-output -save-temps -no-color-diagnostics -explicit-module-build -module-cache-path /Users/jtcao/Library/Caches/visepanda/native-knowledge-20260913/build/Build/Intermediates.noindex/SwiftExplicitPrecompiledModules -clang-scanner-module-cache-path /Users/jtcao/Library/Caches/visepanda/native-knowledge-20260913/build/ModuleCache.noindex -sdk-module-cache-path /Users/jtcao/Library/Caches/visepanda/native-knowledge-20260913/build/ModuleCache.noindex -serialize-diagnostics -emit-dependencies -emit-module -emit-module-path /Users/jtcao/Library/Caches/visepanda/native-knowledge-20260913/build/Build/Intermediates.noindex/VisePanda.build/Debug-iphonesimulator/VisePanda.build/Objects-normal/x86_64/VisePanda.swiftmodule -validate-clang-modules-once -clang-build-session-file /Users/jtcao/Library/Caches/visepanda/native-knowledge-20260913/build/ModuleCache.noindex/Session.modulevalidation -Xcc -I/Users/jtcao/Library/Caches/visepanda/native-knowledge-20260913/build/Build/Intermediates.noindex/VisePanda.build/Debug-iphonesimulator/VisePanda.build/swift-overrides.hmap -emit-const-values -Xfrontend -const-gather-protocols-file -Xfrontend /Users/jtcao/Library/Caches/visepanda/native-knowledge-20260913/build/Build/Intermediates.noindex/VisePanda.build/Debug-iphonesimulator/VisePanda.build/Objects-normal/x86_64/VisePanda_const_extract_protocols.json -Xcc -iquote -Xcc /Users/jtcao/Library/Caches/visepanda/native-knowledge-20260913/build/Build/Intermediates.noindex/VisePanda.build/Debug-iphonesimulator/VisePanda.build/VisePanda-generated-files.hmap -Xcc -I/Users/jtcao/Library/Caches/visepanda/native-knowledge-20260913/build/Build/Intermediates.noindex/VisePanda.build/Debug-iphonesimulator/VisePanda.build/VisePanda-own-target-headers.hmap -Xcc -I/Users/jtcao/Library/Caches/visepanda/native-knowledge-20260913/build/Build/Intermediates.noindex/VisePanda.build/Debug-iphonesimulator/VisePanda.build/VisePanda-all-target-headers.hmap -Xcc -iquote -Xcc /Users/jtcao/Library/Caches/visepanda/native-knowledge-20260913/build/Build/Intermediates.noindex/VisePanda.build/Debug-iphonesimulator/VisePanda.build/VisePanda-project-headers.hmap -Xcc -I/Users/jtcao/Library/Caches/visepanda/native-knowledge-20260913/build/Build/Products/Debug-iphonesimulator/include -Xcc -I/Users/jtcao/Library/Caches/visepanda/native-knowledge-20260913/build/Build/Intermediates.noindex/VisePanda.build/Debug-iphonesimulator/VisePanda.build/DerivedSources-normal/x86_64 -Xcc -I/Users/jtcao/Library/Caches/visepanda/native-knowledge-20260913/build/Build/Intermediates.noindex/VisePanda.build/Debug-iphonesimulator/VisePanda.build/DerivedSources/x86_64 -Xcc -I/Users/jtcao/Library/Caches/visepanda/native-knowledge-20260913/build/Build/Intermediates.noindex/VisePanda.build/Debug-iphonesimulator/VisePanda.build/DerivedSources -emit-objc-header -emit-objc-header-path /Users/jtcao/Library/Caches/visepanda/native-knowledge-20260913/build/Build/Intermediates.noindex/VisePanda.build/Debug-iphonesimulator/VisePanda.build/Objects-normal/x86_64/VisePanda-Swift.h -working-directory /Users/jtcao/Documents/VP-V4-S2-Knowledge-Publish/ios/VisePanda -experimental-emit-module-separately -disable-cmo

Copy /Users/jtcao/Library/Caches/visepanda/native-knowledge-20260913/build/Build/Products/Debug-iphonesimulator/VisePanda.swiftmodule/arm64-apple-ios-simulator.swiftmodule /Users/jtcao/Library/Caches/visepanda/native-knowledge-20260913/build/Build/Intermediates.noindex/VisePanda.build/Debug-iphonesimulator/VisePanda.build/Objects-normal/arm64/VisePanda.swiftmodule (in target 'VisePanda' from project 'VisePanda')
    cd /Users/jtcao/Documents/VP-V4-S2-Knowledge-Publish/ios/VisePanda
    builtin-copy -exclude .DS_Store -exclude CVS -exclude .svn -exclude .git -exclude .hg -resolve-src-symlinks -rename /Users/jtcao/Library/Caches/visepanda/native-knowledge-20260913/build/Build/Intermediates.noindex/VisePanda.build/Debug-iphonesimulator/VisePanda.build/Objects-normal/arm64/VisePanda.swiftmodule /Users/jtcao/Library/Caches/visepanda/native-knowledge-20260913/build/Build/Products/Debug-iphonesimulator/VisePanda.swiftmodule/arm64-apple-ios-simulator.swiftmodule

SwiftMergeGeneratedHeaders /Users/jtcao/Library/Caches/visepanda/native-knowledge-20260913/build/Build/Intermediates.noindex/VisePanda.build/Debug-iphonesimulator/VisePanda.build/DerivedSources/VisePanda-Swift.h /Users/jtcao/Library/Caches/visepanda/native-knowledge-20260913/build/Build/Intermediates.noindex/VisePanda.build/Debug-iphonesimulator/VisePanda.build/Objects-normal/arm64/VisePanda-Swift.h /Users/jtcao/Library/Caches/visepanda/native-knowledge-20260913/build/Build/Intermediates.noindex/VisePanda.build/Debug-iphonesimulator/VisePanda.build/Objects-normal/x86_64/VisePanda-Swift.h (in target 'VisePanda' from project 'VisePanda')
    cd /Users/jtcao/Documents/VP-V4-S2-Knowledge-Publish/ios/VisePanda
    builtin-swiftHeaderTool -arch arm64 /Users/jtcao/Library/Caches/visepanda/native-knowledge-20260913/build/Build/Intermediates.noindex/VisePanda.build/Debug-iphonesimulator/VisePanda.build/Objects-normal/arm64/VisePanda-Swift.h -arch x86_64 /Users/jtcao/Library/Caches/visepanda/native-knowledge-20260913/build/Build/Intermediates.noindex/VisePanda.build/Debug-iphonesimulator/VisePanda.build/Objects-normal/x86_64/VisePanda-Swift.h -o /Users/jtcao/Library/Caches/visepanda/native-knowledge-20260913/build/Build/Intermediates.noindex/VisePanda.build/Debug-iphonesimulator/VisePanda.build/DerivedSources/VisePanda-Swift.h

Copy /Users/jtcao/Library/Caches/visepanda/native-knowledge-20260913/build/Build/Products/Debug-iphonesimulator/VisePanda.swiftmodule/arm64-apple-ios-simulator.swiftdoc /Users/jtcao/Library/Caches/visepanda/native-knowledge-20260913/build/Build/Intermediates.noindex/VisePanda.build/Debug-iphonesimulator/VisePanda.build/Objects-normal/arm64/VisePanda.swiftdoc (in target 'VisePanda' from project 'VisePanda')
    cd /Users/jtcao/Documents/VP-V4-S2-Knowledge-Publish/ios/VisePanda
    builtin-copy -exclude .DS_Store -exclude CVS -exclude .svn -exclude .git -exclude .hg -resolve-src-symlinks -rename /Users/jtcao/Library/Caches/visepanda/native-knowledge-20260913/build/Build/Intermediates.noindex/VisePanda.build/Debug-iphonesimulator/VisePanda.build/Objects-normal/arm64/VisePanda.swiftdoc /Users/jtcao/Library/Caches/visepanda/native-knowledge-20260913/build/Build/Products/Debug-iphonesimulator/VisePanda.swiftmodule/arm64-apple-ios-simulator.swiftdoc

Copy /Users/jtcao/Library/Caches/visepanda/native-knowledge-20260913/build/Build/Products/Debug-iphonesimulator/VisePanda.swiftmodule/arm64-apple-ios-simulator.abi.json /Users/jtcao/Library/Caches/visepanda/native-knowledge-20260913/build/Build/Intermediates.noindex/VisePanda.build/Debug-iphonesimulator/VisePanda.build/Objects-normal/arm64/VisePanda.abi.json (in target 'VisePanda' from project 'VisePanda')
    cd /Users/jtcao/Documents/VP-V4-S2-Knowledge-Publish/ios/VisePanda
    builtin-copy -exclude .DS_Store -exclude CVS -exclude .svn -exclude .git -exclude .hg -resolve-src-symlinks -rename /Users/jtcao/Library/Caches/visepanda/native-knowledge-20260913/build/Build/Intermediates.noindex/VisePanda.build/Debug-iphonesimulator/VisePanda.build/Objects-normal/arm64/VisePanda.abi.json /Users/jtcao/Library/Caches/visepanda/native-knowledge-20260913/build/Build/Products/Debug-iphonesimulator/VisePanda.swiftmodule/arm64-apple-ios-simulator.abi.json

Copy /Users/jtcao/Library/Caches/visepanda/native-knowledge-20260913/build/Build/Products/Debug-iphonesimulator/VisePanda.swiftmodule/x86_64-apple-ios-simulator.abi.json /Users/jtcao/Library/Caches/visepanda/native-knowledge-20260913/build/Build/Intermediates.noindex/VisePanda.build/Debug-iphonesimulator/VisePanda.build/Objects-normal/x86_64/VisePanda.abi.json (in target 'VisePanda' from project 'VisePanda')
    cd /Users/jtcao/Documents/VP-V4-S2-Knowledge-Publish/ios/VisePanda
    builtin-copy -exclude .DS_Store -exclude CVS -exclude .svn -exclude .git -exclude .hg -resolve-src-symlinks -rename /Users/jtcao/Library/Caches/visepanda/native-knowledge-20260913/build/Build/Intermediates.noindex/VisePanda.build/Debug-iphonesimulator/VisePanda.build/Objects-normal/x86_64/VisePanda.abi.json /Users/jtcao/Library/Caches/visepanda/native-knowledge-20260913/build/Build/Products/Debug-iphonesimulator/VisePanda.swiftmodule/x86_64-apple-ios-simulator.abi.json

Copy /Users/jtcao/Library/Caches/visepanda/native-knowledge-20260913/build/Build/Products/Debug-iphonesimulator/VisePanda.swiftmodule/Project/x86_64-apple-ios-simulator.swiftsourceinfo /Users/jtcao/Library/Caches/visepanda/native-knowledge-20260913/build/Build/Intermediates.noindex/VisePanda.build/Debug-iphonesimulator/VisePanda.build/Objects-normal/x86_64/VisePanda.swiftsourceinfo (in target 'VisePanda' from project 'VisePanda')
    cd /Users/jtcao/Documents/VP-V4-S2-Knowledge-Publish/ios/VisePanda
    builtin-copy -exclude .DS_Store -exclude CVS -exclude .svn -exclude .git -exclude .hg -resolve-src-symlinks -rename /Users/jtcao/Library/Caches/visepanda/native-knowledge-20260913/build/Build/Intermediates.noindex/VisePanda.build/Debug-iphonesimulator/VisePanda.build/Objects-normal/x86_64/VisePanda.swiftsourceinfo /Users/jtcao/Library/Caches/visepanda/native-knowledge-20260913/build/Build/Products/Debug-iphonesimulator/VisePanda.swiftmodule/Project/x86_64-apple-ios-simulator.swiftsourceinfo

Copy /Users/jtcao/Library/Caches/visepanda/native-knowledge-20260913/build/Build/Products/Debug-iphonesimulator/VisePanda.swiftmodule/Project/arm64-apple-ios-simulator.swiftsourceinfo /Users/jtcao/Library/Caches/visepanda/native-knowledge-20260913/build/Build/Intermediates.noindex/VisePanda.build/Debug-iphonesimulator/VisePanda.build/Objects-normal/arm64/VisePanda.swiftsourceinfo (in target 'VisePanda' from project 'VisePanda')
    cd /Users/jtcao/Documents/VP-V4-S2-Knowledge-Publish/ios/VisePanda
    builtin-copy -exclude .DS_Store -exclude CVS -exclude .svn -exclude .git -exclude .hg -resolve-src-symlinks -rename /Users/jtcao/Library/Caches/visepanda/native-knowledge-20260913/build/Build/Intermediates.noindex/VisePanda.build/Debug-iphonesimulator/VisePanda.build/Objects-normal/arm64/VisePanda.swiftsourceinfo /Users/jtcao/Library/Caches/visepanda/native-knowledge-20260913/build/Build/Products/Debug-iphonesimulator/VisePanda.swiftmodule/Project/arm64-apple-ios-simulator.swiftsourceinfo

SwiftDriver VisePandaUITests normal arm64 com.apple.xcode.tools.swift.compiler (in target 'VisePandaUITests' from project 'VisePanda')
    cd /Users/jtcao/Documents/VP-V4-S2-Knowledge-Publish/ios/VisePanda
    builtin-SwiftDriver -- /Applications/Xcode.app/Contents/Developer/Toolchains/XcodeDefault.xctoolchain/usr/bin/swiftc -module-name VisePandaUITests -Onone @/Users/jtcao/Library/Caches/visepanda/native-knowledge-20260913/build/Build/Intermediates.noindex/VisePanda.build/Debug-iphonesimulator/VisePandaUITests.build/Objects-normal/arm64/VisePandaUITests.SwiftFileList -DDEBUG -module-alias Testing\=_Testing_Unavailable -plugin-path /Applications/Xcode.app/Contents/Developer/Toolchains/XcodeDefault.xctoolchain/usr/lib/swift/host/plugins/testing -enable-experimental-feature DebugDescriptionMacro -sdk /Applications/Xcode.app/Contents/Developer/Platforms/iPhoneSimulator.platform/Developer/SDKs/iPhoneSimulator26.5.sdk -target arm64-apple-ios17.0-simulator -g -module-cache-path /Users/jtcao/Library/Caches/visepanda/native-knowledge-20260913/build/ModuleCache.noindex -Xfrontend -serialize-debugging-options -enable-testing -index-store-path /Users/jtcao/Library/Caches/visepanda/native-knowledge-20260913/build/Index.noindex/DataStore -Xcc -D_LIBCPP_HARDENING_MODE\=_LIBCPP_HARDENING_MODE_DEBUG -swift-version 6 -I /Users/jtcao/Library/Caches/visepanda/native-knowledge-20260913/build/Build/Products/Debug-iphonesimulator -Isystem /Applications/Xcode.app/Contents/Developer/Platforms/iPhoneSimulator.platform/Developer/usr/lib -F /Users/jtcao/Library/Caches/visepanda/native-knowledge-20260913/build/Build/Products/Debug-iphonesimulator -F /Applications/Xcode.app/Contents/Developer/Platforms/iPhoneSimulator.platform/Developer/Library/Frameworks -F /Applications/Xcode.app/Contents/Developer/Platforms/iPhoneSimulator.platform/Developer/SDKs/iPhoneSimulator26.5.sdk/Developer/Library/Frameworks -c -j8 -enable-batch-mode -incremental -Xcc -ivfsstatcache -Xcc /Users/jtcao/Library/Caches/visepanda/native-knowledge-20260913/build/SDKStatCaches.noindex/iphonesimulator26.5-23F81a-6cfe768891a92b912361537c460fe42b.sdkstatcache -output-file-map /Users/jtcao/Library/Caches/visepanda/native-knowledge-20260913/build/Build/Intermediates.noindex/VisePanda.build/Debug-iphonesimulator/VisePandaUITests.build/Objects-normal/arm64/VisePandaUITests-OutputFileMap.json -use-frontend-parseable-output -save-temps -no-color-diagnostics -explicit-module-build -module-cache-path /Users/jtcao/Library/Caches/visepanda/native-knowledge-20260913/build/Build/Intermediates.noindex/SwiftExplicitPrecompiledModules -clang-scanner-module-cache-path /Users/jtcao/Library/Caches/visepanda/native-knowledge-20260913/build/ModuleCache.noindex -sdk-module-cache-path /Users/jtcao/Library/Caches/visepanda/native-knowledge-20260913/build/ModuleCache.noindex -serialize-diagnostics -emit-dependencies -emit-module -emit-module-path /Users/jtcao/Library/Caches/visepanda/native-knowledge-20260913/build/Build/Intermediates.noindex/VisePanda.build/Debug-iphonesimulator/VisePandaUITests.build/Objects-normal/arm64/VisePandaUITests.swiftmodule -validate-clang-modules-once -clang-build-session-file /Users/jtcao/Library/Caches/visepanda/native-knowledge-20260913/build/ModuleCache.noindex/Session.modulevalidation -Xcc -I/Users/jtcao/Library/Caches/visepanda/native-knowledge-20260913/build/Build/Intermediates.noindex/VisePanda.build/Debug-iphonesimulator/VisePandaUITests.build/swift-overrides.hmap -emit-const-values -Xfrontend -const-gather-protocols-file -Xfrontend /Users/jtcao/Library/Caches/visepanda/native-knowledge-20260913/build/Build/Intermediates.noindex/VisePanda.build/Debug-iphonesimulator/VisePandaUITests.build/Objects-normal/arm64/VisePandaUITests_const_extract_protocols.json -Xcc -iquote -Xcc /Users/jtcao/Library/Caches/visepanda/native-knowledge-20260913/build/Build/Intermediates.noindex/VisePanda.build/Debug-iphonesimulator/VisePandaUITests.build/VisePandaUITests-generated-files.hmap -Xcc -I/Users/jtcao/Library/Caches/visepanda/native-knowledge-20260913/build/Build/Intermediates.noindex/VisePanda.build/Debug-iphonesimulator/VisePandaUITests.build/VisePandaUITests-own-target-headers.hmap -Xcc -I/Users/jtcao/Library/Caches/visepanda/native-knowledge-20260913/build/Build/Intermediates.noindex/VisePanda.build/Debug-iphonesimulator/VisePandaUITests.build/VisePandaUITests-all-target-headers.hmap -Xcc -iquote -Xcc /Users/jtcao/Library/Caches/visepanda/native-knowledge-20260913/build/Build/Intermediates.noindex/VisePanda.build/Debug-iphonesimulator/VisePandaUITests.build/VisePandaUITests-project-headers.hmap -Xcc -I/Users/jtcao/Library/Caches/visepanda/native-knowledge-20260913/build/Build/Products/Debug-iphonesimulator/include -Xcc -I/Users/jtcao/Library/Caches/visepanda/native-knowledge-20260913/build/Build/Intermediates.noindex/VisePanda.build/Debug-iphonesimulator/VisePandaUITests.build/DerivedSources-normal/arm64 -Xcc -I/Users/jtcao/Library/Caches/visepanda/native-knowledge-20260913/build/Build/Intermediates.noindex/VisePanda.build/Debug-iphonesimulator/VisePandaUITests.build/DerivedSources/arm64 -Xcc -I/Users/jtcao/Library/Caches/visepanda/native-knowledge-20260913/build/Build/Intermediates.noindex/VisePanda.build/Debug-iphonesimulator/VisePandaUITests.build/DerivedSources -emit-objc-header -emit-objc-header-path /Users/jtcao/Library/Caches/visepanda/native-knowledge-20260913/build/Build/Intermediates.noindex/VisePanda.build/Debug-iphonesimulator/VisePandaUITests.build/Objects-normal/arm64/VisePandaUITests-Swift.h -working-directory /Users/jtcao/Documents/VP-V4-S2-Knowledge-Publish/ios/VisePanda -experimental-emit-module-separately -disable-cmo

SwiftDriver VisePandaUITests normal x86_64 com.apple.xcode.tools.swift.compiler (in target 'VisePandaUITests' from project 'VisePanda')
    cd /Users/jtcao/Documents/VP-V4-S2-Knowledge-Publish/ios/VisePanda
    builtin-SwiftDriver -- /Applications/Xcode.app/Contents/Developer/Toolchains/XcodeDefault.xctoolchain/usr/bin/swiftc -module-name VisePandaUITests -Onone @/Users/jtcao/Library/Caches/visepanda/native-knowledge-20260913/build/Build/Intermediates.noindex/VisePanda.build/Debug-iphonesimulator/VisePandaUITests.build/Objects-normal/x86_64/VisePandaUITests.SwiftFileList -DDEBUG -module-alias Testing\=_Testing_Unavailable -plugin-path /Applications/Xcode.app/Contents/Developer/Toolchains/XcodeDefault.xctoolchain/usr/lib/swift/host/plugins/testing -enable-experimental-feature DebugDescriptionMacro -sdk /Applications/Xcode.app/Contents/Developer/Platforms/iPhoneSimulator.platform/Developer/SDKs/iPhoneSimulator26.5.sdk -target x86_64-apple-ios17.0-simulator -g -module-cache-path /Users/jtcao/Library/Caches/visepanda/native-knowledge-20260913/build/ModuleCache.noindex -Xfrontend -serialize-debugging-options -enable-testing -index-store-path /Users/jtcao/Library/Caches/visepanda/native-knowledge-20260913/build/Index.noindex/DataStore -Xcc -D_LIBCPP_HARDENING_MODE\=_LIBCPP_HARDENING_MODE_DEBUG -swift-version 6 -I /Users/jtcao/Library/Caches/visepanda/native-knowledge-20260913/build/Build/Products/Debug-iphonesimulator -Isystem /Applications/Xcode.app/Contents/Developer/Platforms/iPhoneSimulator.platform/Developer/usr/lib -F /Users/jtcao/Library/Caches/visepanda/native-knowledge-20260913/build/Build/Products/Debug-iphonesimulator -F /Applications/Xcode.app/Contents/Developer/Platforms/iPhoneSimulator.platform/Developer/Library/Frameworks -F /Applications/Xcode.app/Contents/Developer/Platforms/iPhoneSimulator.platform/Developer/SDKs/iPhoneSimulator26.5.sdk/Developer/Library/Frameworks -c -j8 -enable-batch-mode -incremental -Xcc -ivfsstatcache -Xcc /Users/jtcao/Library/Caches/visepanda/native-knowledge-20260913/build/SDKStatCaches.noindex/iphonesimulator26.5-23F81a-6cfe768891a92b912361537c460fe42b.sdkstatcache -output-file-map /Users/jtcao/Library/Caches/visepanda/native-knowledge-20260913/build/Build/Intermediates.noindex/VisePanda.build/Debug-iphonesimulator/VisePandaUITests.build/Objects-normal/x86_64/VisePandaUITests-OutputFileMap.json -use-frontend-parseable-output -save-temps -no-color-diagnostics -explicit-module-build -module-cache-path /Users/jtcao/Library/Caches/visepanda/native-knowledge-20260913/build/Build/Intermediates.noindex/SwiftExplicitPrecompiledModules -clang-scanner-module-cache-path /Users/jtcao/Library/Caches/visepanda/native-knowledge-20260913/build/ModuleCache.noindex -sdk-module-cache-path /Users/jtcao/Library/Caches/visepanda/native-knowledge-20260913/build/ModuleCache.noindex -serialize-diagnostics -emit-dependencies -emit-module -emit-module-path /Users/jtcao/Library/Caches/visepanda/native-knowledge-20260913/build/Build/Intermediates.noindex/VisePanda.build/Debug-iphonesimulator/VisePandaUITests.build/Objects-normal/x86_64/VisePandaUITests.swiftmodule -validate-clang-modules-once -clang-build-session-file /Users/jtcao/Library/Caches/visepanda/native-knowledge-20260913/build/ModuleCache.noindex/Session.modulevalidation -Xcc -I/Users/jtcao/Library/Caches/visepanda/native-knowledge-20260913/build/Build/Intermediates.noindex/VisePanda.build/Debug-iphonesimulator/VisePandaUITests.build/swift-overrides.hmap -emit-const-values -Xfrontend -const-gather-protocols-file -Xfrontend /Users/jtcao/Library/Caches/visepanda/native-knowledge-20260913/build/Build/Intermediates.noindex/VisePanda.build/Debug-iphonesimulator/VisePandaUITests.build/Objects-normal/x86_64/VisePandaUITests_const_extract_protocols.json -Xcc -iquote -Xcc /Users/jtcao/Library/Caches/visepanda/native-knowledge-20260913/build/Build/Intermediates.noindex/VisePanda.build/Debug-iphonesimulator/VisePandaUITests.build/VisePandaUITests-generated-files.hmap -Xcc -I/Users/jtcao/Library/Caches/visepanda/native-knowledge-20260913/build/Build/Intermediates.noindex/VisePanda.build/Debug-iphonesimulator/VisePandaUITests.build/VisePandaUITests-own-target-headers.hmap -Xcc -I/Users/jtcao/Library/Caches/visepanda/native-knowledge-20260913/build/Build/Intermediates.noindex/VisePanda.build/Debug-iphonesimulator/VisePandaUITests.build/VisePandaUITests-all-target-headers.hmap -Xcc -iquote -Xcc /Users/jtcao/Library/Caches/visepanda/native-knowledge-20260913/build/Build/Intermediates.noindex/VisePanda.build/Debug-iphonesimulator/VisePandaUITests.build/VisePandaUITests-project-headers.hmap -Xcc -I/Users/jtcao/Library/Caches/visepanda/native-knowledge-20260913/build/Build/Products/Debug-iphonesimulator/include -Xcc -I/Users/jtcao/Library/Caches/visepanda/native-knowledge-20260913/build/Build/Intermediates.noindex/VisePanda.build/Debug-iphonesimulator/VisePandaUITests.build/DerivedSources-normal/x86_64 -Xcc -I/Users/jtcao/Library/Caches/visepanda/native-knowledge-20260913/build/Build/Intermediates.noindex/VisePanda.build/Debug-iphonesimulator/VisePandaUITests.build/DerivedSources/x86_64 -Xcc -I/Users/jtcao/Library/Caches/visepanda/native-knowledge-20260913/build/Build/Intermediates.noindex/VisePanda.build/Debug-iphonesimulator/VisePandaUITests.build/DerivedSources -emit-objc-header -emit-objc-header-path /Users/jtcao/Library/Caches/visepanda/native-knowledge-20260913/build/Build/Intermediates.noindex/VisePanda.build/Debug-iphonesimulator/VisePandaUITests.build/Objects-normal/x86_64/VisePandaUITests-Swift.h -working-directory /Users/jtcao/Documents/VP-V4-S2-Knowledge-Publish/ios/VisePanda -experimental-emit-module-separately -disable-cmo

SwiftDriver VisePandaTests normal arm64 com.apple.xcode.tools.swift.compiler (in target 'VisePandaTests' from project 'VisePanda')
    cd /Users/jtcao/Documents/VP-V4-S2-Knowledge-Publish/ios/VisePanda
    builtin-SwiftDriver -- /Applications/Xcode.app/Contents/Developer/Toolchains/XcodeDefault.xctoolchain/usr/bin/swiftc -module-name VisePandaTests -Onone @/Users/jtcao/Library/Caches/visepanda/native-knowledge-20260913/build/Build/Intermediates.noindex/VisePanda.build/Debug-iphonesimulator/VisePandaTests.build/Objects-normal/arm64/VisePandaTests.SwiftFileList -DDEBUG -plugin-path /Applications/Xcode.app/Contents/Developer/Toolchains/XcodeDefault.xctoolchain/usr/lib/swift/host/plugins/testing -default-isolation\=MainActor -enable-upcoming-feature InferIsolatedConformances -enable-upcoming-feature NonisolatedNonsendingByDefault -enable-experimental-feature DebugDescriptionMacro -sdk /Applications/Xcode.app/Contents/Developer/Platforms/iPhoneSimulator.platform/Developer/SDKs/iPhoneSimulator26.5.sdk -target arm64-apple-ios17.0-simulator -g -module-cache-path /Users/jtcao/Library/Caches/visepanda/native-knowledge-20260913/build/ModuleCache.noindex -Xfrontend -serialize-debugging-options -enable-testing -index-store-path /Users/jtcao/Library/Caches/visepanda/native-knowledge-20260913/build/Index.noindex/DataStore -Xcc -D_LIBCPP_HARDENING_MODE\=_LIBCPP_HARDENING_MODE_DEBUG -swift-version 6 -I /Users/jtcao/Library/Caches/visepanda/native-knowledge-20260913/build/Build/Products/Debug-iphonesimulator -Isystem /Applications/Xcode.app/Contents/Developer/Platforms/iPhoneSimulator.platform/Developer/usr/lib -F /Users/jtcao/Library/Caches/visepanda/native-knowledge-20260913/build/Build/Products/Debug-iphonesimulator -F /Applications/Xcode.app/Contents/Developer/Platforms/iPhoneSimulator.platform/Developer/Library/Frameworks -F /Applications/Xcode.app/Contents/Developer/Platforms/iPhoneSimulator.platform/Developer/SDKs/iPhoneSimulator26.5.sdk/Developer/Library/Frameworks -c -j8 -enable-batch-mode -incremental -Xcc -ivfsstatcache -Xcc /Users/jtcao/Library/Caches/visepanda/native-knowledge-20260913/build/SDKStatCaches.noindex/iphonesimulator26.5-23F81a-6cfe768891a92b912361537c460fe42b.sdkstatcache -output-file-map /Users/jtcao/Library/Caches/visepanda/native-knowledge-20260913/build/Build/Intermediates.noindex/VisePanda.build/Debug-iphonesimulator/VisePandaTests.build/Objects-normal/arm64/VisePandaTests-OutputFileMap.json -use-frontend-parseable-output -save-temps -no-color-diagnostics -explicit-module-build -module-cache-path /Users/jtcao/Library/Caches/visepanda/native-knowledge-20260913/build/Build/Intermediates.noindex/SwiftExplicitPrecompiledModules -clang-scanner-module-cache-path /Users/jtcao/Library/Caches/visepanda/native-knowledge-20260913/build/ModuleCache.noindex -sdk-module-cache-path /Users/jtcao/Library/Caches/visepanda/native-knowledge-20260913/build/ModuleCache.noindex -serialize-diagnostics -emit-dependencies -emit-module -emit-module-path /Users/jtcao/Library/Caches/visepanda/native-knowledge-20260913/build/Build/Intermediates.noindex/VisePanda.build/Debug-iphonesimulator/VisePandaTests.build/Objects-normal/arm64/VisePandaTests.swiftmodule -validate-clang-modules-once -clang-build-session-file /Users/jtcao/Library/Caches/visepanda/native-knowledge-20260913/build/ModuleCache.noindex/Session.modulevalidation -Xcc -I/Users/jtcao/Library/Caches/visepanda/native-knowledge-20260913/build/Build/Intermediates.noindex/VisePanda.build/Debug-iphonesimulator/VisePandaTests.build/swift-overrides.hmap -emit-const-values -Xfrontend -const-gather-protocols-file -Xfrontend /Users/jtcao/Library/Caches/visepanda/native-knowledge-20260913/build/Build/Intermediates.noindex/VisePanda.build/Debug-iphonesimulator/VisePandaTests.build/Objects-normal/arm64/VisePandaTests_const_extract_protocols.json -Xcc -iquote -Xcc /Users/jtcao/Library/Caches/visepanda/native-knowledge-20260913/build/Build/Intermediates.noindex/VisePanda.build/Debug-iphonesimulator/VisePandaTests.build/VisePandaTests-generated-files.hmap -Xcc -I/Users/jtcao/Library/Caches/visepanda/native-knowledge-20260913/build/Build/Intermediates.noindex/VisePanda.build/Debug-iphonesimulator/VisePandaTests.build/VisePandaTests-own-target-headers.hmap -Xcc -I/Users/jtcao/Library/Caches/visepanda/native-knowledge-20260913/build/Build/Intermediates.noindex/VisePanda.build/Debug-iphonesimulator/VisePandaTests.build/VisePandaTests-all-target-headers.hmap -Xcc -iquote -Xcc /Users/jtcao/Library/Caches/visepanda/native-knowledge-20260913/build/Build/Intermediates.noindex/VisePanda.build/Debug-iphonesimulator/VisePandaTests.build/VisePandaTests-project-headers.hmap -Xcc -I/Users/jtcao/Library/Caches/visepanda/native-knowledge-20260913/build/Build/Products/Debug-iphonesimulator/include -Xcc -I/Users/jtcao/Library/Caches/visepanda/native-knowledge-20260913/build/Build/Intermediates.noindex/VisePanda.build/Debug-iphonesimulator/VisePandaTests.build/DerivedSources-normal/arm64 -Xcc -I/Users/jtcao/Library/Caches/visepanda/native-knowledge-20260913/build/Build/Intermediates.noindex/VisePanda.build/Debug-iphonesimulator/VisePandaTests.build/DerivedSources/arm64 -Xcc -I/Users/jtcao/Library/Caches/visepanda/native-knowledge-20260913/build/Build/Intermediates.noindex/VisePanda.build/Debug-iphonesimulator/VisePandaTests.build/DerivedSources -emit-objc-header -emit-objc-header-path /Users/jtcao/Library/Caches/visepanda/native-knowledge-20260913/build/Build/Intermediates.noindex/VisePanda.build/Debug-iphonesimulator/VisePandaTests.build/Objects-normal/arm64/VisePandaTests-Swift.h -working-directory /Users/jtcao/Documents/VP-V4-S2-Knowledge-Publish/ios/VisePanda -experimental-emit-module-separately -disable-cmo

SwiftDriver VisePandaTests normal x86_64 com.apple.xcode.tools.swift.compiler (in target 'VisePandaTests' from project 'VisePanda')
    cd /Users/jtcao/Documents/VP-V4-S2-Knowledge-Publish/ios/VisePanda
    builtin-SwiftDriver -- /Applications/Xcode.app/Contents/Developer/Toolchains/XcodeDefault.xctoolchain/usr/bin/swiftc -module-name VisePandaTests -Onone @/Users/jtcao/Library/Caches/visepanda/native-knowledge-20260913/build/Build/Intermediates.noindex/VisePanda.build/Debug-iphonesimulator/VisePandaTests.build/Objects-normal/x86_64/VisePandaTests.SwiftFileList -DDEBUG -plugin-path /Applications/Xcode.app/Contents/Developer/Toolchains/XcodeDefault.xctoolchain/usr/lib/swift/host/plugins/testing -default-isolation\=MainActor -enable-upcoming-feature InferIsolatedConformances -enable-upcoming-feature NonisolatedNonsendingByDefault -enable-experimental-feature DebugDescriptionMacro -sdk /Applications/Xcode.app/Contents/Developer/Platforms/iPhoneSimulator.platform/Developer/SDKs/iPhoneSimulator26.5.sdk -target x86_64-apple-ios17.0-simulator -g -module-cache-path /Users/jtcao/Library/Caches/visepanda/native-knowledge-20260913/build/ModuleCache.noindex -Xfrontend -serialize-debugging-options -enable-testing -index-store-path /Users/jtcao/Library/Caches/visepanda/native-knowledge-20260913/build/Index.noindex/DataStore -Xcc -D_LIBCPP_HARDENING_MODE\=_LIBCPP_HARDENING_MODE_DEBUG -swift-version 6 -I /Users/jtcao/Library/Caches/visepanda/native-knowledge-20260913/build/Build/Products/Debug-iphonesimulator -Isystem /Applications/Xcode.app/Contents/Developer/Platforms/iPhoneSimulator.platform/Developer/usr/lib -F /Users/jtcao/Library/Caches/visepanda/native-knowledge-20260913/build/Build/Products/Debug-iphonesimulator -F /Applications/Xcode.app/Contents/Developer/Platforms/iPhoneSimulator.platform/Developer/Library/Frameworks -F /Applications/Xcode.app/Contents/Developer/Platforms/iPhoneSimulator.platform/Developer/SDKs/iPhoneSimulator26.5.sdk/Developer/Library/Frameworks -c -j8 -enable-batch-mode -incremental -Xcc -ivfsstatcache -Xcc /Users/jtcao/Library/Caches/visepanda/native-knowledge-20260913/build/SDKStatCaches.noindex/iphonesimulator26.5-23F81a-6cfe768891a92b912361537c460fe42b.sdkstatcache -output-file-map /Users/jtcao/Library/Caches/visepanda/native-knowledge-20260913/build/Build/Intermediates.noindex/VisePanda.build/Debug-iphonesimulator/VisePandaTests.build/Objects-normal/x86_64/VisePandaTests-OutputFileMap.json -use-frontend-parseable-output -save-temps -no-color-diagnostics -explicit-module-build -module-cache-path /Users/jtcao/Library/Caches/visepanda/native-knowledge-20260913/build/Build/Intermediates.noindex/SwiftExplicitPrecompiledModules -clang-scanner-module-cache-path /Users/jtcao/Library/Caches/visepanda/native-knowledge-20260913/build/ModuleCache.noindex -sdk-module-cache-path /Users/jtcao/Library/Caches/visepanda/native-knowledge-20260913/build/ModuleCache.noindex -serialize-diagnostics -emit-dependencies -emit-module -emit-module-path /Users/jtcao/Library/Caches/visepanda/native-knowledge-20260913/build/Build/Intermediates.noindex/VisePanda.build/Debug-iphonesimulator/VisePandaTests.build/Objects-normal/x86_64/VisePandaTests.swiftmodule -validate-clang-modules-once -clang-build-session-file /Users/jtcao/Library/Caches/visepanda/native-knowledge-20260913/build/ModuleCache.noindex/Session.modulevalidation -Xcc -I/Users/jtcao/Library/Caches/visepanda/native-knowledge-20260913/build/Build/Intermediates.noindex/VisePanda.build/Debug-iphonesimulator/VisePandaTests.build/swift-overrides.hmap -emit-const-values -Xfrontend -const-gather-protocols-file -Xfrontend /Users/jtcao/Library/Caches/visepanda/native-knowledge-20260913/build/Build/Intermediates.noindex/VisePanda.build/Debug-iphonesimulator/VisePandaTests.build/Objects-normal/x86_64/VisePandaTests_const_extract_protocols.json -Xcc -iquote -Xcc /Users/jtcao/Library/Caches/visepanda/native-knowledge-20260913/build/Build/Intermediates.noindex/VisePanda.build/Debug-iphonesimulator/VisePandaTests.build/VisePandaTests-generated-files.hmap -Xcc -I/Users/jtcao/Library/Caches/visepanda/native-knowledge-20260913/build/Build/Intermediates.noindex/VisePanda.build/Debug-iphonesimulator/VisePandaTests.build/VisePandaTests-own-target-headers.hmap -Xcc -I/Users/jtcao/Library/Caches/visepanda/native-knowledge-20260913/build/Build/Intermediates.noindex/VisePanda.build/Debug-iphonesimulator/VisePandaTests.build/VisePandaTests-all-target-headers.hmap -Xcc -iquote -Xcc /Users/jtcao/Library/Caches/visepanda/native-knowledge-20260913/build/Build/Intermediates.noindex/VisePanda.build/Debug-iphonesimulator/VisePandaTests.build/VisePandaTests-project-headers.hmap -Xcc -I/Users/jtcao/Library/Caches/visepanda/native-knowledge-20260913/build/Build/Products/Debug-iphonesimulator/include -Xcc -I/Users/jtcao/Library/Caches/visepanda/native-knowledge-20260913/build/Build/Intermediates.noindex/VisePanda.build/Debug-iphonesimulator/VisePandaTests.build/DerivedSources-normal/x86_64 -Xcc -I/Users/jtcao/Library/Caches/visepanda/native-knowledge-20260913/build/Build/Intermediates.noindex/VisePanda.build/Debug-iphonesimulator/VisePandaTests.build/DerivedSources/x86_64 -Xcc -I/Users/jtcao/Library/Caches/visepanda/native-knowledge-20260913/build/Build/Intermediates.noindex/VisePanda.build/Debug-iphonesimulator/VisePandaTests.build/DerivedSources -emit-objc-header -emit-objc-header-path /Users/jtcao/Library/Caches/visepanda/native-knowledge-20260913/build/Build/Intermediates.noindex/VisePanda.build/Debug-iphonesimulator/VisePandaTests.build/Objects-normal/x86_64/VisePandaTests-Swift.h -working-directory /Users/jtcao/Documents/VP-V4-S2-Knowledge-Publish/ios/VisePanda -experimental-emit-module-separately -disable-cmo

SwiftDriverJobDiscovery normal arm64 Compiling NativeKnowledgeView.swift (in target 'VisePanda' from project 'VisePanda')

SwiftDriver\ Compilation VisePanda normal arm64 com.apple.xcode.tools.swift.compiler (in target 'VisePanda' from project 'VisePanda')
    cd /Users/jtcao/Documents/VP-V4-S2-Knowledge-Publish/ios/VisePanda
    builtin-Swift-Compilation -- /Applications/Xcode.app/Contents/Developer/Toolchains/XcodeDefault.xctoolchain/usr/bin/swiftc -module-name VisePanda -Onone @/Users/jtcao/Library/Caches/visepanda/native-knowledge-20260913/build/Build/Intermediates.noindex/VisePanda.build/Debug-iphonesimulator/VisePanda.build/Objects-normal/arm64/VisePanda.SwiftFileList -DDEBUG -default-isolation\=MainActor -enable-upcoming-feature InferIsolatedConformances -enable-upcoming-feature NonisolatedNonsendingByDefault -enable-experimental-feature DebugDescriptionMacro -sdk /Applications/Xcode.app/Contents/Developer/Platforms/iPhoneSimulator.platform/Developer/SDKs/iPhoneSimulator26.5.sdk -target arm64-apple-ios17.0-simulator -g -module-cache-path /Users/jtcao/Library/Caches/visepanda/native-knowledge-20260913/build/ModuleCache.noindex -Xfrontend -serialize-debugging-options -enable-testing -index-store-path /Users/jtcao/Library/Caches/visepanda/native-knowledge-20260913/build/Index.noindex/DataStore -Xcc -D_LIBCPP_HARDENING_MODE\=_LIBCPP_HARDENING_MODE_DEBUG -swift-version 6 -I /Users/jtcao/Library/Caches/visepanda/native-knowledge-20260913/build/Build/Products/Debug-iphonesimulator -F /Users/jtcao/Library/Caches/visepanda/native-knowledge-20260913/build/Build/Products/Debug-iphonesimulator -c -j8 -enable-batch-mode -incremental -Xcc -ivfsstatcache -Xcc /Users/jtcao/Library/Caches/visepanda/native-knowledge-20260913/build/SDKStatCaches.noindex/iphonesimulator26.5-23F81a-6cfe768891a92b912361537c460fe42b.sdkstatcache -output-file-map /Users/jtcao/Library/Caches/visepanda/native-knowledge-20260913/build/Build/Intermediates.noindex/VisePanda.build/Debug-iphonesimulator/VisePanda.build/Objects-normal/arm64/VisePanda-OutputFileMap.json -use-frontend-parseable-output -save-temps -no-color-diagnostics -explicit-module-build -module-cache-path /Users/jtcao/Library/Caches/visepanda/native-knowledge-20260913/build/Build/Intermediates.noindex/SwiftExplicitPrecompiledModules -clang-scanner-module-cache-path /Users/jtcao/Library/Caches/visepanda/native-knowledge-20260913/build/ModuleCache.noindex -sdk-module-cache-path /Users/jtcao/Library/Caches/visepanda/native-knowledge-20260913/build/ModuleCache.noindex -serialize-diagnostics -emit-dependencies -emit-module -emit-module-path /Users/jtcao/Library/Caches/visepanda/native-knowledge-20260913/build/Build/Intermediates.noindex/VisePanda.build/Debug-iphonesimulator/VisePanda.build/Objects-normal/arm64/VisePanda.swiftmodule -validate-clang-modules-once -clang-build-session-file /Users/jtcao/Library/Caches/visepanda/native-knowledge-20260913/build/ModuleCache.noindex/Session.modulevalidation -Xcc -I/Users/jtcao/Library/Caches/visepanda/native-knowledge-20260913/build/Build/Intermediates.noindex/VisePanda.build/Debug-iphonesimulator/VisePanda.build/swift-overrides.hmap -emit-const-values -Xfrontend -const-gather-protocols-file -Xfrontend /Users/jtcao/Library/Caches/visepanda/native-knowledge-20260913/build/Build/Intermediates.noindex/VisePanda.build/Debug-iphonesimulator/VisePanda.build/Objects-normal/arm64/VisePanda_const_extract_protocols.json -Xcc -iquote -Xcc /Users/jtcao/Library/Caches/visepanda/native-knowledge-20260913/build/Build/Intermediates.noindex/VisePanda.build/Debug-iphonesimulator/VisePanda.build/VisePanda-generated-files.hmap -Xcc -I/Users/jtcao/Library/Caches/visepanda/native-knowledge-20260913/build/Build/Intermediates.noindex/VisePanda.build/Debug-iphonesimulator/VisePanda.build/VisePanda-own-target-headers.hmap -Xcc -I/Users/jtcao/Library/Caches/visepanda/native-knowledge-20260913/build/Build/Intermediates.noindex/VisePanda.build/Debug-iphonesimulator/VisePanda.build/VisePanda-all-target-headers.hmap -Xcc -iquote -Xcc /Users/jtcao/Library/Caches/visepanda/native-knowledge-20260913/build/Build/Intermediates.noindex/VisePanda.build/Debug-iphonesimulator/VisePanda.build/VisePanda-project-headers.hmap -Xcc -I/Users/jtcao/Library/Caches/visepanda/native-knowledge-20260913/build/Build/Products/Debug-iphonesimulator/include -Xcc -I/Users/jtcao/Library/Caches/visepanda/native-knowledge-20260913/build/Build/Intermediates.noindex/VisePanda.build/Debug-iphonesimulator/VisePanda.build/DerivedSources-normal/arm64 -Xcc -I/Users/jtcao/Library/Caches/visepanda/native-knowledge-20260913/build/Build/Intermediates.noindex/VisePanda.build/Debug-iphonesimulator/VisePanda.build/DerivedSources/arm64 -Xcc -I/Users/jtcao/Library/Caches/visepanda/native-knowledge-20260913/build/Build/Intermediates.noindex/VisePanda.build/Debug-iphonesimulator/VisePanda.build/DerivedSources -emit-objc-header -emit-objc-header-path /Users/jtcao/Library/Caches/visepanda/native-knowledge-20260913/build/Build/Intermediates.noindex/VisePanda.build/Debug-iphonesimulator/VisePanda.build/Objects-normal/arm64/VisePanda-Swift.h -working-directory /Users/jtcao/Documents/VP-V4-S2-Knowledge-Publish/ios/VisePanda -experimental-emit-module-separately -disable-cmo

SwiftDriverJobDiscovery normal x86_64 Compiling NativeKnowledgeView.swift (in target 'VisePanda' from project 'VisePanda')

Ld /Users/jtcao/Library/Caches/visepanda/native-knowledge-20260913/build/Build/Intermediates.noindex/VisePanda.build/Debug-iphonesimulator/VisePanda.build/Objects-normal/arm64/Binary/VisePanda.debug.dylib normal arm64 (in target 'VisePanda' from project 'VisePanda')
    cd /Users/jtcao/Documents/VP-V4-S2-Knowledge-Publish/ios/VisePanda
    /Applications/Xcode.app/Contents/Developer/Toolchains/XcodeDefault.xctoolchain/usr/bin/clang -Xlinker -reproducible -target arm64-apple-ios17.0-simulator -dynamiclib -isysroot /Applications/Xcode.app/Contents/Developer/Platforms/iPhoneSimulator.platform/Developer/SDKs/iPhoneSimulator26.5.sdk -O0 -L/Users/jtcao/Library/Caches/visepanda/native-knowledge-20260913/build/Build/Intermediates.noindex/EagerLinkingTBDs/Debug-iphonesimulator -L/Users/jtcao/Library/Caches/visepanda/native-knowledge-20260913/build/Build/Products/Debug-iphonesimulator -F/Users/jtcao/Library/Caches/visepanda/native-knowledge-20260913/build/Build/Intermediates.noindex/EagerLinkingTBDs/Debug-iphonesimulator -F/Users/jtcao/Library/Caches/visepanda/native-knowledge-20260913/build/Build/Products/Debug-iphonesimulator -filelist /Users/jtcao/Library/Caches/visepanda/native-knowledge-20260913/build/Build/Intermediates.noindex/VisePanda.build/Debug-iphonesimulator/VisePanda.build/Objects-normal/arm64/VisePanda.LinkFileList -install_name @rpath/VisePanda.debug.dylib -Xlinker -rpath -Xlinker /usr/lib/swift -Xlinker -dead_strip -Xlinker -object_path_lto -Xlinker /Users/jtcao/Library/Caches/visepanda/native-knowledge-20260913/build/Build/Intermediates.noindex/VisePanda.build/Debug-iphonesimulator/VisePanda.build/Objects-normal/arm64/VisePanda_lto.o -rdynamic -Xlinker -no_deduplicate -Xlinker -objc_abi_version -Xlinker 2 -Xlinker -dependency_info -Xlinker /Users/jtcao/Library/Caches/visepanda/native-knowledge-20260913/build/Build/Intermediates.noindex/VisePanda.build/Debug-iphonesimulator/VisePanda.build/Objects-normal/arm64/VisePanda_dependency_info.dat -fobjc-link-runtime -L/Applications/Xcode.app/Contents/Developer/Toolchains/XcodeDefault.xctoolchain/usr/lib/swift/iphonesimulator -L/usr/lib/swift -Xlinker -add_ast_path -Xlinker /Users/jtcao/Library/Caches/visepanda/native-knowledge-20260913/build/Build/Intermediates.noindex/VisePanda.build/Debug-iphonesimulator/VisePanda.build/Objects-normal/arm64/VisePanda.swiftmodule @/Users/jtcao/Library/Caches/visepanda/native-knowledge-20260913/build/Build/Intermediates.noindex/VisePanda.build/Debug-iphonesimulator/VisePanda.build/Objects-normal/arm64/VisePanda-linker-args.resp -Xlinker -alias -Xlinker _main -Xlinker ___debug_main_executable_dylib_entry_point -Xlinker -no_adhoc_codesign -o /Users/jtcao/Library/Caches/visepanda/native-knowledge-20260913/build/Build/Intermediates.noindex/VisePanda.build/Debug-iphonesimulator/VisePanda.build/Objects-normal/arm64/Binary/VisePanda.debug.dylib

SwiftDriver\ Compilation VisePanda normal x86_64 com.apple.xcode.tools.swift.compiler (in target 'VisePanda' from project 'VisePanda')
    cd /Users/jtcao/Documents/VP-V4-S2-Knowledge-Publish/ios/VisePanda
    builtin-Swift-Compilation -- /Applications/Xcode.app/Contents/Developer/Toolchains/XcodeDefault.xctoolchain/usr/bin/swiftc -module-name VisePanda -Onone @/Users/jtcao/Library/Caches/visepanda/native-knowledge-20260913/build/Build/Intermediates.noindex/VisePanda.build/Debug-iphonesimulator/VisePanda.build/Objects-normal/x86_64/VisePanda.SwiftFileList -DDEBUG -default-isolation\=MainActor -enable-upcoming-feature InferIsolatedConformances -enable-upcoming-feature NonisolatedNonsendingByDefault -enable-experimental-feature DebugDescriptionMacro -sdk /Applications/Xcode.app/Contents/Developer/Platforms/iPhoneSimulator.platform/Developer/SDKs/iPhoneSimulator26.5.sdk -target x86_64-apple-ios17.0-simulator -g -module-cache-path /Users/jtcao/Library/Caches/visepanda/native-knowledge-20260913/build/ModuleCache.noindex -Xfrontend -serialize-debugging-options -enable-testing -index-store-path /Users/jtcao/Library/Caches/visepanda/native-knowledge-20260913/build/Index.noindex/DataStore -Xcc -D_LIBCPP_HARDENING_MODE\=_LIBCPP_HARDENING_MODE_DEBUG -swift-version 6 -I /Users/jtcao/Library/Caches/visepanda/native-knowledge-20260913/build/Build/Products/Debug-iphonesimulator -F /Users/jtcao/Library/Caches/visepanda/native-knowledge-20260913/build/Build/Products/Debug-iphonesimulator -c -j8 -enable-batch-mode -incremental -Xcc -ivfsstatcache -Xcc /Users/jtcao/Library/Caches/visepanda/native-knowledge-20260913/build/SDKStatCaches.noindex/iphonesimulator26.5-23F81a-6cfe768891a92b912361537c460fe42b.sdkstatcache -output-file-map /Users/jtcao/Library/Caches/visepanda/native-knowledge-20260913/build/Build/Intermediates.noindex/VisePanda.build/Debug-iphonesimulator/VisePanda.build/Objects-normal/x86_64/VisePanda-OutputFileMap.json -use-frontend-parseable-output -save-temps -no-color-diagnostics -explicit-module-build -module-cache-path /Users/jtcao/Library/Caches/visepanda/native-knowledge-20260913/build/Build/Intermediates.noindex/SwiftExplicitPrecompiledModules -clang-scanner-module-cache-path /Users/jtcao/Library/Caches/visepanda/native-knowledge-20260913/build/ModuleCache.noindex -sdk-module-cache-path /Users/jtcao/Library/Caches/visepanda/native-knowledge-20260913/build/ModuleCache.noindex -serialize-diagnostics -emit-dependencies -emit-module -emit-module-path /Users/jtcao/Library/Caches/visepanda/native-knowledge-20260913/build/Build/Intermediates.noindex/VisePanda.build/Debug-iphonesimulator/VisePanda.build/Objects-normal/x86_64/VisePanda.swiftmodule -validate-clang-modules-once -clang-build-session-file /Users/jtcao/Library/Caches/visepanda/native-knowledge-20260913/build/ModuleCache.noindex/Session.modulevalidation -Xcc -I/Users/jtcao/Library/Caches/visepanda/native-knowledge-20260913/build/Build/Intermediates.noindex/VisePanda.build/Debug-iphonesimulator/VisePanda.build/swift-overrides.hmap -emit-const-values -Xfrontend -const-gather-protocols-file -Xfrontend /Users/jtcao/Library/Caches/visepanda/native-knowledge-20260913/build/Build/Intermediates.noindex/VisePanda.build/Debug-iphonesimulator/VisePanda.build/Objects-normal/x86_64/VisePanda_const_extract_protocols.json -Xcc -iquote -Xcc /Users/jtcao/Library/Caches/visepanda/native-knowledge-20260913/build/Build/Intermediates.noindex/VisePanda.build/Debug-iphonesimulator/VisePanda.build/VisePanda-generated-files.hmap -Xcc -I/Users/jtcao/Library/Caches/visepanda/native-knowledge-20260913/build/Build/Intermediates.noindex/VisePanda.build/Debug-iphonesimulator/VisePanda.build/VisePanda-own-target-headers.hmap -Xcc -I/Users/jtcao/Library/Caches/visepanda/native-knowledge-20260913/build/Build/Intermediates.noindex/VisePanda.build/Debug-iphonesimulator/VisePanda.build/VisePanda-all-target-headers.hmap -Xcc -iquote -Xcc /Users/jtcao/Library/Caches/visepanda/native-knowledge-20260913/build/Build/Intermediates.noindex/VisePanda.build/Debug-iphonesimulator/VisePanda.build/VisePanda-project-headers.hmap -Xcc -I/Users/jtcao/Library/Caches/visepanda/native-knowledge-20260913/build/Build/Products/Debug-iphonesimulator/include -Xcc -I/Users/jtcao/Library/Caches/visepanda/native-knowledge-20260913/build/Build/Intermediates.noindex/VisePanda.build/Debug-iphonesimulator/VisePanda.build/DerivedSources-normal/x86_64 -Xcc -I/Users/jtcao/Library/Caches/visepanda/native-knowledge-20260913/build/Build/Intermediates.noindex/VisePanda.build/Debug-iphonesimulator/VisePanda.build/DerivedSources/x86_64 -Xcc -I/Users/jtcao/Library/Caches/visepanda/native-knowledge-20260913/build/Build/Intermediates.noindex/VisePanda.build/Debug-iphonesimulator/VisePanda.build/DerivedSources -emit-objc-header -emit-objc-header-path /Users/jtcao/Library/Caches/visepanda/native-knowledge-20260913/build/Build/Intermediates.noindex/VisePanda.build/Debug-iphonesimulator/VisePanda.build/Objects-normal/x86_64/VisePanda-Swift.h -working-directory /Users/jtcao/Documents/VP-V4-S2-Knowledge-Publish/ios/VisePanda -experimental-emit-module-separately -disable-cmo

Ld /Users/jtcao/Library/Caches/visepanda/native-knowledge-20260913/build/Build/Intermediates.noindex/VisePanda.build/Debug-iphonesimulator/VisePanda.build/Objects-normal/x86_64/Binary/VisePanda.debug.dylib normal x86_64 (in target 'VisePanda' from project 'VisePanda')
    cd /Users/jtcao/Documents/VP-V4-S2-Knowledge-Publish/ios/VisePanda
    /Applications/Xcode.app/Contents/Developer/Toolchains/XcodeDefault.xctoolchain/usr/bin/clang -Xlinker -reproducible -target x86_64-apple-ios17.0-simulator -dynamiclib -isysroot /Applications/Xcode.app/Contents/Developer/Platforms/iPhoneSimulator.platform/Developer/SDKs/iPhoneSimulator26.5.sdk -O0 -L/Users/jtcao/Library/Caches/visepanda/native-knowledge-20260913/build/Build/Intermediates.noindex/EagerLinkingTBDs/Debug-iphonesimulator -L/Users/jtcao/Library/Caches/visepanda/native-knowledge-20260913/build/Build/Products/Debug-iphonesimulator -F/Users/jtcao/Library/Caches/visepanda/native-knowledge-20260913/build/Build/Intermediates.noindex/EagerLinkingTBDs/Debug-iphonesimulator -F/Users/jtcao/Library/Caches/visepanda/native-knowledge-20260913/build/Build/Products/Debug-iphonesimulator -filelist /Users/jtcao/Library/Caches/visepanda/native-knowledge-20260913/build/Build/Intermediates.noindex/VisePanda.build/Debug-iphonesimulator/VisePanda.build/Objects-normal/x86_64/VisePanda.LinkFileList -install_name @rpath/VisePanda.debug.dylib -Xlinker -rpath -Xlinker /usr/lib/swift -Xlinker -dead_strip -Xlinker -object_path_lto -Xlinker /Users/jtcao/Library/Caches/visepanda/native-knowledge-20260913/build/Build/Intermediates.noindex/VisePanda.build/Debug-iphonesimulator/VisePanda.build/Objects-normal/x86_64/VisePanda_lto.o -rdynamic -Xlinker -no_deduplicate -Xlinker -objc_abi_version -Xlinker 2 -Xlinker -dependency_info -Xlinker /Users/jtcao/Library/Caches/visepanda/native-knowledge-20260913/build/Build/Intermediates.noindex/VisePanda.build/Debug-iphonesimulator/VisePanda.build/Objects-normal/x86_64/VisePanda_dependency_info.dat -fobjc-link-runtime -L/Applications/Xcode.app/Contents/Developer/Toolchains/XcodeDefault.xctoolchain/usr/lib/swift/iphonesimulator -L/usr/lib/swift -Xlinker -add_ast_path -Xlinker /Users/jtcao/Library/Caches/visepanda/native-knowledge-20260913/build/Build/Intermediates.noindex/VisePanda.build/Debug-iphonesimulator/VisePanda.build/Objects-normal/x86_64/VisePanda.swiftmodule @/Users/jtcao/Library/Caches/visepanda/native-knowledge-20260913/build/Build/Intermediates.noindex/VisePanda.build/Debug-iphonesimulator/VisePanda.build/Objects-normal/x86_64/VisePanda-linker-args.resp -Xlinker -alias -Xlinker _main -Xlinker ___debug_main_executable_dylib_entry_point -Xlinker -no_adhoc_codesign -o /Users/jtcao/Library/Caches/visepanda/native-knowledge-20260913/build/Build/Intermediates.noindex/VisePanda.build/Debug-iphonesimulator/VisePanda.build/Objects-normal/x86_64/Binary/VisePanda.debug.dylib

SwiftEmitModule normal arm64 Emitting\ module\ for\ VisePandaUITests (in target 'VisePandaUITests' from project 'VisePanda')

EmitSwiftModule normal arm64 (in target 'VisePandaUITests' from project 'VisePanda')
    cd /Users/jtcao/Documents/VP-V4-S2-Knowledge-Publish/ios/VisePanda


SwiftCompile normal arm64 Compiling\ NativeKnowledgeUITests.swift /Users/jtcao/Documents/VP-V4-S2-Knowledge-Publish/ios/VisePanda/VisePandaUITests/NativeKnowledgeUITests.swift (in target 'VisePandaUITests' from project 'VisePanda')

SwiftCompile normal arm64 /Users/jtcao/Documents/VP-V4-S2-Knowledge-Publish/ios/VisePanda/VisePandaUITests/NativeKnowledgeUITests.swift (in target 'VisePandaUITests' from project 'VisePanda')
    cd /Users/jtcao/Documents/VP-V4-S2-Knowledge-Publish/ios/VisePanda


SwiftDriver\ Compilation\ Requirements VisePandaTests normal arm64 com.apple.xcode.tools.swift.compiler (in target 'VisePandaTests' from project 'VisePanda')
    cd /Users/jtcao/Documents/VP-V4-S2-Knowledge-Publish/ios/VisePanda
    builtin-Swift-Compilation-Requirements -- /Applications/Xcode.app/Contents/Developer/Toolchains/XcodeDefault.xctoolchain/usr/bin/swiftc -module-name VisePandaTests -Onone @/Users/jtcao/Library/Caches/visepanda/native-knowledge-20260913/build/Build/Intermediates.noindex/VisePanda.build/Debug-iphonesimulator/VisePandaTests.build/Objects-normal/arm64/VisePandaTests.SwiftFileList -DDEBUG -plugin-path /Applications/Xcode.app/Contents/Developer/Toolchains/XcodeDefault.xctoolchain/usr/lib/swift/host/plugins/testing -default-isolation\=MainActor -enable-upcoming-feature InferIsolatedConformances -enable-upcoming-feature NonisolatedNonsendingByDefault -enable-experimental-feature DebugDescriptionMacro -sdk /Applications/Xcode.app/Contents/Developer/Platforms/iPhoneSimulator.platform/Developer/SDKs/iPhoneSimulator26.5.sdk -target arm64-apple-ios17.0-simulator -g -module-cache-path /Users/jtcao/Library/Caches/visepanda/native-knowledge-20260913/build/ModuleCache.noindex -Xfrontend -serialize-debugging-options -enable-testing -index-store-path /Users/jtcao/Library/Caches/visepanda/native-knowledge-20260913/build/Index.noindex/DataStore -Xcc -D_LIBCPP_HARDENING_MODE\=_LIBCPP_HARDENING_MODE_DEBUG -swift-version 6 -I /Users/jtcao/Library/Caches/visepanda/native-knowledge-20260913/build/Build/Products/Debug-iphonesimulator -Isystem /Applications/Xcode.app/Contents/Developer/Platforms/iPhoneSimulator.platform/Developer/usr/lib -F /Users/jtcao/Library/Caches/visepanda/native-knowledge-20260913/build/Build/Products/Debug-iphonesimulator -F /Applications/Xcode.app/Contents/Developer/Platforms/iPhoneSimulator.platform/Developer/Library/Frameworks -F /Applications/Xcode.app/Contents/Developer/Platforms/iPhoneSimulator.platform/Developer/SDKs/iPhoneSimulator26.5.sdk/Developer/Library/Frameworks -c -j8 -enable-batch-mode -incremental -Xcc -ivfsstatcache -Xcc /Users/jtcao/Library/Caches/visepanda/native-knowledge-20260913/build/SDKStatCaches.noindex/iphonesimulator26.5-23F81a-6cfe768891a92b912361537c460fe42b.sdkstatcache -output-file-map /Users/jtcao/Library/Caches/visepanda/native-knowledge-20260913/build/Build/Intermediates.noindex/VisePanda.build/Debug-iphonesimulator/VisePandaTests.build/Objects-normal/arm64/VisePandaTests-OutputFileMap.json -use-frontend-parseable-output -save-temps -no-color-diagnostics -explicit-module-build -module-cache-path /Users/jtcao/Library/Caches/visepanda/native-knowledge-20260913/build/Build/Intermediates.noindex/SwiftExplicitPrecompiledModules -clang-scanner-module-cache-path /Users/jtcao/Library/Caches/visepanda/native-knowledge-20260913/build/ModuleCache.noindex -sdk-module-cache-path /Users/jtcao/Library/Caches/visepanda/native-knowledge-20260913/build/ModuleCache.noindex -serialize-diagnostics -emit-dependencies -emit-module -emit-module-path /Users/jtcao/Library/Caches/visepanda/native-knowledge-20260913/build/Build/Intermediates.noindex/VisePanda.build/Debug-iphonesimulator/VisePandaTests.build/Objects-normal/arm64/VisePandaTests.swiftmodule -validate-clang-modules-once -clang-build-session-file /Users/jtcao/Library/Caches/visepanda/native-knowledge-20260913/build/ModuleCache.noindex/Session.modulevalidation -Xcc -I/Users/jtcao/Library/Caches/visepanda/native-knowledge-20260913/build/Build/Intermediates.noindex/VisePanda.build/Debug-iphonesimulator/VisePandaTests.build/swift-overrides.hmap -emit-const-values -Xfrontend -const-gather-protocols-file -Xfrontend /Users/jtcao/Library/Caches/visepanda/native-knowledge-20260913/build/Build/Intermediates.noindex/VisePanda.build/Debug-iphonesimulator/VisePandaTests.build/Objects-normal/arm64/VisePandaTests_const_extract_protocols.json -Xcc -iquote -Xcc /Users/jtcao/Library/Caches/visepanda/native-knowledge-20260913/build/Build/Intermediates.noindex/VisePanda.build/Debug-iphonesimulator/VisePandaTests.build/VisePandaTests-generated-files.hmap -Xcc -I/Users/jtcao/Library/Caches/visepanda/native-knowledge-20260913/build/Build/Intermediates.noindex/VisePanda.build/Debug-iphonesimulator/VisePandaTests.build/VisePandaTests-own-target-headers.hmap -Xcc -I/Users/jtcao/Library/Caches/visepanda/native-knowledge-20260913/build/Build/Intermediates.noindex/VisePanda.build/Debug-iphonesimulator/VisePandaTests.build/VisePandaTests-all-target-headers.hmap -Xcc -iquote -Xcc /Users/jtcao/Library/Caches/visepanda/native-knowledge-20260913/build/Build/Intermediates.noindex/VisePanda.build/Debug-iphonesimulator/VisePandaTests.build/VisePandaTests-project-headers.hmap -Xcc -I/Users/jtcao/Library/Caches/visepanda/native-knowledge-20260913/build/Build/Products/Debug-iphonesimulator/include -Xcc -I/Users/jtcao/Library/Caches/visepanda/native-knowledge-20260913/build/Build/Intermediates.noindex/VisePanda.build/Debug-iphonesimulator/VisePandaTests.build/DerivedSources-normal/arm64 -Xcc -I/Users/jtcao/Library/Caches/visepanda/native-knowledge-20260913/build/Build/Intermediates.noindex/VisePanda.build/Debug-iphonesimulator/VisePandaTests.build/DerivedSources/arm64 -Xcc -I/Users/jtcao/Library/Caches/visepanda/native-knowledge-20260913/build/Build/Intermediates.noindex/VisePanda.build/Debug-iphonesimulator/VisePandaTests.build/DerivedSources -emit-objc-header -emit-objc-header-path /Users/jtcao/Library/Caches/visepanda/native-knowledge-20260913/build/Build/Intermediates.noindex/VisePanda.build/Debug-iphonesimulator/VisePandaTests.build/Objects-normal/arm64/VisePandaTests-Swift.h -working-directory /Users/jtcao/Documents/VP-V4-S2-Knowledge-Publish/ios/VisePanda -experimental-emit-module-separately -disable-cmo

SwiftDriver\ Compilation VisePandaTests normal arm64 com.apple.xcode.tools.swift.compiler (in target 'VisePandaTests' from project 'VisePanda')
    cd /Users/jtcao/Documents/VP-V4-S2-Knowledge-Publish/ios/VisePanda
    builtin-Swift-Compilation -- /Applications/Xcode.app/Contents/Developer/Toolchains/XcodeDefault.xctoolchain/usr/bin/swiftc -module-name VisePandaTests -Onone @/Users/jtcao/Library/Caches/visepanda/native-knowledge-20260913/build/Build/Intermediates.noindex/VisePanda.build/Debug-iphonesimulator/VisePandaTests.build/Objects-normal/arm64/VisePandaTests.SwiftFileList -DDEBUG -plugin-path /Applications/Xcode.app/Contents/Developer/Toolchains/XcodeDefault.xctoolchain/usr/lib/swift/host/plugins/testing -default-isolation\=MainActor -enable-upcoming-feature InferIsolatedConformances -enable-upcoming-feature NonisolatedNonsendingByDefault -enable-experimental-feature DebugDescriptionMacro -sdk /Applications/Xcode.app/Contents/Developer/Platforms/iPhoneSimulator.platform/Developer/SDKs/iPhoneSimulator26.5.sdk -target arm64-apple-ios17.0-simulator -g -module-cache-path /Users/jtcao/Library/Caches/visepanda/native-knowledge-20260913/build/ModuleCache.noindex -Xfrontend -serialize-debugging-options -enable-testing -index-store-path /Users/jtcao/Library/Caches/visepanda/native-knowledge-20260913/build/Index.noindex/DataStore -Xcc -D_LIBCPP_HARDENING_MODE\=_LIBCPP_HARDENING_MODE_DEBUG -swift-version 6 -I /Users/jtcao/Library/Caches/visepanda/native-knowledge-20260913/build/Build/Products/Debug-iphonesimulator -Isystem /Applications/Xcode.app/Contents/Developer/Platforms/iPhoneSimulator.platform/Developer/usr/lib -F /Users/jtcao/Library/Caches/visepanda/native-knowledge-20260913/build/Build/Products/Debug-iphonesimulator -F /Applications/Xcode.app/Contents/Developer/Platforms/iPhoneSimulator.platform/Developer/Library/Frameworks -F /Applications/Xcode.app/Contents/Developer/Platforms/iPhoneSimulator.platform/Developer/SDKs/iPhoneSimulator26.5.sdk/Developer/Library/Frameworks -c -j8 -enable-batch-mode -incremental -Xcc -ivfsstatcache -Xcc /Users/jtcao/Library/Caches/visepanda/native-knowledge-20260913/build/SDKStatCaches.noindex/iphonesimulator26.5-23F81a-6cfe768891a92b912361537c460fe42b.sdkstatcache -output-file-map /Users/jtcao/Library/Caches/visepanda/native-knowledge-20260913/build/Build/Intermediates.noindex/VisePanda.build/Debug-iphonesimulator/VisePandaTests.build/Objects-normal/arm64/VisePandaTests-OutputFileMap.json -use-frontend-parseable-output -save-temps -no-color-diagnostics -explicit-module-build -module-cache-path /Users/jtcao/Library/Caches/visepanda/native-knowledge-20260913/build/Build/Intermediates.noindex/SwiftExplicitPrecompiledModules -clang-scanner-module-cache-path /Users/jtcao/Library/Caches/visepanda/native-knowledge-20260913/build/ModuleCache.noindex -sdk-module-cache-path /Users/jtcao/Library/Caches/visepanda/native-knowledge-20260913/build/ModuleCache.noindex -serialize-diagnostics -emit-dependencies -emit-module -emit-module-path /Users/jtcao/Library/Caches/visepanda/native-knowledge-20260913/build/Build/Intermediates.noindex/VisePanda.build/Debug-iphonesimulator/VisePandaTests.build/Objects-normal/arm64/VisePandaTests.swiftmodule -validate-clang-modules-once -clang-build-session-file /Users/jtcao/Library/Caches/visepanda/native-knowledge-20260913/build/ModuleCache.noindex/Session.modulevalidation -Xcc -I/Users/jtcao/Library/Caches/visepanda/native-knowledge-20260913/build/Build/Intermediates.noindex/VisePanda.build/Debug-iphonesimulator/VisePandaTests.build/swift-overrides.hmap -emit-const-values -Xfrontend -const-gather-protocols-file -Xfrontend /Users/jtcao/Library/Caches/visepanda/native-knowledge-20260913/build/Build/Intermediates.noindex/VisePanda.build/Debug-iphonesimulator/VisePandaTests.build/Objects-normal/arm64/VisePandaTests_const_extract_protocols.json -Xcc -iquote -Xcc /Users/jtcao/Library/Caches/visepanda/native-knowledge-20260913/build/Build/Intermediates.noindex/VisePanda.build/Debug-iphonesimulator/VisePandaTests.build/VisePandaTests-generated-files.hmap -Xcc -I/Users/jtcao/Library/Caches/visepanda/native-knowledge-20260913/build/Build/Intermediates.noindex/VisePanda.build/Debug-iphonesimulator/VisePandaTests.build/VisePandaTests-own-target-headers.hmap -Xcc -I/Users/jtcao/Library/Caches/visepanda/native-knowledge-20260913/build/Build/Intermediates.noindex/VisePanda.build/Debug-iphonesimulator/VisePandaTests.build/VisePandaTests-all-target-headers.hmap -Xcc -iquote -Xcc /Users/jtcao/Library/Caches/visepanda/native-knowledge-20260913/build/Build/Intermediates.noindex/VisePanda.build/Debug-iphonesimulator/VisePandaTests.build/VisePandaTests-project-headers.hmap -Xcc -I/Users/jtcao/Library/Caches/visepanda/native-knowledge-20260913/build/Build/Products/Debug-iphonesimulator/include -Xcc -I/Users/jtcao/Library/Caches/visepanda/native-knowledge-20260913/build/Build/Intermediates.noindex/VisePanda.build/Debug-iphonesimulator/VisePandaTests.build/DerivedSources-normal/arm64 -Xcc -I/Users/jtcao/Library/Caches/visepanda/native-knowledge-20260913/build/Build/Intermediates.noindex/VisePanda.build/Debug-iphonesimulator/VisePandaTests.build/DerivedSources/arm64 -Xcc -I/Users/jtcao/Library/Caches/visepanda/native-knowledge-20260913/build/Build/Intermediates.noindex/VisePanda.build/Debug-iphonesimulator/VisePandaTests.build/DerivedSources -emit-objc-header -emit-objc-header-path /Users/jtcao/Library/Caches/visepanda/native-knowledge-20260913/build/Build/Intermediates.noindex/VisePanda.build/Debug-iphonesimulator/VisePandaTests.build/Objects-normal/arm64/VisePandaTests-Swift.h -working-directory /Users/jtcao/Documents/VP-V4-S2-Knowledge-Publish/ios/VisePanda -experimental-emit-module-separately -disable-cmo

Copy /Users/jtcao/Library/Caches/visepanda/native-knowledge-20260913/build/Build/Products/Debug-iphonesimulator/VisePandaTests.swiftmodule/arm64-apple-ios-simulator.swiftmodule /Users/jtcao/Library/Caches/visepanda/native-knowledge-20260913/build/Build/Intermediates.noindex/VisePanda.build/Debug-iphonesimulator/VisePandaTests.build/Objects-normal/arm64/VisePandaTests.swiftmodule (in target 'VisePandaTests' from project 'VisePanda')
    cd /Users/jtcao/Documents/VP-V4-S2-Knowledge-Publish/ios/VisePanda
    builtin-copy -exclude .DS_Store -exclude CVS -exclude .svn -exclude .git -exclude .hg -resolve-src-symlinks -rename /Users/jtcao/Library/Caches/visepanda/native-knowledge-20260913/build/Build/Intermediates.noindex/VisePanda.build/Debug-iphonesimulator/VisePandaTests.build/Objects-normal/arm64/VisePandaTests.swiftmodule /Users/jtcao/Library/Caches/visepanda/native-knowledge-20260913/build/Build/Products/Debug-iphonesimulator/VisePandaTests.swiftmodule/arm64-apple-ios-simulator.swiftmodule

Copy /Users/jtcao/Library/Caches/visepanda/native-knowledge-20260913/build/Build/Products/Debug-iphonesimulator/VisePandaTests.swiftmodule/arm64-apple-ios-simulator.swiftdoc /Users/jtcao/Library/Caches/visepanda/native-knowledge-20260913/build/Build/Intermediates.noindex/VisePanda.build/Debug-iphonesimulator/VisePandaTests.build/Objects-normal/arm64/VisePandaTests.swiftdoc (in target 'VisePandaTests' from project 'VisePanda')
    cd /Users/jtcao/Documents/VP-V4-S2-Knowledge-Publish/ios/VisePanda
    builtin-copy -exclude .DS_Store -exclude CVS -exclude .svn -exclude .git -exclude .hg -resolve-src-symlinks -rename /Users/jtcao/Library/Caches/visepanda/native-knowledge-20260913/build/Build/Intermediates.noindex/VisePanda.build/Debug-iphonesimulator/VisePandaTests.build/Objects-normal/arm64/VisePandaTests.swiftdoc /Users/jtcao/Library/Caches/visepanda/native-knowledge-20260913/build/Build/Products/Debug-iphonesimulator/VisePandaTests.swiftmodule/arm64-apple-ios-simulator.swiftdoc

Copy /Users/jtcao/Library/Caches/visepanda/native-knowledge-20260913/build/Build/Products/Debug-iphonesimulator/VisePandaTests.swiftmodule/arm64-apple-ios-simulator.abi.json /Users/jtcao/Library/Caches/visepanda/native-knowledge-20260913/build/Build/Intermediates.noindex/VisePanda.build/Debug-iphonesimulator/VisePandaTests.build/Objects-normal/arm64/VisePandaTests.abi.json (in target 'VisePandaTests' from project 'VisePanda')
    cd /Users/jtcao/Documents/VP-V4-S2-Knowledge-Publish/ios/VisePanda
    builtin-copy -exclude .DS_Store -exclude CVS -exclude .svn -exclude .git -exclude .hg -resolve-src-symlinks -rename /Users/jtcao/Library/Caches/visepanda/native-knowledge-20260913/build/Build/Intermediates.noindex/VisePanda.build/Debug-iphonesimulator/VisePandaTests.build/Objects-normal/arm64/VisePandaTests.abi.json /Users/jtcao/Library/Caches/visepanda/native-knowledge-20260913/build/Build/Products/Debug-iphonesimulator/VisePandaTests.swiftmodule/arm64-apple-ios-simulator.abi.json

Copy /Users/jtcao/Library/Caches/visepanda/native-knowledge-20260913/build/Build/Products/Debug-iphonesimulator/VisePandaTests.swiftmodule/Project/arm64-apple-ios-simulator.swiftsourceinfo /Users/jtcao/Library/Caches/visepanda/native-knowledge-20260913/build/Build/Intermediates.noindex/VisePanda.build/Debug-iphonesimulator/VisePandaTests.build/Objects-normal/arm64/VisePandaTests.swiftsourceinfo (in target 'VisePandaTests' from project 'VisePanda')
    cd /Users/jtcao/Documents/VP-V4-S2-Knowledge-Publish/ios/VisePanda
    builtin-copy -exclude .DS_Store -exclude CVS -exclude .svn -exclude .git -exclude .hg -resolve-src-symlinks -rename /Users/jtcao/Library/Caches/visepanda/native-knowledge-20260913/build/Build/Intermediates.noindex/VisePanda.build/Debug-iphonesimulator/VisePandaTests.build/Objects-normal/arm64/VisePandaTests.swiftsourceinfo /Users/jtcao/Library/Caches/visepanda/native-knowledge-20260913/build/Build/Products/Debug-iphonesimulator/VisePandaTests.swiftmodule/Project/arm64-apple-ios-simulator.swiftsourceinfo

SwiftExplicitDependencyGeneratePcm x86_64 /Users/jtcao/Library/Caches/visepanda/native-knowledge-20260913/build/Build/Intermediates.noindex/SwiftExplicitPrecompiledModules/XCUIAutomation-7IGQU4VJS1LLK9JOHYB8DAGQU.pcm

SwiftDriverJobDiscovery normal arm64 Emitting module for VisePandaUITests (in target 'VisePandaUITests' from project 'VisePanda')

SwiftExplicitDependencyCompileModuleFromInterface x86_64 /Users/jtcao/Library/Caches/visepanda/native-knowledge-20260913/build/Build/Intermediates.noindex/SwiftExplicitPrecompiledModules/Testing-1A4VYCLWD5FNL.swiftmodule

SwiftDriver\ Compilation\ Requirements VisePandaUITests normal arm64 com.apple.xcode.tools.swift.compiler (in target 'VisePandaUITests' from project 'VisePanda')
    cd /Users/jtcao/Documents/VP-V4-S2-Knowledge-Publish/ios/VisePanda
    builtin-Swift-Compilation-Requirements -- /Applications/Xcode.app/Contents/Developer/Toolchains/XcodeDefault.xctoolchain/usr/bin/swiftc -module-name VisePandaUITests -Onone @/Users/jtcao/Library/Caches/visepanda/native-knowledge-20260913/build/Build/Intermediates.noindex/VisePanda.build/Debug-iphonesimulator/VisePandaUITests.build/Objects-normal/arm64/VisePandaUITests.SwiftFileList -DDEBUG -module-alias Testing\=_Testing_Unavailable -plugin-path /Applications/Xcode.app/Contents/Developer/Toolchains/XcodeDefault.xctoolchain/usr/lib/swift/host/plugins/testing -enable-experimental-feature DebugDescriptionMacro -sdk /Applications/Xcode.app/Contents/Developer/Platforms/iPhoneSimulator.platform/Developer/SDKs/iPhoneSimulator26.5.sdk -target arm64-apple-ios17.0-simulator -g -module-cache-path /Users/jtcao/Library/Caches/visepanda/native-knowledge-20260913/build/ModuleCache.noindex -Xfrontend -serialize-debugging-options -enable-testing -index-store-path /Users/jtcao/Library/Caches/visepanda/native-knowledge-20260913/build/Index.noindex/DataStore -Xcc -D_LIBCPP_HARDENING_MODE\=_LIBCPP_HARDENING_MODE_DEBUG -swift-version 6 -I /Users/jtcao/Library/Caches/visepanda/native-knowledge-20260913/build/Build/Products/Debug-iphonesimulator -Isystem /Applications/Xcode.app/Contents/Developer/Platforms/iPhoneSimulator.platform/Developer/usr/lib -F /Users/jtcao/Library/Caches/visepanda/native-knowledge-20260913/build/Build/Products/Debug-iphonesimulator -F /Applications/Xcode.app/Contents/Developer/Platforms/iPhoneSimulator.platform/Developer/Library/Frameworks -F /Applications/Xcode.app/Contents/Developer/Platforms/iPhoneSimulator.platform/Developer/SDKs/iPhoneSimulator26.5.sdk/Developer/Library/Frameworks -c -j8 -enable-batch-mode -incremental -Xcc -ivfsstatcache -Xcc /Users/jtcao/Library/Caches/visepanda/native-knowledge-20260913/build/SDKStatCaches.noindex/iphonesimulator26.5-23F81a-6cfe768891a92b912361537c460fe42b.sdkstatcache -output-file-map /Users/jtcao/Library/Caches/visepanda/native-knowledge-20260913/build/Build/Intermediates.noindex/VisePanda.build/Debug-iphonesimulator/VisePandaUITests.build/Objects-normal/arm64/VisePandaUITests-OutputFileMap.json -use-frontend-parseable-output -save-temps -no-color-diagnostics -explicit-module-build -module-cache-path /Users/jtcao/Library/Caches/visepanda/native-knowledge-20260913/build/Build/Intermediates.noindex/SwiftExplicitPrecompiledModules -clang-scanner-module-cache-path /Users/jtcao/Library/Caches/visepanda/native-knowledge-20260913/build/ModuleCache.noindex -sdk-module-cache-path /Users/jtcao/Library/Caches/visepanda/native-knowledge-20260913/build/ModuleCache.noindex -serialize-diagnostics -emit-dependencies -emit-module -emit-module-path /Users/jtcao/Library/Caches/visepanda/native-knowledge-20260913/build/Build/Intermediates.noindex/VisePanda.build/Debug-iphonesimulator/VisePandaUITests.build/Objects-normal/arm64/VisePandaUITests.swiftmodule -validate-clang-modules-once -clang-build-session-file /Users/jtcao/Library/Caches/visepanda/native-knowledge-20260913/build/ModuleCache.noindex/Session.modulevalidation -Xcc -I/Users/jtcao/Library/Caches/visepanda/native-knowledge-20260913/build/Build/Intermediates.noindex/VisePanda.build/Debug-iphonesimulator/VisePandaUITests.build/swift-overrides.hmap -emit-const-values -Xfrontend -const-gather-protocols-file -Xfrontend /Users/jtcao/Library/Caches/visepanda/native-knowledge-20260913/build/Build/Intermediates.noindex/VisePanda.build/Debug-iphonesimulator/VisePandaUITests.build/Objects-normal/arm64/VisePandaUITests_const_extract_protocols.json -Xcc -iquote -Xcc /Users/jtcao/Library/Caches/visepanda/native-knowledge-20260913/build/Build/Intermediates.noindex/VisePanda.build/Debug-iphonesimulator/VisePandaUITests.build/VisePandaUITests-generated-files.hmap -Xcc -I/Users/jtcao/Library/Caches/visepanda/native-knowledge-20260913/build/Build/Intermediates.noindex/VisePanda.build/Debug-iphonesimulator/VisePandaUITests.build/VisePandaUITests-own-target-headers.hmap -Xcc -I/Users/jtcao/Library/Caches/visepanda/native-knowledge-20260913/build/Build/Intermediates.noindex/VisePanda.build/Debug-iphonesimulator/VisePandaUITests.build/VisePandaUITests-all-target-headers.hmap -Xcc -iquote -Xcc /Users/jtcao/Library/Caches/visepanda/native-knowledge-20260913/build/Build/Intermediates.noindex/VisePanda.build/Debug-iphonesimulator/VisePandaUITests.build/VisePandaUITests-project-headers.hmap -Xcc -I/Users/jtcao/Library/Caches/visepanda/native-knowledge-20260913/build/Build/Products/Debug-iphonesimulator/include -Xcc -I/Users/jtcao/Library/Caches/visepanda/native-knowledge-20260913/build/Build/Intermediates.noindex/VisePanda.build/Debug-iphonesimulator/VisePandaUITests.build/DerivedSources-normal/arm64 -Xcc -I/Users/jtcao/Library/Caches/visepanda/native-knowledge-20260913/build/Build/Intermediates.noindex/VisePanda.build/Debug-iphonesimulator/VisePandaUITests.build/DerivedSources/arm64 -Xcc -I/Users/jtcao/Library/Caches/visepanda/native-knowledge-20260913/build/Build/Intermediates.noindex/VisePanda.build/Debug-iphonesimulator/VisePandaUITests.build/DerivedSources -emit-objc-header -emit-objc-header-path /Users/jtcao/Library/Caches/visepanda/native-knowledge-20260913/build/Build/Intermediates.noindex/VisePanda.build/Debug-iphonesimulator/VisePandaUITests.build/Objects-normal/arm64/VisePandaUITests-Swift.h -working-directory /Users/jtcao/Documents/VP-V4-S2-Knowledge-Publish/ios/VisePanda -experimental-emit-module-separately -disable-cmo

Copy /Users/jtcao/Library/Caches/visepanda/native-knowledge-20260913/build/Build/Products/Debug-iphonesimulator/VisePandaUITests.swiftmodule/arm64-apple-ios-simulator.swiftdoc /Users/jtcao/Library/Caches/visepanda/native-knowledge-20260913/build/Build/Intermediates.noindex/VisePanda.build/Debug-iphonesimulator/VisePandaUITests.build/Objects-normal/arm64/VisePandaUITests.swiftdoc (in target 'VisePandaUITests' from project 'VisePanda')
    cd /Users/jtcao/Documents/VP-V4-S2-Knowledge-Publish/ios/VisePanda
    builtin-copy -exclude .DS_Store -exclude CVS -exclude .svn -exclude .git -exclude .hg -resolve-src-symlinks -rename /Users/jtcao/Library/Caches/visepanda/native-knowledge-20260913/build/Build/Intermediates.noindex/VisePanda.build/Debug-iphonesimulator/VisePandaUITests.build/Objects-normal/arm64/VisePandaUITests.swiftdoc /Users/jtcao/Library/Caches/visepanda/native-knowledge-20260913/build/Build/Products/Debug-iphonesimulator/VisePandaUITests.swiftmodule/arm64-apple-ios-simulator.swiftdoc

Copy /Users/jtcao/Library/Caches/visepanda/native-knowledge-20260913/build/Build/Products/Debug-iphonesimulator/VisePandaUITests.swiftmodule/arm64-apple-ios-simulator.swiftmodule /Users/jtcao/Library/Caches/visepanda/native-knowledge-20260913/build/Build/Intermediates.noindex/VisePanda.build/Debug-iphonesimulator/VisePandaUITests.build/Objects-normal/arm64/VisePandaUITests.swiftmodule (in target 'VisePandaUITests' from project 'VisePanda')
    cd /Users/jtcao/Documents/VP-V4-S2-Knowledge-Publish/ios/VisePanda
    builtin-copy -exclude .DS_Store -exclude CVS -exclude .svn -exclude .git -exclude .hg -resolve-src-symlinks -rename /Users/jtcao/Library/Caches/visepanda/native-knowledge-20260913/build/Build/Intermediates.noindex/VisePanda.build/Debug-iphonesimulator/VisePandaUITests.build/Objects-normal/arm64/VisePandaUITests.swiftmodule /Users/jtcao/Library/Caches/visepanda/native-knowledge-20260913/build/Build/Products/Debug-iphonesimulator/VisePandaUITests.swiftmodule/arm64-apple-ios-simulator.swiftmodule

Copy /Users/jtcao/Library/Caches/visepanda/native-knowledge-20260913/build/Build/Products/Debug-iphonesimulator/VisePandaUITests.swiftmodule/arm64-apple-ios-simulator.abi.json /Users/jtcao/Library/Caches/visepanda/native-knowledge-20260913/build/Build/Intermediates.noindex/VisePanda.build/Debug-iphonesimulator/VisePandaUITests.build/Objects-normal/arm64/VisePandaUITests.abi.json (in target 'VisePandaUITests' from project 'VisePanda')
    cd /Users/jtcao/Documents/VP-V4-S2-Knowledge-Publish/ios/VisePanda
    builtin-copy -exclude .DS_Store -exclude CVS -exclude .svn -exclude .git -exclude .hg -resolve-src-symlinks -rename /Users/jtcao/Library/Caches/visepanda/native-knowledge-20260913/build/Build/Intermediates.noindex/VisePanda.build/Debug-iphonesimulator/VisePandaUITests.build/Objects-normal/arm64/VisePandaUITests.abi.json /Users/jtcao/Library/Caches/visepanda/native-knowledge-20260913/build/Build/Products/Debug-iphonesimulator/VisePandaUITests.swiftmodule/arm64-apple-ios-simulator.abi.json

Copy /Users/jtcao/Library/Caches/visepanda/native-knowledge-20260913/build/Build/Products/Debug-iphonesimulator/VisePandaUITests.swiftmodule/Project/arm64-apple-ios-simulator.swiftsourceinfo /Users/jtcao/Library/Caches/visepanda/native-knowledge-20260913/build/Build/Intermediates.noindex/VisePanda.build/Debug-iphonesimulator/VisePandaUITests.build/Objects-normal/arm64/VisePandaUITests.swiftsourceinfo (in target 'VisePandaUITests' from project 'VisePanda')
    cd /Users/jtcao/Documents/VP-V4-S2-Knowledge-Publish/ios/VisePanda
    builtin-copy -exclude .DS_Store -exclude CVS -exclude .svn -exclude .git -exclude .hg -resolve-src-symlinks -rename /Users/jtcao/Library/Caches/visepanda/native-knowledge-20260913/build/Build/Intermediates.noindex/VisePanda.build/Debug-iphonesimulator/VisePandaUITests.build/Objects-normal/arm64/VisePandaUITests.swiftsourceinfo /Users/jtcao/Library/Caches/visepanda/native-knowledge-20260913/build/Build/Products/Debug-iphonesimulator/VisePandaUITests.swiftmodule/Project/arm64-apple-ios-simulator.swiftsourceinfo

ConstructStubExecutorLinkFileList /Users/jtcao/Library/Caches/visepanda/native-knowledge-20260913/build/Build/Intermediates.noindex/VisePanda.build/Debug-iphonesimulator/VisePanda.build/VisePanda-ExecutorLinkFileList-normal-arm64.txt (in target 'VisePanda' from project 'VisePanda')
    cd /Users/jtcao/Documents/VP-V4-S2-Knowledge-Publish/ios/VisePanda
    construct-stub-executor-link-file-list /Users/jtcao/Library/Caches/visepanda/native-knowledge-20260913/build/Build/Intermediates.noindex/VisePanda.build/Debug-iphonesimulator/VisePanda.build/Objects-normal/arm64/Binary/VisePanda.debug.dylib /Applications/Xcode.app/Contents/Developer/Platforms/iPhoneSimulator.platform/Developer/usr/lib/libPreviewsJITStubExecutor_no_swift_entry_point.a /Applications/Xcode.app/Contents/Developer/Platforms/iPhoneSimulator.platform/Developer/usr/lib/libPreviewsJITStubExecutor.a --output /Users/jtcao/Library/Caches/visepanda/native-knowledge-20260913/build/Build/Intermediates.noindex/VisePanda.build/Debug-iphonesimulator/VisePanda.build/VisePanda-ExecutorLinkFileList-normal-arm64.txt
note: Using stub executor library with Swift entry point. (in target 'VisePanda' from project 'VisePanda')

ConstructStubExecutorLinkFileList /Users/jtcao/Library/Caches/visepanda/native-knowledge-20260913/build/Build/Intermediates.noindex/VisePanda.build/Debug-iphonesimulator/VisePanda.build/VisePanda-ExecutorLinkFileList-normal-x86_64.txt (in target 'VisePanda' from project 'VisePanda')
    cd /Users/jtcao/Documents/VP-V4-S2-Knowledge-Publish/ios/VisePanda
    construct-stub-executor-link-file-list /Users/jtcao/Library/Caches/visepanda/native-knowledge-20260913/build/Build/Intermediates.noindex/VisePanda.build/Debug-iphonesimulator/VisePanda.build/Objects-normal/x86_64/Binary/VisePanda.debug.dylib /Applications/Xcode.app/Contents/Developer/Platforms/iPhoneSimulator.platform/Developer/usr/lib/libPreviewsJITStubExecutor_no_swift_entry_point.a /Applications/Xcode.app/Contents/Developer/Platforms/iPhoneSimulator.platform/Developer/usr/lib/libPreviewsJITStubExecutor.a --output /Users/jtcao/Library/Caches/visepanda/native-knowledge-20260913/build/Build/Intermediates.noindex/VisePanda.build/Debug-iphonesimulator/VisePanda.build/VisePanda-ExecutorLinkFileList-normal-x86_64.txt
note: Using stub executor library with Swift entry point. (in target 'VisePanda' from project 'VisePanda')

CreateUniversalBinary /Users/jtcao/Library/Caches/visepanda/native-knowledge-20260913/build/Build/Products/Debug-iphonesimulator/VisePanda.app/VisePanda.debug.dylib normal arm64\ x86_64 (in target 'VisePanda' from project 'VisePanda')
    cd /Users/jtcao/Documents/VP-V4-S2-Knowledge-Publish/ios/VisePanda
    /Applications/Xcode.app/Contents/Developer/Toolchains/XcodeDefault.xctoolchain/usr/bin/lipo -create /Users/jtcao/Library/Caches/visepanda/native-knowledge-20260913/build/Build/Intermediates.noindex/VisePanda.build/Debug-iphonesimulator/VisePanda.build/Objects-normal/arm64/Binary/VisePanda.debug.dylib /Users/jtcao/Library/Caches/visepanda/native-knowledge-20260913/build/Build/Intermediates.noindex/VisePanda.build/Debug-iphonesimulator/VisePanda.build/Objects-normal/x86_64/Binary/VisePanda.debug.dylib -output /Users/jtcao/Library/Caches/visepanda/native-knowledge-20260913/build/Build/Products/Debug-iphonesimulator/VisePanda.app/VisePanda.debug.dylib

Ld /Users/jtcao/Library/Caches/visepanda/native-knowledge-20260913/build/Build/Intermediates.noindex/VisePanda.build/Debug-iphonesimulator/VisePanda.build/Objects-normal/x86_64/Binary/VisePanda normal x86_64 (in target 'VisePanda' from project 'VisePanda')
    cd /Users/jtcao/Documents/VP-V4-S2-Knowledge-Publish/ios/VisePanda
    /Applications/Xcode.app/Contents/Developer/Toolchains/XcodeDefault.xctoolchain/usr/bin/clang -Xlinker -reproducible -target x86_64-apple-ios17.0-simulator -isysroot /Applications/Xcode.app/Contents/Developer/Platforms/iPhoneSimulator.platform/Developer/SDKs/iPhoneSimulator26.5.sdk -O0 -L/Users/jtcao/Library/Caches/visepanda/native-knowledge-20260913/build/Build/Products/Debug-iphonesimulator -F/Users/jtcao/Library/Caches/visepanda/native-knowledge-20260913/build/Build/Products/Debug-iphonesimulator -Xlinker -rpath -Xlinker @executable_path -rdynamic -Xlinker -no_deduplicate -Xlinker -objc_abi_version -Xlinker 2 -e ___debug_blank_executor_main -Xlinker -sectcreate -Xlinker __TEXT -Xlinker __debug_dylib -Xlinker /Users/jtcao/Library/Caches/visepanda/native-knowledge-20260913/build/Build/Intermediates.noindex/VisePanda.build/Debug-iphonesimulator/VisePanda.build/VisePanda-DebugDylibPath-normal-x86_64.txt -Xlinker -sectcreate -Xlinker __TEXT -Xlinker __debug_instlnm -Xlinker /Users/jtcao/Library/Caches/visepanda/native-knowledge-20260913/build/Build/Intermediates.noindex/VisePanda.build/Debug-iphonesimulator/VisePanda.build/VisePanda-DebugDylibInstallName-normal-x86_64.txt -Xlinker -filelist -Xlinker /Users/jtcao/Library/Caches/visepanda/native-knowledge-20260913/build/Build/Intermediates.noindex/VisePanda.build/Debug-iphonesimulator/VisePanda.build/VisePanda-ExecutorLinkFileList-normal-x86_64.txt -Xlinker -sectcreate -Xlinker __TEXT -Xlinker __entitlements -Xlinker /Users/jtcao/Library/Caches/visepanda/native-knowledge-20260913/build/Build/Intermediates.noindex/VisePanda.build/Debug-iphonesimulator/VisePanda.build/VisePanda.app-Simulated.xcent -Xlinker -sectcreate -Xlinker __TEXT -Xlinker __ents_der -Xlinker /Users/jtcao/Library/Caches/visepanda/native-knowledge-20260913/build/Build/Intermediates.noindex/VisePanda.build/Debug-iphonesimulator/VisePanda.build/VisePanda.app-Simulated.xcent.der /Users/jtcao/Library/Caches/visepanda/native-knowledge-20260913/build/Build/Intermediates.noindex/VisePanda.build/Debug-iphonesimulator/VisePanda.build/Objects-normal/x86_64/Binary/VisePanda.debug.dylib -Xlinker -no_adhoc_codesign -o /Users/jtcao/Library/Caches/visepanda/native-knowledge-20260913/build/Build/Intermediates.noindex/VisePanda.build/Debug-iphonesimulator/VisePanda.build/Objects-normal/x86_64/Binary/VisePanda

Ld /Users/jtcao/Library/Caches/visepanda/native-knowledge-20260913/build/Build/Intermediates.noindex/VisePanda.build/Debug-iphonesimulator/VisePanda.build/Objects-normal/arm64/Binary/VisePanda normal arm64 (in target 'VisePanda' from project 'VisePanda')
    cd /Users/jtcao/Documents/VP-V4-S2-Knowledge-Publish/ios/VisePanda
    /Applications/Xcode.app/Contents/Developer/Toolchains/XcodeDefault.xctoolchain/usr/bin/clang -Xlinker -reproducible -target arm64-apple-ios17.0-simulator -isysroot /Applications/Xcode.app/Contents/Developer/Platforms/iPhoneSimulator.platform/Developer/SDKs/iPhoneSimulator26.5.sdk -O0 -L/Users/jtcao/Library/Caches/visepanda/native-knowledge-20260913/build/Build/Products/Debug-iphonesimulator -F/Users/jtcao/Library/Caches/visepanda/native-knowledge-20260913/build/Build/Products/Debug-iphonesimulator -Xlinker -rpath -Xlinker @executable_path -rdynamic -Xlinker -no_deduplicate -Xlinker -objc_abi_version -Xlinker 2 -e ___debug_blank_executor_main -Xlinker -sectcreate -Xlinker __TEXT -Xlinker __debug_dylib -Xlinker /Users/jtcao/Library/Caches/visepanda/native-knowledge-20260913/build/Build/Intermediates.noindex/VisePanda.build/Debug-iphonesimulator/VisePanda.build/VisePanda-DebugDylibPath-normal-arm64.txt -Xlinker -sectcreate -Xlinker __TEXT -Xlinker __debug_instlnm -Xlinker /Users/jtcao/Library/Caches/visepanda/native-knowledge-20260913/build/Build/Intermediates.noindex/VisePanda.build/Debug-iphonesimulator/VisePanda.build/VisePanda-DebugDylibInstallName-normal-arm64.txt -Xlinker -filelist -Xlinker /Users/jtcao/Library/Caches/visepanda/native-knowledge-20260913/build/Build/Intermediates.noindex/VisePanda.build/Debug-iphonesimulator/VisePanda.build/VisePanda-ExecutorLinkFileList-normal-arm64.txt -Xlinker -sectcreate -Xlinker __TEXT -Xlinker __entitlements -Xlinker /Users/jtcao/Library/Caches/visepanda/native-knowledge-20260913/build/Build/Intermediates.noindex/VisePanda.build/Debug-iphonesimulator/VisePanda.build/VisePanda.app-Simulated.xcent -Xlinker -sectcreate -Xlinker __TEXT -Xlinker __ents_der -Xlinker /Users/jtcao/Library/Caches/visepanda/native-knowledge-20260913/build/Build/Intermediates.noindex/VisePanda.build/Debug-iphonesimulator/VisePanda.build/VisePanda.app-Simulated.xcent.der /Users/jtcao/Library/Caches/visepanda/native-knowledge-20260913/build/Build/Intermediates.noindex/VisePanda.build/Debug-iphonesimulator/VisePanda.build/Objects-normal/arm64/Binary/VisePanda.debug.dylib -Xlinker -no_adhoc_codesign -o /Users/jtcao/Library/Caches/visepanda/native-knowledge-20260913/build/Build/Intermediates.noindex/VisePanda.build/Debug-iphonesimulator/VisePanda.build/Objects-normal/arm64/Binary/VisePanda

CreateUniversalBinary /Users/jtcao/Library/Caches/visepanda/native-knowledge-20260913/build/Build/Products/Debug-iphonesimulator/VisePanda.app/VisePanda normal arm64\ x86_64 (in target 'VisePanda' from project 'VisePanda')
    cd /Users/jtcao/Documents/VP-V4-S2-Knowledge-Publish/ios/VisePanda
    /Applications/Xcode.app/Contents/Developer/Toolchains/XcodeDefault.xctoolchain/usr/bin/lipo -create /Users/jtcao/Library/Caches/visepanda/native-knowledge-20260913/build/Build/Intermediates.noindex/VisePanda.build/Debug-iphonesimulator/VisePanda.build/Objects-normal/arm64/Binary/VisePanda /Users/jtcao/Library/Caches/visepanda/native-knowledge-20260913/build/Build/Intermediates.noindex/VisePanda.build/Debug-iphonesimulator/VisePanda.build/Objects-normal/x86_64/Binary/VisePanda -output /Users/jtcao/Library/Caches/visepanda/native-knowledge-20260913/build/Build/Products/Debug-iphonesimulator/VisePanda.app/VisePanda

SwiftExplicitDependencyGeneratePcm x86_64 /Users/jtcao/Library/Caches/visepanda/native-knowledge-20260913/build/Build/Intermediates.noindex/SwiftExplicitPrecompiledModules/XCTest-96RBCR6KF9LXJHOZHSPENCOLR.pcm

SwiftExplicitDependencyCompileModuleFromInterface x86_64 /Users/jtcao/Library/Caches/visepanda/native-knowledge-20260913/build/Build/Intermediates.noindex/SwiftExplicitPrecompiledModules/XCUIAutomation-9BV629WHND7V.swiftmodule

SwiftDriverJobDiscovery normal arm64 Compiling NativeKnowledgeUITests.swift (in target 'VisePandaUITests' from project 'VisePanda')

SwiftDriver\ Compilation VisePandaUITests normal arm64 com.apple.xcode.tools.swift.compiler (in target 'VisePandaUITests' from project 'VisePanda')
    cd /Users/jtcao/Documents/VP-V4-S2-Knowledge-Publish/ios/VisePanda
    builtin-Swift-Compilation -- /Applications/Xcode.app/Contents/Developer/Toolchains/XcodeDefault.xctoolchain/usr/bin/swiftc -module-name VisePandaUITests -Onone @/Users/jtcao/Library/Caches/visepanda/native-knowledge-20260913/build/Build/Intermediates.noindex/VisePanda.build/Debug-iphonesimulator/VisePandaUITests.build/Objects-normal/arm64/VisePandaUITests.SwiftFileList -DDEBUG -module-alias Testing\=_Testing_Unavailable -plugin-path /Applications/Xcode.app/Contents/Developer/Toolchains/XcodeDefault.xctoolchain/usr/lib/swift/host/plugins/testing -enable-experimental-feature DebugDescriptionMacro -sdk /Applications/Xcode.app/Contents/Developer/Platforms/iPhoneSimulator.platform/Developer/SDKs/iPhoneSimulator26.5.sdk -target arm64-apple-ios17.0-simulator -g -module-cache-path /Users/jtcao/Library/Caches/visepanda/native-knowledge-20260913/build/ModuleCache.noindex -Xfrontend -serialize-debugging-options -enable-testing -index-store-path /Users/jtcao/Library/Caches/visepanda/native-knowledge-20260913/build/Index.noindex/DataStore -Xcc -D_LIBCPP_HARDENING_MODE\=_LIBCPP_HARDENING_MODE_DEBUG -swift-version 6 -I /Users/jtcao/Library/Caches/visepanda/native-knowledge-20260913/build/Build/Products/Debug-iphonesimulator -Isystem /Applications/Xcode.app/Contents/Developer/Platforms/iPhoneSimulator.platform/Developer/usr/lib -F /Users/jtcao/Library/Caches/visepanda/native-knowledge-20260913/build/Build/Products/Debug-iphonesimulator -F /Applications/Xcode.app/Contents/Developer/Platforms/iPhoneSimulator.platform/Developer/Library/Frameworks -F /Applications/Xcode.app/Contents/Developer/Platforms/iPhoneSimulator.platform/Developer/SDKs/iPhoneSimulator26.5.sdk/Developer/Library/Frameworks -c -j8 -enable-batch-mode -incremental -Xcc -ivfsstatcache -Xcc /Users/jtcao/Library/Caches/visepanda/native-knowledge-20260913/build/SDKStatCaches.noindex/iphonesimulator26.5-23F81a-6cfe768891a92b912361537c460fe42b.sdkstatcache -output-file-map /Users/jtcao/Library/Caches/visepanda/native-knowledge-20260913/build/Build/Intermediates.noindex/VisePanda.build/Debug-iphonesimulator/VisePandaUITests.build/Objects-normal/arm64/VisePandaUITests-OutputFileMap.json -use-frontend-parseable-output -save-temps -no-color-diagnostics -explicit-module-build -module-cache-path /Users/jtcao/Library/Caches/visepanda/native-knowledge-20260913/build/Build/Intermediates.noindex/SwiftExplicitPrecompiledModules -clang-scanner-module-cache-path /Users/jtcao/Library/Caches/visepanda/native-knowledge-20260913/build/ModuleCache.noindex -sdk-module-cache-path /Users/jtcao/Library/Caches/visepanda/native-knowledge-20260913/build/ModuleCache.noindex -serialize-diagnostics -emit-dependencies -emit-module -emit-module-path /Users/jtcao/Library/Caches/visepanda/native-knowledge-20260913/build/Build/Intermediates.noindex/VisePanda.build/Debug-iphonesimulator/VisePandaUITests.build/Objects-normal/arm64/VisePandaUITests.swiftmodule -validate-clang-modules-once -clang-build-session-file /Users/jtcao/Library/Caches/visepanda/native-knowledge-20260913/build/ModuleCache.noindex/Session.modulevalidation -Xcc -I/Users/jtcao/Library/Caches/visepanda/native-knowledge-20260913/build/Build/Intermediates.noindex/VisePanda.build/Debug-iphonesimulator/VisePandaUITests.build/swift-overrides.hmap -emit-const-values -Xfrontend -const-gather-protocols-file -Xfrontend /Users/jtcao/Library/Caches/visepanda/native-knowledge-20260913/build/Build/Intermediates.noindex/VisePanda.build/Debug-iphonesimulator/VisePandaUITests.build/Objects-normal/arm64/VisePandaUITests_const_extract_protocols.json -Xcc -iquote -Xcc /Users/jtcao/Library/Caches/visepanda/native-knowledge-20260913/build/Build/Intermediates.noindex/VisePanda.build/Debug-iphonesimulator/VisePandaUITests.build/VisePandaUITests-generated-files.hmap -Xcc -I/Users/jtcao/Library/Caches/visepanda/native-knowledge-20260913/build/Build/Intermediates.noindex/VisePanda.build/Debug-iphonesimulator/VisePandaUITests.build/VisePandaUITests-own-target-headers.hmap -Xcc -I/Users/jtcao/Library/Caches/visepanda/native-knowledge-20260913/build/Build/Intermediates.noindex/VisePanda.build/Debug-iphonesimulator/VisePandaUITests.build/VisePandaUITests-all-target-headers.hmap -Xcc -iquote -Xcc /Users/jtcao/Library/Caches/visepanda/native-knowledge-20260913/build/Build/Intermediates.noindex/VisePanda.build/Debug-iphonesimulator/VisePandaUITests.build/VisePandaUITests-project-headers.hmap -Xcc -I/Users/jtcao/Library/Caches/visepanda/native-knowledge-20260913/build/Build/Products/Debug-iphonesimulator/include -Xcc -I/Users/jtcao/Library/Caches/visepanda/native-knowledge-20260913/build/Build/Intermediates.noindex/VisePanda.build/Debug-iphonesimulator/VisePandaUITests.build/DerivedSources-normal/arm64 -Xcc -I/Users/jtcao/Library/Caches/visepanda/native-knowledge-20260913/build/Build/Intermediates.noindex/VisePanda.build/Debug-iphonesimulator/VisePandaUITests.build/DerivedSources/arm64 -Xcc -I/Users/jtcao/Library/Caches/visepanda/native-knowledge-20260913/build/Build/Intermediates.noindex/VisePanda.build/Debug-iphonesimulator/VisePandaUITests.build/DerivedSources -emit-objc-header -emit-objc-header-path /Users/jtcao/Library/Caches/visepanda/native-knowledge-20260913/build/Build/Intermediates.noindex/VisePanda.build/Debug-iphonesimulator/VisePandaUITests.build/Objects-normal/arm64/VisePandaUITests-Swift.h -working-directory /Users/jtcao/Documents/VP-V4-S2-Knowledge-Publish/ios/VisePanda -experimental-emit-module-separately -disable-cmo

SwiftExplicitDependencyCompileModuleFromInterface x86_64 /Users/jtcao/Library/Caches/visepanda/native-knowledge-20260913/build/Build/Intermediates.noindex/SwiftExplicitPrecompiledModules/XCTest-1248DOAIWB4DP.swiftmodule

SwiftExplicitDependencyCompileModuleFromInterface x86_64 /Users/jtcao/Library/Caches/visepanda/native-knowledge-20260913/build/Build/Intermediates.noindex/SwiftExplicitPrecompiledModules/_Testing_Foundation-2T2GAPJ5MTXD7.swiftmodule

SwiftEmitModule normal x86_64 Emitting\ module\ for\ VisePandaUITests (in target 'VisePandaUITests' from project 'VisePanda')

EmitSwiftModule normal x86_64 (in target 'VisePandaUITests' from project 'VisePanda')
    cd /Users/jtcao/Documents/VP-V4-S2-Knowledge-Publish/ios/VisePanda


SwiftEmitModule normal x86_64 Emitting\ module\ for\ VisePandaTests (in target 'VisePandaTests' from project 'VisePanda')

EmitSwiftModule normal x86_64 (in target 'VisePandaTests' from project 'VisePanda')
    cd /Users/jtcao/Documents/VP-V4-S2-Knowledge-Publish/ios/VisePanda


SwiftCompile normal x86_64 Compiling\ NativeIdentityUITests.swift /Users/jtcao/Documents/VP-V4-S2-Knowledge-Publish/ios/VisePanda/VisePandaUITests/NativeIdentityUITests.swift (in target 'VisePandaUITests' from project 'VisePanda')

SwiftCompile normal x86_64 /Users/jtcao/Documents/VP-V4-S2-Knowledge-Publish/ios/VisePanda/VisePandaUITests/NativeIdentityUITests.swift (in target 'VisePandaUITests' from project 'VisePanda')
    cd /Users/jtcao/Documents/VP-V4-S2-Knowledge-Publish/ios/VisePanda


SwiftCompile normal x86_64 Compiling\ NativeTripUITests.swift /Users/jtcao/Documents/VP-V4-S2-Knowledge-Publish/ios/VisePanda/VisePandaUITests/NativeTripUITests.swift (in target 'VisePandaUITests' from project 'VisePanda')

SwiftCompile normal x86_64 /Users/jtcao/Documents/VP-V4-S2-Knowledge-Publish/ios/VisePanda/VisePandaUITests/NativeTripUITests.swift (in target 'VisePandaUITests' from project 'VisePanda')
    cd /Users/jtcao/Documents/VP-V4-S2-Knowledge-Publish/ios/VisePanda


SwiftCompile normal x86_64 Compiling\ AppShellUITests.swift /Users/jtcao/Documents/VP-V4-S2-Knowledge-Publish/ios/VisePanda/VisePandaUITests/AppShellUITests.swift (in target 'VisePandaUITests' from project 'VisePanda')

SwiftCompile normal x86_64 /Users/jtcao/Documents/VP-V4-S2-Knowledge-Publish/ios/VisePanda/VisePandaUITests/AppShellUITests.swift (in target 'VisePandaUITests' from project 'VisePanda')
    cd /Users/jtcao/Documents/VP-V4-S2-Knowledge-Publish/ios/VisePanda


SwiftCompile normal x86_64 Compiling\ NativeAskUITests.swift /Users/jtcao/Documents/VP-V4-S2-Knowledge-Publish/ios/VisePanda/VisePandaUITests/NativeAskUITests.swift (in target 'VisePandaUITests' from project 'VisePanda')

SwiftCompile normal x86_64 /Users/jtcao/Documents/VP-V4-S2-Knowledge-Publish/ios/VisePanda/VisePandaUITests/NativeAskUITests.swift (in target 'VisePandaUITests' from project 'VisePanda')
    cd /Users/jtcao/Documents/VP-V4-S2-Knowledge-Publish/ios/VisePanda


SwiftCompile normal x86_64 Compiling\ NativeKnowledgeUITests.swift /Users/jtcao/Documents/VP-V4-S2-Knowledge-Publish/ios/VisePanda/VisePandaUITests/NativeKnowledgeUITests.swift (in target 'VisePandaUITests' from project 'VisePanda')

SwiftCompile normal x86_64 /Users/jtcao/Documents/VP-V4-S2-Knowledge-Publish/ios/VisePanda/VisePandaUITests/NativeKnowledgeUITests.swift (in target 'VisePandaUITests' from project 'VisePanda')
    cd /Users/jtcao/Documents/VP-V4-S2-Knowledge-Publish/ios/VisePanda


SwiftCompile normal x86_64 Compiling\ NativeAskPersistenceTests.swift /Users/jtcao/Documents/VP-V4-S2-Knowledge-Publish/ios/VisePanda/VisePandaTests/NativeAskPersistenceTests.swift (in target 'VisePandaTests' from project 'VisePanda')
SwiftCompile normal x86_64 /Users/jtcao/Documents/VP-V4-S2-Knowledge-Publish/ios/VisePanda/VisePandaTests/NativeAskPersistenceTests.swift (in target 'VisePandaTests' from project 'VisePanda')
    cd /Users/jtcao/Documents/VP-V4-S2-Knowledge-Publish/ios/VisePanda


SwiftDriverJobDiscovery normal x86_64 Emitting module for VisePandaUITests (in target 'VisePandaUITests' from project 'VisePanda')

SwiftDriver\ Compilation\ Requirements VisePandaUITests normal x86_64 com.apple.xcode.tools.swift.compiler (in target 'VisePandaUITests' from project 'VisePanda')
    cd /Users/jtcao/Documents/VP-V4-S2-Knowledge-Publish/ios/VisePanda
    builtin-Swift-Compilation-Requirements -- /Applications/Xcode.app/Contents/Developer/Toolchains/XcodeDefault.xctoolchain/usr/bin/swiftc -module-name VisePandaUITests -Onone @/Users/jtcao/Library/Caches/visepanda/native-knowledge-20260913/build/Build/Intermediates.noindex/VisePanda.build/Debug-iphonesimulator/VisePandaUITests.build/Objects-normal/x86_64/VisePandaUITests.SwiftFileList -DDEBUG -module-alias Testing\=_Testing_Unavailable -plugin-path /Applications/Xcode.app/Contents/Developer/Toolchains/XcodeDefault.xctoolchain/usr/lib/swift/host/plugins/testing -enable-experimental-feature DebugDescriptionMacro -sdk /Applications/Xcode.app/Contents/Developer/Platforms/iPhoneSimulator.platform/Developer/SDKs/iPhoneSimulator26.5.sdk -target x86_64-apple-ios17.0-simulator -g -module-cache-path /Users/jtcao/Library/Caches/visepanda/native-knowledge-20260913/build/ModuleCache.noindex -Xfrontend -serialize-debugging-options -enable-testing -index-store-path /Users/jtcao/Library/Caches/visepanda/native-knowledge-20260913/build/Index.noindex/DataStore -Xcc -D_LIBCPP_HARDENING_MODE\=_LIBCPP_HARDENING_MODE_DEBUG -swift-version 6 -I /Users/jtcao/Library/Caches/visepanda/native-knowledge-20260913/build/Build/Products/Debug-iphonesimulator -Isystem /Applications/Xcode.app/Contents/Developer/Platforms/iPhoneSimulator.platform/Developer/usr/lib -F /Users/jtcao/Library/Caches/visepanda/native-knowledge-20260913/build/Build/Products/Debug-iphonesimulator -F /Applications/Xcode.app/Contents/Developer/Platforms/iPhoneSimulator.platform/Developer/Library/Frameworks -F /Applications/Xcode.app/Contents/Developer/Platforms/iPhoneSimulator.platform/Developer/SDKs/iPhoneSimulator26.5.sdk/Developer/Library/Frameworks -c -j8 -enable-batch-mode -incremental -Xcc -ivfsstatcache -Xcc /Users/jtcao/Library/Caches/visepanda/native-knowledge-20260913/build/SDKStatCaches.noindex/iphonesimulator26.5-23F81a-6cfe768891a92b912361537c460fe42b.sdkstatcache -output-file-map /Users/jtcao/Library/Caches/visepanda/native-knowledge-20260913/build/Build/Intermediates.noindex/VisePanda.build/Debug-iphonesimulator/VisePandaUITests.build/Objects-normal/x86_64/VisePandaUITests-OutputFileMap.json -use-frontend-parseable-output -save-temps -no-color-diagnostics -explicit-module-build -module-cache-path /Users/jtcao/Library/Caches/visepanda/native-knowledge-20260913/build/Build/Intermediates.noindex/SwiftExplicitPrecompiledModules -clang-scanner-module-cache-path /Users/jtcao/Library/Caches/visepanda/native-knowledge-20260913/build/ModuleCache.noindex -sdk-module-cache-path /Users/jtcao/Library/Caches/visepanda/native-knowledge-20260913/build/ModuleCache.noindex -serialize-diagnostics -emit-dependencies -emit-module -emit-module-path /Users/jtcao/Library/Caches/visepanda/native-knowledge-20260913/build/Build/Intermediates.noindex/VisePanda.build/Debug-iphonesimulator/VisePandaUITests.build/Objects-normal/x86_64/VisePandaUITests.swiftmodule -validate-clang-modules-once -clang-build-session-file /Users/jtcao/Library/Caches/visepanda/native-knowledge-20260913/build/ModuleCache.noindex/Session.modulevalidation -Xcc -I/Users/jtcao/Library/Caches/visepanda/native-knowledge-20260913/build/Build/Intermediates.noindex/VisePanda.build/Debug-iphonesimulator/VisePandaUITests.build/swift-overrides.hmap -emit-const-values -Xfrontend -const-gather-protocols-file -Xfrontend /Users/jtcao/Library/Caches/visepanda/native-knowledge-20260913/build/Build/Intermediates.noindex/VisePanda.build/Debug-iphonesimulator/VisePandaUITests.build/Objects-normal/x86_64/VisePandaUITests_const_extract_protocols.json -Xcc -iquote -Xcc /Users/jtcao/Library/Caches/visepanda/native-knowledge-20260913/build/Build/Intermediates.noindex/VisePanda.build/Debug-iphonesimulator/VisePandaUITests.build/VisePandaUITests-generated-files.hmap -Xcc -I/Users/jtcao/Library/Caches/visepanda/native-knowledge-20260913/build/Build/Intermediates.noindex/VisePanda.build/Debug-iphonesimulator/VisePandaUITests.build/VisePandaUITests-own-target-headers.hmap -Xcc -I/Users/jtcao/Library/Caches/visepanda/native-knowledge-20260913/build/Build/Intermediates.noindex/VisePanda.build/Debug-iphonesimulator/VisePandaUITests.build/VisePandaUITests-all-target-headers.hmap -Xcc -iquote -Xcc /Users/jtcao/Library/Caches/visepanda/native-knowledge-20260913/build/Build/Intermediates.noindex/VisePanda.build/Debug-iphonesimulator/VisePandaUITests.build/VisePandaUITests-project-headers.hmap -Xcc -I/Users/jtcao/Library/Caches/visepanda/native-knowledge-20260913/build/Build/Products/Debug-iphonesimulator/include -Xcc -I/Users/jtcao/Library/Caches/visepanda/native-knowledge-20260913/build/Build/Intermediates.noindex/VisePanda.build/Debug-iphonesimulator/VisePandaUITests.build/DerivedSources-normal/x86_64 -Xcc -I/Users/jtcao/Library/Caches/visepanda/native-knowledge-20260913/build/Build/Intermediates.noindex/VisePanda.build/Debug-iphonesimulator/VisePandaUITests.build/DerivedSources/x86_64 -Xcc -I/Users/jtcao/Library/Caches/visepanda/native-knowledge-20260913/build/Build/Intermediates.noindex/VisePanda.build/Debug-iphonesimulator/VisePandaUITests.build/DerivedSources -emit-objc-header -emit-objc-header-path /Users/jtcao/Library/Caches/visepanda/native-knowledge-20260913/build/Build/Intermediates.noindex/VisePanda.build/Debug-iphonesimulator/VisePandaUITests.build/Objects-normal/x86_64/VisePandaUITests-Swift.h -working-directory /Users/jtcao/Documents/VP-V4-S2-Knowledge-Publish/ios/VisePanda -experimental-emit-module-separately -disable-cmo

SwiftDriverJobDiscovery normal x86_64 Emitting module for VisePandaTests (in target 'VisePandaTests' from project 'VisePanda')

SwiftDriver\ Compilation\ Requirements VisePandaTests normal x86_64 com.apple.xcode.tools.swift.compiler (in target 'VisePandaTests' from project 'VisePanda')
    cd /Users/jtcao/Documents/VP-V4-S2-Knowledge-Publish/ios/VisePanda
    builtin-Swift-Compilation-Requirements -- /Applications/Xcode.app/Contents/Developer/Toolchains/XcodeDefault.xctoolchain/usr/bin/swiftc -module-name VisePandaTests -Onone @/Users/jtcao/Library/Caches/visepanda/native-knowledge-20260913/build/Build/Intermediates.noindex/VisePanda.build/Debug-iphonesimulator/VisePandaTests.build/Objects-normal/x86_64/VisePandaTests.SwiftFileList -DDEBUG -plugin-path /Applications/Xcode.app/Contents/Developer/Toolchains/XcodeDefault.xctoolchain/usr/lib/swift/host/plugins/testing -default-isolation\=MainActor -enable-upcoming-feature InferIsolatedConformances -enable-upcoming-feature NonisolatedNonsendingByDefault -enable-experimental-feature DebugDescriptionMacro -sdk /Applications/Xcode.app/Contents/Developer/Platforms/iPhoneSimulator.platform/Developer/SDKs/iPhoneSimulator26.5.sdk -target x86_64-apple-ios17.0-simulator -g -module-cache-path /Users/jtcao/Library/Caches/visepanda/native-knowledge-20260913/build/ModuleCache.noindex -Xfrontend -serialize-debugging-options -enable-testing -index-store-path /Users/jtcao/Library/Caches/visepanda/native-knowledge-20260913/build/Index.noindex/DataStore -Xcc -D_LIBCPP_HARDENING_MODE\=_LIBCPP_HARDENING_MODE_DEBUG -swift-version 6 -I /Users/jtcao/Library/Caches/visepanda/native-knowledge-20260913/build/Build/Products/Debug-iphonesimulator -Isystem /Applications/Xcode.app/Contents/Developer/Platforms/iPhoneSimulator.platform/Developer/usr/lib -F /Users/jtcao/Library/Caches/visepanda/native-knowledge-20260913/build/Build/Products/Debug-iphonesimulator -F /Applications/Xcode.app/Contents/Developer/Platforms/iPhoneSimulator.platform/Developer/Library/Frameworks -F /Applications/Xcode.app/Contents/Developer/Platforms/iPhoneSimulator.platform/Developer/SDKs/iPhoneSimulator26.5.sdk/Developer/Library/Frameworks -c -j8 -enable-batch-mode -incremental -Xcc -ivfsstatcache -Xcc /Users/jtcao/Library/Caches/visepanda/native-knowledge-20260913/build/SDKStatCaches.noindex/iphonesimulator26.5-23F81a-6cfe768891a92b912361537c460fe42b.sdkstatcache -output-file-map /Users/jtcao/Library/Caches/visepanda/native-knowledge-20260913/build/Build/Intermediates.noindex/VisePanda.build/Debug-iphonesimulator/VisePandaTests.build/Objects-normal/x86_64/VisePandaTests-OutputFileMap.json -use-frontend-parseable-output -save-temps -no-color-diagnostics -explicit-module-build -module-cache-path /Users/jtcao/Library/Caches/visepanda/native-knowledge-20260913/build/Build/Intermediates.noindex/SwiftExplicitPrecompiledModules -clang-scanner-module-cache-path /Users/jtcao/Library/Caches/visepanda/native-knowledge-20260913/build/ModuleCache.noindex -sdk-module-cache-path /Users/jtcao/Library/Caches/visepanda/native-knowledge-20260913/build/ModuleCache.noindex -serialize-diagnostics -emit-dependencies -emit-module -emit-module-path /Users/jtcao/Library/Caches/visepanda/native-knowledge-20260913/build/Build/Intermediates.noindex/VisePanda.build/Debug-iphonesimulator/VisePandaTests.build/Objects-normal/x86_64/VisePandaTests.swiftmodule -validate-clang-modules-once -clang-build-session-file /Users/jtcao/Library/Caches/visepanda/native-knowledge-20260913/build/ModuleCache.noindex/Session.modulevalidation -Xcc -I/Users/jtcao/Library/Caches/visepanda/native-knowledge-20260913/build/Build/Intermediates.noindex/VisePanda.build/Debug-iphonesimulator/VisePandaTests.build/swift-overrides.hmap -emit-const-values -Xfrontend -const-gather-protocols-file -Xfrontend /Users/jtcao/Library/Caches/visepanda/native-knowledge-20260913/build/Build/Intermediates.noindex/VisePanda.build/Debug-iphonesimulator/VisePandaTests.build/Objects-normal/x86_64/VisePandaTests_const_extract_protocols.json -Xcc -iquote -Xcc /Users/jtcao/Library/Caches/visepanda/native-knowledge-20260913/build/Build/Intermediates.noindex/VisePanda.build/Debug-iphonesimulator/VisePandaTests.build/VisePandaTests-generated-files.hmap -Xcc -I/Users/jtcao/Library/Caches/visepanda/native-knowledge-20260913/build/Build/Intermediates.noindex/VisePanda.build/Debug-iphonesimulator/VisePandaTests.build/VisePandaTests-own-target-headers.hmap -Xcc -I/Users/jtcao/Library/Caches/visepanda/native-knowledge-20260913/build/Build/Intermediates.noindex/VisePanda.build/Debug-iphonesimulator/VisePandaTests.build/VisePandaTests-all-target-headers.hmap -Xcc -iquote -Xcc /Users/jtcao/Library/Caches/visepanda/native-knowledge-20260913/build/Build/Intermediates.noindex/VisePanda.build/Debug-iphonesimulator/VisePandaTests.build/VisePandaTests-project-headers.hmap -Xcc -I/Users/jtcao/Library/Caches/visepanda/native-knowledge-20260913/build/Build/Products/Debug-iphonesimulator/include -Xcc -I/Users/jtcao/Library/Caches/visepanda/native-knowledge-20260913/build/Build/Intermediates.noindex/VisePanda.build/Debug-iphonesimulator/VisePandaTests.build/DerivedSources-normal/x86_64 -Xcc -I/Users/jtcao/Library/Caches/visepanda/native-knowledge-20260913/build/Build/Intermediates.noindex/VisePanda.build/Debug-iphonesimulator/VisePandaTests.build/DerivedSources/x86_64 -Xcc -I/Users/jtcao/Library/Caches/visepanda/native-knowledge-20260913/build/Build/Intermediates.noindex/VisePanda.build/Debug-iphonesimulator/VisePandaTests.build/DerivedSources -emit-objc-header -emit-objc-header-path /Users/jtcao/Library/Caches/visepanda/native-knowledge-20260913/build/Build/Intermediates.noindex/VisePanda.build/Debug-iphonesimulator/VisePandaTests.build/Objects-normal/x86_64/VisePandaTests-Swift.h -working-directory /Users/jtcao/Documents/VP-V4-S2-Knowledge-Publish/ios/VisePanda -experimental-emit-module-separately -disable-cmo

SwiftMergeGeneratedHeaders /Users/jtcao/Library/Caches/visepanda/native-knowledge-20260913/build/Build/Intermediates.noindex/VisePanda.build/Debug-iphonesimulator/VisePandaUITests.build/DerivedSources/VisePandaUITests-Swift.h /Users/jtcao/Library/Caches/visepanda/native-knowledge-20260913/build/Build/Intermediates.noindex/VisePanda.build/Debug-iphonesimulator/VisePandaUITests.build/Objects-normal/arm64/VisePandaUITests-Swift.h /Users/jtcao/Library/Caches/visepanda/native-knowledge-20260913/build/Build/Intermediates.noindex/VisePanda.build/Debug-iphonesimulator/VisePandaUITests.build/Objects-normal/x86_64/VisePandaUITests-Swift.h (in target 'VisePandaUITests' from project 'VisePanda')
    cd /Users/jtcao/Documents/VP-V4-S2-Knowledge-Publish/ios/VisePanda
    builtin-swiftHeaderTool -arch arm64 /Users/jtcao/Library/Caches/visepanda/native-knowledge-20260913/build/Build/Intermediates.noindex/VisePanda.build/Debug-iphonesimulator/VisePandaUITests.build/Objects-normal/arm64/VisePandaUITests-Swift.h -arch x86_64 /Users/jtcao/Library/Caches/visepanda/native-knowledge-20260913/build/Build/Intermediates.noindex/VisePanda.build/Debug-iphonesimulator/VisePandaUITests.build/Objects-normal/x86_64/VisePandaUITests-Swift.h -o /Users/jtcao/Library/Caches/visepanda/native-knowledge-20260913/build/Build/Intermediates.noindex/VisePanda.build/Debug-iphonesimulator/VisePandaUITests.build/DerivedSources/VisePandaUITests-Swift.h

Copy /Users/jtcao/Library/Caches/visepanda/native-knowledge-20260913/build/Build/Products/Debug-iphonesimulator/VisePandaUITests.swiftmodule/x86_64-apple-ios-simulator.swiftmodule /Users/jtcao/Library/Caches/visepanda/native-knowledge-20260913/build/Build/Intermediates.noindex/VisePanda.build/Debug-iphonesimulator/VisePandaUITests.build/Objects-normal/x86_64/VisePandaUITests.swiftmodule (in target 'VisePandaUITests' from project 'VisePanda')
    cd /Users/jtcao/Documents/VP-V4-S2-Knowledge-Publish/ios/VisePanda
    builtin-copy -exclude .DS_Store -exclude CVS -exclude .svn -exclude .git -exclude .hg -resolve-src-symlinks -rename /Users/jtcao/Library/Caches/visepanda/native-knowledge-20260913/build/Build/Intermediates.noindex/VisePanda.build/Debug-iphonesimulator/VisePandaUITests.build/Objects-normal/x86_64/VisePandaUITests.swiftmodule /Users/jtcao/Library/Caches/visepanda/native-knowledge-20260913/build/Build/Products/Debug-iphonesimulator/VisePandaUITests.swiftmodule/x86_64-apple-ios-simulator.swiftmodule

Copy /Users/jtcao/Library/Caches/visepanda/native-knowledge-20260913/build/Build/Products/Debug-iphonesimulator/VisePandaUITests.swiftmodule/x86_64-apple-ios-simulator.swiftdoc /Users/jtcao/Library/Caches/visepanda/native-knowledge-20260913/build/Build/Intermediates.noindex/VisePanda.build/Debug-iphonesimulator/VisePandaUITests.build/Objects-normal/x86_64/VisePandaUITests.swiftdoc (in target 'VisePandaUITests' from project 'VisePanda')
    cd /Users/jtcao/Documents/VP-V4-S2-Knowledge-Publish/ios/VisePanda
    builtin-copy -exclude .DS_Store -exclude CVS -exclude .svn -exclude .git -exclude .hg -resolve-src-symlinks -rename /Users/jtcao/Library/Caches/visepanda/native-knowledge-20260913/build/Build/Intermediates.noindex/VisePanda.build/Debug-iphonesimulator/VisePandaUITests.build/Objects-normal/x86_64/VisePandaUITests.swiftdoc /Users/jtcao/Library/Caches/visepanda/native-knowledge-20260913/build/Build/Products/Debug-iphonesimulator/VisePandaUITests.swiftmodule/x86_64-apple-ios-simulator.swiftdoc

Copy /Users/jtcao/Library/Caches/visepanda/native-knowledge-20260913/build/Build/Products/Debug-iphonesimulator/VisePandaUITests.swiftmodule/x86_64-apple-ios-simulator.abi.json /Users/jtcao/Library/Caches/visepanda/native-knowledge-20260913/build/Build/Intermediates.noindex/VisePanda.build/Debug-iphonesimulator/VisePandaUITests.build/Objects-normal/x86_64/VisePandaUITests.abi.json (in target 'VisePandaUITests' from project 'VisePanda')
    cd /Users/jtcao/Documents/VP-V4-S2-Knowledge-Publish/ios/VisePanda
    builtin-copy -exclude .DS_Store -exclude CVS -exclude .svn -exclude .git -exclude .hg -resolve-src-symlinks -rename /Users/jtcao/Library/Caches/visepanda/native-knowledge-20260913/build/Build/Intermediates.noindex/VisePanda.build/Debug-iphonesimulator/VisePandaUITests.build/Objects-normal/x86_64/VisePandaUITests.abi.json /Users/jtcao/Library/Caches/visepanda/native-knowledge-20260913/build/Build/Products/Debug-iphonesimulator/VisePandaUITests.swiftmodule/x86_64-apple-ios-simulator.abi.json

Copy /Users/jtcao/Library/Caches/visepanda/native-knowledge-20260913/build/Build/Products/Debug-iphonesimulator/VisePandaUITests.swiftmodule/Project/x86_64-apple-ios-simulator.swiftsourceinfo /Users/jtcao/Library/Caches/visepanda/native-knowledge-20260913/build/Build/Intermediates.noindex/VisePanda.build/Debug-iphonesimulator/VisePandaUITests.build/Objects-normal/x86_64/VisePandaUITests.swiftsourceinfo (in target 'VisePandaUITests' from project 'VisePanda')
    cd /Users/jtcao/Documents/VP-V4-S2-Knowledge-Publish/ios/VisePanda
    builtin-copy -exclude .DS_Store -exclude CVS -exclude .svn -exclude .git -exclude .hg -resolve-src-symlinks -rename /Users/jtcao/Library/Caches/visepanda/native-knowledge-20260913/build/Build/Intermediates.noindex/VisePanda.build/Debug-iphonesimulator/VisePandaUITests.build/Objects-normal/x86_64/VisePandaUITests.swiftsourceinfo /Users/jtcao/Library/Caches/visepanda/native-knowledge-20260913/build/Build/Products/Debug-iphonesimulator/VisePandaUITests.swiftmodule/Project/x86_64-apple-ios-simulator.swiftsourceinfo

SwiftMergeGeneratedHeaders /Users/jtcao/Library/Caches/visepanda/native-knowledge-20260913/build/Build/Intermediates.noindex/VisePanda.build/Debug-iphonesimulator/VisePandaTests.build/DerivedSources/VisePandaTests-Swift.h /Users/jtcao/Library/Caches/visepanda/native-knowledge-20260913/build/Build/Intermediates.noindex/VisePanda.build/Debug-iphonesimulator/VisePandaTests.build/Objects-normal/arm64/VisePandaTests-Swift.h /Users/jtcao/Library/Caches/visepanda/native-knowledge-20260913/build/Build/Intermediates.noindex/VisePanda.build/Debug-iphonesimulator/VisePandaTests.build/Objects-normal/x86_64/VisePandaTests-Swift.h (in target 'VisePandaTests' from project 'VisePanda')
    cd /Users/jtcao/Documents/VP-V4-S2-Knowledge-Publish/ios/VisePanda
    builtin-swiftHeaderTool -arch arm64 /Users/jtcao/Library/Caches/visepanda/native-knowledge-20260913/build/Build/Intermediates.noindex/VisePanda.build/Debug-iphonesimulator/VisePandaTests.build/Objects-normal/arm64/VisePandaTests-Swift.h -arch x86_64 /Users/jtcao/Library/Caches/visepanda/native-knowledge-20260913/build/Build/Intermediates.noindex/VisePanda.build/Debug-iphonesimulator/VisePandaTests.build/Objects-normal/x86_64/VisePandaTests-Swift.h -o /Users/jtcao/Library/Caches/visepanda/native-knowledge-20260913/build/Build/Intermediates.noindex/VisePanda.build/Debug-iphonesimulator/VisePandaTests.build/DerivedSources/VisePandaTests-Swift.h

Copy /Users/jtcao/Library/Caches/visepanda/native-knowledge-20260913/build/Build/Products/Debug-iphonesimulator/VisePandaTests.swiftmodule/x86_64-apple-ios-simulator.swiftmodule /Users/jtcao/Library/Caches/visepanda/native-knowledge-20260913/build/Build/Intermediates.noindex/VisePanda.build/Debug-iphonesimulator/VisePandaTests.build/Objects-normal/x86_64/VisePandaTests.swiftmodule (in target 'VisePandaTests' from project 'VisePanda')
    cd /Users/jtcao/Documents/VP-V4-S2-Knowledge-Publish/ios/VisePanda
    builtin-copy -exclude .DS_Store -exclude CVS -exclude .svn -exclude .git -exclude .hg -resolve-src-symlinks -rename /Users/jtcao/Library/Caches/visepanda/native-knowledge-20260913/build/Build/Intermediates.noindex/VisePanda.build/Debug-iphonesimulator/VisePandaTests.build/Objects-normal/x86_64/VisePandaTests.swiftmodule /Users/jtcao/Library/Caches/visepanda/native-knowledge-20260913/build/Build/Products/Debug-iphonesimulator/VisePandaTests.swiftmodule/x86_64-apple-ios-simulator.swiftmodule

Copy /Users/jtcao/Library/Caches/visepanda/native-knowledge-20260913/build/Build/Products/Debug-iphonesimulator/VisePandaTests.swiftmodule/x86_64-apple-ios-simulator.swiftdoc /Users/jtcao/Library/Caches/visepanda/native-knowledge-20260913/build/Build/Intermediates.noindex/VisePanda.build/Debug-iphonesimulator/VisePandaTests.build/Objects-normal/x86_64/VisePandaTests.swiftdoc (in target 'VisePandaTests' from project 'VisePanda')
    cd /Users/jtcao/Documents/VP-V4-S2-Knowledge-Publish/ios/VisePanda
    builtin-copy -exclude .DS_Store -exclude CVS -exclude .svn -exclude .git -exclude .hg -resolve-src-symlinks -rename /Users/jtcao/Library/Caches/visepanda/native-knowledge-20260913/build/Build/Intermediates.noindex/VisePanda.build/Debug-iphonesimulator/VisePandaTests.build/Objects-normal/x86_64/VisePandaTests.swiftdoc /Users/jtcao/Library/Caches/visepanda/native-knowledge-20260913/build/Build/Products/Debug-iphonesimulator/VisePandaTests.swiftmodule/x86_64-apple-ios-simulator.swiftdoc

Copy /Users/jtcao/Library/Caches/visepanda/native-knowledge-20260913/build/Build/Products/Debug-iphonesimulator/VisePandaTests.swiftmodule/x86_64-apple-ios-simulator.abi.json /Users/jtcao/Library/Caches/visepanda/native-knowledge-20260913/build/Build/Intermediates.noindex/VisePanda.build/Debug-iphonesimulator/VisePandaTests.build/Objects-normal/x86_64/VisePandaTests.abi.json (in target 'VisePandaTests' from project 'VisePanda')
    cd /Users/jtcao/Documents/VP-V4-S2-Knowledge-Publish/ios/VisePanda
    builtin-copy -exclude .DS_Store -exclude CVS -exclude .svn -exclude .git -exclude .hg -resolve-src-symlinks -rename /Users/jtcao/Library/Caches/visepanda/native-knowledge-20260913/build/Build/Intermediates.noindex/VisePanda.build/Debug-iphonesimulator/VisePandaTests.build/Objects-normal/x86_64/VisePandaTests.abi.json /Users/jtcao/Library/Caches/visepanda/native-knowledge-20260913/build/Build/Products/Debug-iphonesimulator/VisePandaTests.swiftmodule/x86_64-apple-ios-simulator.abi.json

Copy /Users/jtcao/Library/Caches/visepanda/native-knowledge-20260913/build/Build/Products/Debug-iphonesimulator/VisePandaTests.swiftmodule/Project/x86_64-apple-ios-simulator.swiftsourceinfo /Users/jtcao/Library/Caches/visepanda/native-knowledge-20260913/build/Build/Intermediates.noindex/VisePanda.build/Debug-iphonesimulator/VisePandaTests.build/Objects-normal/x86_64/VisePandaTests.swiftsourceinfo (in target 'VisePandaTests' from project 'VisePanda')
    cd /Users/jtcao/Documents/VP-V4-S2-Knowledge-Publish/ios/VisePanda
    builtin-copy -exclude .DS_Store -exclude CVS -exclude .svn -exclude .git -exclude .hg -resolve-src-symlinks -rename /Users/jtcao/Library/Caches/visepanda/native-knowledge-20260913/build/Build/Intermediates.noindex/VisePanda.build/Debug-iphonesimulator/VisePandaTests.build/Objects-normal/x86_64/VisePandaTests.swiftsourceinfo /Users/jtcao/Library/Caches/visepanda/native-knowledge-20260913/build/Build/Products/Debug-iphonesimulator/VisePandaTests.swiftmodule/Project/x86_64-apple-ios-simulator.swiftsourceinfo

SwiftCompile normal x86_64 Compiling\ NativeTripStateTests.swift /Users/jtcao/Documents/VP-V4-S2-Knowledge-Publish/ios/VisePanda/VisePandaTests/NativeTripStateTests.swift (in target 'VisePandaTests' from project 'VisePanda')

SwiftCompile normal x86_64 /Users/jtcao/Documents/VP-V4-S2-Knowledge-Publish/ios/VisePanda/VisePandaTests/NativeTripStateTests.swift (in target 'VisePandaTests' from project 'VisePanda')
    cd /Users/jtcao/Documents/VP-V4-S2-Knowledge-Publish/ios/VisePanda


SwiftCompile normal x86_64 Compiling\ NativeAskIntegrationTests.swift /Users/jtcao/Documents/VP-V4-S2-Knowledge-Publish/ios/VisePanda/VisePandaTests/NativeAskIntegrationTests.swift (in target 'VisePandaTests' from project 'VisePanda')

SwiftCompile normal x86_64 /Users/jtcao/Documents/VP-V4-S2-Knowledge-Publish/ios/VisePanda/VisePandaTests/NativeAskIntegrationTests.swift (in target 'VisePandaTests' from project 'VisePanda')
    cd /Users/jtcao/Documents/VP-V4-S2-Knowledge-Publish/ios/VisePanda


SwiftDriverJobDiscovery normal x86_64 Compiling NativeIdentityUITests.swift (in target 'VisePandaUITests' from project 'VisePanda')

SwiftDriverJobDiscovery normal x86_64 Compiling NativeKnowledgeUITests.swift (in target 'VisePandaUITests' from project 'VisePanda')

SwiftCompile normal x86_64 Compiling\ NativeTripIntegrationTests.swift /Users/jtcao/Documents/VP-V4-S2-Knowledge-Publish/ios/VisePanda/VisePandaTests/NativeTripIntegrationTests.swift (in target 'VisePandaTests' from project 'VisePanda')

SwiftCompile normal x86_64 /Users/jtcao/Documents/VP-V4-S2-Knowledge-Publish/ios/VisePanda/VisePandaTests/NativeTripIntegrationTests.swift (in target 'VisePandaTests' from project 'VisePanda')
    cd /Users/jtcao/Documents/VP-V4-S2-Knowledge-Publish/ios/VisePanda


SwiftCompile normal x86_64 Compiling\ NativeKnowledgeTests.swift /Users/jtcao/Documents/VP-V4-S2-Knowledge-Publish/ios/VisePanda/VisePandaTests/NativeKnowledgeTests.swift (in target 'VisePandaTests' from project 'VisePanda')

SwiftCompile normal x86_64 /Users/jtcao/Documents/VP-V4-S2-Knowledge-Publish/ios/VisePanda/VisePandaTests/NativeKnowledgeTests.swift (in target 'VisePandaTests' from project 'VisePanda')
    cd /Users/jtcao/Documents/VP-V4-S2-Knowledge-Publish/ios/VisePanda


SwiftDriverJobDiscovery normal x86_64 Compiling NativeTripUITests.swift (in target 'VisePandaUITests' from project 'VisePanda')

SwiftCompile normal x86_64 Compiling\ NativeAskStateTests.swift /Users/jtcao/Documents/VP-V4-S2-Knowledge-Publish/ios/VisePanda/VisePandaTests/NativeAskStateTests.swift (in target 'VisePandaTests' from project 'VisePanda')
SwiftCompile normal x86_64 /Users/jtcao/Documents/VP-V4-S2-Knowledge-Publish/ios/VisePanda/VisePandaTests/NativeAskStateTests.swift (in target 'VisePandaTests' from project 'VisePanda')
    cd /Users/jtcao/Documents/VP-V4-S2-Knowledge-Publish/ios/VisePanda


SwiftDriverJobDiscovery normal x86_64 Compiling AppShellUITests.swift (in target 'VisePandaUITests' from project 'VisePanda')

SwiftCompile normal x86_64 Compiling\ NativeSessionIntegrationTests.swift /Users/jtcao/Documents/VP-V4-S2-Knowledge-Publish/ios/VisePanda/VisePandaTests/NativeSessionIntegrationTests.swift (in target 'VisePandaTests' from project 'VisePanda')

SwiftCompile normal x86_64 /Users/jtcao/Documents/VP-V4-S2-Knowledge-Publish/ios/VisePanda/VisePandaTests/NativeSessionIntegrationTests.swift (in target 'VisePandaTests' from project 'VisePanda')
    cd /Users/jtcao/Documents/VP-V4-S2-Knowledge-Publish/ios/VisePanda


SwiftDriverJobDiscovery normal x86_64 Compiling NativeAskUITests.swift (in target 'VisePandaUITests' from project 'VisePanda')

SwiftDriver\ Compilation VisePandaUITests normal x86_64 com.apple.xcode.tools.swift.compiler (in target 'VisePandaUITests' from project 'VisePanda')
    cd /Users/jtcao/Documents/VP-V4-S2-Knowledge-Publish/ios/VisePanda
    builtin-Swift-Compilation -- /Applications/Xcode.app/Contents/Developer/Toolchains/XcodeDefault.xctoolchain/usr/bin/swiftc -module-name VisePandaUITests -Onone @/Users/jtcao/Library/Caches/visepanda/native-knowledge-20260913/build/Build/Intermediates.noindex/VisePanda.build/Debug-iphonesimulator/VisePandaUITests.build/Objects-normal/x86_64/VisePandaUITests.SwiftFileList -DDEBUG -module-alias Testing\=_Testing_Unavailable -plugin-path /Applications/Xcode.app/Contents/Developer/Toolchains/XcodeDefault.xctoolchain/usr/lib/swift/host/plugins/testing -enable-experimental-feature DebugDescriptionMacro -sdk /Applications/Xcode.app/Contents/Developer/Platforms/iPhoneSimulator.platform/Developer/SDKs/iPhoneSimulator26.5.sdk -target x86_64-apple-ios17.0-simulator -g -module-cache-path /Users/jtcao/Library/Caches/visepanda/native-knowledge-20260913/build/ModuleCache.noindex -Xfrontend -serialize-debugging-options -enable-testing -index-store-path /Users/jtcao/Library/Caches/visepanda/native-knowledge-20260913/build/Index.noindex/DataStore -Xcc -D_LIBCPP_HARDENING_MODE\=_LIBCPP_HARDENING_MODE_DEBUG -swift-version 6 -I /Users/jtcao/Library/Caches/visepanda/native-knowledge-20260913/build/Build/Products/Debug-iphonesimulator -Isystem /Applications/Xcode.app/Contents/Developer/Platforms/iPhoneSimulator.platform/Developer/usr/lib -F /Users/jtcao/Library/Caches/visepanda/native-knowledge-20260913/build/Build/Products/Debug-iphonesimulator -F /Applications/Xcode.app/Contents/Developer/Platforms/iPhoneSimulator.platform/Developer/Library/Frameworks -F /Applications/Xcode.app/Contents/Developer/Platforms/iPhoneSimulator.platform/Developer/SDKs/iPhoneSimulator26.5.sdk/Developer/Library/Frameworks -c -j8 -enable-batch-mode -incremental -Xcc -ivfsstatcache -Xcc /Users/jtcao/Library/Caches/visepanda/native-knowledge-20260913/build/SDKStatCaches.noindex/iphonesimulator26.5-23F81a-6cfe768891a92b912361537c460fe42b.sdkstatcache -output-file-map /Users/jtcao/Library/Caches/visepanda/native-knowledge-20260913/build/Build/Intermediates.noindex/VisePanda.build/Debug-iphonesimulator/VisePandaUITests.build/Objects-normal/x86_64/VisePandaUITests-OutputFileMap.json -use-frontend-parseable-output -save-temps -no-color-diagnostics -explicit-module-build -module-cache-path /Users/jtcao/Library/Caches/visepanda/native-knowledge-20260913/build/Build/Intermediates.noindex/SwiftExplicitPrecompiledModules -clang-scanner-module-cache-path /Users/jtcao/Library/Caches/visepanda/native-knowledge-20260913/build/ModuleCache.noindex -sdk-module-cache-path /Users/jtcao/Library/Caches/visepanda/native-knowledge-20260913/build/ModuleCache.noindex -serialize-diagnostics -emit-dependencies -emit-module -emit-module-path /Users/jtcao/Library/Caches/visepanda/native-knowledge-20260913/build/Build/Intermediates.noindex/VisePanda.build/Debug-iphonesimulator/VisePandaUITests.build/Objects-normal/x86_64/VisePandaUITests.swiftmodule -validate-clang-modules-once -clang-build-session-file /Users/jtcao/Library/Caches/visepanda/native-knowledge-20260913/build/ModuleCache.noindex/Session.modulevalidation -Xcc -I/Users/jtcao/Library/Caches/visepanda/native-knowledge-20260913/build/Build/Intermediates.noindex/VisePanda.build/Debug-iphonesimulator/VisePandaUITests.build/swift-overrides.hmap -emit-const-values -Xfrontend -const-gather-protocols-file -Xfrontend /Users/jtcao/Library/Caches/visepanda/native-knowledge-20260913/build/Build/Intermediates.noindex/VisePanda.build/Debug-iphonesimulator/VisePandaUITests.build/Objects-normal/x86_64/VisePandaUITests_const_extract_protocols.json -Xcc -iquote -Xcc /Users/jtcao/Library/Caches/visepanda/native-knowledge-20260913/build/Build/Intermediates.noindex/VisePanda.build/Debug-iphonesimulator/VisePandaUITests.build/VisePandaUITests-generated-files.hmap -Xcc -I/Users/jtcao/Library/Caches/visepanda/native-knowledge-20260913/build/Build/Intermediates.noindex/VisePanda.build/Debug-iphonesimulator/VisePandaUITests.build/VisePandaUITests-own-target-headers.hmap -Xcc -I/Users/jtcao/Library/Caches/visepanda/native-knowledge-20260913/build/Build/Intermediates.noindex/VisePanda.build/Debug-iphonesimulator/VisePandaUITests.build/VisePandaUITests-all-target-headers.hmap -Xcc -iquote -Xcc /Users/jtcao/Library/Caches/visepanda/native-knowledge-20260913/build/Build/Intermediates.noindex/VisePanda.build/Debug-iphonesimulator/VisePandaUITests.build/VisePandaUITests-project-headers.hmap -Xcc -I/Users/jtcao/Library/Caches/visepanda/native-knowledge-20260913/build/Build/Products/Debug-iphonesimulator/include -Xcc -I/Users/jtcao/Library/Caches/visepanda/native-knowledge-20260913/build/Build/Intermediates.noindex/VisePanda.build/Debug-iphonesimulator/VisePandaUITests.build/DerivedSources-normal/x86_64 -Xcc -I/Users/jtcao/Library/Caches/visepanda/native-knowledge-20260913/build/Build/Intermediates.noindex/VisePanda.build/Debug-iphonesimulator/VisePandaUITests.build/DerivedSources/x86_64 -Xcc -I/Users/jtcao/Library/Caches/visepanda/native-knowledge-20260913/build/Build/Intermediates.noindex/VisePanda.build/Debug-iphonesimulator/VisePandaUITests.build/DerivedSources -emit-objc-header -emit-objc-header-path /Users/jtcao/Library/Caches/visepanda/native-knowledge-20260913/build/Build/Intermediates.noindex/VisePanda.build/Debug-iphonesimulator/VisePandaUITests.build/Objects-normal/x86_64/VisePandaUITests-Swift.h -working-directory /Users/jtcao/Documents/VP-V4-S2-Knowledge-Publish/ios/VisePanda -experimental-emit-module-separately -disable-cmo

SwiftCompile normal x86_64 Compiling\ AppNavigationContractTests.swift /Users/jtcao/Documents/VP-V4-S2-Knowledge-Publish/ios/VisePanda/VisePandaTests/AppNavigationContractTests.swift (in target 'VisePandaTests' from project 'VisePanda')
SwiftCompile normal x86_64 /Users/jtcao/Documents/VP-V4-S2-Knowledge-Publish/ios/VisePanda/VisePandaTests/AppNavigationContractTests.swift (in target 'VisePandaTests' from project 'VisePanda')
    cd /Users/jtcao/Documents/VP-V4-S2-Knowledge-Publish/ios/VisePanda


LinkAssetCatalog /Users/jtcao/Documents/VP-V4-S2-Knowledge-Publish/ios/VisePanda/VisePanda/Resources/Assets.xcassets (in target 'VisePanda' from project 'VisePanda')
    cd /Users/jtcao/Documents/VP-V4-S2-Knowledge-Publish/ios/VisePanda
    builtin-linkAssetCatalog --thinned /Users/jtcao/Library/Caches/visepanda/native-knowledge-20260913/build/Build/Intermediates.noindex/VisePanda.build/Debug-iphonesimulator/VisePanda.build/assetcatalog_output/thinned --thinned-dependencies /Users/jtcao/Library/Caches/visepanda/native-knowledge-20260913/build/Build/Intermediates.noindex/VisePanda.build/Debug-iphonesimulator/VisePanda.build/assetcatalog_dependencies_thinned --thinned-info-plist-content /Users/jtcao/Library/Caches/visepanda/native-knowledge-20260913/build/Build/Intermediates.noindex/VisePanda.build/Debug-iphonesimulator/VisePanda.build/assetcatalog_generated_info.plist_thinned --unthinned /Users/jtcao/Library/Caches/visepanda/native-knowledge-20260913/build/Build/Intermediates.noindex/VisePanda.build/Debug-iphonesimulator/VisePanda.build/assetcatalog_output/unthinned --unthinned-dependencies /Users/jtcao/Library/Caches/visepanda/native-knowledge-20260913/build/Build/Intermediates.noindex/VisePanda.build/Debug-iphonesimulator/VisePanda.build/assetcatalog_dependencies_unthinned --unthinned-info-plist-content /Users/jtcao/Library/Caches/visepanda/native-knowledge-20260913/build/Build/Intermediates.noindex/VisePanda.build/Debug-iphonesimulator/VisePanda.build/assetcatalog_generated_info.plist_unthinned --output /Users/jtcao/Library/Caches/visepanda/native-knowledge-20260913/build/Build/Products/Debug-iphonesimulator/VisePanda.app --plist-output /Users/jtcao/Library/Caches/visepanda/native-knowledge-20260913/build/Build/Intermediates.noindex/VisePanda.build/Debug-iphonesimulator/VisePanda.build/assetcatalog_generated_info.plist
note: Emplaced /Users/jtcao/Library/Caches/visepanda/native-knowledge-20260913/build/Build/Products/Debug-iphonesimulator/VisePanda.app/AppIcon76x76@2x~ipad.png (in target 'VisePanda' from project 'VisePanda')
note: Emplaced /Users/jtcao/Library/Caches/visepanda/native-knowledge-20260913/build/Build/Products/Debug-iphonesimulator/VisePanda.app/AppIcon60x60@2x.png (in target 'VisePanda' from project 'VisePanda')
note: Emplaced /Users/jtcao/Library/Caches/visepanda/native-knowledge-20260913/build/Build/Products/Debug-iphonesimulator/VisePanda.app/Assets.car (in target 'VisePanda' from project 'VisePanda')

SwiftDriverJobDiscovery normal x86_64 Compiling NativeTripStateTests.swift (in target 'VisePandaTests' from project 'VisePanda')

SwiftDriverJobDiscovery normal x86_64 Compiling NativeTripIntegrationTests.swift (in target 'VisePandaTests' from project 'VisePanda')

ProcessInfoPlistFile /Users/jtcao/Library/Caches/visepanda/native-knowledge-20260913/build/Build/Products/Debug-iphonesimulator/VisePanda.app/Info.plist /Users/jtcao/Documents/VP-V4-S2-Knowledge-Publish/ios/VisePanda/VisePanda/NativeEnvironment.plist (in target 'VisePanda' from project 'VisePanda')
    cd /Users/jtcao/Documents/VP-V4-S2-Knowledge-Publish/ios/VisePanda
    builtin-infoPlistUtility /Users/jtcao/Documents/VP-V4-S2-Knowledge-Publish/ios/VisePanda/VisePanda/NativeEnvironment.plist -producttype com.apple.product-type.application -genpkginfo /Users/jtcao/Library/Caches/visepanda/native-knowledge-20260913/build/Build/Products/Debug-iphonesimulator/VisePanda.app/PkgInfo -expandbuildsettings -format binary -platform iphonesimulator -additionalcontentfile /Users/jtcao/Library/Caches/visepanda/native-knowledge-20260913/build/Build/Intermediates.noindex/VisePanda.build/Debug-iphonesimulator/VisePanda.build/assetcatalog_generated_info.plist -o /Users/jtcao/Library/Caches/visepanda/native-knowledge-20260913/build/Build/Products/Debug-iphonesimulator/VisePanda.app/Info.plist

ExtractAppIntentsMetadata (in target 'VisePanda' from project 'VisePanda')
    cd /Users/jtcao/Documents/VP-V4-S2-Knowledge-Publish/ios/VisePanda
    /Applications/Xcode.app/Contents/Developer/Toolchains/XcodeDefault.xctoolchain/usr/bin/appintentsmetadataprocessor --toolchain-dir /Applications/Xcode.app/Contents/Developer/Toolchains/XcodeDefault.xctoolchain --module-name VisePanda --sdk-root /Applications/Xcode.app/Contents/Developer/Platforms/iPhoneSimulator.platform/Developer/SDKs/iPhoneSimulator26.5.sdk --xcode-version 17F113 --platform-family iOS --deployment-target 17.0 --bundle-identifier space.go2china.VisePanda --output /Users/jtcao/Library/Caches/visepanda/native-knowledge-20260913/build/Build/Products/Debug-iphonesimulator/VisePanda.app --target-triple arm64-apple-ios17.0-simulator --target-triple x86_64-apple-ios17.0-simulator --binary-file /Users/jtcao/Library/Caches/visepanda/native-knowledge-20260913/build/Build/Products/Debug-iphonesimulator/VisePanda.app/VisePanda --dependency-file /Users/jtcao/Library/Caches/visepanda/native-knowledge-20260913/build/Build/Intermediates.noindex/VisePanda.build/Debug-iphonesimulator/VisePanda.build/Objects-normal/arm64/VisePanda_dependency_info.dat --dependency-file /Users/jtcao/Library/Caches/visepanda/native-knowledge-20260913/build/Build/Intermediates.noindex/VisePanda.build/Debug-iphonesimulator/VisePanda.build/Objects-normal/x86_64/VisePanda_dependency_info.dat --stringsdata-file /Users/jtcao/Library/Caches/visepanda/native-knowledge-20260913/build/Build/Intermediates.noindex/VisePanda.build/Debug-iphonesimulator/VisePanda.build/Objects-normal/arm64/ExtractedAppShortcutsMetadata.stringsdata --stringsdata-file /Users/jtcao/Library/Caches/visepanda/native-knowledge-20260913/build/Build/Intermediates.noindex/VisePanda.build/Debug-iphonesimulator/VisePanda.build/Objects-normal/x86_64/ExtractedAppShortcutsMetadata.stringsdata --source-file-list /Users/jtcao/Library/Caches/visepanda/native-knowledge-20260913/build/Build/Intermediates.noindex/VisePanda.build/Debug-iphonesimulator/VisePanda.build/Objects-normal/arm64/VisePanda.SwiftFileList --source-file-list /Users/jtcao/Library/Caches/visepanda/native-knowledge-20260913/build/Build/Intermediates.noindex/VisePanda.build/Debug-iphonesimulator/VisePanda.build/Objects-normal/x86_64/VisePanda.SwiftFileList --metadata-file-list /Users/jtcao/Library/Caches/visepanda/native-knowledge-20260913/build/Build/Intermediates.noindex/VisePanda.build/Debug-iphonesimulator/VisePanda.build/VisePanda.DependencyMetadataFileList --static-metadata-file-list /Users/jtcao/Library/Caches/visepanda/native-knowledge-20260913/build/Build/Intermediates.noindex/VisePanda.build/Debug-iphonesimulator/VisePanda.build/VisePanda.DependencyStaticMetadataFileList --swift-const-vals-list /Users/jtcao/Library/Caches/visepanda/native-knowledge-20260913/build/Build/Intermediates.noindex/VisePanda.build/Debug-iphonesimulator/VisePanda.build/Objects-normal/arm64/VisePanda.SwiftConstValuesFileList --swift-const-vals-list /Users/jtcao/Library/Caches/visepanda/native-knowledge-20260913/build/Build/Intermediates.noindex/VisePanda.build/Debug-iphonesimulator/VisePanda.build/Objects-normal/x86_64/VisePanda.SwiftConstValuesFileList --compile-time-extraction --deployment-aware-processing --validate-assistant-intents --no-app-shortcuts-localization
2026-09-13 00:30:20.705 appintentsmetadataprocessor[27022:336831] Starting appintentsmetadataprocessor export
2026-09-13 00:30:20.715 appintentsmetadataprocessor[27022:336831] warning: Metadata extraction skipped. No AppIntents.framework dependency found.

CopySwiftLibs /Users/jtcao/Library/Caches/visepanda/native-knowledge-20260913/build/Build/Products/Debug-iphonesimulator/VisePanda.app (in target 'VisePanda' from project 'VisePanda')
    cd /Users/jtcao/Documents/VP-V4-S2-Knowledge-Publish/ios/VisePanda
    builtin-swiftStdLibTool --copy --verbose --sign - --scan-executable /Users/jtcao/Library/Caches/visepanda/native-knowledge-20260913/build/Build/Products/Debug-iphonesimulator/VisePanda.app/VisePanda.debug.dylib --scan-folder /Users/jtcao/Library/Caches/visepanda/native-knowledge-20260913/build/Build/Products/Debug-iphonesimulator/VisePanda.app/Frameworks --scan-folder /Users/jtcao/Library/Caches/visepanda/native-knowledge-20260913/build/Build/Products/Debug-iphonesimulator/VisePanda.app/PlugIns --scan-folder /Users/jtcao/Library/Caches/visepanda/native-knowledge-20260913/build/Build/Products/Debug-iphonesimulator/VisePanda.app/SystemExtensions --scan-folder /Users/jtcao/Library/Caches/visepanda/native-knowledge-20260913/build/Build/Products/Debug-iphonesimulator/VisePanda.app/Extensions --platform iphonesimulator --toolchain /Applications/Xcode.app/Contents/Developer/Toolchains/XcodeDefault.xctoolchain --destination /Users/jtcao/Library/Caches/visepanda/native-knowledge-20260913/build/Build/Products/Debug-iphonesimulator/VisePanda.app/Frameworks --strip-bitcode --strip-bitcode-tool /Applications/Xcode.app/Contents/Developer/Toolchains/XcodeDefault.xctoolchain/usr/bin/bitcode_strip --emit-dependency-info /Users/jtcao/Library/Caches/visepanda/native-knowledge-20260913/build/Build/Intermediates.noindex/VisePanda.build/Debug-iphonesimulator/VisePanda.build/SwiftStdLibToolInputDependencies.dep --filter-for-swift-os --back-deploy-swift-span

SwiftDriverJobDiscovery normal x86_64 Compiling NativeKnowledgeTests.swift (in target 'VisePandaTests' from project 'VisePanda')

ProcessInfoPlistFile /Users/jtcao/Library/Caches/visepanda/native-knowledge-20260913/build/Build/Products/Debug-iphonesimulator/VisePanda.app/PlugIns/VisePandaTests.xctest/Info.plist /Users/jtcao/Library/Caches/visepanda/native-knowledge-20260913/build/Build/Intermediates.noindex/VisePanda.build/Debug-iphonesimulator/VisePandaTests.build/empty-VisePandaTests.plist (in target 'VisePandaTests' from project 'VisePanda')
    cd /Users/jtcao/Documents/VP-V4-S2-Knowledge-Publish/ios/VisePanda
    builtin-infoPlistUtility /Users/jtcao/Library/Caches/visepanda/native-knowledge-20260913/build/Build/Intermediates.noindex/VisePanda.build/Debug-iphonesimulator/VisePandaTests.build/empty-VisePandaTests.plist -producttype com.apple.product-type.bundle.unit-test -expandbuildsettings -format binary -platform iphonesimulator -o /Users/jtcao/Library/Caches/visepanda/native-knowledge-20260913/build/Build/Products/Debug-iphonesimulator/VisePanda.app/PlugIns/VisePandaTests.xctest/Info.plist

Ld /Users/jtcao/Library/Caches/visepanda/native-knowledge-20260913/build/Build/Intermediates.noindex/VisePanda.build/Debug-iphonesimulator/VisePandaTests.build/Objects-normal/arm64/Binary/VisePandaTests normal arm64 (in target 'VisePandaTests' from project 'VisePanda')
    cd /Users/jtcao/Documents/VP-V4-S2-Knowledge-Publish/ios/VisePanda
    /Applications/Xcode.app/Contents/Developer/Toolchains/XcodeDefault.xctoolchain/usr/bin/clang -Xlinker -reproducible -target arm64-apple-ios17.0-simulator -bundle -isysroot /Applications/Xcode.app/Contents/Developer/Platforms/iPhoneSimulator.platform/Developer/SDKs/iPhoneSimulator26.5.sdk -O0 -L/Users/jtcao/Library/Caches/visepanda/native-knowledge-20260913/build/Build/Intermediates.noindex/EagerLinkingTBDs/Debug-iphonesimulator -L/Users/jtcao/Library/Caches/visepanda/native-knowledge-20260913/build/Build/Products/Debug-iphonesimulator -L/Applications/Xcode.app/Contents/Developer/Platforms/iPhoneSimulator.platform/Developer/usr/lib -F/Users/jtcao/Library/Caches/visepanda/native-knowledge-20260913/build/Build/Intermediates.noindex/EagerLinkingTBDs/Debug-iphonesimulator -F/Users/jtcao/Library/Caches/visepanda/native-knowledge-20260913/build/Build/Products/Debug-iphonesimulator -iframework /Applications/Xcode.app/Contents/Developer/Platforms/iPhoneSimulator.platform/Developer/Library/Frameworks -iframework /Applications/Xcode.app/Contents/Developer/Platforms/iPhoneSimulator.platform/Developer/SDKs/iPhoneSimulator26.5.sdk/Developer/Library/Frameworks -filelist /Users/jtcao/Library/Caches/visepanda/native-knowledge-20260913/build/Build/Intermediates.noindex/VisePanda.build/Debug-iphonesimulator/VisePandaTests.build/Objects-normal/arm64/VisePandaTests.LinkFileList -Xlinker -rpath -Xlinker /usr/lib/swift -Xlinker -rpath -Xlinker @loader_path/Frameworks -Xlinker -rpath -Xlinker @executable_path/Frameworks -Xlinker -dead_strip -bundle_loader /Users/jtcao/Library/Caches/visepanda/native-knowledge-20260913/build/Build/Products/Debug-iphonesimulator/VisePanda.app/VisePanda -Xlinker -object_path_lto -Xlinker /Users/jtcao/Library/Caches/visepanda/native-knowledge-20260913/build/Build/Intermediates.noindex/VisePanda.build/Debug-iphonesimulator/VisePandaTests.build/Objects-normal/arm64/VisePandaTests_lto.o -rdynamic -Xlinker -no_deduplicate -Xlinker -objc_abi_version -Xlinker 2 -Xlinker -dependency_info -Xlinker /Users/jtcao/Library/Caches/visepanda/native-knowledge-20260913/build/Build/Intermediates.noindex/VisePanda.build/Debug-iphonesimulator/VisePandaTests.build/Objects-normal/arm64/VisePandaTests_dependency_info.dat -fobjc-link-runtime -L/Applications/Xcode.app/Contents/Developer/Toolchains/XcodeDefault.xctoolchain/usr/lib/swift/iphonesimulator -L/usr/lib/swift -Xlinker -add_ast_path -Xlinker /Users/jtcao/Library/Caches/visepanda/native-knowledge-20260913/build/Build/Intermediates.noindex/VisePanda.build/Debug-iphonesimulator/VisePandaTests.build/Objects-normal/arm64/VisePandaTests.swiftmodule @/Users/jtcao/Library/Caches/visepanda/native-knowledge-20260913/build/Build/Intermediates.noindex/VisePanda.build/Debug-iphonesimulator/VisePandaTests.build/Objects-normal/arm64/VisePandaTests-linker-args.resp -Xlinker -needed_framework -Xlinker XCTest -framework XCTest -Xlinker -needed-lXCTestSwiftSupport -lXCTestSwiftSupport /Users/jtcao/Library/Caches/visepanda/native-knowledge-20260913/build/Build/Products/Debug-iphonesimulator/VisePanda.app/VisePanda.debug.dylib -Xlinker -no_adhoc_codesign -o /Users/jtcao/Library/Caches/visepanda/native-knowledge-20260913/build/Build/Intermediates.noindex/VisePanda.build/Debug-iphonesimulator/VisePandaTests.build/Objects-normal/arm64/Binary/VisePandaTests

SwiftDriverJobDiscovery normal x86_64 Compiling NativeAskIntegrationTests.swift (in target 'VisePandaTests' from project 'VisePanda')

SwiftDriverJobDiscovery normal x86_64 Compiling NativeAskPersistenceTests.swift (in target 'VisePandaTests' from project 'VisePanda')

SwiftDriverJobDiscovery normal x86_64 Compiling NativeSessionIntegrationTests.swift (in target 'VisePandaTests' from project 'VisePanda')

SwiftDriverJobDiscovery normal x86_64 Compiling NativeAskStateTests.swift (in target 'VisePandaTests' from project 'VisePanda')

SwiftDriverJobDiscovery normal x86_64 Compiling AppNavigationContractTests.swift (in target 'VisePandaTests' from project 'VisePanda')

SwiftDriver\ Compilation VisePandaTests normal x86_64 com.apple.xcode.tools.swift.compiler (in target 'VisePandaTests' from project 'VisePanda')
    cd /Users/jtcao/Documents/VP-V4-S2-Knowledge-Publish/ios/VisePanda
    builtin-Swift-Compilation -- /Applications/Xcode.app/Contents/Developer/Toolchains/XcodeDefault.xctoolchain/usr/bin/swiftc -module-name VisePandaTests -Onone @/Users/jtcao/Library/Caches/visepanda/native-knowledge-20260913/build/Build/Intermediates.noindex/VisePanda.build/Debug-iphonesimulator/VisePandaTests.build/Objects-normal/x86_64/VisePandaTests.SwiftFileList -DDEBUG -plugin-path /Applications/Xcode.app/Contents/Developer/Toolchains/XcodeDefault.xctoolchain/usr/lib/swift/host/plugins/testing -default-isolation\=MainActor -enable-upcoming-feature InferIsolatedConformances -enable-upcoming-feature NonisolatedNonsendingByDefault -enable-experimental-feature DebugDescriptionMacro -sdk /Applications/Xcode.app/Contents/Developer/Platforms/iPhoneSimulator.platform/Developer/SDKs/iPhoneSimulator26.5.sdk -target x86_64-apple-ios17.0-simulator -g -module-cache-path /Users/jtcao/Library/Caches/visepanda/native-knowledge-20260913/build/ModuleCache.noindex -Xfrontend -serialize-debugging-options -enable-testing -index-store-path /Users/jtcao/Library/Caches/visepanda/native-knowledge-20260913/build/Index.noindex/DataStore -Xcc -D_LIBCPP_HARDENING_MODE\=_LIBCPP_HARDENING_MODE_DEBUG -swift-version 6 -I /Users/jtcao/Library/Caches/visepanda/native-knowledge-20260913/build/Build/Products/Debug-iphonesimulator -Isystem /Applications/Xcode.app/Contents/Developer/Platforms/iPhoneSimulator.platform/Developer/usr/lib -F /Users/jtcao/Library/Caches/visepanda/native-knowledge-20260913/build/Build/Products/Debug-iphonesimulator -F /Applications/Xcode.app/Contents/Developer/Platforms/iPhoneSimulator.platform/Developer/Library/Frameworks -F /Applications/Xcode.app/Contents/Developer/Platforms/iPhoneSimulator.platform/Developer/SDKs/iPhoneSimulator26.5.sdk/Developer/Library/Frameworks -c -j8 -enable-batch-mode -incremental -Xcc -ivfsstatcache -Xcc /Users/jtcao/Library/Caches/visepanda/native-knowledge-20260913/build/SDKStatCaches.noindex/iphonesimulator26.5-23F81a-6cfe768891a92b912361537c460fe42b.sdkstatcache -output-file-map /Users/jtcao/Library/Caches/visepanda/native-knowledge-20260913/build/Build/Intermediates.noindex/VisePanda.build/Debug-iphonesimulator/VisePandaTests.build/Objects-normal/x86_64/VisePandaTests-OutputFileMap.json -use-frontend-parseable-output -save-temps -no-color-diagnostics -explicit-module-build -module-cache-path /Users/jtcao/Library/Caches/visepanda/native-knowledge-20260913/build/Build/Intermediates.noindex/SwiftExplicitPrecompiledModules -clang-scanner-module-cache-path /Users/jtcao/Library/Caches/visepanda/native-knowledge-20260913/build/ModuleCache.noindex -sdk-module-cache-path /Users/jtcao/Library/Caches/visepanda/native-knowledge-20260913/build/ModuleCache.noindex -serialize-diagnostics -emit-dependencies -emit-module -emit-module-path /Users/jtcao/Library/Caches/visepanda/native-knowledge-20260913/build/Build/Intermediates.noindex/VisePanda.build/Debug-iphonesimulator/VisePandaTests.build/Objects-normal/x86_64/VisePandaTests.swiftmodule -validate-clang-modules-once -clang-build-session-file /Users/jtcao/Library/Caches/visepanda/native-knowledge-20260913/build/ModuleCache.noindex/Session.modulevalidation -Xcc -I/Users/jtcao/Library/Caches/visepanda/native-knowledge-20260913/build/Build/Intermediates.noindex/VisePanda.build/Debug-iphonesimulator/VisePandaTests.build/swift-overrides.hmap -emit-const-values -Xfrontend -const-gather-protocols-file -Xfrontend /Users/jtcao/Library/Caches/visepanda/native-knowledge-20260913/build/Build/Intermediates.noindex/VisePanda.build/Debug-iphonesimulator/VisePandaTests.build/Objects-normal/x86_64/VisePandaTests_const_extract_protocols.json -Xcc -iquote -Xcc /Users/jtcao/Library/Caches/visepanda/native-knowledge-20260913/build/Build/Intermediates.noindex/VisePanda.build/Debug-iphonesimulator/VisePandaTests.build/VisePandaTests-generated-files.hmap -Xcc -I/Users/jtcao/Library/Caches/visepanda/native-knowledge-20260913/build/Build/Intermediates.noindex/VisePanda.build/Debug-iphonesimulator/VisePandaTests.build/VisePandaTests-own-target-headers.hmap -Xcc -I/Users/jtcao/Library/Caches/visepanda/native-knowledge-20260913/build/Build/Intermediates.noindex/VisePanda.build/Debug-iphonesimulator/VisePandaTests.build/VisePandaTests-all-target-headers.hmap -Xcc -iquote -Xcc /Users/jtcao/Library/Caches/visepanda/native-knowledge-20260913/build/Build/Intermediates.noindex/VisePanda.build/Debug-iphonesimulator/VisePandaTests.build/VisePandaTests-project-headers.hmap -Xcc -I/Users/jtcao/Library/Caches/visepanda/native-knowledge-20260913/build/Build/Products/Debug-iphonesimulator/include -Xcc -I/Users/jtcao/Library/Caches/visepanda/native-knowledge-20260913/build/Build/Intermediates.noindex/VisePanda.build/Debug-iphonesimulator/VisePandaTests.build/DerivedSources-normal/x86_64 -Xcc -I/Users/jtcao/Library/Caches/visepanda/native-knowledge-20260913/build/Build/Intermediates.noindex/VisePanda.build/Debug-iphonesimulator/VisePandaTests.build/DerivedSources/x86_64 -Xcc -I/Users/jtcao/Library/Caches/visepanda/native-knowledge-20260913/build/Build/Intermediates.noindex/VisePanda.build/Debug-iphonesimulator/VisePandaTests.build/DerivedSources -emit-objc-header -emit-objc-header-path /Users/jtcao/Library/Caches/visepanda/native-knowledge-20260913/build/Build/Intermediates.noindex/VisePanda.build/Debug-iphonesimulator/VisePandaTests.build/Objects-normal/x86_64/VisePandaTests-Swift.h -working-directory /Users/jtcao/Documents/VP-V4-S2-Knowledge-Publish/ios/VisePanda -experimental-emit-module-separately -disable-cmo

Ld /Users/jtcao/Library/Caches/visepanda/native-knowledge-20260913/build/Build/Intermediates.noindex/VisePanda.build/Debug-iphonesimulator/VisePandaTests.build/Objects-normal/x86_64/Binary/VisePandaTests normal x86_64 (in target 'VisePandaTests' from project 'VisePanda')
    cd /Users/jtcao/Documents/VP-V4-S2-Knowledge-Publish/ios/VisePanda
    /Applications/Xcode.app/Contents/Developer/Toolchains/XcodeDefault.xctoolchain/usr/bin/clang -Xlinker -reproducible -target x86_64-apple-ios17.0-simulator -bundle -isysroot /Applications/Xcode.app/Contents/Developer/Platforms/iPhoneSimulator.platform/Developer/SDKs/iPhoneSimulator26.5.sdk -O0 -L/Users/jtcao/Library/Caches/visepanda/native-knowledge-20260913/build/Build/Intermediates.noindex/EagerLinkingTBDs/Debug-iphonesimulator -L/Users/jtcao/Library/Caches/visepanda/native-knowledge-20260913/build/Build/Products/Debug-iphonesimulator -L/Applications/Xcode.app/Contents/Developer/Platforms/iPhoneSimulator.platform/Developer/usr/lib -F/Users/jtcao/Library/Caches/visepanda/native-knowledge-20260913/build/Build/Intermediates.noindex/EagerLinkingTBDs/Debug-iphonesimulator -F/Users/jtcao/Library/Caches/visepanda/native-knowledge-20260913/build/Build/Products/Debug-iphonesimulator -iframework /Applications/Xcode.app/Contents/Developer/Platforms/iPhoneSimulator.platform/Developer/Library/Frameworks -iframework /Applications/Xcode.app/Contents/Developer/Platforms/iPhoneSimulator.platform/Developer/SDKs/iPhoneSimulator26.5.sdk/Developer/Library/Frameworks -filelist /Users/jtcao/Library/Caches/visepanda/native-knowledge-20260913/build/Build/Intermediates.noindex/VisePanda.build/Debug-iphonesimulator/VisePandaTests.build/Objects-normal/x86_64/VisePandaTests.LinkFileList -Xlinker -rpath -Xlinker /usr/lib/swift -Xlinker -rpath -Xlinker @loader_path/Frameworks -Xlinker -rpath -Xlinker @executable_path/Frameworks -Xlinker -dead_strip -bundle_loader /Users/jtcao/Library/Caches/visepanda/native-knowledge-20260913/build/Build/Products/Debug-iphonesimulator/VisePanda.app/VisePanda -Xlinker -object_path_lto -Xlinker /Users/jtcao/Library/Caches/visepanda/native-knowledge-20260913/build/Build/Intermediates.noindex/VisePanda.build/Debug-iphonesimulator/VisePandaTests.build/Objects-normal/x86_64/VisePandaTests_lto.o -rdynamic -Xlinker -no_deduplicate -Xlinker -objc_abi_version -Xlinker 2 -Xlinker -dependency_info -Xlinker /Users/jtcao/Library/Caches/visepanda/native-knowledge-20260913/build/Build/Intermediates.noindex/VisePanda.build/Debug-iphonesimulator/VisePandaTests.build/Objects-normal/x86_64/VisePandaTests_dependency_info.dat -fobjc-link-runtime -L/Applications/Xcode.app/Contents/Developer/Toolchains/XcodeDefault.xctoolchain/usr/lib/swift/iphonesimulator -L/usr/lib/swift -Xlinker -add_ast_path -Xlinker /Users/jtcao/Library/Caches/visepanda/native-knowledge-20260913/build/Build/Intermediates.noindex/VisePanda.build/Debug-iphonesimulator/VisePandaTests.build/Objects-normal/x86_64/VisePandaTests.swiftmodule @/Users/jtcao/Library/Caches/visepanda/native-knowledge-20260913/build/Build/Intermediates.noindex/VisePanda.build/Debug-iphonesimulator/VisePandaTests.build/Objects-normal/x86_64/VisePandaTests-linker-args.resp -Xlinker -needed_framework -Xlinker XCTest -framework XCTest -Xlinker -needed-lXCTestSwiftSupport -lXCTestSwiftSupport /Users/jtcao/Library/Caches/visepanda/native-knowledge-20260913/build/Build/Products/Debug-iphonesimulator/VisePanda.app/VisePanda.debug.dylib -Xlinker -no_adhoc_codesign -o /Users/jtcao/Library/Caches/visepanda/native-knowledge-20260913/build/Build/Intermediates.noindex/VisePanda.build/Debug-iphonesimulator/VisePandaTests.build/Objects-normal/x86_64/Binary/VisePandaTests

CreateUniversalBinary /Users/jtcao/Library/Caches/visepanda/native-knowledge-20260913/build/Build/Products/Debug-iphonesimulator/VisePanda.app/PlugIns/VisePandaTests.xctest/VisePandaTests normal arm64\ x86_64 (in target 'VisePandaTests' from project 'VisePanda')
    cd /Users/jtcao/Documents/VP-V4-S2-Knowledge-Publish/ios/VisePanda
    /Applications/Xcode.app/Contents/Developer/Toolchains/XcodeDefault.xctoolchain/usr/bin/lipo -create /Users/jtcao/Library/Caches/visepanda/native-knowledge-20260913/build/Build/Intermediates.noindex/VisePanda.build/Debug-iphonesimulator/VisePandaTests.build/Objects-normal/arm64/Binary/VisePandaTests /Users/jtcao/Library/Caches/visepanda/native-knowledge-20260913/build/Build/Intermediates.noindex/VisePanda.build/Debug-iphonesimulator/VisePandaTests.build/Objects-normal/x86_64/Binary/VisePandaTests -output /Users/jtcao/Library/Caches/visepanda/native-knowledge-20260913/build/Build/Products/Debug-iphonesimulator/VisePanda.app/PlugIns/VisePandaTests.xctest/VisePandaTests

CopySwiftLibs /Users/jtcao/Library/Caches/visepanda/native-knowledge-20260913/build/Build/Products/Debug-iphonesimulator/VisePanda.app/PlugIns/VisePandaTests.xctest (in target 'VisePandaTests' from project 'VisePanda')
    cd /Users/jtcao/Documents/VP-V4-S2-Knowledge-Publish/ios/VisePanda
    builtin-swiftStdLibTool --copy --verbose --sign - --scan-executable /Users/jtcao/Library/Caches/visepanda/native-knowledge-20260913/build/Build/Products/Debug-iphonesimulator/VisePanda.app/PlugIns/VisePandaTests.xctest/VisePandaTests --scan-folder /Users/jtcao/Library/Caches/visepanda/native-knowledge-20260913/build/Build/Products/Debug-iphonesimulator/VisePanda.app/PlugIns/VisePandaTests.xctest/Frameworks --scan-folder /Users/jtcao/Library/Caches/visepanda/native-knowledge-20260913/build/Build/Products/Debug-iphonesimulator/VisePanda.app/PlugIns/VisePandaTests.xctest/PlugIns --scan-folder /Users/jtcao/Library/Caches/visepanda/native-knowledge-20260913/build/Build/Products/Debug-iphonesimulator/VisePanda.app/PlugIns/VisePandaTests.xctest/SystemExtensions --scan-folder /Users/jtcao/Library/Caches/visepanda/native-knowledge-20260913/build/Build/Products/Debug-iphonesimulator/VisePanda.app/PlugIns/VisePandaTests.xctest/Extensions --platform iphonesimulator --toolchain /Applications/Xcode.app/Contents/Developer/Toolchains/XcodeDefault.xctoolchain --destination /Users/jtcao/Library/Caches/visepanda/native-knowledge-20260913/build/Build/Products/Debug-iphonesimulator/VisePanda.app/PlugIns/VisePandaTests.xctest/Frameworks --strip-bitcode --scan-executable /Applications/Xcode.app/Contents/Developer/Platforms/iPhoneSimulator.platform/Developer/usr/lib/libXCTestSwiftSupport.dylib --strip-bitcode-tool /Applications/Xcode.app/Contents/Developer/Toolchains/XcodeDefault.xctoolchain/usr/bin/bitcode_strip --emit-dependency-info /Users/jtcao/Library/Caches/visepanda/native-knowledge-20260913/build/Build/Intermediates.noindex/VisePanda.build/Debug-iphonesimulator/VisePandaTests.build/SwiftStdLibToolInputDependencies.dep --filter-for-swift-os --back-deploy-swift-span

ExtractAppIntentsMetadata (in target 'VisePandaTests' from project 'VisePanda')
    cd /Users/jtcao/Documents/VP-V4-S2-Knowledge-Publish/ios/VisePanda
    /Applications/Xcode.app/Contents/Developer/Toolchains/XcodeDefault.xctoolchain/usr/bin/appintentsmetadataprocessor --toolchain-dir /Applications/Xcode.app/Contents/Developer/Toolchains/XcodeDefault.xctoolchain --module-name VisePandaTests --sdk-root /Applications/Xcode.app/Contents/Developer/Platforms/iPhoneSimulator.platform/Developer/SDKs/iPhoneSimulator26.5.sdk --xcode-version 17F113 --platform-family iOS --deployment-target 17.0 --bundle-identifier space.go2china.VisePandaTests --output /Users/jtcao/Library/Caches/visepanda/native-knowledge-20260913/build/Build/Products/Debug-iphonesimulator/VisePanda.app/PlugIns/VisePandaTests.xctest --target-triple arm64-apple-ios17.0-simulator --target-triple x86_64-apple-ios17.0-simulator --binary-file /Users/jtcao/Library/Caches/visepanda/native-knowledge-20260913/build/Build/Products/Debug-iphonesimulator/VisePanda.app/PlugIns/VisePandaTests.xctest/VisePandaTests --dependency-file /Users/jtcao/Library/Caches/visepanda/native-knowledge-20260913/build/Build/Intermediates.noindex/VisePanda.build/Debug-iphonesimulator/VisePandaTests.build/Objects-normal/arm64/VisePandaTests_dependency_info.dat --dependency-file /Users/jtcao/Library/Caches/visepanda/native-knowledge-20260913/build/Build/Intermediates.noindex/VisePanda.build/Debug-iphonesimulator/VisePandaTests.build/Objects-normal/x86_64/VisePandaTests_dependency_info.dat --stringsdata-file /Users/jtcao/Library/Caches/visepanda/native-knowledge-20260913/build/Build/Intermediates.noindex/VisePanda.build/Debug-iphonesimulator/VisePandaTests.build/Objects-normal/arm64/ExtractedAppShortcutsMetadata.stringsdata --stringsdata-file /Users/jtcao/Library/Caches/visepanda/native-knowledge-20260913/build/Build/Intermediates.noindex/VisePanda.build/Debug-iphonesimulator/VisePandaTests.build/Objects-normal/x86_64/ExtractedAppShortcutsMetadata.stringsdata --source-file-list /Users/jtcao/Library/Caches/visepanda/native-knowledge-20260913/build/Build/Intermediates.noindex/VisePanda.build/Debug-iphonesimulator/VisePandaTests.build/Objects-normal/arm64/VisePandaTests.SwiftFileList --source-file-list /Users/jtcao/Library/Caches/visepanda/native-knowledge-20260913/build/Build/Intermediates.noindex/VisePanda.build/Debug-iphonesimulator/VisePandaTests.build/Objects-normal/x86_64/VisePandaTests.SwiftFileList --metadata-file-list /Users/jtcao/Library/Caches/visepanda/native-knowledge-20260913/build/Build/Intermediates.noindex/VisePanda.build/Debug-iphonesimulator/VisePandaTests.build/VisePandaTests.DependencyMetadataFileList --static-metadata-file-list /Users/jtcao/Library/Caches/visepanda/native-knowledge-20260913/build/Build/Intermediates.noindex/VisePanda.build/Debug-iphonesimulator/VisePandaTests.build/VisePandaTests.DependencyStaticMetadataFileList --swift-const-vals-list /Users/jtcao/Library/Caches/visepanda/native-knowledge-20260913/build/Build/Intermediates.noindex/VisePanda.build/Debug-iphonesimulator/VisePandaTests.build/Objects-normal/arm64/VisePandaTests.SwiftConstValuesFileList --swift-const-vals-list /Users/jtcao/Library/Caches/visepanda/native-knowledge-20260913/build/Build/Intermediates.noindex/VisePanda.build/Debug-iphonesimulator/VisePandaTests.build/Objects-normal/x86_64/VisePandaTests.SwiftConstValuesFileList --compile-time-extraction --deployment-aware-processing --validate-assistant-intents --no-app-shortcuts-localization
2026-09-13 00:30:22.290 appintentsmetadataprocessor[27033:336923] Starting appintentsmetadataprocessor export
2026-09-13 00:30:22.293 appintentsmetadataprocessor[27033:336923] warning: Metadata extraction skipped. No AppIntents.framework dependency found.

CodeSign /Users/jtcao/Library/Caches/visepanda/native-knowledge-20260913/build/Build/Products/Debug-iphonesimulator/VisePanda.app/PlugIns/VisePandaTests.xctest (in target 'VisePandaTests' from project 'VisePanda')
    cd /Users/jtcao/Documents/VP-V4-S2-Knowledge-Publish/ios/VisePanda

    Signing Identity:     "Sign to Run Locally"

    /usr/bin/codesign --force --sign - --timestamp\=none --generate-entitlement-der /Users/jtcao/Library/Caches/visepanda/native-knowledge-20260913/build/Build/Products/Debug-iphonesimulator/VisePanda.app/PlugIns/VisePandaTests.xctest

CodeSign /Users/jtcao/Library/Caches/visepanda/native-knowledge-20260913/build/Build/Products/Debug-iphonesimulator/VisePanda.app/VisePanda.debug.dylib (in target 'VisePanda' from project 'VisePanda')
    cd /Users/jtcao/Documents/VP-V4-S2-Knowledge-Publish/ios/VisePanda

    Signing Identity:     "Sign to Run Locally"

    /usr/bin/codesign --force --sign - --timestamp\=none --generate-entitlement-der /Users/jtcao/Library/Caches/visepanda/native-knowledge-20260913/build/Build/Products/Debug-iphonesimulator/VisePanda.app/VisePanda.debug.dylib

CodeSign /Users/jtcao/Library/Caches/visepanda/native-knowledge-20260913/build/Build/Products/Debug-iphonesimulator/VisePanda.app/__preview.dylib (in target 'VisePanda' from project 'VisePanda')
    cd /Users/jtcao/Documents/VP-V4-S2-Knowledge-Publish/ios/VisePanda

    Signing Identity:     "Sign to Run Locally"

    /usr/bin/codesign --force --sign - --timestamp\=none --generate-entitlement-der /Users/jtcao/Library/Caches/visepanda/native-knowledge-20260913/build/Build/Products/Debug-iphonesimulator/VisePanda.app/__preview.dylib

CodeSign /Users/jtcao/Library/Caches/visepanda/native-knowledge-20260913/build/Build/Products/Debug-iphonesimulator/VisePanda.app (in target 'VisePanda' from project 'VisePanda')
    cd /Users/jtcao/Documents/VP-V4-S2-Knowledge-Publish/ios/VisePanda

    Signing Identity:     "Sign to Run Locally"

    /usr/bin/codesign --force --sign - --timestamp\=none --generate-entitlement-der /Users/jtcao/Library/Caches/visepanda/native-knowledge-20260913/build/Build/Products/Debug-iphonesimulator/VisePanda.app

Validate /Users/jtcao/Library/Caches/visepanda/native-knowledge-20260913/build/Build/Products/Debug-iphonesimulator/VisePanda.app (in target 'VisePanda' from project 'VisePanda')
    cd /Users/jtcao/Documents/VP-V4-S2-Knowledge-Publish/ios/VisePanda
    builtin-validationUtility /Users/jtcao/Library/Caches/visepanda/native-knowledge-20260913/build/Build/Products/Debug-iphonesimulator/VisePanda.app -shallow-bundle -infoplist-subpath Info.plist

ProcessInfoPlistFile /Users/jtcao/Library/Caches/visepanda/native-knowledge-20260913/build/Build/Products/Debug-iphonesimulator/VisePandaUITests-Runner.app/PlugIns/VisePandaUITests.xctest/Info.plist /Users/jtcao/Library/Caches/visepanda/native-knowledge-20260913/build/Build/Intermediates.noindex/VisePanda.build/Debug-iphonesimulator/VisePandaUITests.build/empty-VisePandaUITests.plist (in target 'VisePandaUITests' from project 'VisePanda')
    cd /Users/jtcao/Documents/VP-V4-S2-Knowledge-Publish/ios/VisePanda
    builtin-infoPlistUtility /Users/jtcao/Library/Caches/visepanda/native-knowledge-20260913/build/Build/Intermediates.noindex/VisePanda.build/Debug-iphonesimulator/VisePandaUITests.build/empty-VisePandaUITests.plist -producttype com.apple.product-type.bundle.ui-testing -expandbuildsettings -format binary -platform iphonesimulator -additionalcontentfile /Users/jtcao/Library/Caches/visepanda/native-knowledge-20260913/build/Build/Intermediates.noindex/VisePanda.build/Debug-iphonesimulator/VisePandaUITests.build/ProductTypeInfoPlistAdditions.plist -o /Users/jtcao/Library/Caches/visepanda/native-knowledge-20260913/build/Build/Products/Debug-iphonesimulator/VisePandaUITests-Runner.app/PlugIns/VisePandaUITests.xctest/Info.plist

Ld /Users/jtcao/Library/Caches/visepanda/native-knowledge-20260913/build/Build/Intermediates.noindex/VisePanda.build/Debug-iphonesimulator/VisePandaUITests.build/Objects-normal/x86_64/Binary/VisePandaUITests normal x86_64 (in target 'VisePandaUITests' from project 'VisePanda')
    cd /Users/jtcao/Documents/VP-V4-S2-Knowledge-Publish/ios/VisePanda
    /Applications/Xcode.app/Contents/Developer/Toolchains/XcodeDefault.xctoolchain/usr/bin/clang -Xlinker -reproducible -target x86_64-apple-ios17.0-simulator -bundle -isysroot /Applications/Xcode.app/Contents/Developer/Platforms/iPhoneSimulator.platform/Developer/SDKs/iPhoneSimulator26.5.sdk -O0 -L/Users/jtcao/Library/Caches/visepanda/native-knowledge-20260913/build/Build/Intermediates.noindex/EagerLinkingTBDs/Debug-iphonesimulator -L/Users/jtcao/Library/Caches/visepanda/native-knowledge-20260913/build/Build/Products/Debug-iphonesimulator -L/Applications/Xcode.app/Contents/Developer/Platforms/iPhoneSimulator.platform/Developer/usr/lib -F/Users/jtcao/Library/Caches/visepanda/native-knowledge-20260913/build/Build/Intermediates.noindex/EagerLinkingTBDs/Debug-iphonesimulator -F/Users/jtcao/Library/Caches/visepanda/native-knowledge-20260913/build/Build/Products/Debug-iphonesimulator -iframework /Applications/Xcode.app/Contents/Developer/Platforms/iPhoneSimulator.platform/Developer/Library/Frameworks -iframework /Applications/Xcode.app/Contents/Developer/Platforms/iPhoneSimulator.platform/Developer/SDKs/iPhoneSimulator26.5.sdk/Developer/Library/Frameworks -filelist /Users/jtcao/Library/Caches/visepanda/native-knowledge-20260913/build/Build/Intermediates.noindex/VisePanda.build/Debug-iphonesimulator/VisePandaUITests.build/Objects-normal/x86_64/VisePandaUITests.LinkFileList -Xlinker -rpath -Xlinker /usr/lib/swift -Xlinker -rpath -Xlinker @loader_path/Frameworks -Xlinker -dead_strip -Xlinker -object_path_lto -Xlinker /Users/jtcao/Library/Caches/visepanda/native-knowledge-20260913/build/Build/Intermediates.noindex/VisePanda.build/Debug-iphonesimulator/VisePandaUITests.build/Objects-normal/x86_64/VisePandaUITests_lto.o -rdynamic -Xlinker -no_deduplicate -Xlinker -objc_abi_version -Xlinker 2 -Xlinker -dependency_info -Xlinker /Users/jtcao/Library/Caches/visepanda/native-knowledge-20260913/build/Build/Intermediates.noindex/VisePanda.build/Debug-iphonesimulator/VisePandaUITests.build/Objects-normal/x86_64/VisePandaUITests_dependency_info.dat -fobjc-link-runtime -L/Applications/Xcode.app/Contents/Developer/Toolchains/XcodeDefault.xctoolchain/usr/lib/swift/iphonesimulator -L/usr/lib/swift -Xlinker -add_ast_path -Xlinker /Users/jtcao/Library/Caches/visepanda/native-knowledge-20260913/build/Build/Intermediates.noindex/VisePanda.build/Debug-iphonesimulator/VisePandaUITests.build/Objects-normal/x86_64/VisePandaUITests.swiftmodule @/Users/jtcao/Library/Caches/visepanda/native-knowledge-20260913/build/Build/Intermediates.noindex/VisePanda.build/Debug-iphonesimulator/VisePandaUITests.build/Objects-normal/x86_64/VisePandaUITests-linker-args.resp -Xlinker -needed_framework -Xlinker XCTest -framework XCTest -Xlinker -needed-lXCTestSwiftSupport -lXCTestSwiftSupport -Xlinker -sectcreate -Xlinker __TEXT -Xlinker __entitlements -Xlinker /Users/jtcao/Library/Caches/visepanda/native-knowledge-20260913/build/Build/Intermediates.noindex/VisePanda.build/Debug-iphonesimulator/VisePandaUITests.build/VisePandaUITests.xctest-Simulated.xcent -Xlinker -sectcreate -Xlinker __TEXT -Xlinker __ents_der -Xlinker /Users/jtcao/Library/Caches/visepanda/native-knowledge-20260913/build/Build/Intermediates.noindex/VisePanda.build/Debug-iphonesimulator/VisePandaUITests.build/VisePandaUITests.xctest-Simulated.xcent.der -Xlinker -no_adhoc_codesign -o /Users/jtcao/Library/Caches/visepanda/native-knowledge-20260913/build/Build/Intermediates.noindex/VisePanda.build/Debug-iphonesimulator/VisePandaUITests.build/Objects-normal/x86_64/Binary/VisePandaUITests

Ld /Users/jtcao/Library/Caches/visepanda/native-knowledge-20260913/build/Build/Intermediates.noindex/VisePanda.build/Debug-iphonesimulator/VisePandaUITests.build/Objects-normal/arm64/Binary/VisePandaUITests normal arm64 (in target 'VisePandaUITests' from project 'VisePanda')
    cd /Users/jtcao/Documents/VP-V4-S2-Knowledge-Publish/ios/VisePanda
    /Applications/Xcode.app/Contents/Developer/Toolchains/XcodeDefault.xctoolchain/usr/bin/clang -Xlinker -reproducible -target arm64-apple-ios17.0-simulator -bundle -isysroot /Applications/Xcode.app/Contents/Developer/Platforms/iPhoneSimulator.platform/Developer/SDKs/iPhoneSimulator26.5.sdk -O0 -L/Users/jtcao/Library/Caches/visepanda/native-knowledge-20260913/build/Build/Intermediates.noindex/EagerLinkingTBDs/Debug-iphonesimulator -L/Users/jtcao/Library/Caches/visepanda/native-knowledge-20260913/build/Build/Products/Debug-iphonesimulator -L/Applications/Xcode.app/Contents/Developer/Platforms/iPhoneSimulator.platform/Developer/usr/lib -F/Users/jtcao/Library/Caches/visepanda/native-knowledge-20260913/build/Build/Intermediates.noindex/EagerLinkingTBDs/Debug-iphonesimulator -F/Users/jtcao/Library/Caches/visepanda/native-knowledge-20260913/build/Build/Products/Debug-iphonesimulator -iframework /Applications/Xcode.app/Contents/Developer/Platforms/iPhoneSimulator.platform/Developer/Library/Frameworks -iframework /Applications/Xcode.app/Contents/Developer/Platforms/iPhoneSimulator.platform/Developer/SDKs/iPhoneSimulator26.5.sdk/Developer/Library/Frameworks -filelist /Users/jtcao/Library/Caches/visepanda/native-knowledge-20260913/build/Build/Intermediates.noindex/VisePanda.build/Debug-iphonesimulator/VisePandaUITests.build/Objects-normal/arm64/VisePandaUITests.LinkFileList -Xlinker -rpath -Xlinker /usr/lib/swift -Xlinker -rpath -Xlinker @loader_path/Frameworks -Xlinker -dead_strip -Xlinker -object_path_lto -Xlinker /Users/jtcao/Library/Caches/visepanda/native-knowledge-20260913/build/Build/Intermediates.noindex/VisePanda.build/Debug-iphonesimulator/VisePandaUITests.build/Objects-normal/arm64/VisePandaUITests_lto.o -rdynamic -Xlinker -no_deduplicate -Xlinker -objc_abi_version -Xlinker 2 -Xlinker -dependency_info -Xlinker /Users/jtcao/Library/Caches/visepanda/native-knowledge-20260913/build/Build/Intermediates.noindex/VisePanda.build/Debug-iphonesimulator/VisePandaUITests.build/Objects-normal/arm64/VisePandaUITests_dependency_info.dat -fobjc-link-runtime -L/Applications/Xcode.app/Contents/Developer/Toolchains/XcodeDefault.xctoolchain/usr/lib/swift/iphonesimulator -L/usr/lib/swift -Xlinker -add_ast_path -Xlinker /Users/jtcao/Library/Caches/visepanda/native-knowledge-20260913/build/Build/Intermediates.noindex/VisePanda.build/Debug-iphonesimulator/VisePandaUITests.build/Objects-normal/arm64/VisePandaUITests.swiftmodule @/Users/jtcao/Library/Caches/visepanda/native-knowledge-20260913/build/Build/Intermediates.noindex/VisePanda.build/Debug-iphonesimulator/VisePandaUITests.build/Objects-normal/arm64/VisePandaUITests-linker-args.resp -Xlinker -needed_framework -Xlinker XCTest -framework XCTest -Xlinker -needed-lXCTestSwiftSupport -lXCTestSwiftSupport -Xlinker -sectcreate -Xlinker __TEXT -Xlinker __entitlements -Xlinker /Users/jtcao/Library/Caches/visepanda/native-knowledge-20260913/build/Build/Intermediates.noindex/VisePanda.build/Debug-iphonesimulator/VisePandaUITests.build/VisePandaUITests.xctest-Simulated.xcent -Xlinker -sectcreate -Xlinker __TEXT -Xlinker __ents_der -Xlinker /Users/jtcao/Library/Caches/visepanda/native-knowledge-20260913/build/Build/Intermediates.noindex/VisePanda.build/Debug-iphonesimulator/VisePandaUITests.build/VisePandaUITests.xctest-Simulated.xcent.der -Xlinker -no_adhoc_codesign -o /Users/jtcao/Library/Caches/visepanda/native-knowledge-20260913/build/Build/Intermediates.noindex/VisePanda.build/Debug-iphonesimulator/VisePandaUITests.build/Objects-normal/arm64/Binary/VisePandaUITests

CreateUniversalBinary /Users/jtcao/Library/Caches/visepanda/native-knowledge-20260913/build/Build/Products/Debug-iphonesimulator/VisePandaUITests-Runner.app/PlugIns/VisePandaUITests.xctest/VisePandaUITests normal arm64\ x86_64 (in target 'VisePandaUITests' from project 'VisePanda')
    cd /Users/jtcao/Documents/VP-V4-S2-Knowledge-Publish/ios/VisePanda
    /Applications/Xcode.app/Contents/Developer/Toolchains/XcodeDefault.xctoolchain/usr/bin/lipo -create /Users/jtcao/Library/Caches/visepanda/native-knowledge-20260913/build/Build/Intermediates.noindex/VisePanda.build/Debug-iphonesimulator/VisePandaUITests.build/Objects-normal/arm64/Binary/VisePandaUITests /Users/jtcao/Library/Caches/visepanda/native-knowledge-20260913/build/Build/Intermediates.noindex/VisePanda.build/Debug-iphonesimulator/VisePandaUITests.build/Objects-normal/x86_64/Binary/VisePandaUITests -output /Users/jtcao/Library/Caches/visepanda/native-knowledge-20260913/build/Build/Products/Debug-iphonesimulator/VisePandaUITests-Runner.app/PlugIns/VisePandaUITests.xctest/VisePandaUITests

CopySwiftLibs /Users/jtcao/Library/Caches/visepanda/native-knowledge-20260913/build/Build/Products/Debug-iphonesimulator/VisePandaUITests-Runner.app/PlugIns/VisePandaUITests.xctest (in target 'VisePandaUITests' from project 'VisePanda')
    cd /Users/jtcao/Documents/VP-V4-S2-Knowledge-Publish/ios/VisePanda
    builtin-swiftStdLibTool --copy --verbose --sign - --scan-executable /Users/jtcao/Library/Caches/visepanda/native-knowledge-20260913/build/Build/Products/Debug-iphonesimulator/VisePandaUITests-Runner.app/PlugIns/VisePandaUITests.xctest/VisePandaUITests --scan-folder /Users/jtcao/Library/Caches/visepanda/native-knowledge-20260913/build/Build/Products/Debug-iphonesimulator/VisePandaUITests-Runner.app/PlugIns/VisePandaUITests.xctest/Frameworks --scan-folder /Users/jtcao/Library/Caches/visepanda/native-knowledge-20260913/build/Build/Products/Debug-iphonesimulator/VisePandaUITests-Runner.app/PlugIns/VisePandaUITests.xctest/PlugIns --scan-folder /Users/jtcao/Library/Caches/visepanda/native-knowledge-20260913/build/Build/Products/Debug-iphonesimulator/VisePandaUITests-Runner.app/PlugIns/VisePandaUITests.xctest/SystemExtensions --scan-folder /Users/jtcao/Library/Caches/visepanda/native-knowledge-20260913/build/Build/Products/Debug-iphonesimulator/VisePandaUITests-Runner.app/PlugIns/VisePandaUITests.xctest/Extensions --platform iphonesimulator --toolchain /Applications/Xcode.app/Contents/Developer/Toolchains/XcodeDefault.xctoolchain --destination /Users/jtcao/Library/Caches/visepanda/native-knowledge-20260913/build/Build/Products/Debug-iphonesimulator/VisePandaUITests-Runner.app/PlugIns/VisePandaUITests.xctest/Frameworks --strip-bitcode --scan-executable /Applications/Xcode.app/Contents/Developer/Platforms/iPhoneSimulator.platform/Developer/usr/lib/libXCTestSwiftSupport.dylib --strip-bitcode-tool /Applications/Xcode.app/Contents/Developer/Toolchains/XcodeDefault.xctoolchain/usr/bin/bitcode_strip --emit-dependency-info /Users/jtcao/Library/Caches/visepanda/native-knowledge-20260913/build/Build/Intermediates.noindex/VisePanda.build/Debug-iphonesimulator/VisePandaUITests.build/SwiftStdLibToolInputDependencies.dep --filter-for-swift-os --back-deploy-swift-span

ExtractAppIntentsMetadata (in target 'VisePandaUITests' from project 'VisePanda')
    cd /Users/jtcao/Documents/VP-V4-S2-Knowledge-Publish/ios/VisePanda
    /Applications/Xcode.app/Contents/Developer/Toolchains/XcodeDefault.xctoolchain/usr/bin/appintentsmetadataprocessor --toolchain-dir /Applications/Xcode.app/Contents/Developer/Toolchains/XcodeDefault.xctoolchain --module-name VisePandaUITests --sdk-root /Applications/Xcode.app/Contents/Developer/Platforms/iPhoneSimulator.platform/Developer/SDKs/iPhoneSimulator26.5.sdk --xcode-version 17F113 --platform-family iOS --deployment-target 17.0 --bundle-identifier space.go2china.VisePandaUITests --output /Users/jtcao/Library/Caches/visepanda/native-knowledge-20260913/build/Build/Products/Debug-iphonesimulator/VisePandaUITests-Runner.app/PlugIns/VisePandaUITests.xctest --target-triple arm64-apple-ios17.0-simulator --target-triple x86_64-apple-ios17.0-simulator --binary-file /Users/jtcao/Library/Caches/visepanda/native-knowledge-20260913/build/Build/Products/Debug-iphonesimulator/VisePandaUITests-Runner.app/PlugIns/VisePandaUITests.xctest/VisePandaUITests --dependency-file /Users/jtcao/Library/Caches/visepanda/native-knowledge-20260913/build/Build/Intermediates.noindex/VisePanda.build/Debug-iphonesimulator/VisePandaUITests.build/Objects-normal/arm64/VisePandaUITests_dependency_info.dat --dependency-file /Users/jtcao/Library/Caches/visepanda/native-knowledge-20260913/build/Build/Intermediates.noindex/VisePanda.build/Debug-iphonesimulator/VisePandaUITests.build/Objects-normal/x86_64/VisePandaUITests_dependency_info.dat --stringsdata-file /Users/jtcao/Library/Caches/visepanda/native-knowledge-20260913/build/Build/Intermediates.noindex/VisePanda.build/Debug-iphonesimulator/VisePandaUITests.build/Objects-normal/arm64/ExtractedAppShortcutsMetadata.stringsdata --stringsdata-file /Users/jtcao/Library/Caches/visepanda/native-knowledge-20260913/build/Build/Intermediates.noindex/VisePanda.build/Debug-iphonesimulator/VisePandaUITests.build/Objects-normal/x86_64/ExtractedAppShortcutsMetadata.stringsdata --source-file-list /Users/jtcao/Library/Caches/visepanda/native-knowledge-20260913/build/Build/Intermediates.noindex/VisePanda.build/Debug-iphonesimulator/VisePandaUITests.build/Objects-normal/arm64/VisePandaUITests.SwiftFileList --source-file-list /Users/jtcao/Library/Caches/visepanda/native-knowledge-20260913/build/Build/Intermediates.noindex/VisePanda.build/Debug-iphonesimulator/VisePandaUITests.build/Objects-normal/x86_64/VisePandaUITests.SwiftFileList --metadata-file-list /Users/jtcao/Library/Caches/visepanda/native-knowledge-20260913/build/Build/Intermediates.noindex/VisePanda.build/Debug-iphonesimulator/VisePandaUITests.build/VisePandaUITests.DependencyMetadataFileList --static-metadata-file-list /Users/jtcao/Library/Caches/visepanda/native-knowledge-20260913/build/Build/Intermediates.noindex/VisePanda.build/Debug-iphonesimulator/VisePandaUITests.build/VisePandaUITests.DependencyStaticMetadataFileList --swift-const-vals-list /Users/jtcao/Library/Caches/visepanda/native-knowledge-20260913/build/Build/Intermediates.noindex/VisePanda.build/Debug-iphonesimulator/VisePandaUITests.build/Objects-normal/arm64/VisePandaUITests.SwiftConstValuesFileList --swift-const-vals-list /Users/jtcao/Library/Caches/visepanda/native-knowledge-20260913/build/Build/Intermediates.noindex/VisePanda.build/Debug-iphonesimulator/VisePandaUITests.build/Objects-normal/x86_64/VisePandaUITests.SwiftConstValuesFileList --compile-time-extraction --deployment-aware-processing --validate-assistant-intents --no-app-shortcuts-localization
2026-09-13 00:30:23.101 appintentsmetadataprocessor[27044:336980] Starting appintentsmetadataprocessor export
2026-09-13 00:30:23.104 appintentsmetadataprocessor[27044:336980] warning: Metadata extraction skipped. No AppIntents.framework dependency found.

Copy /Users/jtcao/Library/Caches/visepanda/native-knowledge-20260913/build/Build/Products/Debug-iphonesimulator/VisePandaUITests-Runner.app/Frameworks/XCTestSupport.framework /Applications/Xcode.app/Contents/Developer/Platforms/iPhoneSimulator.platform/Developer/Library/PrivateFrameworks/XCTestSupport.framework (in target 'VisePandaUITests' from project 'VisePanda')
    cd /Users/jtcao/Documents/VP-V4-S2-Knowledge-Publish/ios/VisePanda
    builtin-copy -exclude .DS_Store -exclude CVS -exclude .svn -exclude .git -exclude .hg -exclude Headers -exclude PrivateHeaders -exclude Modules -exclude \*.tbd -resolve-src-symlinks /Applications/Xcode.app/Contents/Developer/Platforms/iPhoneSimulator.platform/Developer/Library/PrivateFrameworks/XCTestSupport.framework /Users/jtcao/Library/Caches/visepanda/native-knowledge-20260913/build/Build/Products/Debug-iphonesimulator/VisePandaUITests-Runner.app/Frameworks

Copy /Users/jtcao/Library/Caches/visepanda/native-knowledge-20260913/build/Build/Products/Debug-iphonesimulator/VisePandaUITests-Runner.app/Frameworks/XCTAutomationSupport.framework /Applications/Xcode.app/Contents/Developer/Platforms/iPhoneSimulator.platform/Developer/Library/PrivateFrameworks/XCTAutomationSupport.framework (in target 'VisePandaUITests' from project 'VisePanda')
    cd /Users/jtcao/Documents/VP-V4-S2-Knowledge-Publish/ios/VisePanda
    builtin-copy -exclude .DS_Store -exclude CVS -exclude .svn -exclude .git -exclude .hg -exclude Headers -exclude PrivateHeaders -exclude Modules -exclude \*.tbd -resolve-src-symlinks /Applications/Xcode.app/Contents/Developer/Platforms/iPhoneSimulator.platform/Developer/Library/PrivateFrameworks/XCTAutomationSupport.framework /Users/jtcao/Library/Caches/visepanda/native-knowledge-20260913/build/Build/Products/Debug-iphonesimulator/VisePandaUITests-Runner.app/Frameworks

Copy /Users/jtcao/Library/Caches/visepanda/native-knowledge-20260913/build/Build/Products/Debug-iphonesimulator/VisePandaUITests-Runner.app/Frameworks/XCTest.framework /Applications/Xcode.app/Contents/Developer/Platforms/iPhoneSimulator.platform/Developer/Library/Frameworks/XCTest.framework (in target 'VisePandaUITests' from project 'VisePanda')
    cd /Users/jtcao/Documents/VP-V4-S2-Knowledge-Publish/ios/VisePanda
    builtin-copy -exclude .DS_Store -exclude CVS -exclude .svn -exclude .git -exclude .hg -exclude Headers -exclude PrivateHeaders -exclude Modules -exclude \*.tbd -resolve-src-symlinks /Applications/Xcode.app/Contents/Developer/Platforms/iPhoneSimulator.platform/Developer/Library/Frameworks/XCTest.framework /Users/jtcao/Library/Caches/visepanda/native-knowledge-20260913/build/Build/Products/Debug-iphonesimulator/VisePandaUITests-Runner.app/Frameworks

Copy /Users/jtcao/Library/Caches/visepanda/native-knowledge-20260913/build/Build/Products/Debug-iphonesimulator/VisePandaUITests-Runner.app/Frameworks/XCTestCore.framework /Applications/Xcode.app/Contents/Developer/Platforms/iPhoneSimulator.platform/Developer/Library/PrivateFrameworks/XCTestCore.framework (in target 'VisePandaUITests' from project 'VisePanda')
    cd /Users/jtcao/Documents/VP-V4-S2-Knowledge-Publish/ios/VisePanda
    builtin-copy -exclude .DS_Store -exclude CVS -exclude .svn -exclude .git -exclude .hg -exclude Headers -exclude PrivateHeaders -exclude Modules -exclude \*.tbd -resolve-src-symlinks /Applications/Xcode.app/Contents/Developer/Platforms/iPhoneSimulator.platform/Developer/Library/PrivateFrameworks/XCTestCore.framework /Users/jtcao/Library/Caches/visepanda/native-knowledge-20260913/build/Build/Products/Debug-iphonesimulator/VisePandaUITests-Runner.app/Frameworks

Copy /Users/jtcao/Library/Caches/visepanda/native-knowledge-20260913/build/Build/Products/Debug-iphonesimulator/VisePandaUITests-Runner.app/Frameworks/XCUIAutomation.framework /Applications/Xcode.app/Contents/Developer/Platforms/iPhoneSimulator.platform/Developer/Library/Frameworks/XCUIAutomation.framework (in target 'VisePandaUITests' from project 'VisePanda')
    cd /Users/jtcao/Documents/VP-V4-S2-Knowledge-Publish/ios/VisePanda
    builtin-copy -exclude .DS_Store -exclude CVS -exclude .svn -exclude .git -exclude .hg -exclude Headers -exclude PrivateHeaders -exclude Modules -exclude \*.tbd -resolve-src-symlinks /Applications/Xcode.app/Contents/Developer/Platforms/iPhoneSimulator.platform/Developer/Library/Frameworks/XCUIAutomation.framework /Users/jtcao/Library/Caches/visepanda/native-knowledge-20260913/build/Build/Products/Debug-iphonesimulator/VisePandaUITests-Runner.app/Frameworks

Copy /Users/jtcao/Library/Caches/visepanda/native-knowledge-20260913/build/Build/Products/Debug-iphonesimulator/VisePandaUITests-Runner.app/Frameworks/Testing.framework /Applications/Xcode.app/Contents/Developer/Platforms/iPhoneSimulator.platform/Developer/Library/Frameworks/Testing.framework (in target 'VisePandaUITests' from project 'VisePanda')
    cd /Users/jtcao/Documents/VP-V4-S2-Knowledge-Publish/ios/VisePanda
    builtin-copy -exclude .DS_Store -exclude CVS -exclude .svn -exclude .git -exclude .hg -exclude Headers -exclude PrivateHeaders -exclude Modules -exclude \*.tbd -resolve-src-symlinks /Applications/Xcode.app/Contents/Developer/Platforms/iPhoneSimulator.platform/Developer/Library/Frameworks/Testing.framework /Users/jtcao/Library/Caches/visepanda/native-knowledge-20260913/build/Build/Products/Debug-iphonesimulator/VisePandaUITests-Runner.app/Frameworks

CopyAndPreserveArchs /Users/jtcao/Library/Caches/visepanda/native-knowledge-20260913/build/Build/Products/Debug-iphonesimulator/VisePandaUITests-Runner.app/VisePandaUITests-Runner (in target 'VisePandaUITests' from project 'VisePanda')
    cd /Users/jtcao/Documents/VP-V4-S2-Knowledge-Publish/ios/VisePanda
    /Applications/Xcode.app/Contents/Developer/Toolchains/XcodeDefault.xctoolchain/usr/bin/lipo /Applications/Xcode.app/Contents/Developer/Platforms/iPhoneSimulator.platform/Developer/Library/Xcode/Agents/XCTRunner.app/XCTRunner -output /Users/jtcao/Library/Caches/visepanda/native-knowledge-20260913/build/Build/Products/Debug-iphonesimulator/VisePandaUITests-Runner.app/VisePandaUITests-Runner -extract arm64 -extract x86_64

Copy /Users/jtcao/Library/Caches/visepanda/native-knowledge-20260913/build/Build/Products/Debug-iphonesimulator/VisePandaUITests-Runner.app/PkgInfo /Applications/Xcode.app/Contents/Developer/Platforms/iPhoneSimulator.platform/Developer/Library/Xcode/Agents/XCTRunner.app/PkgInfo (in target 'VisePandaUITests' from project 'VisePanda')
    cd /Users/jtcao/Documents/VP-V4-S2-Knowledge-Publish/ios/VisePanda
    builtin-copy -exclude .DS_Store -exclude CVS -exclude .svn -exclude .git -exclude .hg -resolve-src-symlinks /Applications/Xcode.app/Contents/Developer/Platforms/iPhoneSimulator.platform/Developer/Library/Xcode/Agents/XCTRunner.app/PkgInfo /Users/jtcao/Library/Caches/visepanda/native-knowledge-20260913/build/Build/Products/Debug-iphonesimulator/VisePandaUITests-Runner.app

Copy /Users/jtcao/Library/Caches/visepanda/native-knowledge-20260913/build/Build/Products/Debug-iphonesimulator/VisePandaUITests-Runner.app/Frameworks/libXCTestSwiftSupport.dylib /Applications/Xcode.app/Contents/Developer/Platforms/iPhoneSimulator.platform/Developer/usr/lib/libXCTestSwiftSupport.dylib (in target 'VisePandaUITests' from project 'VisePanda')
    cd /Users/jtcao/Documents/VP-V4-S2-Knowledge-Publish/ios/VisePanda
    builtin-copy -exclude .DS_Store -exclude CVS -exclude .svn -exclude .git -exclude .hg -exclude Headers -exclude PrivateHeaders -exclude Modules -exclude \*.tbd -resolve-src-symlinks /Applications/Xcode.app/Contents/Developer/Platforms/iPhoneSimulator.platform/Developer/usr/lib/libXCTestSwiftSupport.dylib /Users/jtcao/Library/Caches/visepanda/native-knowledge-20260913/build/Build/Products/Debug-iphonesimulator/VisePandaUITests-Runner.app/Frameworks

Copy /Users/jtcao/Library/Caches/visepanda/native-knowledge-20260913/build/Build/Products/Debug-iphonesimulator/VisePandaUITests-Runner.app/Frameworks/XCUnit.framework /Applications/Xcode.app/Contents/Developer/Platforms/iPhoneSimulator.platform/Developer/Library/PrivateFrameworks/XCUnit.framework (in target 'VisePandaUITests' from project 'VisePanda')
    cd /Users/jtcao/Documents/VP-V4-S2-Knowledge-Publish/ios/VisePanda
    builtin-copy -exclude .DS_Store -exclude CVS -exclude .svn -exclude .git -exclude .hg -exclude Headers -exclude PrivateHeaders -exclude Modules -exclude \*.tbd -resolve-src-symlinks /Applications/Xcode.app/Contents/Developer/Platforms/iPhoneSimulator.platform/Developer/Library/PrivateFrameworks/XCUnit.framework /Users/jtcao/Library/Caches/visepanda/native-knowledge-20260913/build/Build/Products/Debug-iphonesimulator/VisePandaUITests-Runner.app/Frameworks

CodeSign /Users/jtcao/Library/Caches/visepanda/native-knowledge-20260913/build/Build/Products/Debug-iphonesimulator/VisePandaUITests-Runner.app/PlugIns/VisePandaUITests.xctest (in target 'VisePandaUITests' from project 'VisePanda')
    cd /Users/jtcao/Documents/VP-V4-S2-Knowledge-Publish/ios/VisePanda

    Signing Identity:     "Sign to Run Locally"

    /usr/bin/codesign --force --sign - --timestamp\=none --generate-entitlement-der /Users/jtcao/Library/Caches/visepanda/native-knowledge-20260913/build/Build/Products/Debug-iphonesimulator/VisePandaUITests-Runner.app/PlugIns/VisePandaUITests.xctest

CodeSign /Users/jtcao/Library/Caches/visepanda/native-knowledge-20260913/build/Build/Products/Debug-iphonesimulator/VisePandaUITests-Runner.app (in target 'VisePandaUITests' from project 'VisePanda')
    cd /Users/jtcao/Documents/VP-V4-S2-Knowledge-Publish/ios/VisePanda

    Signing Identity:     "Sign to Run Locally"

    /usr/bin/codesign --force --sign - --timestamp\=none --generate-entitlement-der /Users/jtcao/Library/Caches/visepanda/native-knowledge-20260913/build/Build/Products/Debug-iphonesimulator/VisePandaUITests-Runner.app
/Users/jtcao/Library/Caches/visepanda/native-knowledge-20260913/build/Build/Products/Debug-iphonesimulator/VisePandaUITests-Runner.app: replacing existing signature

** TEST BUILD SUCCEEDED **
