Command line invocation:
    /Applications/Xcode.app/Contents/Developer/usr/bin/xcodebuild test-without-building -xctestrun /Users/jtcao/Library/Caches/visepanda/native-knowledge-20260913/build/Build/Products/KnowledgeUI.xctestrun -destination "platform=iOS Simulator,id=104BDF82-166D-44BD-9E58-0610BEBF15A1" "-only-testing:VisePandaUITests/NativeKnowledgeUITests" -resultBundlePath /Users/jtcao/Library/Caches/visepanda/native-knowledge-20260913/ui-2.xcresult

2026-09-13 00:33:35.854 xcodebuild[27517:344124] [MT] IDERunDestination: Supported platforms for the buildables in the current scheme is empty.
Writing result bundle at path:
	/Users/jtcao/Library/Caches/visepanda/native-knowledge-20260913/ui-2.xcresult

2026-09-13 00:33:35.860 xcodebuild[27517:344124] [MT] IDERunDestination: Supported platforms for the buildables in the current scheme is empty.
2026-09-13 00:33:37.360 xcodebuild[27517:344124] [MT] IDERunDestination: Supported platforms for the buildables in the current scheme is empty.
2026-09-13 00:33:37.698 xcodebuild[27517:344124] [MT] IDERunDestination: Supported platforms for the buildables in the current scheme is empty.
2026-09-13 00:33:39.275740+0800 VisePandaUITests-Runner[27519:344460] [Default] Running tests...
    t =      nans Interface orientation changed to Portrait
Test Suite 'Selected tests' started at 2026-09-13 上午12:33:40.453.
Test Suite 'VisePandaUITests.xctest' started at 2026-09-13 上午12:33:40.455.
Test Suite 'NativeKnowledgeUITests' started at 2026-09-13 上午12:33:40.455.
Test Case '-[VisePandaUITests.NativeKnowledgeUITests testChineseRefreshCredentialsReadAndWithdraw]' started.
    t =     0.00s Start Test at 2026-09-13 上午12:33:40.459
    t =     0.14s Set Up
    t =     0.66s Open space.go2china.VisePanda
    t =     0.66s     Launch space.go2china.VisePanda
2026-09-13 00:33:41.600 xcodebuild[27517:344124] [MT] IDELaunchParametersSnapshot: The operation couldn’t be completed. (DebuggerLLDB.DebuggerVersionStore.StoreError error 0.)
2026-09-13 00:33:41.600 xcodebuild[27517:344124] [MT] IDELaunchParametersSnapshot: no debugger version
objc[27519]: Class UIAccessibilityLoaderWebShared is implemented in both /Library/Developer/CoreSimulator/Volumes/iOS_23F77/Library/Developer/CoreSimulator/Profiles/Runtimes/iOS 26.5.simruntime/Contents/Resources/RuntimeRoot/System/Library/AccessibilityBundles/WebCore.axbundle/WebCore (0x108ae0310) and /Library/Developer/CoreSimulator/Volumes/iOS_23F77/Library/Developer/CoreSimulator/Profiles/Runtimes/iOS 26.5.simruntime/Contents/Resources/RuntimeRoot/System/Library/AccessibilityBundles/WebKit.axbundle/WebKit (0x108a94398). This may cause spurious casting failures and mysterious crashes. One of the duplicates must be removed or renamed.
    t =     2.86s         Setting up automation session
    t =     4.37s         Wait for space.go2china.VisePanda to idle
    t =     7.04s Tap "我的" Button
    t =     7.04s     Wait for space.go2china.VisePanda to idle
    t =     7.04s     Find the "我的" Button
    t =     7.26s     Check for interrupting elements affecting "我的" Button
    t =     7.33s     Synthesize event
    t =     7.64s     Wait for space.go2china.VisePanda to idle
    t =     9.31s Waiting 2.0s for "退出登录" Button to exist
    t =    10.39s     Checking `Expect predicate `existsNoRetry == 1` for object "退出登录" Button`
    t =    10.39s         Checking existence of `"退出登录" Button`
    t =    10.49s Find the "退出登录" Button
    t =    10.57s Find the "退出登录" Button
    t =    10.63s Find the "退出登录" Button
    t =    10.70s Find the "退出登录" Button
    t =    10.77s Find the "退出登录" Button
    t =    10.83s Find the "退出登录" Button
    t =    10.90s Find the "退出登录" Button
    t =    10.96s Find the "退出登录" Button
    t =    11.03s Find the "退出登录" Button
    t =    11.11s Tap "退出登录" Button
    t =    11.11s     Wait for space.go2china.VisePanda to idle
    t =    11.11s     Find the "退出登录" Button
    t =    11.18s     Check for interrupting elements affecting "退出登录" Button
    t =    11.25s     Synthesize event
    t =    11.55s     Wait for space.go2china.VisePanda to idle
    t =    12.17s Waiting 10.0s for "native.login.email" TextField to exist
    t =    13.23s     Checking `Expect predicate `existsNoRetry == 1` for object "native.login.email" TextField`
    t =    13.23s         Checking existence of `"native.login.email" TextField`
    t =    13.33s Find the "native.login.email" TextField
    t =    13.38s Find the "native.login.email" TextField
    t =    13.43s Find the "native.login.email" TextField
    t =    13.48s Find the "native.login.email" TextField
    t =    13.52s Find the "native.login.email" TextField
    t =    13.57s Find the "native.login.email" TextField
    t =    13.62s Find the "native.login.email" TextField
    t =    13.66s Find the "native.login.email" TextField
    t =    13.71s Find the "native.login.email" TextField
    t =    13.76s Tap "native.login.email" TextField
    t =    13.76s     Wait for space.go2china.VisePanda to idle
    t =    13.76s     Find the "native.login.email" TextField
    t =    13.80s     Check for interrupting elements affecting "native.login.email" TextField
    t =    13.84s     Synthesize event
    t =    14.13s     Wait for space.go2china.VisePanda to idle
    t =    14.45s Type 'knowledge-ui@examp...' into "native.login.email" TextField
    t =    14.45s     Wait for space.go2china.VisePanda to idle
    t =    15.45s     Find the "native.login.email" TextField
    t =    15.54s     Check for interrupting elements affecting "native.login.email" TextField
    t =    15.58s     Synthesize event
    t =    16.20s     Wait for space.go2china.VisePanda to idle
    t =    16.21s Find the "native.login.password" SecureTextField
    t =    16.29s Find the "native.login.password" SecureTextField
    t =    16.36s Find the "native.login.password" SecureTextField
    t =    16.42s Find the "native.login.password" SecureTextField
    t =    16.49s Find the "native.login.password" SecureTextField
    t =    16.55s Find the "native.login.password" SecureTextField
    t =    16.63s Find the "native.login.password" SecureTextField
    t =    16.70s Find the "native.login.password" SecureTextField
    t =    16.79s Find the "native.login.password" SecureTextField
    t =    16.88s Tap "native.login.password" SecureTextField
    t =    16.88s     Wait for space.go2china.VisePanda to idle
    t =    16.89s     Find the "native.login.password" SecureTextField
    t =    16.98s     Check for interrupting elements affecting "native.login.password" SecureTextField
    t =    17.05s     Synthesize event
    t =    17.35s     Wait for space.go2china.VisePanda to idle
    t =    18.27s Type '<redacted>' into "native.login.password" SecureTextField
    t =    18.27s     Wait for space.go2china.VisePanda to idle
    t =    18.27s     Find the "native.login.password" SecureTextField
    t =    18.36s     Check for interrupting elements affecting "native.login.password" SecureTextField
    t =    18.45s     Synthesize event
    t =    18.90s     Wait for space.go2china.VisePanda to idle
    t =    18.91s Find the "native.login.submit" Button
    t =    18.99s Find the "native.login.submit" Button
    t =    19.08s Find the "native.login.submit" Button
    t =    19.16s Find the "native.login.submit" Button
    t =    19.27s Find the "native.login.submit" Button
    t =    19.38s Find the "native.login.submit" Button
    t =    19.47s Find the "native.login.submit" Button
    t =    19.57s Find the "native.login.submit" Button
    t =    19.69s Find the "native.login.submit" Button
    t =    19.83s Tap "native.login.submit" Button
    t =    19.83s     Wait for space.go2china.VisePanda to idle
    t =    19.83s     Find the "native.login.submit" Button
    t =    19.94s     Check for interrupting elements affecting "native.login.submit" Button
    t =    20.04s     Synthesize event
    t =    20.34s     Wait for space.go2china.VisePanda to idle
    t =    21.68s Checking `Expect predicate `label == "会话有效"` for object "native.session.status" StaticText`
    t =    21.68s     Find the "native.session.status" StaticText
    t =    21.75s Waiting 20.0s for "会话有效" StaticText to exist
    t =    22.81s     Checking `Expect predicate `existsNoRetry == 1` for object "会话有效" StaticText`
    t =    22.82s         Checking existence of `"会话有效" StaticText`
    t =    22.89s Tap "探索" Button
    t =    22.89s     Wait for space.go2china.VisePanda to idle
    t =    22.89s     Find the "探索" Button
    t =    22.93s     Check for interrupting elements affecting "safari" Button
    t =    22.96s     Synthesize event
    t =    23.26s     Wait for space.go2china.VisePanda to idle
    t =    24.75s Waiting 20.0s for "knowledge.empty" StaticText to exist
    t =    25.81s     Checking `Expect predicate `existsNoRetry == 1` for object "knowledge.empty" StaticText`
    t =    25.82s         Checking existence of `"knowledge.empty" StaticText`
/Users/jtcao/Documents/VP-V4-S2-Knowledge-Publish/ios/VisePanda/VisePandaUITests/NativeKnowledgeUITests.swift:39: error: -[VisePandaUITests.NativeKnowledgeUITests testChineseRefreshCredentialsReadAndWithdraw] : XCTAssertEqual failed: ("Optional(3)") is not equal to ("Optional(4)") - Near-expiry token must refresh without its view cancelling it
    t =    26.12s Checking existence of `"knowledge.scene" Button`
    t =    26.20s Tap "knowledge.scene" Button
    t =    26.20s     Wait for space.go2china.VisePanda to idle
    t =    26.21s     Find the "knowledge.scene" Button
    t =    26.32s     Check for interrupting elements affecting "knowledge.scene" Button
    t =    26.41s Tap "支付" Button
    t =    26.41s     Wait for space.go2china.VisePanda to idle
    t =    26.41s     Find the "支付" Button
    t =    27.49s         Find the "支付" Button (retry 1)
    t =    28.54s         Find the "支付" Button (retry 2)
    t =    28.59s Requesting snapshot of accessibility hierarchy for app with pid 27529
    t =    28.64s Waiting 20.0s for "knowledge.note.11111111-1111-4111-8111-111111111111" StaticText to exist
    t =    29.71s     Checking `Expect predicate `existsNoRetry == 1` for object "knowledge.note.11111111-1111-4111-8111-111111111111" StaticText`
    t =    29.71s         Checking existence of `"knowledge.note.11111111-1111-4111-8111-111111111111" StaticText`
    t =    29.75s         Capturing element debug description
    t =    30.69s     Checking `Expect predicate `existsNoRetry == 1` for object "knowledge.note.11111111-1111-4111-8111-111111111111" StaticText`
    t =    30.69s         Checking existence of `"knowledge.note.11111111-1111-4111-8111-111111111111" StaticText`
    t =    30.73s         Capturing element debug description
    t =    31.68s     Checking `Expect predicate `existsNoRetry == 1` for object "knowledge.note.11111111-1111-4111-8111-111111111111" StaticText`
    t =    31.68s         Checking existence of `"knowledge.note.11111111-1111-4111-8111-111111111111" StaticText`
    t =    31.74s         Capturing element debug description
    t =    32.70s     Checking `Expect predicate `existsNoRetry == 1` for object "knowledge.note.11111111-1111-4111-8111-111111111111" StaticText`
    t =    32.70s         Checking existence of `"knowledge.note.11111111-1111-4111-8111-111111111111" StaticText`
    t =    32.76s         Capturing element debug description
    t =    33.71s     Checking `Expect predicate `existsNoRetry == 1` for object "knowledge.note.11111111-1111-4111-8111-111111111111" StaticText`
    t =    33.72s         Checking existence of `"knowledge.note.11111111-1111-4111-8111-111111111111" StaticText`
    t =    33.77s         Capturing element debug description
    t =    34.73s     Checking `Expect predicate `existsNoRetry == 1` for object "knowledge.note.11111111-1111-4111-8111-111111111111" StaticText`
    t =    34.73s         Checking existence of `"knowledge.note.11111111-1111-4111-8111-111111111111" StaticText`
    t =    34.80s         Capturing element debug description
    t =    35.66s     Checking `Expect predicate `existsNoRetry == 1` for object "knowledge.note.11111111-1111-4111-8111-111111111111" StaticText`
    t =    35.66s         Checking existence of `"knowledge.note.11111111-1111-4111-8111-111111111111" StaticText`
    t =    35.74s         Capturing element debug description
    t =    36.71s     Checking `Expect predicate `existsNoRetry == 1` for object "knowledge.note.11111111-1111-4111-8111-111111111111" StaticText`
    t =    36.71s         Checking existence of `"knowledge.note.11111111-1111-4111-8111-111111111111" StaticText`
    t =    36.85s         Capturing element debug description
    t =    37.70s     Checking `Expect predicate `existsNoRetry == 1` for object "knowledge.note.11111111-1111-4111-8111-111111111111" StaticText`
    t =    37.70s         Checking existence of `"knowledge.note.11111111-1111-4111-8111-111111111111" StaticText`
    t =    37.77s         Capturing element debug description
    t =    38.73s     Checking `Expect predicate `existsNoRetry == 1` for object "knowledge.note.11111111-1111-4111-8111-111111111111" StaticText`
    t =    38.73s         Checking existence of `"knowledge.note.11111111-1111-4111-8111-111111111111" StaticText`
    t =    38.81s         Capturing element debug description
    t =    39.67s     Checking `Expect predicate `existsNoRetry == 1` for object "knowledge.note.11111111-1111-4111-8111-111111111111" StaticText`
    t =    39.67s         Checking existence of `"knowledge.note.11111111-1111-4111-8111-111111111111" StaticText`
    t =    39.86s         Capturing element debug description
    t =    40.72s     Checking `Expect predicate `existsNoRetry == 1` for object "knowledge.note.11111111-1111-4111-8111-111111111111" StaticText`
    t =    40.72s         Checking existence of `"knowledge.note.11111111-1111-4111-8111-111111111111" StaticText`
    t =    40.80s         Capturing element debug description
    t =    41.71s     Checking `Expect predicate `existsNoRetry == 1` for object "knowledge.note.11111111-1111-4111-8111-111111111111" StaticText`
    t =    41.71s         Checking existence of `"knowledge.note.11111111-1111-4111-8111-111111111111" StaticText`
    t =    41.76s         Capturing element debug description
    t =    42.71s     Checking `Expect predicate `existsNoRetry == 1` for object "knowledge.note.11111111-1111-4111-8111-111111111111" StaticText`
    t =    42.71s         Checking existence of `"knowledge.note.11111111-1111-4111-8111-111111111111" StaticText`
    t =    42.77s         Capturing element debug description
    t =    43.72s     Checking `Expect predicate `existsNoRetry == 1` for object "knowledge.note.11111111-1111-4111-8111-111111111111" StaticText`
    t =    43.72s         Checking existence of `"knowledge.note.11111111-1111-4111-8111-111111111111" StaticText`
    t =    43.89s         Capturing element debug description
    t =    44.72s     Checking `Expect predicate `existsNoRetry == 1` for object "knowledge.note.11111111-1111-4111-8111-111111111111" StaticText`
    t =    44.73s         Checking existence of `"knowledge.note.11111111-1111-4111-8111-111111111111" StaticText`
    t =    44.88s         Capturing element debug description
    t =    45.73s     Checking `Expect predicate `existsNoRetry == 1` for object "knowledge.note.11111111-1111-4111-8111-111111111111" StaticText`
    t =    45.73s         Checking existence of `"knowledge.note.11111111-1111-4111-8111-111111111111" StaticText`
    t =    45.83s         Capturing element debug description
    t =    46.67s     Checking `Expect predicate `existsNoRetry == 1` for object "knowledge.note.11111111-1111-4111-8111-111111111111" StaticText`
    t =    46.67s         Checking existence of `"knowledge.note.11111111-1111-4111-8111-111111111111" StaticText`
    t =    46.78s         Capturing element debug description
    t =    47.70s     Checking `Expect predicate `existsNoRetry == 1` for object "knowledge.note.11111111-1111-4111-8111-111111111111" StaticText`
    t =    47.70s         Checking existence of `"knowledge.note.11111111-1111-4111-8111-111111111111" StaticText`
    t =    47.83s         Capturing element debug description
    t =    48.65s     Checking `Expect predicate `existsNoRetry == 1` for object "knowledge.note.11111111-1111-4111-8111-111111111111" StaticText`
    t =    48.65s         Checking existence of `"knowledge.note.11111111-1111-4111-8111-111111111111" StaticText`
    t =    48.74s         Capturing element debug description
    t =    48.74s     Checking existence of `"knowledge.note.11111111-1111-4111-8111-111111111111" StaticText`
    t =    48.80s Collecting debug information to assist test failure triage
    t =    48.80s     Requesting snapshot of accessibility hierarchy for app with pid 27529
    t =    48.93s Find the "knowledge.note.11111111-1111-4111-8111-111111111111" StaticText
    t =    50.01s     Find the "knowledge.note.11111111-1111-4111-8111-111111111111" StaticText (retry 1)
    t =    51.09s     Find the "knowledge.note.11111111-1111-4111-8111-111111111111" StaticText (retry 2)
    t =    51.18s Swipe up Target Application 'space.go2china.VisePanda'
    t =    51.18s     Wait for space.go2china.VisePanda to idle
    t =    51.18s     Find the Target Application 'space.go2china.VisePanda'
    t =    51.25s     Check for interrupting elements affecting "VisePanda" Application
    t =    51.43s Find the "knowledge.note.11111111-1111-4111-8111-111111111111" StaticText
    t =    52.59s     Find the "knowledge.note.11111111-1111-4111-8111-111111111111" StaticText (retry 1)
    t =    53.92s     Find the "knowledge.note.11111111-1111-4111-8111-111111111111" StaticText (retry 2)
    t =    54.01s Swipe up Target Application 'space.go2china.VisePanda'
    t =    54.01s     Wait for space.go2china.VisePanda to idle
    t =    54.02s     Find the Target Application 'space.go2china.VisePanda'
    t =    54.06s     Check for interrupting elements affecting "VisePanda" Application
    t =    54.25s Find the "knowledge.note.11111111-1111-4111-8111-111111111111" StaticText
    t =    55.51s     Find the "knowledge.note.11111111-1111-4111-8111-111111111111" StaticText (retry 1)
    t =    56.63s     Find the "knowledge.note.11111111-1111-4111-8111-111111111111" StaticText (retry 2)
    t =    56.70s Swipe up Target Application 'space.go2china.VisePanda'
    t =    56.70s     Wait for space.go2china.VisePanda to idle
    t =    56.71s     Find the Target Application 'space.go2china.VisePanda'
    t =    56.79s     Check for interrupting elements affecting "VisePanda" Application
    t =    56.91s Find the "knowledge.note.11111111-1111-4111-8111-111111111111" StaticText
    t =    57.98s     Find the "knowledge.note.11111111-1111-4111-8111-111111111111" StaticText (retry 1)
    t =    59.10s     Find the "knowledge.note.11111111-1111-4111-8111-111111111111" StaticText (retry 2)
    t =    59.16s Swipe up Target Application 'space.go2china.VisePanda'
    t =    59.16s     Wait for space.go2china.VisePanda to idle
    t =    59.16s     Find the Target Application 'space.go2china.VisePanda'
    t =    59.20s     Check for interrupting elements affecting "VisePanda" Application
    t =    59.31s Find the "knowledge.note.11111111-1111-4111-8111-111111111111" StaticText
    t =    60.43s     Find the "knowledge.note.11111111-1111-4111-8111-111111111111" StaticText (retry 1)
    t =    61.56s     Find the "knowledge.note.11111111-1111-4111-8111-111111111111" StaticText (retry 2)
    t =    61.61s Swipe up Target Application 'space.go2china.VisePanda'
    t =    61.62s     Wait for space.go2china.VisePanda to idle
    t =    61.62s     Find the Target Application 'space.go2china.VisePanda'
    t =    61.66s     Check for interrupting elements affecting "VisePanda" Application
    t =    61.72s Find the "knowledge.note.11111111-1111-4111-8111-111111111111" StaticText
    t =    62.79s     Find the "knowledge.note.11111111-1111-4111-8111-111111111111" StaticText (retry 1)
    t =    63.89s     Find the "knowledge.note.11111111-1111-4111-8111-111111111111" StaticText (retry 2)
    t =    64.04s Swipe up Target Application 'space.go2china.VisePanda'
    t =    64.04s     Wait for space.go2china.VisePanda to idle
    t =    64.05s     Find the Target Application 'space.go2china.VisePanda'
    t =    64.11s     Check for interrupting elements affecting "VisePanda" Application
    t =    64.17s Find the "knowledge.note.11111111-1111-4111-8111-111111111111" StaticText
    t =    65.23s     Find the "knowledge.note.11111111-1111-4111-8111-111111111111" StaticText (retry 1)
    t =    66.29s     Find the "knowledge.note.11111111-1111-4111-8111-111111111111" StaticText (retry 2)
    t =    66.34s Swipe up Target Application 'space.go2china.VisePanda'
    t =    66.35s     Wait for space.go2china.VisePanda to idle
    t =    66.35s     Find the Target Application 'space.go2china.VisePanda'
    t =    66.40s     Check for interrupting elements affecting "VisePanda" Application
    t =    66.45s Find the "knowledge.note.11111111-1111-4111-8111-111111111111" StaticText
    t =    67.52s     Find the "knowledge.note.11111111-1111-4111-8111-111111111111" StaticText (retry 1)
    t =    68.57s     Find the "knowledge.note.11111111-1111-4111-8111-111111111111" StaticText (retry 2)
    t =    68.61s Swipe up Target Application 'space.go2china.VisePanda'
    t =    68.61s     Wait for space.go2china.VisePanda to idle
    t =    68.61s     Find the Target Application 'space.go2china.VisePanda'
    t =    68.63s     Check for interrupting elements affecting "VisePanda" Application
    t =    68.65s Find the "knowledge.note.11111111-1111-4111-8111-111111111111" StaticText
    t =    69.68s     Find the "knowledge.note.11111111-1111-4111-8111-111111111111" StaticText (retry 1)
    t =    70.73s     Find the "knowledge.note.11111111-1111-4111-8111-111111111111" StaticText (retry 2)
    t =    70.78s Find the "knowledge.note.11111111-1111-4111-8111-111111111111" StaticText
    t =    71.81s     Find the "knowledge.note.11111111-1111-4111-8111-111111111111" StaticText (retry 1)
    t =    72.86s     Find the "knowledge.note.11111111-1111-4111-8111-111111111111" StaticText (retry 2)
    t =    72.88s     Collecting debug information to assist test failure triage
    t =    72.88s         Requesting snapshot of accessibility hierarchy for app with pid 27529
    t =    72.91s     Requesting snapshot of accessibility hierarchy for app with pid 27529
    t =    72.93s     Find: Descendants matching type StaticText
    t =    72.94s     Find: Elements matching predicate '"knowledge.note.11111111-1111-4111-8111-111111111111" IN identifiers'
    t =    72.94s     Requesting snapshot of accessibility hierarchy for app with pid 27529
    t =    72.98s Checking existence of `"适用条件" StaticText`
    t =    73.00s Checking existence of `"不包含" StaticText`
    t =    73.01s Find the Target Application 'space.go2china.VisePanda'
    t =    73.14s Added attachment named 'knowledge-zh-Hans-read'
    t =    73.14s Tear Down
    t =    73.16s     Find the "knowledge.refresh" Button
    t =    73.21s     Find the "knowledge.refresh" Button
    t =    73.24s     Find the "knowledge.refresh" Button
    t =    73.27s     Find the "knowledge.refresh" Button
    t =    73.29s     Find the "knowledge.refresh" Button
    t =    73.32s     Find the "knowledge.refresh" Button
    t =    73.35s     Find the "knowledge.refresh" Button
    t =    73.38s     Find the "knowledge.refresh" Button
    t =    73.41s     Find the "knowledge.refresh" Button
    t =    73.43s     Tap "knowledge.refresh" Button
    t =    73.43s         Wait for space.go2china.VisePanda to idle
    t =    73.45s         Find the "knowledge.refresh" Button
    t =    73.47s         Check for interrupting elements affecting "knowledge.refresh" Button
    t =    73.49s         Synthesize event
    t =    73.80s         Wait for space.go2china.VisePanda to idle
    t =    73.82s     Waiting 20.0s for "knowledge.empty" StaticText to exist
    t =    74.86s         Checking `Expect predicate `existsNoRetry == 1` for object "knowledge.empty" StaticText`
    t =    74.86s             Checking existence of `"knowledge.empty" StaticText`
    t =    74.90s     Checking existence of `"knowledge.note.11111111-1111-4111-8111-111111111111" StaticText`
Test Case '-[VisePandaUITests.NativeKnowledgeUITests testChineseRefreshCredentialsReadAndWithdraw]' failed (74.926 seconds).
2026-09-13 00:34:55.385293+0800 VisePandaUITests-Runner[27519:344460] [Default] Flushing outgoing messages to the IDE with timeout 600.00s
2026-09-13 00:34:55.385427+0800 VisePandaUITests-Runner[27519:344509] [Default] Received confirmation that IDE processed remaining outgoing messages
2026-09-13 00:34:56.545980+0800 VisePandaUITests-Runner[27832:347451] [Default] Running tests...
    t =      nans Interface orientation changed to Portrait

Restarting after unexpected exit, crash, or test timeout; summary will include totals from previous launches.

Test Suite 'Selected tests' started at 2026-09-13 上午12:34:57.533.
Test Suite 'VisePandaUITests.xctest' started at 2026-09-13 上午12:34:57.534.
Test Suite 'NativeKnowledgeUITests' started at 2026-09-13 上午12:34:57.534.
Test Case '-[VisePandaUITests.NativeKnowledgeUITests testEnglishRefreshCredentialsReadAndWithdraw]' started.
    t =     0.00s Start Test at 2026-09-13 上午12:34:57.536
    t =     0.04s Set Up
    t =     0.09s Open space.go2china.VisePanda
    t =     0.09s     Launch space.go2china.VisePanda
2026-09-13 00:34:57.632 xcodebuild[27517:344124] [MT] IDELaunchParametersSnapshot: The operation couldn’t be completed. (DebuggerLLDB.DebuggerVersionStore.StoreError error 0.)
2026-09-13 00:34:57.633 xcodebuild[27517:344124] [MT] IDELaunchParametersSnapshot: no debugger version
    t =     0.31s         Setting up automation session
    t =     2.14s         Wait for space.go2china.VisePanda to idle
    t =     4.42s Tap "Profile" Button
    t =     4.42s     Wait for space.go2china.VisePanda to idle
    t =     4.43s     Find the "Profile" Button
    t =     4.67s     Check for interrupting elements affecting "Profile" Button
    t =     4.74s     Synthesize event
    t =     5.07s     Wait for space.go2china.VisePanda to idle
    t =     6.80s Waiting 2.0s for "Sign out" Button to exist
    t =     7.88s     Checking `Expect predicate `existsNoRetry == 1` for object "Sign out" Button`
    t =     7.88s         Checking existence of `"Sign out" Button`
    t =     7.96s Find the "Sign out" Button
    t =     8.01s Find the "Sign out" Button
    t =     8.06s Find the "Sign out" Button
    t =     8.10s Find the "Sign out" Button
    t =     8.15s Find the "Sign out" Button
    t =     8.20s Find the "Sign out" Button
    t =     8.25s Find the "Sign out" Button
    t =     8.30s Find the "Sign out" Button
    t =     8.35s Find the "Sign out" Button
    t =     8.39s Tap "Sign out" Button
    t =     8.39s     Wait for space.go2china.VisePanda to idle
    t =     8.40s     Find the "Sign out" Button
    t =     8.44s     Check for interrupting elements affecting "Sign out" Button
    t =     8.48s     Synthesize event
    t =     8.77s     Wait for space.go2china.VisePanda to idle
    t =     9.34s Waiting 10.0s for "native.login.email" TextField to exist
    t =    10.41s     Checking `Expect predicate `existsNoRetry == 1` for object "native.login.email" TextField`
    t =    10.41s         Checking existence of `"native.login.email" TextField`
    t =    10.50s Find the "native.login.email" TextField
    t =    10.54s Find the "native.login.email" TextField
    t =    10.58s Find the "native.login.email" TextField
    t =    10.63s Find the "native.login.email" TextField
    t =    10.67s Find the "native.login.email" TextField
    t =    10.71s Find the "native.login.email" TextField
    t =    10.75s Find the "native.login.email" TextField
    t =    10.79s Find the "native.login.email" TextField
    t =    10.83s Find the "native.login.email" TextField
    t =    10.87s Tap "native.login.email" TextField
    t =    10.87s     Wait for space.go2china.VisePanda to idle
    t =    10.88s     Find the "native.login.email" TextField
    t =    10.91s     Check for interrupting elements affecting "native.login.email" TextField
    t =    10.94s     Synthesize event
    t =    11.23s     Wait for space.go2china.VisePanda to idle
    t =    11.47s Type 'knowledge-ui@examp...' into "native.login.email" TextField
    t =    11.47s     Wait for space.go2china.VisePanda to idle
    t =    11.95s     Find the "native.login.email" TextField
    t =    12.02s     Check for interrupting elements affecting "native.login.email" TextField
    t =    12.06s     Synthesize event
    t =    12.68s     Wait for space.go2china.VisePanda to idle
    t =    12.69s Find the "native.login.password" SecureTextField
    t =    12.75s Find the "native.login.password" SecureTextField
    t =    12.81s Find the "native.login.password" SecureTextField
    t =    12.87s Find the "native.login.password" SecureTextField
    t =    12.94s Find the "native.login.password" SecureTextField
    t =    13.00s Find the "native.login.password" SecureTextField
    t =    13.08s Find the "native.login.password" SecureTextField
    t =    13.16s Find the "native.login.password" SecureTextField
    t =    13.25s Find the "native.login.password" SecureTextField
    t =    13.35s Tap "native.login.password" SecureTextField
    t =    13.35s     Wait for space.go2china.VisePanda to idle
    t =    13.35s     Find the "native.login.password" SecureTextField
    t =    13.44s     Check for interrupting elements affecting "native.login.password" SecureTextField
    t =    13.51s     Synthesize event
    t =    13.82s     Wait for space.go2china.VisePanda to idle
    t =    13.87s Type '<redacted>' into "native.login.password" SecureTextField
    t =    13.87s     Wait for space.go2china.VisePanda to idle
    t =    13.88s     Find the "native.login.password" SecureTextField
    t =    14.01s     Check for interrupting elements affecting "native.login.password" SecureTextField
    t =    14.16s     Synthesize event
    t =    14.62s     Wait for space.go2china.VisePanda to idle
    t =    14.63s Find the "native.login.submit" Button
    t =    14.84s Find the "native.login.submit" Button
    t =    15.00s Find the "native.login.submit" Button
    t =    15.14s Find the "native.login.submit" Button
    t =    15.26s Find the "native.login.submit" Button
    t =    15.36s Find the "native.login.submit" Button
    t =    15.45s Find the "native.login.submit" Button
    t =    15.53s Find the "native.login.submit" Button
    t =    15.62s Find the "native.login.submit" Button
    t =    15.70s Tap "native.login.submit" Button
    t =    15.70s     Wait for space.go2china.VisePanda to idle
    t =    15.70s     Find the "native.login.submit" Button
    t =    15.77s     Check for interrupting elements affecting "native.login.submit" Button
    t =    15.83s     Synthesize event
    t =    16.13s     Wait for space.go2china.VisePanda to idle
objc[27832]: Class UIAccessibilityLoaderWebShared is implemented in both /Library/Developer/CoreSimulator/Volumes/iOS_23F77/Library/Developer/CoreSimulator/Profiles/Runtimes/iOS 26.5.simruntime/Contents/Resources/RuntimeRoot/System/Library/AccessibilityBundles/WebCore.axbundle/WebCore (0x10a990310) and /Library/Developer/CoreSimulator/Volumes/iOS_23F77/Library/Developer/CoreSimulator/Profiles/Runtimes/iOS 26.5.simruntime/Contents/Resources/RuntimeRoot/System/Library/AccessibilityBundles/WebKit.axbundle/WebKit (0x10a440398). This may cause spurious casting failures and mysterious crashes. One of the duplicates must be removed or renamed.
    t =    17.44s Checking `Expect predicate `label == "Session active"` for object "native.session.status" StaticText`
    t =    17.44s     Find the "native.session.status" StaticText
    t =    17.49s Waiting 20.0s for "Session active" StaticText to exist
    t =    18.54s     Checking `Expect predicate `existsNoRetry == 1` for object "Session active" StaticText`
    t =    18.55s         Checking existence of `"Session active" StaticText`
    t =    18.62s Tap "Explore" Button
    t =    18.62s     Wait for space.go2china.VisePanda to idle
    t =    18.62s     Find the "Explore" Button
    t =    18.66s     Check for interrupting elements affecting "safari" Button
    t =    18.69s     Synthesize event
    t =    18.98s     Wait for space.go2china.VisePanda to idle
    t =    20.27s Waiting 20.0s for "knowledge.empty" StaticText to exist
    t =    21.34s     Checking `Expect predicate `existsNoRetry == 1` for object "knowledge.empty" StaticText`
    t =    21.34s         Checking existence of `"knowledge.empty" StaticText`
/Users/jtcao/Documents/VP-V4-S2-Knowledge-Publish/ios/VisePanda/VisePandaUITests/NativeKnowledgeUITests.swift:39: error: -[VisePandaUITests.NativeKnowledgeUITests testEnglishRefreshCredentialsReadAndWithdraw] : XCTAssertEqual failed: ("Optional(3)") is not equal to ("Optional(4)") - Near-expiry token must refresh without its view cancelling it
    t =    21.43s Checking existence of `"knowledge.scene" Button`
    t =    21.45s Tap "knowledge.scene" Button
    t =    21.45s     Wait for space.go2china.VisePanda to idle
    t =    21.46s     Find the "knowledge.scene" Button
    t =    21.48s     Check for interrupting elements affecting "knowledge.scene" Button
    t =    21.50s Tap "Payment" Button
    t =    21.50s     Wait for space.go2china.VisePanda to idle
    t =    21.50s     Find the "Payment" Button
    t =    22.52s         Find the "Payment" Button (retry 1)
    t =    23.57s         Find the "Payment" Button (retry 2)
    t =    23.61s Requesting snapshot of accessibility hierarchy for app with pid 27833
    t =    23.64s Waiting 20.0s for "knowledge.note.11111111-1111-4111-8111-111111111111" StaticText to exist
    t =    24.70s     Checking `Expect predicate `existsNoRetry == 1` for object "knowledge.note.11111111-1111-4111-8111-111111111111" StaticText`
    t =    24.70s         Checking existence of `"knowledge.note.11111111-1111-4111-8111-111111111111" StaticText`
    t =    24.75s         Capturing element debug description
    t =    25.71s     Checking `Expect predicate `existsNoRetry == 1` for object "knowledge.note.11111111-1111-4111-8111-111111111111" StaticText`
    t =    25.71s         Checking existence of `"knowledge.note.11111111-1111-4111-8111-111111111111" StaticText`
    t =    25.75s         Capturing element debug description
    t =    26.72s     Checking `Expect predicate `existsNoRetry == 1` for object "knowledge.note.11111111-1111-4111-8111-111111111111" StaticText`
    t =    26.72s         Checking existence of `"knowledge.note.11111111-1111-4111-8111-111111111111" StaticText`
    t =    26.76s         Capturing element debug description
    t =    27.73s     Checking `Expect predicate `existsNoRetry == 1` for object "knowledge.note.11111111-1111-4111-8111-111111111111" StaticText`
    t =    27.73s         Checking existence of `"knowledge.note.11111111-1111-4111-8111-111111111111" StaticText`
    t =    27.77s         Capturing element debug description
    t =    28.74s     Checking `Expect predicate `existsNoRetry == 1` for object "knowledge.note.11111111-1111-4111-8111-111111111111" StaticText`
    t =    28.74s         Checking existence of `"knowledge.note.11111111-1111-4111-8111-111111111111" StaticText`
    t =    28.77s         Capturing element debug description
    t =    29.74s     Checking `Expect predicate `existsNoRetry == 1` for object "knowledge.note.11111111-1111-4111-8111-111111111111" StaticText`
    t =    29.74s         Checking existence of `"knowledge.note.11111111-1111-4111-8111-111111111111" StaticText`
    t =    29.78s         Capturing element debug description
Testing started
In flight operation:   <DVTOperationGroup: 0xbc8352a00; state = AREfc>
     <DVTOperationGroup: 0xbc8352b80; state = AREfc>
         <DVTOperation: 0xbcaa6bac0; name = 'Remove Log If Needed', state = aReFc>
         <DVTOperationGroup: 0xbc8352280; state = AREfc>
             <DVTOperationGroup: 0xbc8352400; state = AREfc>
                 <__DVTSwiftAsyncOperation: 0xbc8351e00; state = AReFc>
                 <__DVTSwiftAsyncOperation: 0xbc8352100; state = AReFc>
                 <DVTOperation: 0xbcaa68c80; state = aReFc>
                 <IDESchemeActionResultOperation: 0xbc8351680; state = Arefc>
                 <DVTOperation: 0xbcaa6b980; state = arefc>
                 <__DVTSwiftAsyncOperation: 0xbc8351c80; state = AReFc>
                 <__DVTSwiftAsyncOperation: 0xbc8351f80; state = AReFc>
                 <DVTOperation: 0xbcaa68f00; state = arefc>
                 <DVTOperationGroup: 0xbc8351200; state = AREf!c, blocking { Blocking finish to clean up test session. }>
                     <DVTOperation: 0xbcaa68500; state = aReFc>
                     <XCTHOperationGroup: 0xbc8350f00>
                         <XCTHOperationGroup: 0xbc8351080>
                             <XCTHOperationGroup: 0xbc8351380>
                                 <XCTHOperationGroup: 0xbc8351980>{name = 'com.apple.dt.xctest.target-runner'}(Finishing blocked for reasons:
  waiting for workers to materialize
  )
                                     <XCTHOperationGroup: 0xbc8352880>
                                         <XCTHOperationGroup: 0xbc824cd80>
                                             <IDERunOperation: 0xbc824ca80; state = aReF!c, blocking { XCTHTestOperationCoordinator processing delay, Blocking finish to allow restarting of crashed test operations., Waiting for -runningDidFinish call. }>
                                             worker: <IDERunOperationWorkerGroup: 0xbc8249380, unfinished subworkers :
					<_IDEInstalliPhoneSimulatorWorker: 0xbc90fa760 -- ExtensionIdentifier: Xcode.IDEiPhoneSimulatorSupport.DeviceService.Install>
					<IDELaunchiPhoneSimulatorLauncher: 0xbca9f4b60 -- ExtensionIdentifier: Xcode.IDEiPhoneSimulatorSupport.Launch>
				 >

                                             tracker: <IDEExecutionOperationTracker: 0xbcaadf5d0: Testing workspace VisePanda with scheme VisePanda
	subtrackers=(
    "<IDEExecutionRunnableTracker: 0xbca71f720: subtrackers=none>",
    "<IDEExecutionRunnableTracker: 0xbcc9ed800: subtrackers=none>"
)>

                             <XCTHOperation: 0xbcaa68b40>
                 <DVTOperation: 0xbcaa68dc0; state = aReFc>
         <_IDETestingFinalizeLogsOperation: 0xbcaa6bc00; name = 'Finalize test log', state = aref!c, blocking { waiting for test log to finish recording }>
In flight operation:   <IDERunOperation: 0xbc824d080; state = aReF!c, blocking { Waiting for -runningDidFinish call. }>
  worker: <IDERunOperationWorkerGroup: 0xbc824ad00, unfinished subworkers :
					<_IDEInstalliPhoneSimulatorWorker: 0xbc90fa4e0 -- ExtensionIdentifier: Xcode.IDEiPhoneSimulatorSupport.DeviceService.Install>
					<IDELaunchiPhoneSimulatorLauncher: 0xbca9f41c0 -- ExtensionIdentifier: Xcode.IDEiPhoneSimulatorSupport.Launch>
				 >

  tracker: <IDEExecutionOperationTracker: 0xbcc9f3f00: Launch application space.go2china.VisePanda for UI testing.
	subtrackers=(
    "<IDEExecutionRunnableTracker: 0xbc9c44c00: subtrackers=none>"
)>

<DVTOperationGroup: 0xbc8352a00; state = AREfc> created at:
  0   -[DVTOperation init] (in DVTFoundation)
  1   -[DVTOperationGroup init] (in DVTFoundation)
  2   +[DVTOperationGroup operationGroupWithSuboperations:] (in DVTFoundation)
  3   -[IDEScheme _groupAndImposeDependenciesForOrderedOperations:] (in IDEFoundation)
  4   -[IDEScheme _executionOperationForSchemeOperationParameters:build:onlyBuild:buildParameters:title:buildLog:dontActuallyRunCommands:restorePersistedBuildResults:deviceAvailableChecker:error:actionCallbackBlock:] (in IDEFoundation)
  5   -[IDEScheme(TestSchemeAction) schemeTestActionOperationForSchemeOperationParameters:onlyBuild:buildLog:deviceAvailableChecker:buildParameters:shouldBuild:restorePersistedBuildResults:error:completionBlock:] (in IDEFoundation)
  6   -[IDEScheme buildAndActionTaskForSchemeOperationParameters:shouldBuild:onlyBuild:buildParameters:buildLog:deviceAvailableChecker:restorePersistedBuildResults:dontActuallyRunCommands:error:completionBlock:] (in IDEFoundation)
  7   -[IDEScheme schemeOperationForSchemeOperationParameters:buildLog:overridingProperties:overridingBuildConfiguration:dontActuallyRunCommands:restorePersistedBuildResults:deviceAvailableChecker:error:completionBlock:] (in IDEFoundation)
  8   -[IDEScheme schemeOperationForSchemeOperationParameters:buildLog:overridingProperties:overridingBuildConfiguration:dontActuallyRunCommands:restorePersistedBuildResults:error:completionBlock:] (in IDEFoundation)
  9   -[Xcode3CommandLineBuildTool(TestSchemeAction) buildForTestSchemeCommandWantsSkip:buildAction:isProjectBuild:title:buildLog:isMoreDestinationsPending:runDestinations:runDestination:schemeCommand:executionEnvironment:restorePersistedBuildResults:operationToEnqueue:error:] (in Xcode3Core)
 10   -[Xcode3CommandLineBuildTool doSchemeBuildWithRunDestinations:runDestinationIdx:wantsSkip:buildActionTimingSection:timingSection:buildAction:isMoreDesinationsPending:actionResultBlock:title:buildLog:executionEnvironment:restorePersistedBuildResults:operationToEnqueue:error:] (in Xcode3Core)
 11   -[Xcode3CommandLineBuildTool doBuildForBuildAction:timingSection:colorize:colorizeFailure:error:] (in Xcode3Core)
 12   -[Xcode3CommandLineBuildTool _buildWithTimingSection:] (in Xcode3Core)
 13   -[Xcode3CommandLineBuildTool run] (in Xcode3Core)
 14   XcodeBuildMain (in libxcodebuildLoader.dylib)
 15   -[XcodebuildPreIDEHandler loadXcode3ProjectSupportAndRunXcode3CommandLineBuildToolWithArguments:] (in xcodebuild)
 16   -[XcodebuildPreIDEHandler runWithArguments:] (in xcodebuild)
 17   main (in xcodebuild)
 18   start (in dyld)

<DVTOperationGroup: 0xbc8352b80; state = AREfc> created at:
  0   -[DVTOperation init] (in DVTFoundation)
  1   -[DVTOperationGroup init] (in DVTFoundation)
  2   +[DVTOperationGroup operationGroupWithSuboperations:] (in DVTFoundation)
  3   -[IDETestSchemeAction testOperationWithSchemeOperationParameters:testManager:buildOperation:buildParameters:schemeCommand:actionRecord:testPlanRunSpecifications:deviceAvailableChecker:outError:actionCallbackBlock:] (in IDEFoundation)
  4   -[IDEScheme(TestSchemeAction) executionOperationForTestSchemeActionWithOperationParameters:command:buildOperationVariantSpecifiers:buildOperationGroup:schemeActionResult:buildParameters:shouldOnlyBuild:runDestination:orderedOperations:schemeActionRecord:deviceAvailableChecker:actionCallbackBlock:error:] (in IDEFoundation)
  5   -[IDEScheme _executionOperationForSchemeOperationParameters:build:onlyBuild:buildParameters:title:buildLog:dontActuallyRunCommands:restorePersistedBuildResults:deviceAvailableChecker:error:actionCallbackBlock:] (in IDEFoundation)
  6   -[IDEScheme(TestSchemeAction) schemeTestActionOperationForSchemeOperationParameters:onlyBuild:buildLog:deviceAvailableChecker:buildParameters:shouldBuild:restorePersistedBuildResults:error:completionBlock:] (in IDEFoundation)
  7   -[IDEScheme buildAndActionTaskForSchemeOperationParameters:shouldBuild:onlyBuild:buildParameters:buildLog:deviceAvailableChecker:restorePersistedBuildResults:dontActuallyRunCommands:error:completionBlock:] (in IDEFoundation)
  8   -[IDEScheme schemeOperationForSchemeOperationParameters:buildLog:overridingProperties:overridingBuildConfiguration:dontActuallyRunCommands:restorePersistedBuildResults:deviceAvailableChecker:error:completionBlock:] (in IDEFoundation)
  9   -[IDEScheme schemeOperationForSchemeOperationParameters:buildLog:overridingProperties:overridingBuildConfiguration:dontActuallyRunCommands:restorePersistedBuildResults:error:completionBlock:] (in IDEFoundation)
 10   -[Xcode3CommandLineBuildTool(TestSchemeAction) buildForTestSchemeCommandWantsSkip:buildAction:isProjectBuild:title:buildLog:isMoreDestinationsPending:runDestinations:runDestination:schemeCommand:executionEnvironment:restorePersistedBuildResults:operationToEnqueue:error:] (in Xcode3Core)
 11   -[Xcode3CommandLineBuildTool doSchemeBuildWithRunDestinations:runDestinationIdx:wantsSkip:buildActionTimingSection:timingSection:buildAction:isMoreDesinationsPending:actionResultBlock:title:buildLog:executionEnvironment:restorePersistedBuildResults:operationToEnqueue:error:] (in Xcode3Core)
 12   -[Xcode3CommandLineBuildTool doBuildForBuildAction:timingSection:colorize:colorizeFailure:error:] (in Xcode3Core)
 13   -[Xcode3CommandLineBuildTool _buildWithTimingSection:] (in Xcode3Core)
 14   -[Xcode3CommandLineBuildTool run] (in Xcode3Core)
 15   XcodeBuildMain (in libxcodebuildLoader.dylib)
 16   -[XcodebuildPreIDEHandler loadXcode3ProjectSupportAndRunXcode3CommandLineBuildToolWithArguments:] (in xcodebuild)
 17   -[XcodebuildPreIDEHandler runWithArguments:] (in xcodebuild)
 18   main (in xcodebuild)
 19   start (in dyld)

<DVTOperation: 0xbcaa6bac0; name = 'Remove Log If Needed', state = aReFc> created at:
  0   -[DVTOperation init] (in DVTFoundation)
  1   +[DVTOperation(DVTConveniences) operationWithBlock:] (in DVTFoundation)
  2   -[IDETestSchemeAction _removeLogIfNeededOperationWithLogStore:logRecord:buildOperation:] (in IDEFoundation)
  3   -[IDETestSchemeAction testOperationWithSchemeOperationParameters:testManager:buildOperation:buildParameters:schemeCommand:actionRecord:testPlanRunSpecifications:deviceAvailableChecker:outError:actionCallbackBlock:] (in IDEFoundation)
  4   -[IDEScheme(TestSchemeAction) executionOperationForTestSchemeActionWithOperationParameters:command:buildOperationVariantSpecifiers:buildOperationGroup:schemeActionResult:buildParameters:shouldOnlyBuild:runDestination:orderedOperations:schemeActionRecord:deviceAvailableChecker:actionCallbackBlock:error:] (in IDEFoundation)
  5   -[IDEScheme _executionOperationForSchemeOperationParameters:build:onlyBuild:buildParameters:title:buildLog:dontActuallyRunCommands:restorePersistedBuildResults:deviceAvailableChecker:error:actionCallbackBlock:] (in IDEFoundation)
  6   -[IDEScheme(TestSchemeAction) schemeTestActionOperationForSchemeOperationParameters:onlyBuild:buildLog:deviceAvailableChecker:buildParameters:shouldBuild:restorePersistedBuildResults:error:completionBlock:] (in IDEFoundation)
  7   -[IDEScheme buildAndActionTaskForSchemeOperationParameters:shouldBuild:onlyBuild:buildParameters:buildLog:deviceAvailableChecker:restorePersistedBuildResults:dontActuallyRunCommands:error:completionBlock:] (in IDEFoundation)
  8   -[IDEScheme schemeOperationForSchemeOperationParameters:buildLog:overridingProperties:overridingBuildConfiguration:dontActuallyRunCommands:restorePersistedBuildResults:deviceAvailableChecker:error:completionBlock:] (in IDEFoundation)
  9   -[IDEScheme schemeOperationForSchemeOperationParameters:buildLog:overridingProperties:overridingBuildConfiguration:dontActuallyRunCommands:restorePersistedBuildResults:error:completionBlock:] (in IDEFoundation)
 10   -[Xcode3CommandLineBuildTool(TestSchemeAction) buildForTestSchemeCommandWantsSkip:buildAction:isProjectBuild:title:buildLog:isMoreDestinationsPending:runDestinations:runDestination:schemeCommand:executionEnvironment:restorePersistedBuildResults:operationToEnqueue:error:] (in Xcode3Core)
 11   -[Xcode3CommandLineBuildTool doSchemeBuildWithRunDestinations:runDestinationIdx:wantsSkip:buildActionTimingSection:timingSection:buildAction:isMoreDesinationsPending:actionResultBlock:title:buildLog:executionEnvironment:restorePersistedBuildResults:operationToEnqueue:error:] (in Xcode3Core)
 12   -[Xcode3CommandLineBuildTool doBuildForBuildAction:timingSection:colorize:colorizeFailure:error:] (in Xcode3Core)
 13   -[Xcode3CommandLineBuildTool _buildWithTimingSection:] (in Xcode3Core)
 14   -[Xcode3CommandLineBuildTool run] (in Xcode3Core)
 15   XcodeBuildMain (in libxcodebuildLoader.dylib)
 16   -[XcodebuildPreIDEHandler loadXcode3ProjectSupportAndRunXcode3CommandLineBuildToolWithArguments:] (in xcodebuild)
 17   -[XcodebuildPreIDEHandler runWithArguments:] (in xcodebuild)
 18   main (in xcodebuild)
 19   start (in dyld)

<DVTOperationGroup: 0xbc8352280; state = AREfc> created at:
  0   -[DVTOperation init] (in DVTFoundation)
  1   -[DVTOperationGroup init] (in DVTFoundation)
  2   +[DVTOperationGroup operationGroupWithSuboperations:] (in DVTFoundation)
  3   -[IDETestSchemeAction testOperationWithSchemeOperationParameters:testManager:buildOperation:buildParameters:schemeCommand:actionRecord:testPlanRunSpecifications:deviceAvailableChecker:outError:actionCallbackBlock:] (in IDEFoundation)
  4   -[IDEScheme(TestSchemeAction) executionOperationForTestSchemeActionWithOperationParameters:command:buildOperationVariantSpecifiers:buildOperationGroup:schemeActionResult:buildParameters:shouldOnlyBuild:runDestination:orderedOperations:schemeActionRecord:deviceAvailableChecker:actionCallbackBlock:error:] (in IDEFoundation)
  5   -[IDEScheme _executionOperationForSchemeOperationParameters:build:onlyBuild:buildParameters:title:buildLog:dontActuallyRunCommands:restorePersistedBuildResults:deviceAvailableChecker:error:actionCallbackBlock:] (in IDEFoundation)
  6   -[IDEScheme(TestSchemeAction) schemeTestActionOperationForSchemeOperationParameters:onlyBuild:buildLog:deviceAvailableChecker:buildParameters:shouldBuild:restorePersistedBuildResults:error:completionBlock:] (in IDEFoundation)
  7   -[IDEScheme buildAndActionTaskForSchemeOperationParameters:shouldBuild:onlyBuild:buildParameters:buildLog:deviceAvailableChecker:restorePersistedBuildResults:dontActuallyRunCommands:error:completionBlock:] (in IDEFoundation)
  8   -[IDEScheme schemeOperationForSchemeOperationParameters:buildLog:overridingProperties:overridingBuildConfiguration:dontActuallyRunCommands:restorePersistedBuildResults:deviceAvailableChecker:error:completionBlock:] (in IDEFoundation)
  9   -[IDEScheme schemeOperationForSchemeOperationParameters:buildLog:overridingProperties:overridingBuildConfiguration:dontActuallyRunCommands:restorePersistedBuildResults:error:completionBlock:] (in IDEFoundation)
 10   -[Xcode3CommandLineBuildTool(TestSchemeAction) buildForTestSchemeCommandWantsSkip:buildAction:isProjectBuild:title:buildLog:isMoreDestinationsPending:runDestinations:runDestination:schemeCommand:executionEnvironment:restorePersistedBuildResults:operationToEnqueue:error:] (in Xcode3Core)
 11   -[Xcode3CommandLineBuildTool doSchemeBuildWithRunDestinations:runDestinationIdx:wantsSkip:buildActionTimingSection:timingSection:buildAction:isMoreDesinationsPending:actionResultBlock:title:buildLog:executionEnvironment:restorePersistedBuildResults:operationToEnqueue:error:] (in Xcode3Core)
 12   -[Xcode3CommandLineBuildTool doBuildForBuildAction:timingSection:colorize:colorizeFailure:error:] (in Xcode3Core)
 13   -[Xcode3CommandLineBuildTool _buildWithTimingSection:] (in Xcode3Core)
 14   -[Xcode3CommandLineBuildTool run] (in Xcode3Core)
 15   XcodeBuildMain (in libxcodebuildLoader.dylib)
 16   -[XcodebuildPreIDEHandler loadXcode3ProjectSupportAndRunXcode3CommandLineBuildToolWithArguments:] (in xcodebuild)
 17   -[XcodebuildPreIDEHandler runWithArguments:] (in xcodebuild)
 18   main (in xcodebuild)
 19   start (in dyld)

<DVTOperationGroup: 0xbc8352400; state = AREfc> created at:
  0   -[DVTOperation init] (in DVTFoundation)
  1   -[DVTOperationGroup init] (in DVTFoundation)
  2   +[DVTOperationGroup operationGroupWithSuboperations:] (in DVTFoundation)
  3   -[IDETestSchemeAction testOperationWithSchemeOperationParameters:testManager:buildOperation:buildParameters:schemeCommand:actionRecord:testPlanRunSpecifications:deviceAvailableChecker:outError:actionCallbackBlock:] (in IDEFoundation)
  4   -[IDEScheme(TestSchemeAction) executionOperationForTestSchemeActionWithOperationParameters:command:buildOperationVariantSpecifiers:buildOperationGroup:schemeActionResult:buildParameters:shouldOnlyBuild:runDestination:orderedOperations:schemeActionRecord:deviceAvailableChecker:actionCallbackBlock:error:] (in IDEFoundation)
  5   -[IDEScheme _executionOperationForSchemeOperationParameters:build:onlyBuild:buildParameters:title:buildLog:dontActuallyRunCommands:restorePersistedBuildResults:deviceAvailableChecker:error:actionCallbackBlock:] (in IDEFoundation)
  6   -[IDEScheme(TestSchemeAction) schemeTestActionOperationForSchemeOperationParameters:onlyBuild:buildLog:deviceAvailableChecker:buildParameters:shouldBuild:restorePersistedBuildResults:error:completionBlock:] (in IDEFoundation)
  7   -[IDEScheme buildAndActionTaskForSchemeOperationParameters:shouldBuild:onlyBuild:buildParameters:buildLog:deviceAvailableChecker:restorePersistedBuildResults:dontActuallyRunCommands:error:completionBlock:] (in IDEFoundation)
  8   -[IDEScheme schemeOperationForSchemeOperationParameters:buildLog:overridingProperties:overridingBuildConfiguration:dontActuallyRunCommands:restorePersistedBuildResults:deviceAvailableChecker:error:completionBlock:] (in IDEFoundation)
  9   -[IDEScheme schemeOperationForSchemeOperationParameters:buildLog:overridingProperties:overridingBuildConfiguration:dontActuallyRunCommands:restorePersistedBuildResults:error:completionBlock:] (in IDEFoundation)
 10   -[Xcode3CommandLineBuildTool(TestSchemeAction) buildForTestSchemeCommandWantsSkip:buildAction:isProjectBuild:title:buildLog:isMoreDestinationsPending:runDestinations:runDestination:schemeCommand:executionEnvironment:restorePersistedBuildResults:operationToEnqueue:error:] (in Xcode3Core)
 11   -[Xcode3CommandLineBuildTool doSchemeBuildWithRunDestinations:runDestinationIdx:wantsSkip:buildActionTimingSection:timingSection:buildAction:isMoreDesinationsPending:actionResultBlock:title:buildLog:executionEnvironment:restorePersistedBuildResults:operationToEnqueue:error:] (in Xcode3Core)
 12   -[Xcode3CommandLineBuildTool doBuildForBuildAction:timingSection:colorize:colorizeFailure:error:] (in Xcode3Core)
 13   -[Xcode3CommandLineBuildTool _buildWithTimingSection:] (in Xcode3Core)
 14   -[Xcode3CommandLineBuildTool run] (in Xcode3Core)
 15   XcodeBuildMain (in libxcodebuildLoader.dylib)
 16   -[XcodebuildPreIDEHandler loadXcode3ProjectSupportAndRunXcode3CommandLineBuildToolWithArguments:] (in xcodebuild)
 17   -[XcodebuildPreIDEHandler runWithArguments:] (in xcodebuild)
 18   main (in xcodebuild)
 19   start (in dyld)

<__DVTSwiftAsyncOperation: 0xbc8351e00; state = AReFc> created at:
  0   -[DVTOperation init] (in DVTFoundation)
  1   @objc DVTAsyncOperation.init() (in DVTFoundation)
  2   static DVTOperation.awaiting(_:) (in DVTFoundation)
  3   @objc static IDESchemeAction.operationToWaitForFinishedLoadingOperation(of:) (in IDEFoundation)
  4   -[IDESchemeAction setUpActionDependenciesForCorePhaseOperation:shouldRunPostActionsBlock:prePhaseEnvironmentPopulationBlock:postPhaseEnvironmentPopulationBlock:handlePreActionsActivityLogSection:handlePostActionsActivityLogSection:buildParameters:schemeActionResultOperation:error:] (in IDEFoundation)
  5   -[IDETestSchemeAction testOperationWithSchemeOperationParameters:testManager:buildOperation:buildParameters:schemeCommand:actionRecord:testPlanRunSpecifications:deviceAvailableChecker:outError:actionCallbackBlock:] (in IDEFoundation)
  6   -[IDEScheme(TestSchemeAction) executionOperationForTestSchemeActionWithOperationParameters:command:buildOperationVariantSpecifiers:buildOperationGroup:schemeActionResult:buildParameters:shouldOnlyBuild:runDestination:orderedOperations:schemeActionRecord:deviceAvailableChecker:actionCallbackBlock:error:] (in IDEFoundation)
  7   -[IDEScheme _executionOperationForSchemeOperationParameters:build:onlyBuild:buildParameters:title:buildLog:dontActuallyRunCommands:restorePersistedBuildResults:deviceAvailableChecker:error:actionCallbackBlock:] (in IDEFoundation)
  8   -[IDEScheme(TestSchemeAction) schemeTestActionOperationForSchemeOperationParameters:onlyBuild:buildLog:deviceAvailableChecker:buildParameters:shouldBuild:restorePersistedBuildResults:error:completionBlock:] (in IDEFoundation)
  9   -[IDEScheme buildAndActionTaskForSchemeOperationParameters:shouldBuild:onlyBuild:buildParameters:buildLog:deviceAvailableChecker:restorePersistedBuildResults:dontActuallyRunCommands:error:completionBlock:] (in IDEFoundation)
 10   -[IDEScheme schemeOperationForSchemeOperationParameters:buildLog:overridingProperties:overridingBuildConfiguration:dontActuallyRunCommands:restorePersistedBuildResults:deviceAvailableChecker:error:completionBlock:] (in IDEFoundation)
 11   -[IDEScheme schemeOperationForSchemeOperationParameters:buildLog:overridingProperties:overridingBuildConfiguration:dontActuallyRunCommands:restorePersistedBuildResults:error:completionBlock:] (in IDEFoundation)
 12   -[Xcode3CommandLineBuildTool(TestSchemeAction) buildForTestSchemeCommandWantsSkip:buildAction:isProjectBuild:title:buildLog:isMoreDestinationsPending:runDestinations:runDestination:schemeCommand:executionEnvironment:restorePersistedBuildResults:operationToEnqueue:error:] (in Xcode3Core)
 13   -[Xcode3CommandLineBuildTool doSchemeBuildWithRunDestinations:runDestinationIdx:wantsSkip:buildActionTimingSection:timingSection:buildAction:isMoreDesinationsPending:actionResultBlock:title:buildLog:executionEnvironment:restorePersistedBuildResults:operationToEnqueue:error:] (in Xcode3Core)
 14   -[Xcode3CommandLineBuildTool doBuildForBuildAction:timingSection:colorize:colorizeFailure:error:] (in Xcode3Core)
 15   -[Xcode3CommandLineBuildTool _buildWithTimingSection:] (in Xcode3Core)
 16   -[Xcode3CommandLineBuildTool run] (in Xcode3Core)
 17   XcodeBuildMain (in libxcodebuildLoader.dylib)
 18   -[XcodebuildPreIDEHandler loadXcode3ProjectSupportAndRunXcode3CommandLineBuildToolWithArguments:] (in xcodebuild)
 19   -[XcodebuildPreIDEHandler runWithArguments:] (in xcodebuild)
 20   main (in xcodebuild)
 21   start (in dyld)

<__DVTSwiftAsyncOperation: 0xbc8352100; state = AReFc> created at:
  0   -[DVTOperation init] (in DVTFoundation)
  1   @objc DVTAsyncOperation.init() (in DVTFoundation)
  2   @objc static DVTOperation.operationWithMainThreadBlock(_:) (in DVTFoundation)
  3   -[IDESchemeAction _setUpOperationsForPackageLoadingInWorkspace:handlePreActionsActivityLogSection:isCleanOperation:] (in IDEFoundation)
  4   -[IDESchemeAction setUpActionDependenciesForCorePhaseOperation:shouldRunPostActionsBlock:prePhaseEnvironmentPopulationBlock:postPhaseEnvironmentPopulationBlock:handlePreActionsActivityLogSection:handlePostActionsActivityLogSection:buildParameters:schemeActionResultOperation:error:] (in IDEFoundation)
  5   -[IDETestSchemeAction testOperationWithSchemeOperationParameters:testManager:buildOperation:buildParameters:schemeCommand:actionRecord:testPlanRunSpecifications:deviceAvailableChecker:outError:actionCallbackBlock:] (in IDEFoundation)
  6   -[IDEScheme(TestSchemeAction) executionOperationForTestSchemeActionWithOperationParameters:command:buildOperationVariantSpecifiers:buildOperationGroup:schemeActionResult:buildParameters:shouldOnlyBuild:runDestination:orderedOperations:schemeActionRecord:deviceAvailableChecker:actionCallbackBlock:error:] (in IDEFoundation)
  7   -[IDEScheme _executionOperationForSchemeOperationParameters:build:onlyBuild:buildParameters:title:buildLog:dontActuallyRunCommands:restorePersistedBuildResults:deviceAvailableChecker:error:actionCallbackBlock:] (in IDEFoundation)
  8   -[IDEScheme(TestSchemeAction) schemeTestActionOperationForSchemeOperationParameters:onlyBuild:buildLog:deviceAvailableChecker:buildParameters:shouldBuild:restorePersistedBuildResults:error:completionBlock:] (in IDEFoundation)
  9   -[IDEScheme buildAndActionTaskForSchemeOperationParameters:shouldBuild:onlyBuild:buildParameters:buildLog:deviceAvailableChecker:restorePersistedBuildResults:dontActuallyRunCommands:error:completionBlock:] (in IDEFoundation)
 10   -[IDEScheme schemeOperationForSchemeOperationParameters:buildLog:overridingProperties:overridingBuildConfiguration:dontActuallyRunCommands:restorePersistedBuildResults:deviceAvailableChecker:error:completionBlock:] (in IDEFoundation)
 11   -[IDEScheme schemeOperationForSchemeOperationParameters:buildLog:overridingProperties:overridingBuildConfiguration:dontActuallyRunCommands:restorePersistedBuildResults:error:completionBlock:] (in IDEFoundation)
 12   -[Xcode3CommandLineBuildTool(TestSchemeAction) buildForTestSchemeCommandWantsSkip:buildAction:isProjectBuild:title:buildLog:isMoreDestinationsPending:runDestinations:runDestination:schemeCommand:executionEnvironment:restorePersistedBuildResults:operationToEnqueue:error:] (in Xcode3Core)
 13   -[Xcode3CommandLineBuildTool doSchemeBuildWithRunDestinations:runDestinationIdx:wantsSkip:buildActionTimingSection:timingSection:buildAction:isMoreDesinationsPending:actionResultBlock:title:buildLog:executionEnvironment:restorePersistedBuildResults:operationToEnqueue:error:] (in Xcode3Core)
 14   -[Xcode3CommandLineBuildTool doBuildForBuildAction:timingSection:colorize:colorizeFailure:error:] (in Xcode3Core)
 15   -[Xcode3CommandLineBuildTool _buildWithTimingSection:] (in Xcode3Core)
 16   -[Xcode3CommandLineBuildTool run] (in Xcode3Core)
 17   XcodeBuildMain (in libxcodebuildLoader.dylib)
 18   -[XcodebuildPreIDEHandler loadXcode3ProjectSupportAndRunXcode3CommandLineBuildToolWithArguments:] (in xcodebuild)
 19   -[XcodebuildPreIDEHandler runWithArguments:] (in xcodebuild)
 20   main (in xcodebuild)
 21   start (in dyld)

<DVTOperation: 0xbcaa68c80; state = aReFc> created at:
  0   -[DVTOperation init] (in DVTFoundation)
  1   +[DVTOperation(DVTConveniences) operationWithBlock:] (in DVTFoundation)
  2   -[IDESchemeAction setUpActionDependenciesForCorePhaseOperation:shouldRunPostActionsBlock:prePhaseEnvironmentPopulationBlock:postPhaseEnvironmentPopulationBlock:handlePreActionsActivityLogSection:handlePostActionsActivityLogSection:buildParameters:schemeActionResultOperation:error:] (in IDEFoundation)
  3   -[IDETestSchemeAction testOperationWithSchemeOperationParameters:testManager:buildOperation:buildParameters:schemeCommand:actionRecord:testPlanRunSpecifications:deviceAvailableChecker:outError:actionCallbackBlock:] (in IDEFoundation)
  4   -[IDEScheme(TestSchemeAction) executionOperationForTestSchemeActionWithOperationParameters:command:buildOperationVariantSpecifiers:buildOperationGroup:schemeActionResult:buildParameters:shouldOnlyBuild:runDestination:orderedOperations:schemeActionRecord:deviceAvailableChecker:actionCallbackBlock:error:] (in IDEFoundation)
  5   -[IDEScheme _executionOperationForSchemeOperationParameters:build:onlyBuild:buildParameters:title:buildLog:dontActuallyRunCommands:restorePersistedBuildResults:deviceAvailableChecker:error:actionCallbackBlock:] (in IDEFoundation)
  6   -[IDEScheme(TestSchemeAction) schemeTestActionOperationForSchemeOperationParameters:onlyBuild:buildLog:deviceAvailableChecker:buildParameters:shouldBuild:restorePersistedBuildResults:error:completionBlock:] (in IDEFoundation)
  7   -[IDEScheme buildAndActionTaskForSchemeOperationParameters:shouldBuild:onlyBuild:buildParameters:buildLog:deviceAvailableChecker:restorePersistedBuildResults:dontActuallyRunCommands:error:completionBlock:] (in IDEFoundation)
  8   -[IDEScheme schemeOperationForSchemeOperationParameters:buildLog:overridingProperties:overridingBuildConfiguration:dontActuallyRunCommands:restorePersistedBuildResults:deviceAvailableChecker:error:completionBlock:] (in IDEFoundation)
  9   -[IDEScheme schemeOperationForSchemeOperationParameters:buildLog:overridingProperties:overridingBuildConfiguration:dontActuallyRunCommands:restorePersistedBuildResults:error:completionBlock:] (in IDEFoundation)
 10   -[Xcode3CommandLineBuildTool(TestSchemeAction) buildForTestSchemeCommandWantsSkip:buildAction:isProjectBuild:title:buildLog:isMoreDestinationsPending:runDestinations:runDestination:schemeCommand:executionEnvironment:restorePersistedBuildResults:operationToEnqueue:error:] (in Xcode3Core)
 11   -[Xcode3CommandLineBuildTool doSchemeBuildWithRunDestinations:runDestinationIdx:wantsSkip:buildActionTimingSection:timingSection:buildAction:isMoreDesinationsPending:actionResultBlock:title:buildLog:executionEnvironment:restorePersistedBuildResults:operationToEnqueue:error:] (in Xcode3Core)
 12   -[Xcode3CommandLineBuildTool doBuildForBuildAction:timingSection:colorize:colorizeFailure:error:] (in Xcode3Core)
 13   -[Xcode3CommandLineBuildTool _buildWithTimingSection:] (in Xcode3Core)
 14   -[Xcode3CommandLineBuildTool run] (in Xcode3Core)
 15   XcodeBuildMain (in libxcodebuildLoader.dylib)
 16   -[XcodebuildPreIDEHandler loadXcode3ProjectSupportAndRunXcode3CommandLineBuildToolWithArguments:] (in xcodebuild)
 17   -[XcodebuildPreIDEHandler runWithArguments:] (in xcodebuild)
 18   main (in xcodebuild)
 19   start (in dyld)

<IDESchemeActionResultOperation: 0xbc8351680; state = Arefc> created at:
  0   -[DVTOperation init] (in DVTFoundation)
  1   +[IDESchemeActionResultOperation schemeActionResultOperationWithSchemeActionRecord:trackingExecutionOfOperation:actionCallbackBlock:schemeActionResultComputationBlock:] (in IDEFoundation)
  2   -[IDETestRunSession testOperationForTestRunSpecificationGroups:executionEnvironment:invocationRecord:actionRecord:schemeIdentifier:outSchemeActionResultOperation:launchParametersBlock:actionCallbackBlock:error:] (in IDEFoundation)
  3   -[IDETestManager testOperationForTestRunSpecificationGroups:executionEnvironment:runDestinationPool:invocationRecord:actionRecord:schemeIdentifier:outSchemeActionResultOperation:launchParametersBlock:actionCallbackBlock:error:] (in IDEFoundation)
  4   -[IDETestSchemeAction testOperationWithSchemeOperationParameters:testManager:buildOperation:buildParameters:schemeCommand:actionRecord:testPlanRunSpecifications:deviceAvailableChecker:outError:actionCallbackBlock:] (in IDEFoundation)
  5   -[IDEScheme(TestSchemeAction) executionOperationForTestSchemeActionWithOperationParameters:command:buildOperationVariantSpecifiers:buildOperationGroup:schemeActionResult:buildParameters:shouldOnlyBuild:runDestination:orderedOperations:schemeActionRecord:deviceAvailableChecker:actionCallbackBlock:error:] (in IDEFoundation)
  6   -[IDEScheme _executionOperationForSchemeOperationParameters:build:onlyBuild:buildParameters:title:buildLog:dontActuallyRunCommands:restorePersistedBuildResults:deviceAvailableChecker:error:actionCallbackBlock:] (in IDEFoundation)
  7   -[IDEScheme(TestSchemeAction) schemeTestActionOperationForSchemeOperationParameters:onlyBuild:buildLog:deviceAvailableChecker:buildParameters:shouldBuild:restorePersistedBuildResults:error:completionBlock:] (in IDEFoundation)
  8   -[IDEScheme buildAndActionTaskForSchemeOperationParameters:shouldBuild:onlyBuild:buildParameters:buildLog:deviceAvailableChecker:restorePersistedBuildResults:dontActuallyRunCommands:error:completionBlock:] (in IDEFoundation)
  9   -[IDEScheme schemeOperationForSchemeOperationParameters:buildLog:overridingProperties:overridingBuildConfiguration:dontActuallyRunCommands:restorePersistedBuildResults:deviceAvailableChecker:error:completionBlock:] (in IDEFoundation)
 10   -[IDEScheme schemeOperationForSchemeOperationParameters:buildLog:overridingProperties:overridingBuildConfiguration:dontActuallyRunCommands:restorePersistedBuildResults:error:completionBlock:] (in IDEFoundation)
 11   -[Xcode3CommandLineBuildTool(TestSchemeAction) buildForTestSchemeCommandWantsSkip:buildAction:isProjectBuild:title:buildLog:isMoreDestinationsPending:runDestinations:runDestination:schemeCommand:executionEnvironment:restorePersistedBuildResults:operationToEnqueue:error:] (in Xcode3Core)
 12   -[Xcode3CommandLineBuildTool doSchemeBuildWithRunDestinations:runDestinationIdx:wantsSkip:buildActionTimingSection:timingSection:buildAction:isMoreDesinationsPending:actionResultBlock:title:buildLog:executionEnvironment:restorePersistedBuildResults:operationToEnqueue:error:] (in Xcode3Core)
 13   -[Xcode3CommandLineBuildTool doBuildForBuildAction:timingSection:colorize:colorizeFailure:error:] (in Xcode3Core)
 14   -[Xcode3CommandLineBuildTool _buildWithTimingSection:] (in Xcode3Core)
 15   -[Xcode3CommandLineBuildTool run] (in Xcode3Core)
 16   XcodeBuildMain (in libxcodebuildLoader.dylib)
 17   -[XcodebuildPreIDEHandler loadXcode3ProjectSupportAndRunXcode3CommandLineBuildToolWithArguments:] (in xcodebuild)
 18   -[XcodebuildPreIDEHandler runWithArguments:] (in xcodebuild)
 19   main (in xcodebuild)
 20   start (in dyld)

<DVTOperation: 0xbcaa6b980; state = arefc> created at:
  0   -[DVTOperation init] (in DVTFoundation)
  1   +[DVTOperation(DVTConveniences) operationWithBlock:] (in DVTFoundation)
  2   -[IDESchemeAction setUpActionDependenciesForCorePhaseOperation:shouldRunPostActionsBlock:prePhaseEnvironmentPopulationBlock:postPhaseEnvironmentPopulationBlock:handlePreActionsActivityLogSection:handlePostActionsActivityLogSection:buildParameters:schemeActionResultOperation:error:] (in IDEFoundation)
  3   -[IDETestSchemeAction testOperationWithSchemeOperationParameters:testManager:buildOperation:buildParameters:schemeCommand:actionRecord:testPlanRunSpecifications:deviceAvailableChecker:outError:actionCallbackBlock:] (in IDEFoundation)
  4   -[IDEScheme(TestSchemeAction) executionOperationForTestSchemeActionWithOperationParameters:command:buildOperationVariantSpecifiers:buildOperationGroup:schemeActionResult:buildParameters:shouldOnlyBuild:runDestination:orderedOperations:schemeActionRecord:deviceAvailableChecker:actionCallbackBlock:error:] (in IDEFoundation)
  5   -[IDEScheme _executionOperationForSchemeOperationParameters:build:onlyBuild:buildParameters:title:buildLog:dontActuallyRunCommands:restorePersistedBuildResults:deviceAvailableChecker:error:actionCallbackBlock:] (in IDEFoundation)
  6   -[IDEScheme(TestSchemeAction) schemeTestActionOperationForSchemeOperationParameters:onlyBuild:buildLog:deviceAvailableChecker:buildParameters:shouldBuild:restorePersistedBuildResults:error:completionBlock:] (in IDEFoundation)
  7   -[IDEScheme buildAndActionTaskForSchemeOperationParameters:shouldBuild:onlyBuild:buildParameters:buildLog:deviceAvailableChecker:restorePersistedBuildResults:dontActuallyRunCommands:error:completionBlock:] (in IDEFoundation)
  8   -[IDEScheme schemeOperationForSchemeOperationParameters:buildLog:overridingProperties:overridingBuildConfiguration:dontActuallyRunCommands:restorePersistedBuildResults:deviceAvailableChecker:error:completionBlock:] (in IDEFoundation)
  9   -[IDEScheme schemeOperationForSchemeOperationParameters:buildLog:overridingProperties:overridingBuildConfiguration:dontActuallyRunCommands:restorePersistedBuildResults:error:completionBlock:] (in IDEFoundation)
 10   -[Xcode3CommandLineBuildTool(TestSchemeAction) buildForTestSchemeCommandWantsSkip:buildAction:isProjectBuild:title:buildLog:isMoreDestinationsPending:runDestinations:runDestination:schemeCommand:executionEnvironment:restorePersistedBuildResults:operationToEnqueue:error:] (in Xcode3Core)
 11   -[Xcode3CommandLineBuildTool doSchemeBuildWithRunDestinations:runDestinationIdx:wantsSkip:buildActionTimingSection:timingSection:buildAction:isMoreDesinationsPending:actionResultBlock:title:buildLog:executionEnvironment:restorePersistedBuildResults:operationToEnqueue:error:] (in Xcode3Core)
 12   -[Xcode3CommandLineBuildTool doBuildForBuildAction:timingSection:colorize:colorizeFailure:error:] (in Xcode3Core)
 13   -[Xcode3CommandLineBuildTool _buildWithTimingSection:] (in Xcode3Core)
 14   -[Xcode3CommandLineBuildTool run] (in Xcode3Core)
 15   XcodeBuildMain (in libxcodebuildLoader.dylib)
 16   -[XcodebuildPreIDEHandler loadXcode3ProjectSupportAndRunXcode3CommandLineBuildToolWithArguments:] (in xcodebuild)
 17   -[XcodebuildPreIDEHandler runWithArguments:] (in xcodebuild)
 18   main (in xcodebuild)
 19   start (in dyld)

<__DVTSwiftAsyncOperation: 0xbc8351c80; state = AReFc> created at:
  0   -[DVTOperation init] (in DVTFoundation)
  1   @objc DVTAsyncOperation.init() (in DVTFoundation)
  2   @objc static DVTOperation.operationWithMainThreadBlock(_:) (in DVTFoundation)
  3   -[IDESchemeAction _setUpOperationsForPackageLoadingInWorkspace:handlePreActionsActivityLogSection:isCleanOperation:] (in IDEFoundation)
  4   -[IDESchemeAction setUpActionDependenciesForCorePhaseOperation:shouldRunPostActionsBlock:prePhaseEnvironmentPopulationBlock:postPhaseEnvironmentPopulationBlock:handlePreActionsActivityLogSection:handlePostActionsActivityLogSection:buildParameters:schemeActionResultOperation:error:] (in IDEFoundation)
  5   -[IDETestSchemeAction testOperationWithSchemeOperationParameters:testManager:buildOperation:buildParameters:schemeCommand:actionRecord:testPlanRunSpecifications:deviceAvailableChecker:outError:actionCallbackBlock:] (in IDEFoundation)
  6   -[IDEScheme(TestSchemeAction) executionOperationForTestSchemeActionWithOperationParameters:command:buildOperationVariantSpecifiers:buildOperationGroup:schemeActionResult:buildParameters:shouldOnlyBuild:runDestination:orderedOperations:schemeActionRecord:deviceAvailableChecker:actionCallbackBlock:error:] (in IDEFoundation)
  7   -[IDEScheme _executionOperationForSchemeOperationParameters:build:onlyBuild:buildParameters:title:buildLog:dontActuallyRunCommands:restorePersistedBuildResults:deviceAvailableChecker:error:actionCallbackBlock:] (in IDEFoundation)
  8   -[IDEScheme(TestSchemeAction) schemeTestActionOperationForSchemeOperationParameters:onlyBuild:buildLog:deviceAvailableChecker:buildParameters:shouldBuild:restorePersistedBuildResults:error:completionBlock:] (in IDEFoundation)
  9   -[IDEScheme buildAndActionTaskForSchemeOperationParameters:shouldBuild:onlyBuild:buildParameters:buildLog:deviceAvailableChecker:restorePersistedBuildResults:dontActuallyRunCommands:error:completionBlock:] (in IDEFoundation)
 10   -[IDEScheme schemeOperationForSchemeOperationParameters:buildLog:overridingProperties:overridingBuildConfiguration:dontActuallyRunCommands:restorePersistedBuildResults:deviceAvailableChecker:error:completionBlock:] (in IDEFoundation)
 11   -[IDEScheme schemeOperationForSchemeOperationParameters:buildLog:overridingProperties:overridingBuildConfiguration:dontActuallyRunCommands:restorePersistedBuildResults:error:completionBlock:] (in IDEFoundation)
 12   -[Xcode3CommandLineBuildTool(TestSchemeAction) buildForTestSchemeCommandWantsSkip:buildAction:isProjectBuild:title:buildLog:isMoreDestinationsPending:runDestinations:runDestination:schemeCommand:executionEnvironment:restorePersistedBuildResults:operationToEnqueue:error:] (in Xcode3Core)
 13   -[Xcode3CommandLineBuildTool doSchemeBuildWithRunDestinations:runDestinationIdx:wantsSkip:buildActionTimingSection:timingSection:buildAction:isMoreDesinationsPending:actionResultBlock:title:buildLog:executionEnvironment:restorePersistedBuildResults:operationToEnqueue:error:] (in Xcode3Core)
 14   -[Xcode3CommandLineBuildTool doBuildForBuildAction:timingSection:colorize:colorizeFailure:error:] (in Xcode3Core)
 15   -[Xcode3CommandLineBuildTool _buildWithTimingSection:] (in Xcode3Core)
 16   -[Xcode3CommandLineBuildTool run] (in Xcode3Core)
 17   XcodeBuildMain (in libxcodebuildLoader.dylib)
 18   -[XcodebuildPreIDEHandler loadXcode3ProjectSupportAndRunXcode3CommandLineBuildToolWithArguments:] (in xcodebuild)
 19   -[XcodebuildPreIDEHandler runWithArguments:] (in xcodebuild)
 20   main (in xcodebuild)
 21   start (in dyld)

<__DVTSwiftAsyncOperation: 0xbc8351f80; state = AReFc> created at:
  0   -[DVTOperation init] (in DVTFoundation)
  1   @objc DVTAsyncOperation.init() (in DVTFoundation)
  2   static DVTOperation.awaiting(_:) (in DVTFoundation)
  3   @objc static IDESchemeAction.operationToWaitForFinishedLoadingOperation(of:) (in IDEFoundation)
  4   -[IDESchemeAction _setUpOperationsForPackageLoadingInWorkspace:handlePreActionsActivityLogSection:isCleanOperation:] (in IDEFoundation)
  5   -[IDESchemeAction setUpActionDependenciesForCorePhaseOperation:shouldRunPostActionsBlock:prePhaseEnvironmentPopulationBlock:postPhaseEnvironmentPopulationBlock:handlePreActionsActivityLogSection:handlePostActionsActivityLogSection:buildParameters:schemeActionResultOperation:error:] (in IDEFoundation)
  6   -[IDETestSchemeAction testOperationWithSchemeOperationParameters:testManager:buildOperation:buildParameters:schemeCommand:actionRecord:testPlanRunSpecifications:deviceAvailableChecker:outError:actionCallbackBlock:] (in IDEFoundation)
  7   -[IDEScheme(TestSchemeAction) executionOperationForTestSchemeActionWithOperationParameters:command:buildOperationVariantSpecifiers:buildOperationGroup:schemeActionResult:buildParameters:shouldOnlyBuild:runDestination:orderedOperations:schemeActionRecord:deviceAvailableChecker:actionCallbackBlock:error:] (in IDEFoundation)
  8   -[IDEScheme _executionOperationForSchemeOperationParameters:build:onlyBuild:buildParameters:title:buildLog:dontActuallyRunCommands:restorePersistedBuildResults:deviceAvailableChecker:error:actionCallbackBlock:] (in IDEFoundation)
  9   -[IDEScheme(TestSchemeAction) schemeTestActionOperationForSchemeOperationParameters:onlyBuild:buildLog:deviceAvailableChecker:buildParameters:shouldBuild:restorePersistedBuildResults:error:completionBlock:] (in IDEFoundation)
 10   -[IDEScheme buildAndActionTaskForSchemeOperationParameters:shouldBuild:onlyBuild:buildParameters:buildLog:deviceAvailableChecker:restorePersistedBuildResults:dontActuallyRunCommands:error:completionBlock:] (in IDEFoundation)
 11   -[IDEScheme schemeOperationForSchemeOperationParameters:buildLog:overridingProperties:overridingBuildConfiguration:dontActuallyRunCommands:restorePersistedBuildResults:deviceAvailableChecker:error:completionBlock:] (in IDEFoundation)
 12   -[IDEScheme schemeOperationForSchemeOperationParameters:buildLog:overridingProperties:overridingBuildConfiguration:dontActuallyRunCommands:restorePersistedBuildResults:error:completionBlock:] (in IDEFoundation)
 13   -[Xcode3CommandLineBuildTool(TestSchemeAction) buildForTestSchemeCommandWantsSkip:buildAction:isProjectBuild:title:buildLog:isMoreDestinationsPending:runDestinations:runDestination:schemeCommand:executionEnvironment:restorePersistedBuildResults:operationToEnqueue:error:] (in Xcode3Core)
 14   -[Xcode3CommandLineBuildTool doSchemeBuildWithRunDestinations:runDestinationIdx:wantsSkip:buildActionTimingSection:timingSection:buildAction:isMoreDesinationsPending:actionResultBlock:title:buildLog:executionEnvironment:restorePersistedBuildResults:operationToEnqueue:error:] (in Xcode3Core)
 15   -[Xcode3CommandLineBuildTool doBuildForBuildAction:timingSection:colorize:colorizeFailure:error:] (in Xcode3Core)
 16   -[Xcode3CommandLineBuildTool _buildWithTimingSection:] (in Xcode3Core)
 17   -[Xcode3CommandLineBuildTool run] (in Xcode3Core)
 18   XcodeBuildMain (in libxcodebuildLoader.dylib)
 19   -[XcodebuildPreIDEHandler loadXcode3ProjectSupportAndRunXcode3CommandLineBuildToolWithArguments:] (in xcodebuild)
 20   -[XcodebuildPreIDEHandler runWithArguments:] (in xcodebuild)
 21   main (in xcodebuild)
 22   start (in dyld)

<DVTOperation: 0xbcaa68f00; state = arefc> created at:
  0   -[DVTOperation init] (in DVTFoundation)
  1   +[DVTOperation(DVTConveniences) operationWithBlock:] (in DVTFoundation)
  2   -[IDESchemeAction setUpActionDependenciesForCorePhaseOperation:shouldRunPostActionsBlock:prePhaseEnvironmentPopulationBlock:postPhaseEnvironmentPopulationBlock:handlePreActionsActivityLogSection:handlePostActionsActivityLogSection:buildParameters:schemeActionResultOperation:error:] (in IDEFoundation)
  3   -[IDETestSchemeAction testOperationWithSchemeOperationParameters:testManager:buildOperation:buildParameters:schemeCommand:actionRecord:testPlanRunSpecifications:deviceAvailableChecker:outError:actionCallbackBlock:] (in IDEFoundation)
  4   -[IDEScheme(TestSchemeAction) executionOperationForTestSchemeActionWithOperationParameters:command:buildOperationVariantSpecifiers:buildOperationGroup:schemeActionResult:buildParameters:shouldOnlyBuild:runDestination:orderedOperations:schemeActionRecord:deviceAvailableChecker:actionCallbackBlock:error:] (in IDEFoundation)
  5   -[IDEScheme _executionOperationForSchemeOperationParameters:build:onlyBuild:buildParameters:title:buildLog:dontActuallyRunCommands:restorePersistedBuildResults:deviceAvailableChecker:error:actionCallbackBlock:] (in IDEFoundation)
  6   -[IDEScheme(TestSchemeAction) schemeTestActionOperationForSchemeOperationParameters:onlyBuild:buildLog:deviceAvailableChecker:buildParameters:shouldBuild:restorePersistedBuildResults:error:completionBlock:] (in IDEFoundation)
  7   -[IDEScheme buildAndActionTaskForSchemeOperationParameters:shouldBuild:onlyBuild:buildParameters:buildLog:deviceAvailableChecker:restorePersistedBuildResults:dontActuallyRunCommands:error:completionBlock:] (in IDEFoundation)
  8   -[IDEScheme schemeOperationForSchemeOperationParameters:buildLog:overridingProperties:overridingBuildConfiguration:dontActuallyRunCommands:restorePersistedBuildResults:deviceAvailableChecker:error:completionBlock:] (in IDEFoundation)
  9   -[IDEScheme schemeOperationForSchemeOperationParameters:buildLog:overridingProperties:overridingBuildConfiguration:dontActuallyRunCommands:restorePersistedBuildResults:error:completionBlock:] (in IDEFoundation)
 10   -[Xcode3CommandLineBuildTool(TestSchemeAction) buildForTestSchemeCommandWantsSkip:buildAction:isProjectBuild:title:buildLog:isMoreDestinationsPending:runDestinations:runDestination:schemeCommand:executionEnvironment:restorePersistedBuildResults:operationToEnqueue:error:] (in Xcode3Core)
 11   -[Xcode3CommandLineBuildTool doSchemeBuildWithRunDestinations:runDestinationIdx:wantsSkip:buildActionTimingSection:timingSection:buildAction:isMoreDesinationsPending:actionResultBlock:title:buildLog:executionEnvironment:restorePersistedBuildResults:operationToEnqueue:error:] (in Xcode3Core)
 12   -[Xcode3CommandLineBuildTool doBuildForBuildAction:timingSection:colorize:colorizeFailure:error:] (in Xcode3Core)
 13   -[Xcode3CommandLineBuildTool _buildWithTimingSection:] (in Xcode3Core)
 14   -[Xcode3CommandLineBuildTool run] (in Xcode3Core)
 15   XcodeBuildMain (in libxcodebuildLoader.dylib)
 16   -[XcodebuildPreIDEHandler loadXcode3ProjectSupportAndRunXcode3CommandLineBuildToolWithArguments:] (in xcodebuild)
 17   -[XcodebuildPreIDEHandler runWithArguments:] (in xcodebuild)
 18   main (in xcodebuild)
 19   start (in dyld)

<DVTOperationGroup: 0xbc8351200; state = AREf!c> created at:
  0   -[DVTOperation init] (in DVTFoundation)
  1   -[DVTOperationGroup init] (in DVTFoundation)
  2   -[IDETestRunSession testOperationForTestRunSpecificationGroups:executionEnvironment:invocationRecord:actionRecord:schemeIdentifier:outSchemeActionResultOperation:launchParametersBlock:actionCallbackBlock:error:] (in IDEFoundation)
  3   -[IDETestManager testOperationForTestRunSpecificationGroups:executionEnvironment:runDestinationPool:invocationRecord:actionRecord:schemeIdentifier:outSchemeActionResultOperation:launchParametersBlock:actionCallbackBlock:error:] (in IDEFoundation)
  4   -[IDETestSchemeAction testOperationWithSchemeOperationParameters:testManager:buildOperation:buildParameters:schemeCommand:actionRecord:testPlanRunSpecifications:deviceAvailableChecker:outError:actionCallbackBlock:] (in IDEFoundation)
  5   -[IDEScheme(TestSchemeAction) executionOperationForTestSchemeActionWithOperationParameters:command:buildOperationVariantSpecifiers:buildOperationGroup:schemeActionResult:buildParameters:shouldOnlyBuild:runDestination:orderedOperations:schemeActionRecord:deviceAvailableChecker:actionCallbackBlock:error:] (in IDEFoundation)
  6   -[IDEScheme _executionOperationForSchemeOperationParameters:build:onlyBuild:buildParameters:title:buildLog:dontActuallyRunCommands:restorePersistedBuildResults:deviceAvailableChecker:error:actionCallbackBlock:] (in IDEFoundation)
  7   -[IDEScheme(TestSchemeAction) schemeTestActionOperationForSchemeOperationParameters:onlyBuild:buildLog:deviceAvailableChecker:buildParameters:shouldBuild:restorePersistedBuildResults:error:completionBlock:] (in IDEFoundation)
  8   -[IDEScheme buildAndActionTaskForSchemeOperationParameters:shouldBuild:onlyBuild:buildParameters:buildLog:deviceAvailableChecker:restorePersistedBuildResults:dontActuallyRunCommands:error:completionBlock:] (in IDEFoundation)
  9   -[IDEScheme schemeOperationForSchemeOperationParameters:buildLog:overridingProperties:overridingBuildConfiguration:dontActuallyRunCommands:restorePersistedBuildResults:deviceAvailableChecker:error:completionBlock:] (in IDEFoundation)
 10   -[IDEScheme schemeOperationForSchemeOperationParameters:buildLog:overridingProperties:overridingBuildConfiguration:dontActuallyRunCommands:restorePersistedBuildResults:error:completionBlock:] (in IDEFoundation)
 11   -[Xcode3CommandLineBuildTool(TestSchemeAction) buildForTestSchemeCommandWantsSkip:buildAction:isProjectBuild:title:buildLog:isMoreDestinationsPending:runDestinations:runDestination:schemeCommand:executionEnvironment:restorePersistedBuildResults:operationToEnqueue:error:] (in Xcode3Core)
 12   -[Xcode3CommandLineBuildTool doSchemeBuildWithRunDestinations:runDestinationIdx:wantsSkip:buildActionTimingSection:timingSection:buildAction:isMoreDesinationsPending:actionResultBlock:title:buildLog:executionEnvironment:restorePersistedBuildResults:operationToEnqueue:error:] (in Xcode3Core)
 13   -[Xcode3CommandLineBuildTool doBuildForBuildAction:timingSection:colorize:colorizeFailure:error:] (in Xcode3Core)
 14   -[Xcode3CommandLineBuildTool _buildWithTimingSection:] (in Xcode3Core)
 15   -[Xcode3CommandLineBuildTool run] (in Xcode3Core)
 16   XcodeBuildMain (in libxcodebuildLoader.dylib)
 17   -[XcodebuildPreIDEHandler loadXcode3ProjectSupportAndRunXcode3CommandLineBuildToolWithArguments:] (in xcodebuild)
 18   -[XcodebuildPreIDEHandler runWithArguments:] (in xcodebuild)
 19   main (in xcodebuild)
 20   start (in dyld)

<DVTOperation: 0xbcaa68500; state = aReFc> created at:
  0   -[DVTOperation init] (in DVTFoundation)
  1   +[DVTOperation(DVTConveniences) operationWithBlock:] (in DVTFoundation)
  2   -[IDETestRunSession testOperationForTestRunSpecificationGroups:executionEnvironment:invocationRecord:actionRecord:schemeIdentifier:outSchemeActionResultOperation:launchParametersBlock:actionCallbackBlock:error:] (in IDEFoundation)
  3   -[IDETestManager testOperationForTestRunSpecificationGroups:executionEnvironment:runDestinationPool:invocationRecord:actionRecord:schemeIdentifier:outSchemeActionResultOperation:launchParametersBlock:actionCallbackBlock:error:] (in IDEFoundation)
  4   -[IDETestSchemeAction testOperationWithSchemeOperationParameters:testManager:buildOperation:buildParameters:schemeCommand:actionRecord:testPlanRunSpecifications:deviceAvailableChecker:outError:actionCallbackBlock:] (in IDEFoundation)
  5   -[IDEScheme(TestSchemeAction) executionOperationForTestSchemeActionWithOperationParameters:command:buildOperationVariantSpecifiers:buildOperationGroup:schemeActionResult:buildParameters:shouldOnlyBuild:runDestination:orderedOperations:schemeActionRecord:deviceAvailableChecker:actionCallbackBlock:error:] (in IDEFoundation)
  6   -[IDEScheme _executionOperationForSchemeOperationParameters:build:onlyBuild:buildParameters:title:buildLog:dontActuallyRunCommands:restorePersistedBuildResults:deviceAvailableChecker:error:actionCallbackBlock:] (in IDEFoundation)
  7   -[IDEScheme(TestSchemeAction) schemeTestActionOperationForSchemeOperationParameters:onlyBuild:buildLog:deviceAvailableChecker:buildParameters:shouldBuild:restorePersistedBuildResults:error:completionBlock:] (in IDEFoundation)
  8   -[IDEScheme buildAndActionTaskForSchemeOperationParameters:shouldBuild:onlyBuild:buildParameters:buildLog:deviceAvailableChecker:restorePersistedBuildResults:dontActuallyRunCommands:error:completionBlock:] (in IDEFoundation)
  9   -[IDEScheme schemeOperationForSchemeOperationParameters:buildLog:overridingProperties:overridingBuildConfiguration:dontActuallyRunCommands:restorePersistedBuildResults:deviceAvailableChecker:error:completionBlock:] (in IDEFoundation)
 10   -[IDEScheme schemeOperationForSchemeOperationParameters:buildLog:overridingProperties:overridingBuildConfiguration:dontActuallyRunCommands:restorePersistedBuildResults:error:completionBlock:] (in IDEFoundation)
 11   -[Xcode3CommandLineBuildTool(TestSchemeAction) buildForTestSchemeCommandWantsSkip:buildAction:isProjectBuild:title:buildLog:isMoreDestinationsPending:runDestinations:runDestination:schemeCommand:executionEnvironment:restorePersistedBuildResults:operationToEnqueue:error:] (in Xcode3Core)
 12   -[Xcode3CommandLineBuildTool doSchemeBuildWithRunDestinations:runDestinationIdx:wantsSkip:buildActionTimingSection:timingSection:buildAction:isMoreDesinationsPending:actionResultBlock:title:buildLog:executionEnvironment:restorePersistedBuildResults:operationToEnqueue:error:] (in Xcode3Core)
 13   -[Xcode3CommandLineBuildTool doBuildForBuildAction:timingSection:colorize:colorizeFailure:error:] (in Xcode3Core)
 14   -[Xcode3CommandLineBuildTool _buildWithTimingSection:] (in Xcode3Core)
 15   -[Xcode3CommandLineBuildTool run] (in Xcode3Core)
 16   XcodeBuildMain (in libxcodebuildLoader.dylib)
 17   -[XcodebuildPreIDEHandler loadXcode3ProjectSupportAndRunXcode3CommandLineBuildToolWithArguments:] (in xcodebuild)
 18   -[XcodebuildPreIDEHandler runWithArguments:] (in xcodebuild)
 19   main (in xcodebuild)
 20   start (in dyld)

<IDERunOperation: 0xbc824ca80; state = aReF!c> created at:
  0   -[DVTOperation init] (in DVTFoundation)
  1   -[IDERunOperation initWithWorker:] (in IDEFoundation)
  2   +[IDETestRunnerLaunchOperationFactory testRunOperationWithLaunchParameters:testRunSpecification:testConfiguration:executionEnvironment:schemeActionRecord:runDestination:localDeviceRunDestination:error:] (in IDEFoundation)
  3   __110+[IDETestRunnerLaunchOperationFactory makeLaunchOperationProviderWithExecutionEnvironment:schemeActionRecord:]_block_invoke (in IDEFoundation)
  4   thunk for @escaping @callee_unowned @convention(block) (@unowned XCTHRunDestination, @unowned XCTHTestRunSpecification, @unowned XCTestConfiguration, @unowned XCTHLaunchParameters, @unowned AutoreleasingUnsafeMutablePointer<NSError?>?) -> (@autoreleased (NSOperation & XCTHRunOperation)?) (in XCTHarness)
  5   thunk for @escaping @callee_guaranteed (@guaranteed XCTHRunDestination, @guaranteed XCTHTestRunSpecification, @guaranteed XCTestConfiguration, @guaranteed XCTHLaunchParameters, @unowned AutoreleasingUnsafeMutablePointer<NSError?>?) -> (@owned (NSOperation & XCTHRunOperation)?) (in XCTHarness)
  6   -[XCTHTestRunner _testRunOperationWithError:] (in XCTHarness)
  7   -[XCTHTestRunner _addTestRunOperation:] (in XCTHarness)
  8   -[XCTHTestRunner willFinishWithResult:sessionState:] (in XCTHarness)
  9   __63-[XCTHTestOperationCoordinator _reportFinishToRunnerWithError:]_block_invoke_2 (in XCTHarness)
 10   -[XCTHTestOperationCoordinator _flushDelegateBlockQueue] (in XCTHarness)
 11   __331-[XCTHTestOperationCoordinator initWithTestRunOperation:testRunnerSessionProvider:stateMachineProvider:targetAppLaunchCoordinator:testRunSpecification:runnerArtifactsDirectory:daemonController:activityReporter:logger:selfDiagnosisIssueHandler:sourceCodeLocationProvider:initializedForUserInteraction:delegate:symbolicationService:]_block_invoke.71 (in XCTHarness)
 12   XCTHBlockOutputStream.finish() (in XCTHarness)
 13   @objc XCTHBlockOutputStream.finish() (in XCTHarness)
 14   XCTHMultiOutputStream.finish() (in XCTHarness)
 15   @objc XCTHMultiOutputStream.finish() (in XCTHarness)
 16   specialized closure #1 in XCTHWrappedLaunchSession.launchSessionAddedConsoleAdaptor<A>(_:) (in XCTHarness)
 17   closure #1 in _KeyValueCodingAndObserving.observe<A>(_:options:changeHandler:) (in Foundation)
 18   specialized NSKeyValueObservation.Helper._swizzle_me_observeValue(forKeyPath:of:change:context:) (in Foundation)
 19   @objc NSKeyValueObservation.Helper._swizzle_me_observeValue(forKeyPath:of:change:context:) (in Foundation)
 20   NSKeyValueNotifyObserver (in Foundation)
 21   NSKeyValueDidChange (in Foundation)
 22   -[NSObject(NSKeyValueObservingPrivate) _changeValueForKeys:count:maybeOldValuesDict:maybeNewValuesDict:usingBlock:] (in Foundation)
 23   -[NSObject(NSKeyValueObservingPrivate) _changeValueForKey:key:key:usingBlock:] (in Foundation)
 24   _NSSetBoolValueAndNotify (in Foundation)
 25   __33-[IDEConsoleAdaptor _makeExpired]_block_invoke (in IDEFoundation)
 26   __DVT_CALLING_CLIENT_BLOCK__ (in DVTFoundation)
 27   ___DVTAsyncPerformBlockOnMainRunLoop_block_invoke (in DVTFoundation)
 28   __CFRUNLOOP_IS_CALLING_OUT_TO_A_BLOCK__ (in CoreFoundation)
 29   __CFRunLoopDoBlocks (in CoreFoundation)
 30   __CFRunLoopRun (in CoreFoundation)
 31   _CFRunLoopRunSpecificWithOptions (in CoreFoundation)
 32   CFRunLoopRun (in CoreFoundation)
 33   -[Xcode3CommandLineBuildTool waitForBuildWithBuildLog:buildActionTimingSection:executionEnvironment:title:operationToEnqueue:error:] (in Xcode3Core)
 34   -[Xcode3CommandLineBuildTool doBuildForBuildAction:timingSection:colorize:colorizeFailure:error:] (in Xcode3Core)
 35   -[Xcode3CommandLineBuildTool _buildWithTimingSection:] (in Xcode3Core)
 36   -[Xcode3CommandLineBuildTool run] (in Xcode3Core)
 37   XcodeBuildMain (in libxcodebuildLoader.dylib)
 38   -[XcodebuildPreIDEHandler loadXcode3ProjectSupportAndRunXcode3CommandLineBuildToolWithArguments:] (in xcodebuild)
 39   -[XcodebuildPreIDEHandler runWithArguments:] (in xcodebuild)
 40   main (in xcodebuild)
 41   start (in dyld)

<DVTOperation: 0xbcaa68dc0; state = aReFc> created at:
  0   -[DVTOperation init] (in DVTFoundation)
  1   +[DVTOperation(DVTConveniences) operationWithBlock:] (in DVTFoundation)
  2   -[IDESchemeAction setUpActionDependenciesForCorePhaseOperation:shouldRunPostActionsBlock:prePhaseEnvironmentPopulationBlock:postPhaseEnvironmentPopulationBlock:handlePreActionsActivityLogSection:handlePostActionsActivityLogSection:buildParameters:schemeActionResultOperation:error:] (in IDEFoundation)
  3   -[IDETestSchemeAction testOperationWithSchemeOperationParameters:testManager:buildOperation:buildParameters:schemeCommand:actionRecord:testPlanRunSpecifications:deviceAvailableChecker:outError:actionCallbackBlock:] (in IDEFoundation)
  4   -[IDEScheme(TestSchemeAction) executionOperationForTestSchemeActionWithOperationParameters:command:buildOperationVariantSpecifiers:buildOperationGroup:schemeActionResult:buildParameters:shouldOnlyBuild:runDestination:orderedOperations:schemeActionRecord:deviceAvailableChecker:actionCallbackBlock:error:] (in IDEFoundation)
  5   -[IDEScheme _executionOperationForSchemeOperationParameters:build:onlyBuild:buildParameters:title:buildLog:dontActuallyRunCommands:restorePersistedBuildResults:deviceAvailableChecker:error:actionCallbackBlock:] (in IDEFoundation)
  6   -[IDEScheme(TestSchemeAction) schemeTestActionOperationForSchemeOperationParameters:onlyBuild:buildLog:deviceAvailableChecker:buildParameters:shouldBuild:restorePersistedBuildResults:error:completionBlock:] (in IDEFoundation)
  7   -[IDEScheme buildAndActionTaskForSchemeOperationParameters:shouldBuild:onlyBuild:buildParameters:buildLog:deviceAvailableChecker:restorePersistedBuildResults:dontActuallyRunCommands:error:completionBlock:] (in IDEFoundation)
  8   -[IDEScheme schemeOperationForSchemeOperationParameters:buildLog:overridingProperties:overridingBuildConfiguration:dontActuallyRunCommands:restorePersistedBuildResults:deviceAvailableChecker:error:completionBlock:] (in IDEFoundation)
  9   -[IDEScheme schemeOperationForSchemeOperationParameters:buildLog:overridingProperties:overridingBuildConfiguration:dontActuallyRunCommands:restorePersistedBuildResults:error:completionBlock:] (in IDEFoundation)
 10   -[Xcode3CommandLineBuildTool(TestSchemeAction) buildForTestSchemeCommandWantsSkip:buildAction:isProjectBuild:title:buildLog:isMoreDestinationsPending:runDestinations:runDestination:schemeCommand:executionEnvironment:restorePersistedBuildResults:operationToEnqueue:error:] (in Xcode3Core)
 11   -[Xcode3CommandLineBuildTool doSchemeBuildWithRunDestinations:runDestinationIdx:wantsSkip:buildActionTimingSection:timingSection:buildAction:isMoreDesinationsPending:actionResultBlock:title:buildLog:executionEnvironment:restorePersistedBuildResults:operationToEnqueue:error:] (in Xcode3Core)
 12   -[Xcode3CommandLineBuildTool doBuildForBuildAction:timingSection:colorize:colorizeFailure:error:] (in Xcode3Core)
 13   -[Xcode3CommandLineBuildTool _buildWithTimingSection:] (in Xcode3Core)
 14   -[Xcode3CommandLineBuildTool run] (in Xcode3Core)
 15   XcodeBuildMain (in libxcodebuildLoader.dylib)
 16   -[XcodebuildPreIDEHandler loadXcode3ProjectSupportAndRunXcode3CommandLineBuildToolWithArguments:] (in xcodebuild)
 17   -[XcodebuildPreIDEHandler runWithArguments:] (in xcodebuild)
 18   main (in xcodebuild)
 19   start (in dyld)

<_IDETestingFinalizeLogsOperation: 0xbcaa6bc00; name = 'Finalize test log', state = aref!c> created at:
  0   -[DVTOperation init] (in DVTFoundation)
  1   +[DVTOperation(DVTConveniences) operationWithBlock:] (in DVTFoundation)
  2   -[IDETestSchemeAction _finalizeLogOperationWithRecorder:launchLogsSectionRecorder:] (in IDEFoundation)
  3   -[IDETestSchemeAction testOperationWithSchemeOperationParameters:testManager:buildOperation:buildParameters:schemeCommand:actionRecord:testPlanRunSpecifications:deviceAvailableChecker:outError:actionCallbackBlock:] (in IDEFoundation)
  4   -[IDEScheme(TestSchemeAction) executionOperationForTestSchemeActionWithOperationParameters:command:buildOperationVariantSpecifiers:buildOperationGroup:schemeActionResult:buildParameters:shouldOnlyBuild:runDestination:orderedOperations:schemeActionRecord:deviceAvailableChecker:actionCallbackBlock:error:] (in IDEFoundation)
  5   -[IDEScheme _executionOperationForSchemeOperationParameters:build:onlyBuild:buildParameters:title:buildLog:dontActuallyRunCommands:restorePersistedBuildResults:deviceAvailableChecker:error:actionCallbackBlock:] (in IDEFoundation)
  6   -[IDEScheme(TestSchemeAction) schemeTestActionOperationForSchemeOperationParameters:onlyBuild:buildLog:deviceAvailableChecker:buildParameters:shouldBuild:restorePersistedBuildResults:error:completionBlock:] (in IDEFoundation)
  7   -[IDEScheme buildAndActionTaskForSchemeOperationParameters:shouldBuild:onlyBuild:buildParameters:buildLog:deviceAvailableChecker:restorePersistedBuildResults:dontActuallyRunCommands:error:completionBlock:] (in IDEFoundation)
  8   -[IDEScheme schemeOperationForSchemeOperationParameters:buildLog:overridingProperties:overridingBuildConfiguration:dontActuallyRunCommands:restorePersistedBuildResults:deviceAvailableChecker:error:completionBlock:] (in IDEFoundation)
  9   -[IDEScheme schemeOperationForSchemeOperationParameters:buildLog:overridingProperties:overridingBuildConfiguration:dontActuallyRunCommands:restorePersistedBuildResults:error:completionBlock:] (in IDEFoundation)
 10   -[Xcode3CommandLineBuildTool(TestSchemeAction) buildForTestSchemeCommandWantsSkip:buildAction:isProjectBuild:title:buildLog:isMoreDestinationsPending:runDestinations:runDestination:schemeCommand:executionEnvironment:restorePersistedBuildResults:operationToEnqueue:error:] (in Xcode3Core)
 11   -[Xcode3CommandLineBuildTool doSchemeBuildWithRunDestinations:runDestinationIdx:wantsSkip:buildActionTimingSection:timingSection:buildAction:isMoreDesinationsPending:actionResultBlock:title:buildLog:executionEnvironment:restorePersistedBuildResults:operationToEnqueue:error:] (in Xcode3Core)
 12   -[Xcode3CommandLineBuildTool doBuildForBuildAction:timingSection:colorize:colorizeFailure:error:] (in Xcode3Core)
 13   -[Xcode3CommandLineBuildTool _buildWithTimingSection:] (in Xcode3Core)
 14   -[Xcode3CommandLineBuildTool run] (in Xcode3Core)
 15   XcodeBuildMain (in libxcodebuildLoader.dylib)
 16   -[XcodebuildPreIDEHandler loadXcode3ProjectSupportAndRunXcode3CommandLineBuildToolWithArguments:] (in xcodebuild)
 17   -[XcodebuildPreIDEHandler runWithArguments:] (in xcodebuild)
 18   main (in xcodebuild)
 19   start (in dyld)

<IDERunOperation: 0xbc824d080; state = aReF!c> created at:
  0   -[DVTOperation init] (in DVTFoundation)
  1   -[IDERunOperation initWithWorker:] (in IDEFoundation)
  2   -[IDERunDestination runOperationForLaunchSession:error:] (in IDEFoundation)
  3   -[IDETargetAppLaunchCoordinator launchProcessWithParameters:token:completion:] (in IDEFoundation)
  4   -[IDETargetAppLaunchCoordinator launchProcessWithParameters:completion:] (in IDEFoundation)
  5   -[XCTHTestOperationCoordinator testRunnerSession:launchProcessWithParameters:completion:] (in XCTHarness)
  6   __91-[XCTTestRunnerSession _XCT_launchProcessWithPath:bundleID:arguments:environmentVariables:]_block_invoke (in XCTDaemonControl)
  7   _dispatch_call_block_and_release (in libdispatch.dylib)
  8   _dispatch_client_callout (in libdispatch.dylib)
  9   _dispatch_main_queue_drain.cold.6 (in libdispatch.dylib)
 10   _dispatch_main_queue_drain (in libdispatch.dylib)
 11   _dispatch_main_queue_callback_4CF (in libdispatch.dylib)
 12   __CFRUNLOOP_IS_SERVICING_THE_MAIN_DISPATCH_QUEUE__ (in CoreFoundation)
 13   __CFRunLoopRun (in CoreFoundation)
 14   _CFRunLoopRunSpecificWithOptions (in CoreFoundation)
 15   CFRunLoopRun (in CoreFoundation)
 16   -[Xcode3CommandLineBuildTool waitForBuildWithBuildLog:buildActionTimingSection:executionEnvironment:title:operationToEnqueue:erro

*** If you believe this error represents a bug, please attach the result bundle at /Users/jtcao/Library/Caches/visepanda/native-knowledge-20260913/ui-2.xcresult

2026-09-13 00:35:27.833 xcodebuild[27517:344204]  IDETestOperationsObserverDebug: Failure collecting diagnostics from simulator: Process exited with error 72:
 xcrun: error: unable to find utility "simctl", not a developer tool or in PATH

2026-09-13 00:35:27.843 xcodebuild[27517:344124] [MT] IDETestOperationsObserverDebug: 110.457 elapsed -- Testing started completed.
2026-09-13 00:35:27.843 xcodebuild[27517:344124] [MT] IDETestOperationsObserverDebug: 0.000 sec, +0.000 sec -- start
2026-09-13 00:35:27.843 xcodebuild[27517:344124] [MT] IDETestOperationsObserverDebug: 110.457 sec, +110.457 sec -- end

Test session results, code coverage, and logs:
	/Users/jtcao/Library/Caches/visepanda/native-knowledge-20260913/ui-2.xcresult

** TEST EXECUTE INTERRUPTED **

2026-09-13 00:35:58.815 xcodebuild[27517:344124] [MT] IDEResultKit: Warning: While writing a result bundle to /Users/jtcao/Library/Caches/visepanda/native-knowledge-20260913/ui-2.xcresult, not all contents have been imported, as the Staging directory still contains the following files/directories: ["1_Test"]
Error saving invocation record to resultBundlePath:Error Domain=IDEFoundationErrorDomain Code=12 "The result bundle could not be saved due to an error: Could not write the 1_Test action log because the log hasn't finished recording after waiting 30 seconds." UserInfo={NSLocalizedDescription=The result bundle could not be saved due to an error: Could not write the 1_Test action log because the log hasn't finished recording after waiting 30 seconds., NSUnderlyingError=0xbc82d9800 {Error Domain=IDEFoundationErrorDomain Code=10 "Could not write the 1_Test action log because the log hasn't finished recording after waiting 30 seconds." UserInfo={NSLocalizedDescription=Could not write the 1_Test action log because the log hasn't finished recording after waiting 30 seconds.}}}
r:] (in Xcode3Core)
 17   -[Xcode3CommandLineBuildTool doBuildForBuildAction:timingSection:colorize:colorizeFailure:error:] (in Xcode3Core)
 18   -[Xcode3CommandLineBuildTool _buildWithTimingSection:] (in Xcode3Core)
 19   -[Xcode3CommandLineBuildTool run] (in Xcode3Core)
 20   XcodeBuildMain (in libxcodebuildLoader.dylib)
 21   -[XcodebuildPreIDEHandler loadXcode3ProjectSupportAndRunXcode3CommandLineBuildToolWithArguments:] (in xcodebuild)
 22   -[XcodebuildPreIDEHandler runWithArguments:] (in xcodebuild)
 23   main (in xcodebuild)
 24   start (in dyld)
