Command line invocation:
    /Applications/Xcode.app/Contents/Developer/usr/bin/xcodebuild build -project ios/VisePanda/VisePanda.xcodeproj -scheme VisePanda -destination "generic/platform=iOS Simulator" -derivedDataPath /Users/jtcao/Library/Caches/visepanda/native-event-reconnect-20260913/build CODE_SIGNING_ALLOWED=NO

Build settings from command line:
    CODE_SIGNING_ALLOWED = NO

ComputePackagePrebuildTargetDependencyGraph

Prepare packages

CreateBuildRequest

SendProjectDescription

CreateBuildOperation

ComputeTargetDependencyGraph
note: Building targets in dependency order
note: Target dependency graph (1 target)
    Target 'VisePanda' in project 'VisePanda' (no dependencies)

GatherProvisioningInputs

CreateBuildDescription

ExecuteExternalTool /Applications/Xcode.app/Contents/Developer/Toolchains/XcodeDefault.xctoolchain/usr/bin/clang -v -E -dM -isysroot /Applications/Xcode.app/Contents/Developer/Platforms/iPhoneSimulator.platform/Developer/SDKs/iPhoneSimulator26.5.sdk -x c -c /dev/null

ExecuteExternalTool /Applications/Xcode.app/Contents/Developer/usr/bin/xcstringstool compile --dry-run --output-directory /Users/jtcao/Library/Caches/visepanda/native-event-reconnect-20260913/build/Build/Intermediates.noindex/VisePanda.build/Debug-iphonesimulator/VisePanda.build /Users/jtcao/Documents/VP-V4-S2-Claim-Coverage/ios/VisePanda/VisePanda/Resources/Localizable.xcstrings

ExecuteExternalTool /Applications/Xcode.app/Contents/Developer/usr/bin/actool --print-asset-tag-combinations --output-format xml1 /Users/jtcao/Documents/VP-V4-S2-Claim-Coverage/ios/VisePanda/VisePanda/Resources/Assets.xcassets

ExecuteExternalTool /Applications/Xcode.app/Contents/Developer/usr/bin/actool --version --output-format xml1

ExecuteExternalTool /Applications/Xcode.app/Contents/Developer/Toolchains/XcodeDefault.xctoolchain/usr/bin/swiftc --version

ExecuteExternalTool /Applications/Xcode.app/Contents/Developer/Toolchains/XcodeDefault.xctoolchain/usr/bin/ld -version_details

Build description signature: e5d1de97501cef73c42ad51ce6637934
Build description path: /Users/jtcao/Library/Caches/visepanda/native-event-reconnect-20260913/build/Build/Intermediates.noindex/XCBuildData/e5d1de97501cef73c42ad51ce6637934.xcbuilddata
ClangStatCache /Applications/Xcode.app/Contents/Developer/Toolchains/XcodeDefault.xctoolchain/usr/bin/clang-stat-cache /Applications/Xcode.app/Contents/Developer/Platforms/iPhoneSimulator.platform/Developer/SDKs/iPhoneSimulator26.5.sdk /Users/jtcao/Library/Caches/visepanda/native-event-reconnect-20260913/build/SDKStatCaches.noindex/iphonesimulator26.5-23F81a-6cfe768891a92b912361537c460fe42b.sdkstatcache
    cd /Users/jtcao/Documents/VP-V4-S2-Claim-Coverage/ios/VisePanda/VisePanda.xcodeproj
    /Applications/Xcode.app/Contents/Developer/Toolchains/XcodeDefault.xctoolchain/usr/bin/clang-stat-cache /Applications/Xcode.app/Contents/Developer/Platforms/iPhoneSimulator.platform/Developer/SDKs/iPhoneSimulator26.5.sdk -o /Users/jtcao/Library/Caches/visepanda/native-event-reconnect-20260913/build/SDKStatCaches.noindex/iphonesimulator26.5-23F81a-6cfe768891a92b912361537c460fe42b.sdkstatcache

CreateBuildDirectory /Users/jtcao/Library/Caches/visepanda/native-event-reconnect-20260913/build/Build/Products
    cd /Users/jtcao/Documents/VP-V4-S2-Claim-Coverage/ios/VisePanda/VisePanda.xcodeproj
    builtin-create-build-directory /Users/jtcao/Library/Caches/visepanda/native-event-reconnect-20260913/build/Build/Products

CreateBuildDirectory /Users/jtcao/Library/Caches/visepanda/native-event-reconnect-20260913/build/Build/Intermediates.noindex
    cd /Users/jtcao/Documents/VP-V4-S2-Claim-Coverage/ios/VisePanda/VisePanda.xcodeproj
    builtin-create-build-directory /Users/jtcao/Library/Caches/visepanda/native-event-reconnect-20260913/build/Build/Intermediates.noindex

CreateBuildDirectory /Users/jtcao/Library/Caches/visepanda/native-event-reconnect-20260913/build/Build/Intermediates.noindex/ExplicitPrecompiledModules
    cd /Users/jtcao/Documents/VP-V4-S2-Claim-Coverage/ios/VisePanda/VisePanda.xcodeproj
    builtin-create-build-directory /Users/jtcao/Library/Caches/visepanda/native-event-reconnect-20260913/build/Build/Intermediates.noindex/ExplicitPrecompiledModules

CreateBuildDirectory /Users/jtcao/Library/Caches/visepanda/native-event-reconnect-20260913/build/Build/Intermediates.noindex/SwiftExplicitPrecompiledModules
    cd /Users/jtcao/Documents/VP-V4-S2-Claim-Coverage/ios/VisePanda/VisePanda.xcodeproj
    builtin-create-build-directory /Users/jtcao/Library/Caches/visepanda/native-event-reconnect-20260913/build/Build/Intermediates.noindex/SwiftExplicitPrecompiledModules

CreateBuildDirectory /Users/jtcao/Library/Caches/visepanda/native-event-reconnect-20260913/build/Build/Products/Debug-iphonesimulator
    cd /Users/jtcao/Documents/VP-V4-S2-Claim-Coverage/ios/VisePanda/VisePanda.xcodeproj
    builtin-create-build-directory /Users/jtcao/Library/Caches/visepanda/native-event-reconnect-20260913/build/Build/Products/Debug-iphonesimulator

CreateBuildDirectory /Users/jtcao/Library/Caches/visepanda/native-event-reconnect-20260913/build/Build/Intermediates.noindex/EagerLinkingTBDs/Debug-iphonesimulator
    cd /Users/jtcao/Documents/VP-V4-S2-Claim-Coverage/ios/VisePanda/VisePanda.xcodeproj
    builtin-create-build-directory /Users/jtcao/Library/Caches/visepanda/native-event-reconnect-20260913/build/Build/Intermediates.noindex/EagerLinkingTBDs/Debug-iphonesimulator

WriteAuxiliaryFile /Users/jtcao/Library/Caches/visepanda/native-event-reconnect-20260913/build/Build/Intermediates.noindex/VisePanda.build/Debug-iphonesimulator/VisePanda-97c7769df369d917a11b704107fd7f24-VFS-iphonesimulator/all-product-headers.yaml
    cd /Users/jtcao/Documents/VP-V4-S2-Claim-Coverage/ios/VisePanda/VisePanda.xcodeproj
    write-file /Users/jtcao/Library/Caches/visepanda/native-event-reconnect-20260913/build/Build/Intermediates.noindex/VisePanda.build/Debug-iphonesimulator/VisePanda-97c7769df369d917a11b704107fd7f24-VFS-iphonesimulator/all-product-headers.yaml

WriteAuxiliaryFile /Users/jtcao/Library/Caches/visepanda/native-event-reconnect-20260913/build/Build/Intermediates.noindex/VisePanda.build/Debug-iphonesimulator/VisePanda.build/VisePanda-generated-files.hmap (in target 'VisePanda' from project 'VisePanda')
    cd /Users/jtcao/Documents/VP-V4-S2-Claim-Coverage/ios/VisePanda
    write-file /Users/jtcao/Library/Caches/visepanda/native-event-reconnect-20260913/build/Build/Intermediates.noindex/VisePanda.build/Debug-iphonesimulator/VisePanda.build/VisePanda-generated-files.hmap

WriteAuxiliaryFile /Users/jtcao/Library/Caches/visepanda/native-event-reconnect-20260913/build/Build/Intermediates.noindex/VisePanda.build/Debug-iphonesimulator/VisePanda.build/VisePanda-all-target-headers.hmap (in target 'VisePanda' from project 'VisePanda')
    cd /Users/jtcao/Documents/VP-V4-S2-Claim-Coverage/ios/VisePanda
    write-file /Users/jtcao/Library/Caches/visepanda/native-event-reconnect-20260913/build/Build/Intermediates.noindex/VisePanda.build/Debug-iphonesimulator/VisePanda.build/VisePanda-all-target-headers.hmap

WriteAuxiliaryFile /Users/jtcao/Library/Caches/visepanda/native-event-reconnect-20260913/build/Build/Intermediates.noindex/VisePanda.build/Debug-iphonesimulator/VisePanda.build/VisePanda-project-headers.hmap (in target 'VisePanda' from project 'VisePanda')
    cd /Users/jtcao/Documents/VP-V4-S2-Claim-Coverage/ios/VisePanda
    write-file /Users/jtcao/Library/Caches/visepanda/native-event-reconnect-20260913/build/Build/Intermediates.noindex/VisePanda.build/Debug-iphonesimulator/VisePanda.build/VisePanda-project-headers.hmap

WriteAuxiliaryFile /Users/jtcao/Library/Caches/visepanda/native-event-reconnect-20260913/build/Build/Intermediates.noindex/VisePanda.build/Debug-iphonesimulator/VisePanda.build/VisePanda.DependencyStaticMetadataFileList (in target 'VisePanda' from project 'VisePanda')
    cd /Users/jtcao/Documents/VP-V4-S2-Claim-Coverage/ios/VisePanda
    write-file /Users/jtcao/Library/Caches/visepanda/native-event-reconnect-20260913/build/Build/Intermediates.noindex/VisePanda.build/Debug-iphonesimulator/VisePanda.build/VisePanda.DependencyStaticMetadataFileList

WriteAuxiliaryFile /Users/jtcao/Library/Caches/visepanda/native-event-reconnect-20260913/build/Build/Intermediates.noindex/VisePanda.build/Debug-iphonesimulator/VisePanda.build/VisePanda.DependencyMetadataFileList (in target 'VisePanda' from project 'VisePanda')
    cd /Users/jtcao/Documents/VP-V4-S2-Claim-Coverage/ios/VisePanda
    write-file /Users/jtcao/Library/Caches/visepanda/native-event-reconnect-20260913/build/Build/Intermediates.noindex/VisePanda.build/Debug-iphonesimulator/VisePanda.build/VisePanda.DependencyMetadataFileList

WriteAuxiliaryFile /Users/jtcao/Library/Caches/visepanda/native-event-reconnect-20260913/build/Build/Intermediates.noindex/VisePanda.build/Debug-iphonesimulator/VisePanda.build/VisePanda-own-target-headers.hmap (in target 'VisePanda' from project 'VisePanda')
    cd /Users/jtcao/Documents/VP-V4-S2-Claim-Coverage/ios/VisePanda
    write-file /Users/jtcao/Library/Caches/visepanda/native-event-reconnect-20260913/build/Build/Intermediates.noindex/VisePanda.build/Debug-iphonesimulator/VisePanda.build/VisePanda-own-target-headers.hmap

WriteAuxiliaryFile /Users/jtcao/Library/Caches/visepanda/native-event-reconnect-20260913/build/Build/Intermediates.noindex/VisePanda.build/Debug-iphonesimulator/VisePanda.build/VisePanda.hmap (in target 'VisePanda' from project 'VisePanda')
    cd /Users/jtcao/Documents/VP-V4-S2-Claim-Coverage/ios/VisePanda
    write-file /Users/jtcao/Library/Caches/visepanda/native-event-reconnect-20260913/build/Build/Intermediates.noindex/VisePanda.build/Debug-iphonesimulator/VisePanda.build/VisePanda.hmap

WriteAuxiliaryFile /Users/jtcao/Library/Caches/visepanda/native-event-reconnect-20260913/build/Build/Intermediates.noindex/VisePanda.build/Debug-iphonesimulator/VisePanda.build/VisePanda-all-non-framework-target-headers.hmap (in target 'VisePanda' from project 'VisePanda')
    cd /Users/jtcao/Documents/VP-V4-S2-Claim-Coverage/ios/VisePanda
    write-file /Users/jtcao/Library/Caches/visepanda/native-event-reconnect-20260913/build/Build/Intermediates.noindex/VisePanda.build/Debug-iphonesimulator/VisePanda.build/VisePanda-all-non-framework-target-headers.hmap

WriteAuxiliaryFile /Users/jtcao/Library/Caches/visepanda/native-event-reconnect-20260913/build/Build/Intermediates.noindex/VisePanda.build/Debug-iphonesimulator/VisePanda.build/VisePanda-DebugDylibPath-normal-x86_64.txt (in target 'VisePanda' from project 'VisePanda')
    cd /Users/jtcao/Documents/VP-V4-S2-Claim-Coverage/ios/VisePanda
    write-file /Users/jtcao/Library/Caches/visepanda/native-event-reconnect-20260913/build/Build/Intermediates.noindex/VisePanda.build/Debug-iphonesimulator/VisePanda.build/VisePanda-DebugDylibPath-normal-x86_64.txt

WriteAuxiliaryFile /Users/jtcao/Library/Caches/visepanda/native-event-reconnect-20260913/build/Build/Intermediates.noindex/VisePanda.build/Debug-iphonesimulator/VisePanda.build/VisePanda-DebugDylibPath-normal-arm64.txt (in target 'VisePanda' from project 'VisePanda')
    cd /Users/jtcao/Documents/VP-V4-S2-Claim-Coverage/ios/VisePanda
    write-file /Users/jtcao/Library/Caches/visepanda/native-event-reconnect-20260913/build/Build/Intermediates.noindex/VisePanda.build/Debug-iphonesimulator/VisePanda.build/VisePanda-DebugDylibPath-normal-arm64.txt

WriteAuxiliaryFile /Users/jtcao/Library/Caches/visepanda/native-event-reconnect-20260913/build/Build/Intermediates.noindex/VisePanda.build/Debug-iphonesimulator/VisePanda.build/VisePanda-DebugDylibInstallName-normal-x86_64.txt (in target 'VisePanda' from project 'VisePanda')
    cd /Users/jtcao/Documents/VP-V4-S2-Claim-Coverage/ios/VisePanda
    write-file /Users/jtcao/Library/Caches/visepanda/native-event-reconnect-20260913/build/Build/Intermediates.noindex/VisePanda.build/Debug-iphonesimulator/VisePanda.build/VisePanda-DebugDylibInstallName-normal-x86_64.txt

WriteAuxiliaryFile /Users/jtcao/Library/Caches/visepanda/native-event-reconnect-20260913/build/Build/Intermediates.noindex/VisePanda.build/Debug-iphonesimulator/VisePanda.build/VisePanda-DebugDylibInstallName-normal-arm64.txt (in target 'VisePanda' from project 'VisePanda')
    cd /Users/jtcao/Documents/VP-V4-S2-Claim-Coverage/ios/VisePanda
    write-file /Users/jtcao/Library/Caches/visepanda/native-event-reconnect-20260913/build/Build/Intermediates.noindex/VisePanda.build/Debug-iphonesimulator/VisePanda.build/VisePanda-DebugDylibInstallName-normal-arm64.txt

WriteAuxiliaryFile /Users/jtcao/Library/Caches/visepanda/native-event-reconnect-20260913/build/Build/Intermediates.noindex/VisePanda.build/Debug-iphonesimulator/VisePanda.build/Objects-normal/x86_64/VisePanda_const_extract_protocols.json (in target 'VisePanda' from project 'VisePanda')
    cd /Users/jtcao/Documents/VP-V4-S2-Claim-Coverage/ios/VisePanda
    write-file /Users/jtcao/Library/Caches/visepanda/native-event-reconnect-20260913/build/Build/Intermediates.noindex/VisePanda.build/Debug-iphonesimulator/VisePanda.build/Objects-normal/x86_64/VisePanda_const_extract_protocols.json

WriteAuxiliaryFile /Users/jtcao/Library/Caches/visepanda/native-event-reconnect-20260913/build/Build/Intermediates.noindex/VisePanda.build/Debug-iphonesimulator/VisePanda.build/Objects-normal/x86_64/VisePanda.SwiftFileList (in target 'VisePanda' from project 'VisePanda')
    cd /Users/jtcao/Documents/VP-V4-S2-Claim-Coverage/ios/VisePanda
    write-file /Users/jtcao/Library/Caches/visepanda/native-event-reconnect-20260913/build/Build/Intermediates.noindex/VisePanda.build/Debug-iphonesimulator/VisePanda.build/Objects-normal/x86_64/VisePanda.SwiftFileList

WriteAuxiliaryFile /Users/jtcao/Library/Caches/visepanda/native-event-reconnect-20260913/build/Build/Intermediates.noindex/VisePanda.build/Debug-iphonesimulator/VisePanda.build/Objects-normal/x86_64/VisePanda.SwiftConstValuesFileList (in target 'VisePanda' from project 'VisePanda')
    cd /Users/jtcao/Documents/VP-V4-S2-Claim-Coverage/ios/VisePanda
    write-file /Users/jtcao/Library/Caches/visepanda/native-event-reconnect-20260913/build/Build/Intermediates.noindex/VisePanda.build/Debug-iphonesimulator/VisePanda.build/Objects-normal/x86_64/VisePanda.SwiftConstValuesFileList

WriteAuxiliaryFile /Users/jtcao/Library/Caches/visepanda/native-event-reconnect-20260913/build/Build/Intermediates.noindex/VisePanda.build/Debug-iphonesimulator/VisePanda.build/Objects-normal/x86_64/VisePanda.LinkFileList (in target 'VisePanda' from project 'VisePanda')
    cd /Users/jtcao/Documents/VP-V4-S2-Claim-Coverage/ios/VisePanda
    write-file /Users/jtcao/Library/Caches/visepanda/native-event-reconnect-20260913/build/Build/Intermediates.noindex/VisePanda.build/Debug-iphonesimulator/VisePanda.build/Objects-normal/x86_64/VisePanda.LinkFileList

WriteAuxiliaryFile /Users/jtcao/Library/Caches/visepanda/native-event-reconnect-20260913/build/Build/Intermediates.noindex/VisePanda.build/Debug-iphonesimulator/VisePanda.build/Objects-normal/x86_64/VisePanda-OutputFileMap.json (in target 'VisePanda' from project 'VisePanda')
    cd /Users/jtcao/Documents/VP-V4-S2-Claim-Coverage/ios/VisePanda
    write-file /Users/jtcao/Library/Caches/visepanda/native-event-reconnect-20260913/build/Build/Intermediates.noindex/VisePanda.build/Debug-iphonesimulator/VisePanda.build/Objects-normal/x86_64/VisePanda-OutputFileMap.json

WriteAuxiliaryFile /Users/jtcao/Library/Caches/visepanda/native-event-reconnect-20260913/build/Build/Intermediates.noindex/VisePanda.build/Debug-iphonesimulator/VisePanda.build/Objects-normal/arm64/VisePanda_const_extract_protocols.json (in target 'VisePanda' from project 'VisePanda')
    cd /Users/jtcao/Documents/VP-V4-S2-Claim-Coverage/ios/VisePanda
    write-file /Users/jtcao/Library/Caches/visepanda/native-event-reconnect-20260913/build/Build/Intermediates.noindex/VisePanda.build/Debug-iphonesimulator/VisePanda.build/Objects-normal/arm64/VisePanda_const_extract_protocols.json

WriteAuxiliaryFile /Users/jtcao/Library/Caches/visepanda/native-event-reconnect-20260913/build/Build/Intermediates.noindex/VisePanda.build/Debug-iphonesimulator/VisePanda.build/Objects-normal/arm64/VisePanda.SwiftFileList (in target 'VisePanda' from project 'VisePanda')
    cd /Users/jtcao/Documents/VP-V4-S2-Claim-Coverage/ios/VisePanda
    write-file /Users/jtcao/Library/Caches/visepanda/native-event-reconnect-20260913/build/Build/Intermediates.noindex/VisePanda.build/Debug-iphonesimulator/VisePanda.build/Objects-normal/arm64/VisePanda.SwiftFileList

WriteAuxiliaryFile /Users/jtcao/Library/Caches/visepanda/native-event-reconnect-20260913/build/Build/Intermediates.noindex/VisePanda.build/Debug-iphonesimulator/VisePanda.build/Objects-normal/arm64/VisePanda.SwiftConstValuesFileList (in target 'VisePanda' from project 'VisePanda')
    cd /Users/jtcao/Documents/VP-V4-S2-Claim-Coverage/ios/VisePanda
    write-file /Users/jtcao/Library/Caches/visepanda/native-event-reconnect-20260913/build/Build/Intermediates.noindex/VisePanda.build/Debug-iphonesimulator/VisePanda.build/Objects-normal/arm64/VisePanda.SwiftConstValuesFileList

WriteAuxiliaryFile /Users/jtcao/Library/Caches/visepanda/native-event-reconnect-20260913/build/Build/Intermediates.noindex/VisePanda.build/Debug-iphonesimulator/VisePanda.build/Objects-normal/arm64/VisePanda.LinkFileList (in target 'VisePanda' from project 'VisePanda')
    cd /Users/jtcao/Documents/VP-V4-S2-Claim-Coverage/ios/VisePanda
    write-file /Users/jtcao/Library/Caches/visepanda/native-event-reconnect-20260913/build/Build/Intermediates.noindex/VisePanda.build/Debug-iphonesimulator/VisePanda.build/Objects-normal/arm64/VisePanda.LinkFileList

WriteAuxiliaryFile /Users/jtcao/Library/Caches/visepanda/native-event-reconnect-20260913/build/Build/Intermediates.noindex/VisePanda.build/Debug-iphonesimulator/VisePanda.build/Objects-normal/arm64/VisePanda-OutputFileMap.json (in target 'VisePanda' from project 'VisePanda')
    cd /Users/jtcao/Documents/VP-V4-S2-Claim-Coverage/ios/VisePanda
    write-file /Users/jtcao/Library/Caches/visepanda/native-event-reconnect-20260913/build/Build/Intermediates.noindex/VisePanda.build/Debug-iphonesimulator/VisePanda.build/Objects-normal/arm64/VisePanda-OutputFileMap.json

MkDir /Users/jtcao/Library/Caches/visepanda/native-event-reconnect-20260913/build/Build/Products/Debug-iphonesimulator/VisePanda.app (in target 'VisePanda' from project 'VisePanda')
    cd /Users/jtcao/Documents/VP-V4-S2-Claim-Coverage/ios/VisePanda
    /bin/mkdir -p /Users/jtcao/Library/Caches/visepanda/native-event-reconnect-20260913/build/Build/Products/Debug-iphonesimulator/VisePanda.app

Ld /Users/jtcao/Library/Caches/visepanda/native-event-reconnect-20260913/build/Build/Intermediates.noindex/VisePanda.build/Debug-iphonesimulator/VisePanda.build/Objects-normal/x86_64/Binary/__preview.dylib normal x86_64 (in target 'VisePanda' from project 'VisePanda')
    cd /Users/jtcao/Documents/VP-V4-S2-Claim-Coverage/ios/VisePanda
    /Applications/Xcode.app/Contents/Developer/Toolchains/XcodeDefault.xctoolchain/usr/bin/clang -Xlinker -reproducible -target x86_64-apple-ios17.0-simulator -dynamiclib -isysroot /Applications/Xcode.app/Contents/Developer/Platforms/iPhoneSimulator.platform/Developer/SDKs/iPhoneSimulator26.5.sdk -O0 -L/Users/jtcao/Library/Caches/visepanda/native-event-reconnect-20260913/build/Build/Products/Debug-iphonesimulator -F/Users/jtcao/Library/Caches/visepanda/native-event-reconnect-20260913/build/Build/Products/Debug-iphonesimulator -install_name @rpath/VisePanda.debug.dylib -Xlinker -dead_strip -rdynamic -Xlinker -no_deduplicate -Xlinker -objc_abi_version -Xlinker 2 -Xlinker -dependency_info -Xlinker /Users/jtcao/Library/Caches/visepanda/native-event-reconnect-20260913/build/Build/Intermediates.noindex/VisePanda.build/Debug-iphonesimulator/VisePanda.build/Objects-normal/x86_64/VisePanda_dependency_info.dat -o /Users/jtcao/Library/Caches/visepanda/native-event-reconnect-20260913/build/Build/Intermediates.noindex/VisePanda.build/Debug-iphonesimulator/VisePanda.build/Objects-normal/x86_64/Binary/__preview.dylib

MkDir /Users/jtcao/Library/Caches/visepanda/native-event-reconnect-20260913/build/Build/Intermediates.noindex/VisePanda.build/Debug-iphonesimulator/VisePanda.build/assetcatalog_output/unthinned (in target 'VisePanda' from project 'VisePanda')
    cd /Users/jtcao/Documents/VP-V4-S2-Claim-Coverage/ios/VisePanda
    /bin/mkdir -p /Users/jtcao/Library/Caches/visepanda/native-event-reconnect-20260913/build/Build/Intermediates.noindex/VisePanda.build/Debug-iphonesimulator/VisePanda.build/assetcatalog_output/unthinned

Ld /Users/jtcao/Library/Caches/visepanda/native-event-reconnect-20260913/build/Build/Intermediates.noindex/VisePanda.build/Debug-iphonesimulator/VisePanda.build/Objects-normal/arm64/Binary/__preview.dylib normal arm64 (in target 'VisePanda' from project 'VisePanda')
    cd /Users/jtcao/Documents/VP-V4-S2-Claim-Coverage/ios/VisePanda
    /Applications/Xcode.app/Contents/Developer/Toolchains/XcodeDefault.xctoolchain/usr/bin/clang -Xlinker -reproducible -target arm64-apple-ios17.0-simulator -dynamiclib -isysroot /Applications/Xcode.app/Contents/Developer/Platforms/iPhoneSimulator.platform/Developer/SDKs/iPhoneSimulator26.5.sdk -O0 -L/Users/jtcao/Library/Caches/visepanda/native-event-reconnect-20260913/build/Build/Products/Debug-iphonesimulator -F/Users/jtcao/Library/Caches/visepanda/native-event-reconnect-20260913/build/Build/Products/Debug-iphonesimulator -install_name @rpath/VisePanda.debug.dylib -Xlinker -dead_strip -rdynamic -Xlinker -no_deduplicate -Xlinker -objc_abi_version -Xlinker 2 -Xlinker -dependency_info -Xlinker /Users/jtcao/Library/Caches/visepanda/native-event-reconnect-20260913/build/Build/Intermediates.noindex/VisePanda.build/Debug-iphonesimulator/VisePanda.build/Objects-normal/arm64/VisePanda_dependency_info.dat -o /Users/jtcao/Library/Caches/visepanda/native-event-reconnect-20260913/build/Build/Intermediates.noindex/VisePanda.build/Debug-iphonesimulator/VisePanda.build/Objects-normal/arm64/Binary/__preview.dylib

MkDir /Users/jtcao/Library/Caches/visepanda/native-event-reconnect-20260913/build/Build/Intermediates.noindex/VisePanda.build/Debug-iphonesimulator/VisePanda.build/assetcatalog_output/thinned (in target 'VisePanda' from project 'VisePanda')
    cd /Users/jtcao/Documents/VP-V4-S2-Claim-Coverage/ios/VisePanda
    /bin/mkdir -p /Users/jtcao/Library/Caches/visepanda/native-event-reconnect-20260913/build/Build/Intermediates.noindex/VisePanda.build/Debug-iphonesimulator/VisePanda.build/assetcatalog_output/thinned

GenerateAssetSymbols /Users/jtcao/Documents/VP-V4-S2-Claim-Coverage/ios/VisePanda/VisePanda/Resources/Assets.xcassets (in target 'VisePanda' from project 'VisePanda')
    cd /Users/jtcao/Documents/VP-V4-S2-Claim-Coverage/ios/VisePanda
    /Applications/Xcode.app/Contents/Developer/usr/bin/actool /Users/jtcao/Documents/VP-V4-S2-Claim-Coverage/ios/VisePanda/VisePanda/Resources/Assets.xcassets --compile /Users/jtcao/Library/Caches/visepanda/native-event-reconnect-20260913/build/Build/Products/Debug-iphonesimulator/VisePanda.app --output-format human-readable-text --notices --warnings --export-dependency-info /Users/jtcao/Library/Caches/visepanda/native-event-reconnect-20260913/build/Build/Intermediates.noindex/VisePanda.build/Debug-iphonesimulator/VisePanda.build/assetcatalog_dependencies --output-partial-info-plist /Users/jtcao/Library/Caches/visepanda/native-event-reconnect-20260913/build/Build/Intermediates.noindex/VisePanda.build/Debug-iphonesimulator/VisePanda.build/assetcatalog_generated_info.plist --app-icon AppIcon --compress-pngs --enable-on-demand-resources YES --development-region en --target-device iphone --minimum-deployment-target 17.0 --platform iphonesimulator --bundle-identifier space.go2china.VisePanda --generate-swift-asset-symbols /Users/jtcao/Library/Caches/visepanda/native-event-reconnect-20260913/build/Build/Intermediates.noindex/VisePanda.build/Debug-iphonesimulator/VisePanda.build/DerivedSources/GeneratedAssetSymbols.swift --generate-objc-asset-symbols /Users/jtcao/Library/Caches/visepanda/native-event-reconnect-20260913/build/Build/Intermediates.noindex/VisePanda.build/Debug-iphonesimulator/VisePanda.build/DerivedSources/GeneratedAssetSymbols.h --generate-asset-symbol-index /Users/jtcao/Library/Caches/visepanda/native-event-reconnect-20260913/build/Build/Intermediates.noindex/VisePanda.build/Debug-iphonesimulator/VisePanda.build/DerivedSources/GeneratedAssetSymbols-Index.plist
/* com.apple.actool.compilation-results */
/Users/jtcao/Library/Caches/visepanda/native-event-reconnect-20260913/build/Build/Intermediates.noindex/VisePanda.build/Debug-iphonesimulator/VisePanda.build/DerivedSources/GeneratedAssetSymbols-Index.plist
/Users/jtcao/Library/Caches/visepanda/native-event-reconnect-20260913/build/Build/Intermediates.noindex/VisePanda.build/Debug-iphonesimulator/VisePanda.build/DerivedSources/GeneratedAssetSymbols.h
/Users/jtcao/Library/Caches/visepanda/native-event-reconnect-20260913/build/Build/Intermediates.noindex/VisePanda.build/Debug-iphonesimulator/VisePanda.build/DerivedSources/GeneratedAssetSymbols.swift


CompileXCStrings /Users/jtcao/Library/Caches/visepanda/native-event-reconnect-20260913/build/Build/Intermediates.noindex/VisePanda.build/Debug-iphonesimulator/VisePanda.build/ /Users/jtcao/Documents/VP-V4-S2-Claim-Coverage/ios/VisePanda/VisePanda/Resources/Localizable.xcstrings (in target 'VisePanda' from project 'VisePanda')
    cd /Users/jtcao/Documents/VP-V4-S2-Claim-Coverage/ios/VisePanda
    /Applications/Xcode.app/Contents/Developer/usr/bin/xcstringstool compile --output-directory /Users/jtcao/Library/Caches/visepanda/native-event-reconnect-20260913/build/Build/Intermediates.noindex/VisePanda.build/Debug-iphonesimulator/VisePanda.build /Users/jtcao/Documents/VP-V4-S2-Claim-Coverage/ios/VisePanda/VisePanda/Resources/Localizable.xcstrings

CompileAssetCatalogVariant thinned /Users/jtcao/Library/Caches/visepanda/native-event-reconnect-20260913/build/Build/Products/Debug-iphonesimulator/VisePanda.app /Users/jtcao/Documents/VP-V4-S2-Claim-Coverage/ios/VisePanda/VisePanda/Resources/Assets.xcassets (in target 'VisePanda' from project 'VisePanda')
    cd /Users/jtcao/Documents/VP-V4-S2-Claim-Coverage/ios/VisePanda
    /Applications/Xcode.app/Contents/Developer/usr/bin/actool /Users/jtcao/Documents/VP-V4-S2-Claim-Coverage/ios/VisePanda/VisePanda/Resources/Assets.xcassets --compile /Users/jtcao/Library/Caches/visepanda/native-event-reconnect-20260913/build/Build/Intermediates.noindex/VisePanda.build/Debug-iphonesimulator/VisePanda.build/assetcatalog_output/thinned --output-format human-readable-text --notices --warnings --export-dependency-info /Users/jtcao/Library/Caches/visepanda/native-event-reconnect-20260913/build/Build/Intermediates.noindex/VisePanda.build/Debug-iphonesimulator/VisePanda.build/assetcatalog_dependencies_thinned --output-partial-info-plist /Users/jtcao/Library/Caches/visepanda/native-event-reconnect-20260913/build/Build/Intermediates.noindex/VisePanda.build/Debug-iphonesimulator/VisePanda.build/assetcatalog_generated_info.plist_thinned --app-icon AppIcon --compress-pngs --enable-on-demand-resources YES --development-region en --target-device iphone --minimum-deployment-target 17.0 --platform iphonesimulator
/* com.apple.actool.compilation-results */
/Users/jtcao/Library/Caches/visepanda/native-event-reconnect-20260913/build/Build/Intermediates.noindex/VisePanda.build/Debug-iphonesimulator/VisePanda.build/assetcatalog_generated_info.plist_thinned
/Users/jtcao/Library/Caches/visepanda/native-event-reconnect-20260913/build/Build/Intermediates.noindex/VisePanda.build/Debug-iphonesimulator/VisePanda.build/assetcatalog_output/thinned/AppIcon60x60@2x.png
/Users/jtcao/Library/Caches/visepanda/native-event-reconnect-20260913/build/Build/Intermediates.noindex/VisePanda.build/Debug-iphonesimulator/VisePanda.build/assetcatalog_output/thinned/AppIcon76x76@2x~ipad.png
/Users/jtcao/Library/Caches/visepanda/native-event-reconnect-20260913/build/Build/Intermediates.noindex/VisePanda.build/Debug-iphonesimulator/VisePanda.build/assetcatalog_output/thinned/Assets.car


CreateUniversalBinary /Users/jtcao/Library/Caches/visepanda/native-event-reconnect-20260913/build/Build/Products/Debug-iphonesimulator/VisePanda.app/__preview.dylib normal arm64\ x86_64 (in target 'VisePanda' from project 'VisePanda')
    cd /Users/jtcao/Documents/VP-V4-S2-Claim-Coverage/ios/VisePanda
    /Applications/Xcode.app/Contents/Developer/Toolchains/XcodeDefault.xctoolchain/usr/bin/lipo -create /Users/jtcao/Library/Caches/visepanda/native-event-reconnect-20260913/build/Build/Intermediates.noindex/VisePanda.build/Debug-iphonesimulator/VisePanda.build/Objects-normal/arm64/Binary/__preview.dylib /Users/jtcao/Library/Caches/visepanda/native-event-reconnect-20260913/build/Build/Intermediates.noindex/VisePanda.build/Debug-iphonesimulator/VisePanda.build/Objects-normal/x86_64/Binary/__preview.dylib -output /Users/jtcao/Library/Caches/visepanda/native-event-reconnect-20260913/build/Build/Products/Debug-iphonesimulator/VisePanda.app/__preview.dylib

CopyStringsFile /Users/jtcao/Library/Caches/visepanda/native-event-reconnect-20260913/build/Build/Products/Debug-iphonesimulator/VisePanda.app/ru.lproj/Localizable.strings /Users/jtcao/Library/Caches/visepanda/native-event-reconnect-20260913/build/Build/Intermediates.noindex/VisePanda.build/Debug-iphonesimulator/VisePanda.build/ru.lproj/Localizable.strings (in target 'VisePanda' from project 'VisePanda')
    cd /Users/jtcao/Documents/VP-V4-S2-Claim-Coverage/ios/VisePanda
    builtin-copyStrings --validate --outputencoding binary --outfilename Localizable.strings --outdir /Users/jtcao/Library/Caches/visepanda/native-event-reconnect-20260913/build/Build/Products/Debug-iphonesimulator/VisePanda.app/ru.lproj -- /Users/jtcao/Library/Caches/visepanda/native-event-reconnect-20260913/build/Build/Intermediates.noindex/VisePanda.build/Debug-iphonesimulator/VisePanda.build/ru.lproj/Localizable.strings
/Users/jtcao/Library/Caches/visepanda/native-event-reconnect-20260913/build/Build/Intermediates.noindex/VisePanda.build/Debug-iphonesimulator/VisePanda.build/ru.lproj/Localizable.strings:1:1: note: detected encoding of input file as Unicode (UTF-8) (in target 'VisePanda' from project 'VisePanda')

CopyStringsFile /Users/jtcao/Library/Caches/visepanda/native-event-reconnect-20260913/build/Build/Products/Debug-iphonesimulator/VisePanda.app/es.lproj/Localizable.strings /Users/jtcao/Library/Caches/visepanda/native-event-reconnect-20260913/build/Build/Intermediates.noindex/VisePanda.build/Debug-iphonesimulator/VisePanda.build/es.lproj/Localizable.strings (in target 'VisePanda' from project 'VisePanda')
    cd /Users/jtcao/Documents/VP-V4-S2-Claim-Coverage/ios/VisePanda
    builtin-copyStrings --validate --outputencoding binary --outfilename Localizable.strings --outdir /Users/jtcao/Library/Caches/visepanda/native-event-reconnect-20260913/build/Build/Products/Debug-iphonesimulator/VisePanda.app/es.lproj -- /Users/jtcao/Library/Caches/visepanda/native-event-reconnect-20260913/build/Build/Intermediates.noindex/VisePanda.build/Debug-iphonesimulator/VisePanda.build/es.lproj/Localizable.strings
/Users/jtcao/Library/Caches/visepanda/native-event-reconnect-20260913/build/Build/Intermediates.noindex/VisePanda.build/Debug-iphonesimulator/VisePanda.build/es.lproj/Localizable.strings:1:1: note: detected encoding of input file as Unicode (UTF-8) (in target 'VisePanda' from project 'VisePanda')

CopyStringsFile /Users/jtcao/Library/Caches/visepanda/native-event-reconnect-20260913/build/Build/Products/Debug-iphonesimulator/VisePanda.app/en.lproj/Localizable.strings /Users/jtcao/Library/Caches/visepanda/native-event-reconnect-20260913/build/Build/Intermediates.noindex/VisePanda.build/Debug-iphonesimulator/VisePanda.build/en.lproj/Localizable.strings (in target 'VisePanda' from project 'VisePanda')
    cd /Users/jtcao/Documents/VP-V4-S2-Claim-Coverage/ios/VisePanda
    builtin-copyStrings --validate --outputencoding binary --outfilename Localizable.strings --outdir /Users/jtcao/Library/Caches/visepanda/native-event-reconnect-20260913/build/Build/Products/Debug-iphonesimulator/VisePanda.app/en.lproj -- /Users/jtcao/Library/Caches/visepanda/native-event-reconnect-20260913/build/Build/Intermediates.noindex/VisePanda.build/Debug-iphonesimulator/VisePanda.build/en.lproj/Localizable.strings
/Users/jtcao/Library/Caches/visepanda/native-event-reconnect-20260913/build/Build/Intermediates.noindex/VisePanda.build/Debug-iphonesimulator/VisePanda.build/en.lproj/Localizable.strings:1:1: note: detected encoding of input file as Unicode (UTF-8) (in target 'VisePanda' from project 'VisePanda')

CopyStringsFile /Users/jtcao/Library/Caches/visepanda/native-event-reconnect-20260913/build/Build/Products/Debug-iphonesimulator/VisePanda.app/zh-Hans.lproj/Localizable.strings /Users/jtcao/Library/Caches/visepanda/native-event-reconnect-20260913/build/Build/Intermediates.noindex/VisePanda.build/Debug-iphonesimulator/VisePanda.build/zh-Hans.lproj/Localizable.strings (in target 'VisePanda' from project 'VisePanda')
    cd /Users/jtcao/Documents/VP-V4-S2-Claim-Coverage/ios/VisePanda
    builtin-copyStrings --validate --outputencoding binary --outfilename Localizable.strings --outdir /Users/jtcao/Library/Caches/visepanda/native-event-reconnect-20260913/build/Build/Products/Debug-iphonesimulator/VisePanda.app/zh-Hans.lproj -- /Users/jtcao/Library/Caches/visepanda/native-event-reconnect-20260913/build/Build/Intermediates.noindex/VisePanda.build/Debug-iphonesimulator/VisePanda.build/zh-Hans.lproj/Localizable.strings
/Users/jtcao/Library/Caches/visepanda/native-event-reconnect-20260913/build/Build/Intermediates.noindex/VisePanda.build/Debug-iphonesimulator/VisePanda.build/zh-Hans.lproj/Localizable.strings:1:1: note: detected encoding of input file as Unicode (UTF-8) (in target 'VisePanda' from project 'VisePanda')

CopyStringsFile /Users/jtcao/Library/Caches/visepanda/native-event-reconnect-20260913/build/Build/Products/Debug-iphonesimulator/VisePanda.app/ar.lproj/Localizable.strings /Users/jtcao/Library/Caches/visepanda/native-event-reconnect-20260913/build/Build/Intermediates.noindex/VisePanda.build/Debug-iphonesimulator/VisePanda.build/ar.lproj/Localizable.strings (in target 'VisePanda' from project 'VisePanda')
    cd /Users/jtcao/Documents/VP-V4-S2-Claim-Coverage/ios/VisePanda
    builtin-copyStrings --validate --outputencoding binary --outfilename Localizable.strings --outdir /Users/jtcao/Library/Caches/visepanda/native-event-reconnect-20260913/build/Build/Products/Debug-iphonesimulator/VisePanda.app/ar.lproj -- /Users/jtcao/Library/Caches/visepanda/native-event-reconnect-20260913/build/Build/Intermediates.noindex/VisePanda.build/Debug-iphonesimulator/VisePanda.build/ar.lproj/Localizable.strings
/Users/jtcao/Library/Caches/visepanda/native-event-reconnect-20260913/build/Build/Intermediates.noindex/VisePanda.build/Debug-iphonesimulator/VisePanda.build/ar.lproj/Localizable.strings:1:1: note: detected encoding of input file as Unicode (UTF-8) (in target 'VisePanda' from project 'VisePanda')

SwiftDriver VisePanda normal arm64 com.apple.xcode.tools.swift.compiler (in target 'VisePanda' from project 'VisePanda')
    cd /Users/jtcao/Documents/VP-V4-S2-Claim-Coverage/ios/VisePanda
    builtin-SwiftDriver -- /Applications/Xcode.app/Contents/Developer/Toolchains/XcodeDefault.xctoolchain/usr/bin/swiftc -module-name VisePanda -Onone @/Users/jtcao/Library/Caches/visepanda/native-event-reconnect-20260913/build/Build/Intermediates.noindex/VisePanda.build/Debug-iphonesimulator/VisePanda.build/Objects-normal/arm64/VisePanda.SwiftFileList -DDEBUG -default-isolation\=MainActor -enable-upcoming-feature InferIsolatedConformances -enable-upcoming-feature NonisolatedNonsendingByDefault -enable-experimental-feature DebugDescriptionMacro -sdk /Applications/Xcode.app/Contents/Developer/Platforms/iPhoneSimulator.platform/Developer/SDKs/iPhoneSimulator26.5.sdk -target arm64-apple-ios17.0-simulator -g -module-cache-path /Users/jtcao/Library/Caches/visepanda/native-event-reconnect-20260913/build/ModuleCache.noindex -Xfrontend -serialize-debugging-options -enable-testing -index-store-path /Users/jtcao/Library/Caches/visepanda/native-event-reconnect-20260913/build/Index.noindex/DataStore -Xcc -D_LIBCPP_HARDENING_MODE\=_LIBCPP_HARDENING_MODE_DEBUG -swift-version 6 -I /Users/jtcao/Library/Caches/visepanda/native-event-reconnect-20260913/build/Build/Products/Debug-iphonesimulator -F /Users/jtcao/Library/Caches/visepanda/native-event-reconnect-20260913/build/Build/Products/Debug-iphonesimulator -c -j8 -enable-batch-mode -incremental -Xcc -ivfsstatcache -Xcc /Users/jtcao/Library/Caches/visepanda/native-event-reconnect-20260913/build/SDKStatCaches.noindex/iphonesimulator26.5-23F81a-6cfe768891a92b912361537c460fe42b.sdkstatcache -output-file-map /Users/jtcao/Library/Caches/visepanda/native-event-reconnect-20260913/build/Build/Intermediates.noindex/VisePanda.build/Debug-iphonesimulator/VisePanda.build/Objects-normal/arm64/VisePanda-OutputFileMap.json -use-frontend-parseable-output -save-temps -no-color-diagnostics -explicit-module-build -module-cache-path /Users/jtcao/Library/Caches/visepanda/native-event-reconnect-20260913/build/Build/Intermediates.noindex/SwiftExplicitPrecompiledModules -clang-scanner-module-cache-path /Users/jtcao/Library/Caches/visepanda/native-event-reconnect-20260913/build/ModuleCache.noindex -sdk-module-cache-path /Users/jtcao/Library/Caches/visepanda/native-event-reconnect-20260913/build/ModuleCache.noindex -serialize-diagnostics -emit-dependencies -emit-module -emit-module-path /Users/jtcao/Library/Caches/visepanda/native-event-reconnect-20260913/build/Build/Intermediates.noindex/VisePanda.build/Debug-iphonesimulator/VisePanda.build/Objects-normal/arm64/VisePanda.swiftmodule -validate-clang-modules-once -clang-build-session-file /Users/jtcao/Library/Caches/visepanda/native-event-reconnect-20260913/build/ModuleCache.noindex/Session.modulevalidation -Xcc -I/Users/jtcao/Library/Caches/visepanda/native-event-reconnect-20260913/build/Build/Intermediates.noindex/VisePanda.build/Debug-iphonesimulator/VisePanda.build/swift-overrides.hmap -emit-const-values -Xfrontend -const-gather-protocols-file -Xfrontend /Users/jtcao/Library/Caches/visepanda/native-event-reconnect-20260913/build/Build/Intermediates.noindex/VisePanda.build/Debug-iphonesimulator/VisePanda.build/Objects-normal/arm64/VisePanda_const_extract_protocols.json -Xcc -iquote -Xcc /Users/jtcao/Library/Caches/visepanda/native-event-reconnect-20260913/build/Build/Intermediates.noindex/VisePanda.build/Debug-iphonesimulator/VisePanda.build/VisePanda-generated-files.hmap -Xcc -I/Users/jtcao/Library/Caches/visepanda/native-event-reconnect-20260913/build/Build/Intermediates.noindex/VisePanda.build/Debug-iphonesimulator/VisePanda.build/VisePanda-own-target-headers.hmap -Xcc -I/Users/jtcao/Library/Caches/visepanda/native-event-reconnect-20260913/build/Build/Intermediates.noindex/VisePanda.build/Debug-iphonesimulator/VisePanda.build/VisePanda-all-target-headers.hmap -Xcc -iquote -Xcc /Users/jtcao/Library/Caches/visepanda/native-event-reconnect-20260913/build/Build/Intermediates.noindex/VisePanda.build/Debug-iphonesimulator/VisePanda.build/VisePanda-project-headers.hmap -Xcc -I/Users/jtcao/Library/Caches/visepanda/native-event-reconnect-20260913/build/Build/Products/Debug-iphonesimulator/include -Xcc -I/Users/jtcao/Library/Caches/visepanda/native-event-reconnect-20260913/build/Build/Intermediates.noindex/VisePanda.build/Debug-iphonesimulator/VisePanda.build/DerivedSources-normal/arm64 -Xcc -I/Users/jtcao/Library/Caches/visepanda/native-event-reconnect-20260913/build/Build/Intermediates.noindex/VisePanda.build/Debug-iphonesimulator/VisePanda.build/DerivedSources/arm64 -Xcc -I/Users/jtcao/Library/Caches/visepanda/native-event-reconnect-20260913/build/Build/Intermediates.noindex/VisePanda.build/Debug-iphonesimulator/VisePanda.build/DerivedSources -emit-objc-header -emit-objc-header-path /Users/jtcao/Library/Caches/visepanda/native-event-reconnect-20260913/build/Build/Intermediates.noindex/VisePanda.build/Debug-iphonesimulator/VisePanda.build/Objects-normal/arm64/VisePanda-Swift.h -working-directory /Users/jtcao/Documents/VP-V4-S2-Claim-Coverage/ios/VisePanda -experimental-emit-module-separately -disable-cmo

SwiftDriver VisePanda normal x86_64 com.apple.xcode.tools.swift.compiler (in target 'VisePanda' from project 'VisePanda')
    cd /Users/jtcao/Documents/VP-V4-S2-Claim-Coverage/ios/VisePanda
    builtin-SwiftDriver -- /Applications/Xcode.app/Contents/Developer/Toolchains/XcodeDefault.xctoolchain/usr/bin/swiftc -module-name VisePanda -Onone @/Users/jtcao/Library/Caches/visepanda/native-event-reconnect-20260913/build/Build/Intermediates.noindex/VisePanda.build/Debug-iphonesimulator/VisePanda.build/Objects-normal/x86_64/VisePanda.SwiftFileList -DDEBUG -default-isolation\=MainActor -enable-upcoming-feature InferIsolatedConformances -enable-upcoming-feature NonisolatedNonsendingByDefault -enable-experimental-feature DebugDescriptionMacro -sdk /Applications/Xcode.app/Contents/Developer/Platforms/iPhoneSimulator.platform/Developer/SDKs/iPhoneSimulator26.5.sdk -target x86_64-apple-ios17.0-simulator -g -module-cache-path /Users/jtcao/Library/Caches/visepanda/native-event-reconnect-20260913/build/ModuleCache.noindex -Xfrontend -serialize-debugging-options -enable-testing -index-store-path /Users/jtcao/Library/Caches/visepanda/native-event-reconnect-20260913/build/Index.noindex/DataStore -Xcc -D_LIBCPP_HARDENING_MODE\=_LIBCPP_HARDENING_MODE_DEBUG -swift-version 6 -I /Users/jtcao/Library/Caches/visepanda/native-event-reconnect-20260913/build/Build/Products/Debug-iphonesimulator -F /Users/jtcao/Library/Caches/visepanda/native-event-reconnect-20260913/build/Build/Products/Debug-iphonesimulator -c -j8 -enable-batch-mode -incremental -Xcc -ivfsstatcache -Xcc /Users/jtcao/Library/Caches/visepanda/native-event-reconnect-20260913/build/SDKStatCaches.noindex/iphonesimulator26.5-23F81a-6cfe768891a92b912361537c460fe42b.sdkstatcache -output-file-map /Users/jtcao/Library/Caches/visepanda/native-event-reconnect-20260913/build/Build/Intermediates.noindex/VisePanda.build/Debug-iphonesimulator/VisePanda.build/Objects-normal/x86_64/VisePanda-OutputFileMap.json -use-frontend-parseable-output -save-temps -no-color-diagnostics -explicit-module-build -module-cache-path /Users/jtcao/Library/Caches/visepanda/native-event-reconnect-20260913/build/Build/Intermediates.noindex/SwiftExplicitPrecompiledModules -clang-scanner-module-cache-path /Users/jtcao/Library/Caches/visepanda/native-event-reconnect-20260913/build/ModuleCache.noindex -sdk-module-cache-path /Users/jtcao/Library/Caches/visepanda/native-event-reconnect-20260913/build/ModuleCache.noindex -serialize-diagnostics -emit-dependencies -emit-module -emit-module-path /Users/jtcao/Library/Caches/visepanda/native-event-reconnect-20260913/build/Build/Intermediates.noindex/VisePanda.build/Debug-iphonesimulator/VisePanda.build/Objects-normal/x86_64/VisePanda.swiftmodule -validate-clang-modules-once -clang-build-session-file /Users/jtcao/Library/Caches/visepanda/native-event-reconnect-20260913/build/ModuleCache.noindex/Session.modulevalidation -Xcc -I/Users/jtcao/Library/Caches/visepanda/native-event-reconnect-20260913/build/Build/Intermediates.noindex/VisePanda.build/Debug-iphonesimulator/VisePanda.build/swift-overrides.hmap -emit-const-values -Xfrontend -const-gather-protocols-file -Xfrontend /Users/jtcao/Library/Caches/visepanda/native-event-reconnect-20260913/build/Build/Intermediates.noindex/VisePanda.build/Debug-iphonesimulator/VisePanda.build/Objects-normal/x86_64/VisePanda_const_extract_protocols.json -Xcc -iquote -Xcc /Users/jtcao/Library/Caches/visepanda/native-event-reconnect-20260913/build/Build/Intermediates.noindex/VisePanda.build/Debug-iphonesimulator/VisePanda.build/VisePanda-generated-files.hmap -Xcc -I/Users/jtcao/Library/Caches/visepanda/native-event-reconnect-20260913/build/Build/Intermediates.noindex/VisePanda.build/Debug-iphonesimulator/VisePanda.build/VisePanda-own-target-headers.hmap -Xcc -I/Users/jtcao/Library/Caches/visepanda/native-event-reconnect-20260913/build/Build/Intermediates.noindex/VisePanda.build/Debug-iphonesimulator/VisePanda.build/VisePanda-all-target-headers.hmap -Xcc -iquote -Xcc /Users/jtcao/Library/Caches/visepanda/native-event-reconnect-20260913/build/Build/Intermediates.noindex/VisePanda.build/Debug-iphonesimulator/VisePanda.build/VisePanda-project-headers.hmap -Xcc -I/Users/jtcao/Library/Caches/visepanda/native-event-reconnect-20260913/build/Build/Products/Debug-iphonesimulator/include -Xcc -I/Users/jtcao/Library/Caches/visepanda/native-event-reconnect-20260913/build/Build/Intermediates.noindex/VisePanda.build/Debug-iphonesimulator/VisePanda.build/DerivedSources-normal/x86_64 -Xcc -I/Users/jtcao/Library/Caches/visepanda/native-event-reconnect-20260913/build/Build/Intermediates.noindex/VisePanda.build/Debug-iphonesimulator/VisePanda.build/DerivedSources/x86_64 -Xcc -I/Users/jtcao/Library/Caches/visepanda/native-event-reconnect-20260913/build/Build/Intermediates.noindex/VisePanda.build/Debug-iphonesimulator/VisePanda.build/DerivedSources -emit-objc-header -emit-objc-header-path /Users/jtcao/Library/Caches/visepanda/native-event-reconnect-20260913/build/Build/Intermediates.noindex/VisePanda.build/Debug-iphonesimulator/VisePanda.build/Objects-normal/x86_64/VisePanda-Swift.h -working-directory /Users/jtcao/Documents/VP-V4-S2-Claim-Coverage/ios/VisePanda -experimental-emit-module-separately -disable-cmo

SwiftExplicitDependencyGeneratePcm x86_64 /Users/jtcao/Library/Caches/visepanda/native-event-reconnect-20260913/build/ModuleCache.noindex/DeveloperToolsSupport-5GN5393E9EUOF5YL9O4ANJ24R.pcm

SwiftExplicitDependencyGeneratePcm x86_64 /Users/jtcao/Library/Caches/visepanda/native-event-reconnect-20260913/build/ModuleCache.noindex/SwiftShims-9F3BJ6A8936CWHMGEMG8UWD2C.pcm

SwiftExplicitDependencyGeneratePcm x86_64 /Users/jtcao/Library/Caches/visepanda/native-event-reconnect-20260913/build/ModuleCache.noindex/_Builtin_float-B3AAH0WLLEUCX27298YP2XQTE.pcm

SwiftExplicitDependencyGeneratePcm x86_64 /Users/jtcao/Library/Caches/visepanda/native-event-reconnect-20260913/build/ModuleCache.noindex/_Builtin_stdbool-1BPJZ6D6EAIU7D8TYWBJ5VJ3I.pcm

SwiftExplicitDependencyGeneratePcm x86_64 /Users/jtcao/Library/Caches/visepanda/native-event-reconnect-20260913/build/ModuleCache.noindex/ptrauth-BAVUT8U02F1UWQFJ2X6SDR41N.pcm

SwiftExplicitDependencyGeneratePcm x86_64 /Users/jtcao/Library/Caches/visepanda/native-event-reconnect-20260913/build/ModuleCache.noindex/_Builtin_stddef-E0SQXT3YLCT3F0XD4QJ60ZW5X.pcm

SwiftExplicitDependencyGeneratePcm x86_64 /Users/jtcao/Library/Caches/visepanda/native-event-reconnect-20260913/build/ModuleCache.noindex/_AvailabilityInternal-5MP6F1FEEIC7G1DRNJOKGWQHI.pcm

SwiftExplicitDependencyGeneratePcm arm64 /Users/jtcao/Library/Caches/visepanda/native-event-reconnect-20260913/build/ModuleCache.noindex/SwiftShims-536Y8G7X89SMWLAKP0G3ZRWZD.pcm

SwiftExplicitDependencyGeneratePcm arm64 /Users/jtcao/Library/Caches/visepanda/native-event-reconnect-20260913/build/ModuleCache.noindex/_Builtin_stdbool-KC86ZMIFL32PJKYYLNNGXKBJ.pcm

SwiftExplicitDependencyGeneratePcm arm64 /Users/jtcao/Library/Caches/visepanda/native-event-reconnect-20260913/build/ModuleCache.noindex/_SwiftConcurrencyShims-BOFGLYKYJWUKRR2KDQM7WNXEW.pcm

SwiftExplicitDependencyGeneratePcm arm64 /Users/jtcao/Library/Caches/visepanda/native-event-reconnect-20260913/build/ModuleCache.noindex/DeveloperToolsSupport-3CJMZG259WGKONZUKQK663ZM2.pcm

SwiftExplicitDependencyGeneratePcm arm64 /Users/jtcao/Library/Caches/visepanda/native-event-reconnect-20260913/build/ModuleCache.noindex/_AvailabilityInternal-4MHXOF9SBNJZG412TG7DNEZHT.pcm

SwiftExplicitDependencyGeneratePcm arm64 /Users/jtcao/Library/Caches/visepanda/native-event-reconnect-20260913/build/ModuleCache.noindex/_Builtin_stdarg-EAPTYR1A7PHWWJ9PPR9OXPDJP.pcm

SwiftExplicitDependencyGeneratePcm arm64 /Users/jtcao/Library/Caches/visepanda/native-event-reconnect-20260913/build/ModuleCache.noindex/ptrauth-2H4TUJI80IOHOVVA7CZFCM7M5.pcm

SwiftExplicitDependencyGeneratePcm arm64 /Users/jtcao/Library/Caches/visepanda/native-event-reconnect-20260913/build/ModuleCache.noindex/ptrcheck-ERSZKWDY1XCRGQO5L0S2B2YQK.pcm

SwiftExplicitDependencyGeneratePcm x86_64 /Users/jtcao/Library/Caches/visepanda/native-event-reconnect-20260913/build/ModuleCache.noindex/_SwiftConcurrencyShims-BHR6E5EP3DF47VOKEWPJ1JSAX.pcm

SwiftExplicitDependencyGeneratePcm arm64 /Users/jtcao/Library/Caches/visepanda/native-event-reconnect-20260913/build/ModuleCache.noindex/_Builtin_stddef-A31R578FVU9GTH96672P1XSNE.pcm

SwiftExplicitDependencyGeneratePcm x86_64 /Users/jtcao/Library/Caches/visepanda/native-event-reconnect-20260913/build/ModuleCache.noindex/ptrcheck-DQDGMLEWTT0IUR51VCZP0KQW9.pcm

SwiftExplicitDependencyGeneratePcm arm64 /Users/jtcao/Library/Caches/visepanda/native-event-reconnect-20260913/build/ModuleCache.noindex/_Builtin_float-59KSVRIX2SZHOV2OQ35SNV7JG.pcm

SwiftExplicitDependencyGeneratePcm x86_64 /Users/jtcao/Library/Caches/visepanda/native-event-reconnect-20260913/build/ModuleCache.noindex/_Builtin_stdarg-DE5GBDEXX4QFQIPJDNV44N5HU.pcm

SwiftExplicitDependencyGeneratePcm arm64 /Users/jtcao/Library/Caches/visepanda/native-event-reconnect-20260913/build/ModuleCache.noindex/_DarwinFoundation1-8XAPAC5L3S3DEVO33OPYWZ7JD.pcm

SwiftExplicitDependencyGeneratePcm x86_64 /Users/jtcao/Library/Caches/visepanda/native-event-reconnect-20260913/build/ModuleCache.noindex/_DarwinFoundation1-GORQOZWX4POWZF6GONTT2F3.pcm

SwiftExplicitDependencyGeneratePcm arm64 /Users/jtcao/Library/Caches/visepanda/native-event-reconnect-20260913/build/ModuleCache.noindex/_Builtin_limits-6QJYYW8NQT16XA8C0KZYQ7MB6.pcm

SwiftExplicitDependencyGeneratePcm arm64 /Users/jtcao/Library/Caches/visepanda/native-event-reconnect-20260913/build/ModuleCache.noindex/_DarwinFoundation2-QCC6Q71IHZO2S5WC6UOHUN6E.pcm

SwiftExplicitDependencyGeneratePcm x86_64 /Users/jtcao/Library/Caches/visepanda/native-event-reconnect-20260913/build/ModuleCache.noindex/_DarwinFoundation2-8HES1DYCX8CXSE38Y28RVU49J.pcm

SwiftExplicitDependencyGeneratePcm x86_64 /Users/jtcao/Library/Caches/visepanda/native-event-reconnect-20260913/build/ModuleCache.noindex/_Builtin_limits-4ZSN0T58A85VC5I1MBU7RHVC3.pcm

SwiftExplicitDependencyGeneratePcm x86_64 /Users/jtcao/Library/Caches/visepanda/native-event-reconnect-20260913/build/ModuleCache.noindex/_Builtin_stdint-TBVHUKE2O696MLMPZ1WUN6MY.pcm

SwiftExplicitDependencyGeneratePcm x86_64 /Users/jtcao/Library/Caches/visepanda/native-event-reconnect-20260913/build/ModuleCache.noindex/_Builtin_tgmath-9WTAAE3GEZ65KENRSPF497PCS.pcm

SwiftExplicitDependencyGeneratePcm x86_64 /Users/jtcao/Library/Caches/visepanda/native-event-reconnect-20260913/build/ModuleCache.noindex/sys_types-72GI8R2GYPXZD7S7138X5VYK6.pcm

SwiftExplicitDependencyGeneratePcm arm64 /Users/jtcao/Library/Caches/visepanda/native-event-reconnect-20260913/build/ModuleCache.noindex/_Builtin_tgmath-745E94AJJQQDNL44YDFYJPFBD.pcm

SwiftExplicitDependencyGeneratePcm arm64 /Users/jtcao/Library/Caches/visepanda/native-event-reconnect-20260913/build/ModuleCache.noindex/_Builtin_stdint-7ECV13UYG78RIVIP48V3KC2PJ.pcm

SwiftExplicitDependencyGeneratePcm arm64 /Users/jtcao/Library/Caches/visepanda/native-event-reconnect-20260913/build/ModuleCache.noindex/sys_types-17ZRXL08FIXTP6FC5SYQQGS67.pcm

SwiftExplicitDependencyGeneratePcm x86_64 /Users/jtcao/Library/Caches/visepanda/native-event-reconnect-20260913/build/ModuleCache.noindex/_DarwinFoundation3-5GMQXZEX7C05YMIOLHIDGY4QN.pcm

SwiftExplicitDependencyGeneratePcm x86_64 /Users/jtcao/Library/Caches/visepanda/native-event-reconnect-20260913/build/ModuleCache.noindex/_Builtin_stdatomic-522JCCD5SVHXDZIDFUCI1W8QK.pcm

SwiftExplicitDependencyGeneratePcm arm64 /Users/jtcao/Library/Caches/visepanda/native-event-reconnect-20260913/build/ModuleCache.noindex/_Builtin_stdatomic-CG1XIKJ7WZJJD3JYWJOJY7B44.pcm

SwiftExplicitDependencyGeneratePcm arm64 /Users/jtcao/Library/Caches/visepanda/native-event-reconnect-20260913/build/ModuleCache.noindex/_Builtin_intrinsics-CFZQI4TOBT6ZHRL6INR98NWX9.pcm

SwiftExplicitDependencyGeneratePcm arm64 /Users/jtcao/Library/Caches/visepanda/native-event-reconnect-20260913/build/ModuleCache.noindex/_DarwinFoundation3-F196VZ3M0JJWJZE6RA7V37PN3.pcm

SwiftExplicitDependencyGeneratePcm x86_64 /Users/jtcao/Library/Caches/visepanda/native-event-reconnect-20260913/build/ModuleCache.noindex/_Builtin_inttypes-UB7OX90PF4NMG6W1KLD6ZE68.pcm

SwiftExplicitDependencyGeneratePcm x86_64 /Users/jtcao/Library/Caches/visepanda/native-event-reconnect-20260913/build/ModuleCache.noindex/_Builtin_intrinsics-84GTP2PW1GQRPH87SIR18LV50.pcm

SwiftExplicitDependencyGeneratePcm arm64 /Users/jtcao/Library/Caches/visepanda/native-event-reconnect-20260913/build/ModuleCache.noindex/_Builtin_inttypes-6W13I8LP4GSQLG7MP4I11DQAI.pcm

SwiftExplicitDependencyGeneratePcm x86_64 /Users/jtcao/Library/Caches/visepanda/native-event-reconnect-20260913/build/ModuleCache.noindex/Darwin-EPJRWZ91F951XIZYN4LFARLND.pcm

SwiftExplicitDependencyGeneratePcm arm64 /Users/jtcao/Library/Caches/visepanda/native-event-reconnect-20260913/build/ModuleCache.noindex/Darwin-BUY1DGW0996IXEZPR7IO0LGBO.pcm

SwiftExplicitDependencyGeneratePcm arm64 /Users/jtcao/Library/Caches/visepanda/native-event-reconnect-20260913/build/ModuleCache.noindex/simd-BOJ58SSPJCLEQXUM19F0FWWFZ.pcm

SwiftExplicitDependencyGeneratePcm x86_64 /Users/jtcao/Library/Caches/visepanda/native-event-reconnect-20260913/build/ModuleCache.noindex/simd-6MR6UMOLOBG4US5LPV4M0QA0A.pcm

SwiftExplicitDependencyGeneratePcm arm64 /Users/jtcao/Library/Caches/visepanda/native-event-reconnect-20260913/build/ModuleCache.noindex/ObjectiveC-CPTHKRNQ6SZOZEO6L4M8PYY.pcm

SwiftExplicitDependencyGeneratePcm arm64 /Users/jtcao/Library/Caches/visepanda/native-event-reconnect-20260913/build/ModuleCache.noindex/MachO-7IJ84MCISEE8PM8XRRXRZL9GP.pcm

SwiftExplicitDependencyGeneratePcm x86_64 /Users/jtcao/Library/Caches/visepanda/native-event-reconnect-20260913/build/ModuleCache.noindex/MachO-91JBJ6T678QYT9SRVSWV9URYY.pcm

SwiftExplicitDependencyGeneratePcm x86_64 /Users/jtcao/Library/Caches/visepanda/native-event-reconnect-20260913/build/ModuleCache.noindex/ObjectiveC-BMDASW23D3E6DIPCZZAVV1B1F.pcm

SwiftExplicitDependencyGeneratePcm arm64 /Users/jtcao/Library/Caches/visepanda/native-event-reconnect-20260913/build/ModuleCache.noindex/os_object-37V0OJDOW2BMG23UFZAPAQ4A9.pcm

SwiftExplicitDependencyGeneratePcm x86_64 /Users/jtcao/Library/Caches/visepanda/native-event-reconnect-20260913/build/ModuleCache.noindex/os_object-9R7JCX2JN9KJ76IIR20CY0P5O.pcm

SwiftExplicitDependencyGeneratePcm x86_64 /Users/jtcao/Library/Caches/visepanda/native-event-reconnect-20260913/build/ModuleCache.noindex/os_workgroup-7F67BRJRN9E1V5CN728SLJIP0.pcm

SwiftExplicitDependencyGeneratePcm arm64 /Users/jtcao/Library/Caches/visepanda/native-event-reconnect-20260913/build/ModuleCache.noindex/os_workgroup-F0PF64CJYS60YIAE4ZP3N0OIC.pcm

SwiftExplicitDependencyGeneratePcm arm64 /Users/jtcao/Library/Caches/visepanda/native-event-reconnect-20260913/build/ModuleCache.noindex/Spatial-57ZD5OAYA16IMZO5UJ9NKCXQZ.pcm

SwiftExplicitDependencyGeneratePcm x86_64 /Users/jtcao/Library/Caches/visepanda/native-event-reconnect-20260913/build/ModuleCache.noindex/Dispatch-5KLOUQIC5Z5Q3D48UGIVRMLPJ.pcm

SwiftExplicitDependencyGeneratePcm arm64 /Users/jtcao/Library/Caches/visepanda/native-event-reconnect-20260913/build/ModuleCache.noindex/Dispatch-4F5HSTDGBPK8NYCZDSTZ5B1FA.pcm

SwiftExplicitDependencyGeneratePcm x86_64 /Users/jtcao/Library/Caches/visepanda/native-event-reconnect-20260913/build/ModuleCache.noindex/CoreFoundation-A3RNIZDMU3OOUVFHKLL8O5DE.pcm

SwiftExplicitDependencyGeneratePcm x86_64 /Users/jtcao/Library/Caches/visepanda/native-event-reconnect-20260913/build/ModuleCache.noindex/XPC-6HRSINA01QR4VXY7ENPVK236D.pcm

SwiftExplicitDependencyGeneratePcm arm64 /Users/jtcao/Library/Caches/visepanda/native-event-reconnect-20260913/build/ModuleCache.noindex/CoreFoundation-DYN29V5EXH2EE63DIKFDWINKP.pcm

SwiftExplicitDependencyGeneratePcm arm64 /Users/jtcao/Library/Caches/visepanda/native-event-reconnect-20260913/build/ModuleCache.noindex/XPC-4W7SNN9HZ9TW4PMFYXU5JMCNV.pcm

SwiftExplicitDependencyGeneratePcm x86_64 /Users/jtcao/Library/Caches/visepanda/native-event-reconnect-20260913/build/ModuleCache.noindex/os-6K2X3IRBJLE5GIQKUOMXTUQPM.pcm

SwiftExplicitDependencyGeneratePcm arm64 /Users/jtcao/Library/Caches/visepanda/native-event-reconnect-20260913/build/ModuleCache.noindex/os-3IOBYF0C1VKX7NSGAKIAM9CL0.pcm

SwiftExplicitDependencyGeneratePcm x86_64 /Users/jtcao/Library/Caches/visepanda/native-event-reconnect-20260913/build/ModuleCache.noindex/CoreGraphics-4IBDV039J3CJGVZV41GAKA943.pcm

SwiftExplicitDependencyGeneratePcm x86_64 /Users/jtcao/Library/Caches/visepanda/native-event-reconnect-20260913/build/ModuleCache.noindex/Spatial-4DF1SP4DRSM6MFJDOZNOJU4A6.pcm

SwiftExplicitDependencyGeneratePcm x86_64 /Users/jtcao/Library/Caches/visepanda/native-event-reconnect-20260913/build/ModuleCache.noindex/Security-5DV65HJVFRTLVWGNWE43TOHWG.pcm

SwiftExplicitDependencyGeneratePcm x86_64 /Users/jtcao/Library/Caches/visepanda/native-event-reconnect-20260913/build/ModuleCache.noindex/CFNetwork-5Q6JTSCGP4JD9BLGDXVDOLSB1.pcm

SwiftExplicitDependencyGeneratePcm arm64 /Users/jtcao/Library/Caches/visepanda/native-event-reconnect-20260913/build/ModuleCache.noindex/Security-BDXCMG6XCE6VWSBBZFM96FT41.pcm

SwiftExplicitDependencyGeneratePcm arm64 /Users/jtcao/Library/Caches/visepanda/native-event-reconnect-20260913/build/ModuleCache.noindex/CoreGraphics-2G2JQ9RBCS17V0DH44CULZ0CL.pcm

SwiftExplicitDependencyGeneratePcm arm64 /Users/jtcao/Library/Caches/visepanda/native-event-reconnect-20260913/build/ModuleCache.noindex/CFNetwork-4C72O80SK7M6VGUP6AI1HIXVL.pcm

SwiftExplicitDependencyGeneratePcm x86_64 /Users/jtcao/Library/Caches/visepanda/native-event-reconnect-20260913/build/ModuleCache.noindex/Foundation-F3DQC1BECO3HJ2P5H54KMEBLB.pcm

SwiftExplicitDependencyGeneratePcm x86_64 /Users/jtcao/Library/Caches/visepanda/native-event-reconnect-20260913/build/ModuleCache.noindex/ImageIO-BICCKFJOEHTQIQTY41ITMZUPA.pcm

SwiftExplicitDependencyGeneratePcm x86_64 /Users/jtcao/Library/Caches/visepanda/native-event-reconnect-20260913/build/ModuleCache.noindex/CoreText-C5L6R3KW7D0BRHRKQI70MTCXQ.pcm

SwiftExplicitDependencyGeneratePcm arm64 /Users/jtcao/Library/Caches/visepanda/native-event-reconnect-20260913/build/ModuleCache.noindex/Foundation-BUWSWLCRGQWYNAW8OL6X322NG.pcm

SwiftExplicitDependencyGeneratePcm arm64 /Users/jtcao/Library/Caches/visepanda/native-event-reconnect-20260913/build/ModuleCache.noindex/ImageIO-4NI09XVYY37Q03CA81ULJO5IX.pcm

SwiftExplicitDependencyGeneratePcm arm64 /Users/jtcao/Library/Caches/visepanda/native-event-reconnect-20260913/build/ModuleCache.noindex/CoreText-6VXRHIP7CULIKVDGMBDVGWNYF.pcm

SwiftExplicitDependencyGeneratePcm x86_64 /Users/jtcao/Library/Caches/visepanda/native-event-reconnect-20260913/build/ModuleCache.noindex/DataDetection-2EHXZQ4WY7QFIRPD197OAXYOZ.pcm

SwiftExplicitDependencyGeneratePcm x86_64 /Users/jtcao/Library/Caches/visepanda/native-event-reconnect-20260913/build/ModuleCache.noindex/CoreTransferable-6I0DMFU0FC3WO0QDC361M4OWP.pcm

SwiftExplicitDependencyGeneratePcm x86_64 /Users/jtcao/Library/Caches/visepanda/native-event-reconnect-20260913/build/ModuleCache.noindex/OSLog-AD1XYSUWJUJVKTPS0C3FDK4ZZ.pcm

SwiftExplicitDependencyGeneratePcm x86_64 /Users/jtcao/Library/Caches/visepanda/native-event-reconnect-20260913/build/ModuleCache.noindex/FileProvider-94XTUCG41DJU0JGMKV8WJFLJU.pcm

SwiftExplicitDependencyGeneratePcm x86_64 /Users/jtcao/Library/Caches/visepanda/native-event-reconnect-20260913/build/ModuleCache.noindex/IOSurface-7FYNVBND9M32EJPUFQ2NSUJ3N.pcm

SwiftExplicitDependencyGeneratePcm x86_64 /Users/jtcao/Library/Caches/visepanda/native-event-reconnect-20260913/build/ModuleCache.noindex/UserNotifications-59H6Y40XL310IP6L7H3OH8D1D.pcm

SwiftExplicitDependencyGeneratePcm x86_64 /Users/jtcao/Library/Caches/visepanda/native-event-reconnect-20260913/build/ModuleCache.noindex/UIUtilities-7VDMLUC6KDPSP29TDUUP7HRKJ.pcm

SwiftExplicitDependencyGeneratePcm arm64 /Users/jtcao/Library/Caches/visepanda/native-event-reconnect-20260913/build/ModuleCache.noindex/IOSurface-847T43AGQHBK2QK8EWWZNP8F1.pcm

SwiftExplicitDependencyGeneratePcm arm64 /Users/jtcao/Library/Caches/visepanda/native-event-reconnect-20260913/build/ModuleCache.noindex/FileProvider-8NCSUX2GDTE07EPEZOT24UHP4.pcm

SwiftExplicitDependencyGeneratePcm arm64 /Users/jtcao/Library/Caches/visepanda/native-event-reconnect-20260913/build/ModuleCache.noindex/OSLog-D0N0QMM5JF0NBMF4IJW5ARXKL.pcm

SwiftExplicitDependencyGeneratePcm arm64 /Users/jtcao/Library/Caches/visepanda/native-event-reconnect-20260913/build/ModuleCache.noindex/OpenGLES-59QIAARYFFDK4PF5H55H9QHPK.pcm

SwiftExplicitDependencyGeneratePcm arm64 /Users/jtcao/Library/Caches/visepanda/native-event-reconnect-20260913/build/ModuleCache.noindex/CoreData-D6QFCQGGLVEV0XIE4HG0D2SMN.pcm

SwiftExplicitDependencyGeneratePcm x86_64 /Users/jtcao/Library/Caches/visepanda/native-event-reconnect-20260913/build/ModuleCache.noindex/CoreData-9E3FF2I165U2DJI52JEOG0QJE.pcm

SwiftExplicitDependencyGeneratePcm arm64 /Users/jtcao/Library/Caches/visepanda/native-event-reconnect-20260913/build/ModuleCache.noindex/UIUtilities-7GRWANTT4NPUYDRFGEKE27VN1.pcm

SwiftExplicitDependencyGeneratePcm arm64 /Users/jtcao/Library/Caches/visepanda/native-event-reconnect-20260913/build/ModuleCache.noindex/Accessibility-7M163BK5U1C67D5KQJ7JO4ENE.pcm

SwiftExplicitDependencyGeneratePcm x86_64 /Users/jtcao/Library/Caches/visepanda/native-event-reconnect-20260913/build/ModuleCache.noindex/UniformTypeIdentifiers-BJ31PQELURY89GQWF4F9RTK02.pcm

SwiftExplicitDependencyGeneratePcm x86_64 /Users/jtcao/Library/Caches/visepanda/native-event-reconnect-20260913/build/ModuleCache.noindex/Symbols-C97M46D2NSJNC3KLSLTMSX42R.pcm

SwiftExplicitDependencyGeneratePcm arm64 /Users/jtcao/Library/Caches/visepanda/native-event-reconnect-20260913/build/ModuleCache.noindex/Metal-C23VJJ9TE2MNKEA8FLDTBSLVG.pcm

SwiftExplicitDependencyGeneratePcm arm64 /Users/jtcao/Library/Caches/visepanda/native-event-reconnect-20260913/build/ModuleCache.noindex/UserNotifications-1KSG0X4517WDCM2JG1DGMNYDQ.pcm

SwiftExplicitDependencyGeneratePcm arm64 /Users/jtcao/Library/Caches/visepanda/native-event-reconnect-20260913/build/ModuleCache.noindex/DataDetection-BR40FF588QFZACNH10SAWGAN4.pcm

SwiftExplicitDependencyGeneratePcm arm64 /Users/jtcao/Library/Caches/visepanda/native-event-reconnect-20260913/build/ModuleCache.noindex/CoreTransferable-CH1DWED6VKAZ8L4TBAUYBUF05.pcm

SwiftExplicitDependencyGeneratePcm arm64 /Users/jtcao/Library/Caches/visepanda/native-event-reconnect-20260913/build/ModuleCache.noindex/Symbols-AABY1GLGCC4HVQ7ONQQDSK50I.pcm

SwiftExplicitDependencyGeneratePcm x86_64 /Users/jtcao/Library/Caches/visepanda/native-event-reconnect-20260913/build/ModuleCache.noindex/Accessibility-4AW2XBB1GTLAVHAFDFPCM6B1I.pcm

SwiftExplicitDependencyGeneratePcm x86_64 /Users/jtcao/Library/Caches/visepanda/native-event-reconnect-20260913/build/ModuleCache.noindex/Metal-3SY1COASU6QMZRKXMK6J2EO1L.pcm

SwiftExplicitDependencyGeneratePcm x86_64 /Users/jtcao/Library/Caches/visepanda/native-event-reconnect-20260913/build/ModuleCache.noindex/OpenGLES-6CA3EPH0L4TMRL43VQE1C45ZP.pcm

SwiftExplicitDependencyGeneratePcm arm64 /Users/jtcao/Library/Caches/visepanda/native-event-reconnect-20260913/build/ModuleCache.noindex/UniformTypeIdentifiers-3EONWCENHDRB1W8CVXUPQYVCR.pcm

SwiftExplicitDependencyGeneratePcm arm64 /Users/jtcao/Library/Caches/visepanda/native-event-reconnect-20260913/build/ModuleCache.noindex/CoreVideo-CG275HJVUY9R1SFY463Y65R25.pcm

SwiftExplicitDependencyGeneratePcm x86_64 /Users/jtcao/Library/Caches/visepanda/native-event-reconnect-20260913/build/ModuleCache.noindex/CoreVideo-COLJ8489BB8B8B0J110TAJ72V.pcm

SwiftExplicitDependencyGeneratePcm arm64 /Users/jtcao/Library/Caches/visepanda/native-event-reconnect-20260913/build/ModuleCache.noindex/CoreImage-D015ZCQV8TN2DK1PSMW2F0CZP.pcm

SwiftExplicitDependencyGeneratePcm arm64 /Users/jtcao/Library/Caches/visepanda/native-event-reconnect-20260913/build/ModuleCache.noindex/QuartzCore-5PENPPR32EF3LW41AU3XS86AW.pcm

SwiftExplicitDependencyGeneratePcm x86_64 /Users/jtcao/Library/Caches/visepanda/native-event-reconnect-20260913/build/ModuleCache.noindex/CoreImage-32GWXDCIA9XX6OKPAOLAD1LN.pcm

SwiftExplicitDependencyGeneratePcm x86_64 /Users/jtcao/Library/Caches/visepanda/native-event-reconnect-20260913/build/ModuleCache.noindex/QuartzCore-BJDNDYV1O4MNCAHWCVIDXQR67.pcm

SwiftExplicitDependencyGeneratePcm arm64 /Users/jtcao/Library/Caches/visepanda/native-event-reconnect-20260913/build/ModuleCache.noindex/SwiftUICore-ADZEI9WQOA2BGGWESWI7EMW4Q.pcm

SwiftExplicitDependencyGeneratePcm arm64 /Users/jtcao/Library/Caches/visepanda/native-event-reconnect-20260913/build/ModuleCache.noindex/UIKit-7OXDHZSQ0M6K0PK8X585NJJ86.pcm

SwiftExplicitDependencyGeneratePcm x86_64 /Users/jtcao/Library/Caches/visepanda/native-event-reconnect-20260913/build/ModuleCache.noindex/SwiftUICore-E5603WRS8C8IU8CCMD5YVYVNB.pcm

SwiftExplicitDependencyGeneratePcm x86_64 /Users/jtcao/Library/Caches/visepanda/native-event-reconnect-20260913/build/ModuleCache.noindex/UIKit-4S6ZUD6UV9XKC20JGAHHJKM64.pcm

SwiftExplicitDependencyGeneratePcm arm64 /Users/jtcao/Library/Caches/visepanda/native-event-reconnect-20260913/build/ModuleCache.noindex/SwiftUI-BXK0USR3V0K9F257KVVTW9HM9.pcm

SwiftExplicitDependencyGeneratePcm x86_64 /Users/jtcao/Library/Caches/visepanda/native-event-reconnect-20260913/build/ModuleCache.noindex/SwiftUI-DMSTB1F5TVHL6MPTRSQO1PB2S.pcm

SwiftCompile normal x86_64 Compiling\ NativeTripStore.swift,\ NativeTripView.swift,\ NativeSession.swift,\ VisePandaApp.swift /Users/jtcao/Documents/VP-V4-S2-Claim-Coverage/ios/VisePanda/VisePanda/Features/Trip/NativeTripStore.swift /Users/jtcao/Documents/VP-V4-S2-Claim-Coverage/ios/VisePanda/VisePanda/Features/Trip/NativeTripView.swift /Users/jtcao/Documents/VP-V4-S2-Claim-Coverage/ios/VisePanda/VisePanda/App/NativeSession.swift /Users/jtcao/Documents/VP-V4-S2-Claim-Coverage/ios/VisePanda/VisePanda/App/VisePandaApp.swift (in target 'VisePanda' from project 'VisePanda')
SwiftCompile normal x86_64 /Users/jtcao/Documents/VP-V4-S2-Claim-Coverage/ios/VisePanda/VisePanda/Features/Trip/NativeTripStore.swift (in target 'VisePanda' from project 'VisePanda')
    cd /Users/jtcao/Documents/VP-V4-S2-Claim-Coverage/ios/VisePanda
    

SwiftCompile normal x86_64 /Users/jtcao/Documents/VP-V4-S2-Claim-Coverage/ios/VisePanda/VisePanda/Features/Trip/NativeTripView.swift (in target 'VisePanda' from project 'VisePanda')
    cd /Users/jtcao/Documents/VP-V4-S2-Claim-Coverage/ios/VisePanda
    

SwiftCompile normal x86_64 /Users/jtcao/Documents/VP-V4-S2-Claim-Coverage/ios/VisePanda/VisePanda/App/NativeSession.swift (in target 'VisePanda' from project 'VisePanda')
    cd /Users/jtcao/Documents/VP-V4-S2-Claim-Coverage/ios/VisePanda
    

SwiftCompile normal x86_64 /Users/jtcao/Documents/VP-V4-S2-Claim-Coverage/ios/VisePanda/VisePanda/App/VisePandaApp.swift (in target 'VisePanda' from project 'VisePanda')
    cd /Users/jtcao/Documents/VP-V4-S2-Claim-Coverage/ios/VisePanda
    

SwiftEmitModule normal x86_64 Emitting\ module\ for\ VisePanda (in target 'VisePanda' from project 'VisePanda')

EmitSwiftModule normal x86_64 (in target 'VisePanda' from project 'VisePanda')
    cd /Users/jtcao/Documents/VP-V4-S2-Claim-Coverage/ios/VisePanda
    

SwiftCompile normal x86_64 Compiling\ ExploreView.swift,\ ProfileView.swift,\ GeneratedAssetSymbols.swift /Users/jtcao/Documents/VP-V4-S2-Claim-Coverage/ios/VisePanda/VisePanda/Features/Explore/ExploreView.swift /Users/jtcao/Documents/VP-V4-S2-Claim-Coverage/ios/VisePanda/VisePanda/Features/Profile/ProfileView.swift /Users/jtcao/Library/Caches/visepanda/native-event-reconnect-20260913/build/Build/Intermediates.noindex/VisePanda.build/Debug-iphonesimulator/VisePanda.build/DerivedSources/GeneratedAssetSymbols.swift (in target 'VisePanda' from project 'VisePanda')

SwiftCompile normal x86_64 /Users/jtcao/Documents/VP-V4-S2-Claim-Coverage/ios/VisePanda/VisePanda/Features/Explore/ExploreView.swift (in target 'VisePanda' from project 'VisePanda')
    cd /Users/jtcao/Documents/VP-V4-S2-Claim-Coverage/ios/VisePanda
    

SwiftCompile normal x86_64 /Users/jtcao/Documents/VP-V4-S2-Claim-Coverage/ios/VisePanda/VisePanda/Features/Profile/ProfileView.swift (in target 'VisePanda' from project 'VisePanda')
    cd /Users/jtcao/Documents/VP-V4-S2-Claim-Coverage/ios/VisePanda
    

SwiftCompile normal x86_64 /Users/jtcao/Library/Caches/visepanda/native-event-reconnect-20260913/build/Build/Intermediates.noindex/VisePanda.build/Debug-iphonesimulator/VisePanda.build/DerivedSources/GeneratedAssetSymbols.swift (in target 'VisePanda' from project 'VisePanda')
    cd /Users/jtcao/Documents/VP-V4-S2-Claim-Coverage/ios/VisePanda
    

SwiftCompile normal x86_64 Compiling\ BrandHeader.swift,\ PreviewStatusBanner.swift,\ CapabilityCard.swift /Users/jtcao/Documents/VP-V4-S2-Claim-Coverage/ios/VisePanda/VisePanda/Components/BrandHeader.swift /Users/jtcao/Documents/VP-V4-S2-Claim-Coverage/ios/VisePanda/VisePanda/Components/PreviewStatusBanner.swift /Users/jtcao/Documents/VP-V4-S2-Claim-Coverage/ios/VisePanda/VisePanda/Components/CapabilityCard.swift (in target 'VisePanda' from project 'VisePanda')

SwiftCompile normal x86_64 /Users/jtcao/Documents/VP-V4-S2-Claim-Coverage/ios/VisePanda/VisePanda/Components/BrandHeader.swift (in target 'VisePanda' from project 'VisePanda')
    cd /Users/jtcao/Documents/VP-V4-S2-Claim-Coverage/ios/VisePanda
    

SwiftCompile normal x86_64 /Users/jtcao/Documents/VP-V4-S2-Claim-Coverage/ios/VisePanda/VisePanda/Components/PreviewStatusBanner.swift (in target 'VisePanda' from project 'VisePanda')
    cd /Users/jtcao/Documents/VP-V4-S2-Claim-Coverage/ios/VisePanda
    

SwiftCompile normal x86_64 /Users/jtcao/Documents/VP-V4-S2-Claim-Coverage/ios/VisePanda/VisePanda/Components/CapabilityCard.swift (in target 'VisePanda' from project 'VisePanda')
    cd /Users/jtcao/Documents/VP-V4-S2-Claim-Coverage/ios/VisePanda
    

SwiftCompile normal x86_64 Compiling\ AppSettings.swift,\ AppShellView.swift,\ AppTab.swift /Users/jtcao/Documents/VP-V4-S2-Claim-Coverage/ios/VisePanda/VisePanda/App/AppSettings.swift /Users/jtcao/Documents/VP-V4-S2-Claim-Coverage/ios/VisePanda/VisePanda/App/AppShellView.swift /Users/jtcao/Documents/VP-V4-S2-Claim-Coverage/ios/VisePanda/VisePanda/Navigation/AppTab.swift (in target 'VisePanda' from project 'VisePanda')

SwiftCompile normal x86_64 /Users/jtcao/Documents/VP-V4-S2-Claim-Coverage/ios/VisePanda/VisePanda/App/AppSettings.swift (in target 'VisePanda' from project 'VisePanda')
    cd /Users/jtcao/Documents/VP-V4-S2-Claim-Coverage/ios/VisePanda
    

SwiftCompile normal x86_64 /Users/jtcao/Documents/VP-V4-S2-Claim-Coverage/ios/VisePanda/VisePanda/App/AppShellView.swift (in target 'VisePanda' from project 'VisePanda')
    cd /Users/jtcao/Documents/VP-V4-S2-Claim-Coverage/ios/VisePanda
    

SwiftCompile normal x86_64 /Users/jtcao/Documents/VP-V4-S2-Claim-Coverage/ios/VisePanda/VisePanda/Navigation/AppTab.swift (in target 'VisePanda' from project 'VisePanda')
    cd /Users/jtcao/Documents/VP-V4-S2-Claim-Coverage/ios/VisePanda
    

SwiftCompile normal x86_64 Compiling\ TodayView.swift,\ AskView.swift,\ TripView.swift /Users/jtcao/Documents/VP-V4-S2-Claim-Coverage/ios/VisePanda/VisePanda/Features/Today/TodayView.swift /Users/jtcao/Documents/VP-V4-S2-Claim-Coverage/ios/VisePanda/VisePanda/Features/Ask/AskView.swift /Users/jtcao/Documents/VP-V4-S2-Claim-Coverage/ios/VisePanda/VisePanda/Features/Trip/TripView.swift (in target 'VisePanda' from project 'VisePanda')

SwiftCompile normal x86_64 /Users/jtcao/Documents/VP-V4-S2-Claim-Coverage/ios/VisePanda/VisePanda/Features/Today/TodayView.swift (in target 'VisePanda' from project 'VisePanda')
    cd /Users/jtcao/Documents/VP-V4-S2-Claim-Coverage/ios/VisePanda
    

SwiftCompile normal x86_64 /Users/jtcao/Documents/VP-V4-S2-Claim-Coverage/ios/VisePanda/VisePanda/Features/Ask/AskView.swift (in target 'VisePanda' from project 'VisePanda')
    cd /Users/jtcao/Documents/VP-V4-S2-Claim-Coverage/ios/VisePanda
    

SwiftCompile normal x86_64 /Users/jtcao/Documents/VP-V4-S2-Claim-Coverage/ios/VisePanda/VisePanda/Features/Trip/TripView.swift (in target 'VisePanda' from project 'VisePanda')
    cd /Users/jtcao/Documents/VP-V4-S2-Claim-Coverage/ios/VisePanda
    

SwiftCompile normal x86_64 Compiling\ NativeAskEvents.swift,\ NativeKnowledgeModels.swift,\ NativeKnowledgeStore.swift,\ NativeKnowledgeView.swift /Users/jtcao/Documents/VP-V4-S2-Claim-Coverage/ios/VisePanda/VisePanda/Features/Ask/NativeAskEvents.swift /Users/jtcao/Documents/VP-V4-S2-Claim-Coverage/ios/VisePanda/VisePanda/Features/Knowledge/NativeKnowledgeModels.swift /Users/jtcao/Documents/VP-V4-S2-Claim-Coverage/ios/VisePanda/VisePanda/Features/Knowledge/NativeKnowledgeStore.swift /Users/jtcao/Documents/VP-V4-S2-Claim-Coverage/ios/VisePanda/VisePanda/Features/Knowledge/NativeKnowledgeView.swift (in target 'VisePanda' from project 'VisePanda')

SwiftCompile normal x86_64 /Users/jtcao/Documents/VP-V4-S2-Claim-Coverage/ios/VisePanda/VisePanda/Features/Ask/NativeAskEvents.swift (in target 'VisePanda' from project 'VisePanda')
    cd /Users/jtcao/Documents/VP-V4-S2-Claim-Coverage/ios/VisePanda
    

SwiftCompile normal x86_64 /Users/jtcao/Documents/VP-V4-S2-Claim-Coverage/ios/VisePanda/VisePanda/Features/Knowledge/NativeKnowledgeModels.swift (in target 'VisePanda' from project 'VisePanda')
    cd /Users/jtcao/Documents/VP-V4-S2-Claim-Coverage/ios/VisePanda
    

SwiftCompile normal x86_64 /Users/jtcao/Documents/VP-V4-S2-Claim-Coverage/ios/VisePanda/VisePanda/Features/Knowledge/NativeKnowledgeStore.swift (in target 'VisePanda' from project 'VisePanda')
    cd /Users/jtcao/Documents/VP-V4-S2-Claim-Coverage/ios/VisePanda
    

SwiftCompile normal x86_64 /Users/jtcao/Documents/VP-V4-S2-Claim-Coverage/ios/VisePanda/VisePanda/Features/Knowledge/NativeKnowledgeView.swift (in target 'VisePanda' from project 'VisePanda')
    cd /Users/jtcao/Documents/VP-V4-S2-Claim-Coverage/ios/VisePanda
    

SwiftEmitModule normal arm64 Emitting\ module\ for\ VisePanda (in target 'VisePanda' from project 'VisePanda')

EmitSwiftModule normal arm64 (in target 'VisePanda' from project 'VisePanda')
    cd /Users/jtcao/Documents/VP-V4-S2-Claim-Coverage/ios/VisePanda
    

SwiftDriverJobDiscovery normal x86_64 Emitting module for VisePanda (in target 'VisePanda' from project 'VisePanda')

SwiftDriver\ Compilation\ Requirements VisePanda normal x86_64 com.apple.xcode.tools.swift.compiler (in target 'VisePanda' from project 'VisePanda')
    cd /Users/jtcao/Documents/VP-V4-S2-Claim-Coverage/ios/VisePanda
    builtin-Swift-Compilation-Requirements -- /Applications/Xcode.app/Contents/Developer/Toolchains/XcodeDefault.xctoolchain/usr/bin/swiftc -module-name VisePanda -Onone @/Users/jtcao/Library/Caches/visepanda/native-event-reconnect-20260913/build/Build/Intermediates.noindex/VisePanda.build/Debug-iphonesimulator/VisePanda.build/Objects-normal/x86_64/VisePanda.SwiftFileList -DDEBUG -default-isolation\=MainActor -enable-upcoming-feature InferIsolatedConformances -enable-upcoming-feature NonisolatedNonsendingByDefault -enable-experimental-feature DebugDescriptionMacro -sdk /Applications/Xcode.app/Contents/Developer/Platforms/iPhoneSimulator.platform/Developer/SDKs/iPhoneSimulator26.5.sdk -target x86_64-apple-ios17.0-simulator -g -module-cache-path /Users/jtcao/Library/Caches/visepanda/native-event-reconnect-20260913/build/ModuleCache.noindex -Xfrontend -serialize-debugging-options -enable-testing -index-store-path /Users/jtcao/Library/Caches/visepanda/native-event-reconnect-20260913/build/Index.noindex/DataStore -Xcc -D_LIBCPP_HARDENING_MODE\=_LIBCPP_HARDENING_MODE_DEBUG -swift-version 6 -I /Users/jtcao/Library/Caches/visepanda/native-event-reconnect-20260913/build/Build/Products/Debug-iphonesimulator -F /Users/jtcao/Library/Caches/visepanda/native-event-reconnect-20260913/build/Build/Products/Debug-iphonesimulator -c -j8 -enable-batch-mode -incremental -Xcc -ivfsstatcache -Xcc /Users/jtcao/Library/Caches/visepanda/native-event-reconnect-20260913/build/SDKStatCaches.noindex/iphonesimulator26.5-23F81a-6cfe768891a92b912361537c460fe42b.sdkstatcache -output-file-map /Users/jtcao/Library/Caches/visepanda/native-event-reconnect-20260913/build/Build/Intermediates.noindex/VisePanda.build/Debug-iphonesimulator/VisePanda.build/Objects-normal/x86_64/VisePanda-OutputFileMap.json -use-frontend-parseable-output -save-temps -no-color-diagnostics -explicit-module-build -module-cache-path /Users/jtcao/Library/Caches/visepanda/native-event-reconnect-20260913/build/Build/Intermediates.noindex/SwiftExplicitPrecompiledModules -clang-scanner-module-cache-path /Users/jtcao/Library/Caches/visepanda/native-event-reconnect-20260913/build/ModuleCache.noindex -sdk-module-cache-path /Users/jtcao/Library/Caches/visepanda/native-event-reconnect-20260913/build/ModuleCache.noindex -serialize-diagnostics -emit-dependencies -emit-module -emit-module-path /Users/jtcao/Library/Caches/visepanda/native-event-reconnect-20260913/build/Build/Intermediates.noindex/VisePanda.build/Debug-iphonesimulator/VisePanda.build/Objects-normal/x86_64/VisePanda.swiftmodule -validate-clang-modules-once -clang-build-session-file /Users/jtcao/Library/Caches/visepanda/native-event-reconnect-20260913/build/ModuleCache.noindex/Session.modulevalidation -Xcc -I/Users/jtcao/Library/Caches/visepanda/native-event-reconnect-20260913/build/Build/Intermediates.noindex/VisePanda.build/Debug-iphonesimulator/VisePanda.build/swift-overrides.hmap -emit-const-values -Xfrontend -const-gather-protocols-file -Xfrontend /Users/jtcao/Library/Caches/visepanda/native-event-reconnect-20260913/build/Build/Intermediates.noindex/VisePanda.build/Debug-iphonesimulator/VisePanda.build/Objects-normal/x86_64/VisePanda_const_extract_protocols.json -Xcc -iquote -Xcc /Users/jtcao/Library/Caches/visepanda/native-event-reconnect-20260913/build/Build/Intermediates.noindex/VisePanda.build/Debug-iphonesimulator/VisePanda.build/VisePanda-generated-files.hmap -Xcc -I/Users/jtcao/Library/Caches/visepanda/native-event-reconnect-20260913/build/Build/Intermediates.noindex/VisePanda.build/Debug-iphonesimulator/VisePanda.build/VisePanda-own-target-headers.hmap -Xcc -I/Users/jtcao/Library/Caches/visepanda/native-event-reconnect-20260913/build/Build/Intermediates.noindex/VisePanda.build/Debug-iphonesimulator/VisePanda.build/VisePanda-all-target-headers.hmap -Xcc -iquote -Xcc /Users/jtcao/Library/Caches/visepanda/native-event-reconnect-20260913/build/Build/Intermediates.noindex/VisePanda.build/Debug-iphonesimulator/VisePanda.build/VisePanda-project-headers.hmap -Xcc -I/Users/jtcao/Library/Caches/visepanda/native-event-reconnect-20260913/build/Build/Products/Debug-iphonesimulator/include -Xcc -I/Users/jtcao/Library/Caches/visepanda/native-event-reconnect-20260913/build/Build/Intermediates.noindex/VisePanda.build/Debug-iphonesimulator/VisePanda.build/DerivedSources-normal/x86_64 -Xcc -I/Users/jtcao/Library/Caches/visepanda/native-event-reconnect-20260913/build/Build/Intermediates.noindex/VisePanda.build/Debug-iphonesimulator/VisePanda.build/DerivedSources/x86_64 -Xcc -I/Users/jtcao/Library/Caches/visepanda/native-event-reconnect-20260913/build/Build/Intermediates.noindex/VisePanda.build/Debug-iphonesimulator/VisePanda.build/DerivedSources -emit-objc-header -emit-objc-header-path /Users/jtcao/Library/Caches/visepanda/native-event-reconnect-20260913/build/Build/Intermediates.noindex/VisePanda.build/Debug-iphonesimulator/VisePanda.build/Objects-normal/x86_64/VisePanda-Swift.h -working-directory /Users/jtcao/Documents/VP-V4-S2-Claim-Coverage/ios/VisePanda -experimental-emit-module-separately -disable-cmo

SwiftCompile normal arm64 Compiling\ NativeTripStore.swift,\ NativeTripView.swift,\ NativeSession.swift,\ VisePandaApp.swift /Users/jtcao/Documents/VP-V4-S2-Claim-Coverage/ios/VisePanda/VisePanda/Features/Trip/NativeTripStore.swift /Users/jtcao/Documents/VP-V4-S2-Claim-Coverage/ios/VisePanda/VisePanda/Features/Trip/NativeTripView.swift /Users/jtcao/Documents/VP-V4-S2-Claim-Coverage/ios/VisePanda/VisePanda/App/NativeSession.swift /Users/jtcao/Documents/VP-V4-S2-Claim-Coverage/ios/VisePanda/VisePanda/App/VisePandaApp.swift (in target 'VisePanda' from project 'VisePanda')
SwiftCompile normal arm64 /Users/jtcao/Documents/VP-V4-S2-Claim-Coverage/ios/VisePanda/VisePanda/Features/Trip/NativeTripStore.swift (in target 'VisePanda' from project 'VisePanda')
    cd /Users/jtcao/Documents/VP-V4-S2-Claim-Coverage/ios/VisePanda
    

SwiftCompile normal arm64 /Users/jtcao/Documents/VP-V4-S2-Claim-Coverage/ios/VisePanda/VisePanda/Features/Trip/NativeTripView.swift (in target 'VisePanda' from project 'VisePanda')
    cd /Users/jtcao/Documents/VP-V4-S2-Claim-Coverage/ios/VisePanda
    

SwiftCompile normal arm64 /Users/jtcao/Documents/VP-V4-S2-Claim-Coverage/ios/VisePanda/VisePanda/App/NativeSession.swift (in target 'VisePanda' from project 'VisePanda')
    cd /Users/jtcao/Documents/VP-V4-S2-Claim-Coverage/ios/VisePanda
    

SwiftCompile normal arm64 /Users/jtcao/Documents/VP-V4-S2-Claim-Coverage/ios/VisePanda/VisePanda/App/VisePandaApp.swift (in target 'VisePanda' from project 'VisePanda')
    cd /Users/jtcao/Documents/VP-V4-S2-Claim-Coverage/ios/VisePanda
    

Copy /Users/jtcao/Library/Caches/visepanda/native-event-reconnect-20260913/build/Build/Products/Debug-iphonesimulator/VisePanda.swiftmodule/x86_64-apple-ios-simulator.swiftmodule /Users/jtcao/Library/Caches/visepanda/native-event-reconnect-20260913/build/Build/Intermediates.noindex/VisePanda.build/Debug-iphonesimulator/VisePanda.build/Objects-normal/x86_64/VisePanda.swiftmodule (in target 'VisePanda' from project 'VisePanda')
    cd /Users/jtcao/Documents/VP-V4-S2-Claim-Coverage/ios/VisePanda
    builtin-copy -exclude .DS_Store -exclude CVS -exclude .svn -exclude .git -exclude .hg -resolve-src-symlinks -rename /Users/jtcao/Library/Caches/visepanda/native-event-reconnect-20260913/build/Build/Intermediates.noindex/VisePanda.build/Debug-iphonesimulator/VisePanda.build/Objects-normal/x86_64/VisePanda.swiftmodule /Users/jtcao/Library/Caches/visepanda/native-event-reconnect-20260913/build/Build/Products/Debug-iphonesimulator/VisePanda.swiftmodule/x86_64-apple-ios-simulator.swiftmodule

SwiftDriverJobDiscovery normal arm64 Emitting module for VisePanda (in target 'VisePanda' from project 'VisePanda')

SwiftDriver\ Compilation\ Requirements VisePanda normal arm64 com.apple.xcode.tools.swift.compiler (in target 'VisePanda' from project 'VisePanda')
    cd /Users/jtcao/Documents/VP-V4-S2-Claim-Coverage/ios/VisePanda
    builtin-Swift-Compilation-Requirements -- /Applications/Xcode.app/Contents/Developer/Toolchains/XcodeDefault.xctoolchain/usr/bin/swiftc -module-name VisePanda -Onone @/Users/jtcao/Library/Caches/visepanda/native-event-reconnect-20260913/build/Build/Intermediates.noindex/VisePanda.build/Debug-iphonesimulator/VisePanda.build/Objects-normal/arm64/VisePanda.SwiftFileList -DDEBUG -default-isolation\=MainActor -enable-upcoming-feature InferIsolatedConformances -enable-upcoming-feature NonisolatedNonsendingByDefault -enable-experimental-feature DebugDescriptionMacro -sdk /Applications/Xcode.app/Contents/Developer/Platforms/iPhoneSimulator.platform/Developer/SDKs/iPhoneSimulator26.5.sdk -target arm64-apple-ios17.0-simulator -g -module-cache-path /Users/jtcao/Library/Caches/visepanda/native-event-reconnect-20260913/build/ModuleCache.noindex -Xfrontend -serialize-debugging-options -enable-testing -index-store-path /Users/jtcao/Library/Caches/visepanda/native-event-reconnect-20260913/build/Index.noindex/DataStore -Xcc -D_LIBCPP_HARDENING_MODE\=_LIBCPP_HARDENING_MODE_DEBUG -swift-version 6 -I /Users/jtcao/Library/Caches/visepanda/native-event-reconnect-20260913/build/Build/Products/Debug-iphonesimulator -F /Users/jtcao/Library/Caches/visepanda/native-event-reconnect-20260913/build/Build/Products/Debug-iphonesimulator -c -j8 -enable-batch-mode -incremental -Xcc -ivfsstatcache -Xcc /Users/jtcao/Library/Caches/visepanda/native-event-reconnect-20260913/build/SDKStatCaches.noindex/iphonesimulator26.5-23F81a-6cfe768891a92b912361537c460fe42b.sdkstatcache -output-file-map /Users/jtcao/Library/Caches/visepanda/native-event-reconnect-20260913/build/Build/Intermediates.noindex/VisePanda.build/Debug-iphonesimulator/VisePanda.build/Objects-normal/arm64/VisePanda-OutputFileMap.json -use-frontend-parseable-output -save-temps -no-color-diagnostics -explicit-module-build -module-cache-path /Users/jtcao/Library/Caches/visepanda/native-event-reconnect-20260913/build/Build/Intermediates.noindex/SwiftExplicitPrecompiledModules -clang-scanner-module-cache-path /Users/jtcao/Library/Caches/visepanda/native-event-reconnect-20260913/build/ModuleCache.noindex -sdk-module-cache-path /Users/jtcao/Library/Caches/visepanda/native-event-reconnect-20260913/build/ModuleCache.noindex -serialize-diagnostics -emit-dependencies -emit-module -emit-module-path /Users/jtcao/Library/Caches/visepanda/native-event-reconnect-20260913/build/Build/Intermediates.noindex/VisePanda.build/Debug-iphonesimulator/VisePanda.build/Objects-normal/arm64/VisePanda.swiftmodule -validate-clang-modules-once -clang-build-session-file /Users/jtcao/Library/Caches/visepanda/native-event-reconnect-20260913/build/ModuleCache.noindex/Session.modulevalidation -Xcc -I/Users/jtcao/Library/Caches/visepanda/native-event-reconnect-20260913/build/Build/Intermediates.noindex/VisePanda.build/Debug-iphonesimulator/VisePanda.build/swift-overrides.hmap -emit-const-values -Xfrontend -const-gather-protocols-file -Xfrontend /Users/jtcao/Library/Caches/visepanda/native-event-reconnect-20260913/build/Build/Intermediates.noindex/VisePanda.build/Debug-iphonesimulator/VisePanda.build/Objects-normal/arm64/VisePanda_const_extract_protocols.json -Xcc -iquote -Xcc /Users/jtcao/Library/Caches/visepanda/native-event-reconnect-20260913/build/Build/Intermediates.noindex/VisePanda.build/Debug-iphonesimulator/VisePanda.build/VisePanda-generated-files.hmap -Xcc -I/Users/jtcao/Library/Caches/visepanda/native-event-reconnect-20260913/build/Build/Intermediates.noindex/VisePanda.build/Debug-iphonesimulator/VisePanda.build/VisePanda-own-target-headers.hmap -Xcc -I/Users/jtcao/Library/Caches/visepanda/native-event-reconnect-20260913/build/Build/Intermediates.noindex/VisePanda.build/Debug-iphonesimulator/VisePanda.build/VisePanda-all-target-headers.hmap -Xcc -iquote -Xcc /Users/jtcao/Library/Caches/visepanda/native-event-reconnect-20260913/build/Build/Intermediates.noindex/VisePanda.build/Debug-iphonesimulator/VisePanda.build/VisePanda-project-headers.hmap -Xcc -I/Users/jtcao/Library/Caches/visepanda/native-event-reconnect-20260913/build/Build/Products/Debug-iphonesimulator/include -Xcc -I/Users/jtcao/Library/Caches/visepanda/native-event-reconnect-20260913/build/Build/Intermediates.noindex/VisePanda.build/Debug-iphonesimulator/VisePanda.build/DerivedSources-normal/arm64 -Xcc -I/Users/jtcao/Library/Caches/visepanda/native-event-reconnect-20260913/build/Build/Intermediates.noindex/VisePanda.build/Debug-iphonesimulator/VisePanda.build/DerivedSources/arm64 -Xcc -I/Users/jtcao/Library/Caches/visepanda/native-event-reconnect-20260913/build/Build/Intermediates.noindex/VisePanda.build/Debug-iphonesimulator/VisePanda.build/DerivedSources -emit-objc-header -emit-objc-header-path /Users/jtcao/Library/Caches/visepanda/native-event-reconnect-20260913/build/Build/Intermediates.noindex/VisePanda.build/Debug-iphonesimulator/VisePanda.build/Objects-normal/arm64/VisePanda-Swift.h -working-directory /Users/jtcao/Documents/VP-V4-S2-Claim-Coverage/ios/VisePanda -experimental-emit-module-separately -disable-cmo

Copy /Users/jtcao/Library/Caches/visepanda/native-event-reconnect-20260913/build/Build/Products/Debug-iphonesimulator/VisePanda.swiftmodule/x86_64-apple-ios-simulator.swiftdoc /Users/jtcao/Library/Caches/visepanda/native-event-reconnect-20260913/build/Build/Intermediates.noindex/VisePanda.build/Debug-iphonesimulator/VisePanda.build/Objects-normal/x86_64/VisePanda.swiftdoc (in target 'VisePanda' from project 'VisePanda')
    cd /Users/jtcao/Documents/VP-V4-S2-Claim-Coverage/ios/VisePanda
    builtin-copy -exclude .DS_Store -exclude CVS -exclude .svn -exclude .git -exclude .hg -resolve-src-symlinks -rename /Users/jtcao/Library/Caches/visepanda/native-event-reconnect-20260913/build/Build/Intermediates.noindex/VisePanda.build/Debug-iphonesimulator/VisePanda.build/Objects-normal/x86_64/VisePanda.swiftdoc /Users/jtcao/Library/Caches/visepanda/native-event-reconnect-20260913/build/Build/Products/Debug-iphonesimulator/VisePanda.swiftmodule/x86_64-apple-ios-simulator.swiftdoc

SwiftMergeGeneratedHeaders /Users/jtcao/Library/Caches/visepanda/native-event-reconnect-20260913/build/Build/Intermediates.noindex/VisePanda.build/Debug-iphonesimulator/VisePanda.build/DerivedSources/VisePanda-Swift.h /Users/jtcao/Library/Caches/visepanda/native-event-reconnect-20260913/build/Build/Intermediates.noindex/VisePanda.build/Debug-iphonesimulator/VisePanda.build/Objects-normal/arm64/VisePanda-Swift.h /Users/jtcao/Library/Caches/visepanda/native-event-reconnect-20260913/build/Build/Intermediates.noindex/VisePanda.build/Debug-iphonesimulator/VisePanda.build/Objects-normal/x86_64/VisePanda-Swift.h (in target 'VisePanda' from project 'VisePanda')
    cd /Users/jtcao/Documents/VP-V4-S2-Claim-Coverage/ios/VisePanda
    builtin-swiftHeaderTool -arch arm64 /Users/jtcao/Library/Caches/visepanda/native-event-reconnect-20260913/build/Build/Intermediates.noindex/VisePanda.build/Debug-iphonesimulator/VisePanda.build/Objects-normal/arm64/VisePanda-Swift.h -arch x86_64 /Users/jtcao/Library/Caches/visepanda/native-event-reconnect-20260913/build/Build/Intermediates.noindex/VisePanda.build/Debug-iphonesimulator/VisePanda.build/Objects-normal/x86_64/VisePanda-Swift.h -o /Users/jtcao/Library/Caches/visepanda/native-event-reconnect-20260913/build/Build/Intermediates.noindex/VisePanda.build/Debug-iphonesimulator/VisePanda.build/DerivedSources/VisePanda-Swift.h

Copy /Users/jtcao/Library/Caches/visepanda/native-event-reconnect-20260913/build/Build/Products/Debug-iphonesimulator/VisePanda.swiftmodule/x86_64-apple-ios-simulator.abi.json /Users/jtcao/Library/Caches/visepanda/native-event-reconnect-20260913/build/Build/Intermediates.noindex/VisePanda.build/Debug-iphonesimulator/VisePanda.build/Objects-normal/x86_64/VisePanda.abi.json (in target 'VisePanda' from project 'VisePanda')
    cd /Users/jtcao/Documents/VP-V4-S2-Claim-Coverage/ios/VisePanda
    builtin-copy -exclude .DS_Store -exclude CVS -exclude .svn -exclude .git -exclude .hg -resolve-src-symlinks -rename /Users/jtcao/Library/Caches/visepanda/native-event-reconnect-20260913/build/Build/Intermediates.noindex/VisePanda.build/Debug-iphonesimulator/VisePanda.build/Objects-normal/x86_64/VisePanda.abi.json /Users/jtcao/Library/Caches/visepanda/native-event-reconnect-20260913/build/Build/Products/Debug-iphonesimulator/VisePanda.swiftmodule/x86_64-apple-ios-simulator.abi.json

Copy /Users/jtcao/Library/Caches/visepanda/native-event-reconnect-20260913/build/Build/Products/Debug-iphonesimulator/VisePanda.swiftmodule/arm64-apple-ios-simulator.swiftmodule /Users/jtcao/Library/Caches/visepanda/native-event-reconnect-20260913/build/Build/Intermediates.noindex/VisePanda.build/Debug-iphonesimulator/VisePanda.build/Objects-normal/arm64/VisePanda.swiftmodule (in target 'VisePanda' from project 'VisePanda')
    cd /Users/jtcao/Documents/VP-V4-S2-Claim-Coverage/ios/VisePanda
    builtin-copy -exclude .DS_Store -exclude CVS -exclude .svn -exclude .git -exclude .hg -resolve-src-symlinks -rename /Users/jtcao/Library/Caches/visepanda/native-event-reconnect-20260913/build/Build/Intermediates.noindex/VisePanda.build/Debug-iphonesimulator/VisePanda.build/Objects-normal/arm64/VisePanda.swiftmodule /Users/jtcao/Library/Caches/visepanda/native-event-reconnect-20260913/build/Build/Products/Debug-iphonesimulator/VisePanda.swiftmodule/arm64-apple-ios-simulator.swiftmodule

Copy /Users/jtcao/Library/Caches/visepanda/native-event-reconnect-20260913/build/Build/Products/Debug-iphonesimulator/VisePanda.swiftmodule/arm64-apple-ios-simulator.swiftdoc /Users/jtcao/Library/Caches/visepanda/native-event-reconnect-20260913/build/Build/Intermediates.noindex/VisePanda.build/Debug-iphonesimulator/VisePanda.build/Objects-normal/arm64/VisePanda.swiftdoc (in target 'VisePanda' from project 'VisePanda')
    cd /Users/jtcao/Documents/VP-V4-S2-Claim-Coverage/ios/VisePanda
    builtin-copy -exclude .DS_Store -exclude CVS -exclude .svn -exclude .git -exclude .hg -resolve-src-symlinks -rename /Users/jtcao/Library/Caches/visepanda/native-event-reconnect-20260913/build/Build/Intermediates.noindex/VisePanda.build/Debug-iphonesimulator/VisePanda.build/Objects-normal/arm64/VisePanda.swiftdoc /Users/jtcao/Library/Caches/visepanda/native-event-reconnect-20260913/build/Build/Products/Debug-iphonesimulator/VisePanda.swiftmodule/arm64-apple-ios-simulator.swiftdoc

Copy /Users/jtcao/Library/Caches/visepanda/native-event-reconnect-20260913/build/Build/Products/Debug-iphonesimulator/VisePanda.swiftmodule/arm64-apple-ios-simulator.abi.json /Users/jtcao/Library/Caches/visepanda/native-event-reconnect-20260913/build/Build/Intermediates.noindex/VisePanda.build/Debug-iphonesimulator/VisePanda.build/Objects-normal/arm64/VisePanda.abi.json (in target 'VisePanda' from project 'VisePanda')
    cd /Users/jtcao/Documents/VP-V4-S2-Claim-Coverage/ios/VisePanda
    builtin-copy -exclude .DS_Store -exclude CVS -exclude .svn -exclude .git -exclude .hg -resolve-src-symlinks -rename /Users/jtcao/Library/Caches/visepanda/native-event-reconnect-20260913/build/Build/Intermediates.noindex/VisePanda.build/Debug-iphonesimulator/VisePanda.build/Objects-normal/arm64/VisePanda.abi.json /Users/jtcao/Library/Caches/visepanda/native-event-reconnect-20260913/build/Build/Products/Debug-iphonesimulator/VisePanda.swiftmodule/arm64-apple-ios-simulator.abi.json

Copy /Users/jtcao/Library/Caches/visepanda/native-event-reconnect-20260913/build/Build/Products/Debug-iphonesimulator/VisePanda.swiftmodule/Project/x86_64-apple-ios-simulator.swiftsourceinfo /Users/jtcao/Library/Caches/visepanda/native-event-reconnect-20260913/build/Build/Intermediates.noindex/VisePanda.build/Debug-iphonesimulator/VisePanda.build/Objects-normal/x86_64/VisePanda.swiftsourceinfo (in target 'VisePanda' from project 'VisePanda')
    cd /Users/jtcao/Documents/VP-V4-S2-Claim-Coverage/ios/VisePanda
    builtin-copy -exclude .DS_Store -exclude CVS -exclude .svn -exclude .git -exclude .hg -resolve-src-symlinks -rename /Users/jtcao/Library/Caches/visepanda/native-event-reconnect-20260913/build/Build/Intermediates.noindex/VisePanda.build/Debug-iphonesimulator/VisePanda.build/Objects-normal/x86_64/VisePanda.swiftsourceinfo /Users/jtcao/Library/Caches/visepanda/native-event-reconnect-20260913/build/Build/Products/Debug-iphonesimulator/VisePanda.swiftmodule/Project/x86_64-apple-ios-simulator.swiftsourceinfo

Copy /Users/jtcao/Library/Caches/visepanda/native-event-reconnect-20260913/build/Build/Products/Debug-iphonesimulator/VisePanda.swiftmodule/Project/arm64-apple-ios-simulator.swiftsourceinfo /Users/jtcao/Library/Caches/visepanda/native-event-reconnect-20260913/build/Build/Intermediates.noindex/VisePanda.build/Debug-iphonesimulator/VisePanda.build/Objects-normal/arm64/VisePanda.swiftsourceinfo (in target 'VisePanda' from project 'VisePanda')
    cd /Users/jtcao/Documents/VP-V4-S2-Claim-Coverage/ios/VisePanda
    builtin-copy -exclude .DS_Store -exclude CVS -exclude .svn -exclude .git -exclude .hg -resolve-src-symlinks -rename /Users/jtcao/Library/Caches/visepanda/native-event-reconnect-20260913/build/Build/Intermediates.noindex/VisePanda.build/Debug-iphonesimulator/VisePanda.build/Objects-normal/arm64/VisePanda.swiftsourceinfo /Users/jtcao/Library/Caches/visepanda/native-event-reconnect-20260913/build/Build/Products/Debug-iphonesimulator/VisePanda.swiftmodule/Project/arm64-apple-ios-simulator.swiftsourceinfo

SwiftCompile normal arm64 Compiling\ TodayView.swift,\ AskView.swift,\ TripView.swift /Users/jtcao/Documents/VP-V4-S2-Claim-Coverage/ios/VisePanda/VisePanda/Features/Today/TodayView.swift /Users/jtcao/Documents/VP-V4-S2-Claim-Coverage/ios/VisePanda/VisePanda/Features/Ask/AskView.swift /Users/jtcao/Documents/VP-V4-S2-Claim-Coverage/ios/VisePanda/VisePanda/Features/Trip/TripView.swift (in target 'VisePanda' from project 'VisePanda')

SwiftCompile normal arm64 /Users/jtcao/Documents/VP-V4-S2-Claim-Coverage/ios/VisePanda/VisePanda/Features/Today/TodayView.swift (in target 'VisePanda' from project 'VisePanda')
    cd /Users/jtcao/Documents/VP-V4-S2-Claim-Coverage/ios/VisePanda
    

SwiftCompile normal arm64 /Users/jtcao/Documents/VP-V4-S2-Claim-Coverage/ios/VisePanda/VisePanda/Features/Ask/AskView.swift (in target 'VisePanda' from project 'VisePanda')
    cd /Users/jtcao/Documents/VP-V4-S2-Claim-Coverage/ios/VisePanda
    

SwiftCompile normal arm64 /Users/jtcao/Documents/VP-V4-S2-Claim-Coverage/ios/VisePanda/VisePanda/Features/Trip/TripView.swift (in target 'VisePanda' from project 'VisePanda')
    cd /Users/jtcao/Documents/VP-V4-S2-Claim-Coverage/ios/VisePanda
    

SwiftCompile normal arm64 Compiling\ ExploreView.swift,\ ProfileView.swift,\ GeneratedAssetSymbols.swift /Users/jtcao/Documents/VP-V4-S2-Claim-Coverage/ios/VisePanda/VisePanda/Features/Explore/ExploreView.swift /Users/jtcao/Documents/VP-V4-S2-Claim-Coverage/ios/VisePanda/VisePanda/Features/Profile/ProfileView.swift /Users/jtcao/Library/Caches/visepanda/native-event-reconnect-20260913/build/Build/Intermediates.noindex/VisePanda.build/Debug-iphonesimulator/VisePanda.build/DerivedSources/GeneratedAssetSymbols.swift (in target 'VisePanda' from project 'VisePanda')

SwiftCompile normal arm64 /Users/jtcao/Documents/VP-V4-S2-Claim-Coverage/ios/VisePanda/VisePanda/Features/Explore/ExploreView.swift (in target 'VisePanda' from project 'VisePanda')
    cd /Users/jtcao/Documents/VP-V4-S2-Claim-Coverage/ios/VisePanda
    

SwiftCompile normal arm64 /Users/jtcao/Documents/VP-V4-S2-Claim-Coverage/ios/VisePanda/VisePanda/Features/Profile/ProfileView.swift (in target 'VisePanda' from project 'VisePanda')
    cd /Users/jtcao/Documents/VP-V4-S2-Claim-Coverage/ios/VisePanda
    

SwiftCompile normal arm64 /Users/jtcao/Library/Caches/visepanda/native-event-reconnect-20260913/build/Build/Intermediates.noindex/VisePanda.build/Debug-iphonesimulator/VisePanda.build/DerivedSources/GeneratedAssetSymbols.swift (in target 'VisePanda' from project 'VisePanda')
    cd /Users/jtcao/Documents/VP-V4-S2-Claim-Coverage/ios/VisePanda
    

SwiftDriverJobDiscovery normal x86_64 Compiling TodayView.swift, AskView.swift, TripView.swift (in target 'VisePanda' from project 'VisePanda')

SwiftCompile normal arm64 Compiling\ NativeAskEvents.swift,\ NativeKnowledgeModels.swift,\ NativeKnowledgeStore.swift,\ NativeKnowledgeView.swift /Users/jtcao/Documents/VP-V4-S2-Claim-Coverage/ios/VisePanda/VisePanda/Features/Ask/NativeAskEvents.swift /Users/jtcao/Documents/VP-V4-S2-Claim-Coverage/ios/VisePanda/VisePanda/Features/Knowledge/NativeKnowledgeModels.swift /Users/jtcao/Documents/VP-V4-S2-Claim-Coverage/ios/VisePanda/VisePanda/Features/Knowledge/NativeKnowledgeStore.swift /Users/jtcao/Documents/VP-V4-S2-Claim-Coverage/ios/VisePanda/VisePanda/Features/Knowledge/NativeKnowledgeView.swift (in target 'VisePanda' from project 'VisePanda')
SwiftCompile normal arm64 /Users/jtcao/Documents/VP-V4-S2-Claim-Coverage/ios/VisePanda/VisePanda/Features/Ask/NativeAskEvents.swift (in target 'VisePanda' from project 'VisePanda')
    cd /Users/jtcao/Documents/VP-V4-S2-Claim-Coverage/ios/VisePanda
    

SwiftCompile normal arm64 /Users/jtcao/Documents/VP-V4-S2-Claim-Coverage/ios/VisePanda/VisePanda/Features/Knowledge/NativeKnowledgeModels.swift (in target 'VisePanda' from project 'VisePanda')
    cd /Users/jtcao/Documents/VP-V4-S2-Claim-Coverage/ios/VisePanda
    

SwiftCompile normal arm64 /Users/jtcao/Documents/VP-V4-S2-Claim-Coverage/ios/VisePanda/VisePanda/Features/Knowledge/NativeKnowledgeStore.swift (in target 'VisePanda' from project 'VisePanda')
    cd /Users/jtcao/Documents/VP-V4-S2-Claim-Coverage/ios/VisePanda
    

SwiftCompile normal arm64 /Users/jtcao/Documents/VP-V4-S2-Claim-Coverage/ios/VisePanda/VisePanda/Features/Knowledge/NativeKnowledgeView.swift (in target 'VisePanda' from project 'VisePanda')
    cd /Users/jtcao/Documents/VP-V4-S2-Claim-Coverage/ios/VisePanda
    

SwiftDriverJobDiscovery normal x86_64 Compiling NativeAskEvents.swift, NativeKnowledgeModels.swift, NativeKnowledgeStore.swift, NativeKnowledgeView.swift (in target 'VisePanda' from project 'VisePanda')

LinkAssetCatalog /Users/jtcao/Documents/VP-V4-S2-Claim-Coverage/ios/VisePanda/VisePanda/Resources/Assets.xcassets (in target 'VisePanda' from project 'VisePanda')
    cd /Users/jtcao/Documents/VP-V4-S2-Claim-Coverage/ios/VisePanda
    builtin-linkAssetCatalog --thinned /Users/jtcao/Library/Caches/visepanda/native-event-reconnect-20260913/build/Build/Intermediates.noindex/VisePanda.build/Debug-iphonesimulator/VisePanda.build/assetcatalog_output/thinned --thinned-dependencies /Users/jtcao/Library/Caches/visepanda/native-event-reconnect-20260913/build/Build/Intermediates.noindex/VisePanda.build/Debug-iphonesimulator/VisePanda.build/assetcatalog_dependencies_thinned --thinned-info-plist-content /Users/jtcao/Library/Caches/visepanda/native-event-reconnect-20260913/build/Build/Intermediates.noindex/VisePanda.build/Debug-iphonesimulator/VisePanda.build/assetcatalog_generated_info.plist_thinned --unthinned /Users/jtcao/Library/Caches/visepanda/native-event-reconnect-20260913/build/Build/Intermediates.noindex/VisePanda.build/Debug-iphonesimulator/VisePanda.build/assetcatalog_output/unthinned --unthinned-dependencies /Users/jtcao/Library/Caches/visepanda/native-event-reconnect-20260913/build/Build/Intermediates.noindex/VisePanda.build/Debug-iphonesimulator/VisePanda.build/assetcatalog_dependencies_unthinned --unthinned-info-plist-content /Users/jtcao/Library/Caches/visepanda/native-event-reconnect-20260913/build/Build/Intermediates.noindex/VisePanda.build/Debug-iphonesimulator/VisePanda.build/assetcatalog_generated_info.plist_unthinned --output /Users/jtcao/Library/Caches/visepanda/native-event-reconnect-20260913/build/Build/Products/Debug-iphonesimulator/VisePanda.app --plist-output /Users/jtcao/Library/Caches/visepanda/native-event-reconnect-20260913/build/Build/Intermediates.noindex/VisePanda.build/Debug-iphonesimulator/VisePanda.build/assetcatalog_generated_info.plist
note: Emplaced /Users/jtcao/Library/Caches/visepanda/native-event-reconnect-20260913/build/Build/Products/Debug-iphonesimulator/VisePanda.app/AppIcon60x60@2x.png (in target 'VisePanda' from project 'VisePanda')
note: Emplaced /Users/jtcao/Library/Caches/visepanda/native-event-reconnect-20260913/build/Build/Products/Debug-iphonesimulator/VisePanda.app/Assets.car (in target 'VisePanda' from project 'VisePanda')
note: Emplaced /Users/jtcao/Library/Caches/visepanda/native-event-reconnect-20260913/build/Build/Products/Debug-iphonesimulator/VisePanda.app/AppIcon76x76@2x~ipad.png (in target 'VisePanda' from project 'VisePanda')

SwiftCompile normal arm64 Compiling\ AppSettings.swift,\ AppShellView.swift,\ AppTab.swift /Users/jtcao/Documents/VP-V4-S2-Claim-Coverage/ios/VisePanda/VisePanda/App/AppSettings.swift /Users/jtcao/Documents/VP-V4-S2-Claim-Coverage/ios/VisePanda/VisePanda/App/AppShellView.swift /Users/jtcao/Documents/VP-V4-S2-Claim-Coverage/ios/VisePanda/VisePanda/Navigation/AppTab.swift (in target 'VisePanda' from project 'VisePanda')

SwiftCompile normal arm64 /Users/jtcao/Documents/VP-V4-S2-Claim-Coverage/ios/VisePanda/VisePanda/App/AppSettings.swift (in target 'VisePanda' from project 'VisePanda')
    cd /Users/jtcao/Documents/VP-V4-S2-Claim-Coverage/ios/VisePanda
    

SwiftCompile normal arm64 /Users/jtcao/Documents/VP-V4-S2-Claim-Coverage/ios/VisePanda/VisePanda/App/AppShellView.swift (in target 'VisePanda' from project 'VisePanda')
    cd /Users/jtcao/Documents/VP-V4-S2-Claim-Coverage/ios/VisePanda
    

SwiftCompile normal arm64 /Users/jtcao/Documents/VP-V4-S2-Claim-Coverage/ios/VisePanda/VisePanda/Navigation/AppTab.swift (in target 'VisePanda' from project 'VisePanda')
    cd /Users/jtcao/Documents/VP-V4-S2-Claim-Coverage/ios/VisePanda
    

SwiftCompile normal arm64 Compiling\ AppRoute.swift,\ Capability.swift,\ VisePandaTheme.swift /Users/jtcao/Documents/VP-V4-S2-Claim-Coverage/ios/VisePanda/VisePanda/Navigation/AppRoute.swift /Users/jtcao/Documents/VP-V4-S2-Claim-Coverage/ios/VisePanda/VisePanda/Navigation/Capability.swift /Users/jtcao/Documents/VP-V4-S2-Claim-Coverage/ios/VisePanda/VisePanda/DesignSystem/VisePandaTheme.swift (in target 'VisePanda' from project 'VisePanda')

SwiftCompile normal arm64 /Users/jtcao/Documents/VP-V4-S2-Claim-Coverage/ios/VisePanda/VisePanda/Navigation/AppRoute.swift (in target 'VisePanda' from project 'VisePanda')
    cd /Users/jtcao/Documents/VP-V4-S2-Claim-Coverage/ios/VisePanda
    

SwiftCompile normal arm64 /Users/jtcao/Documents/VP-V4-S2-Claim-Coverage/ios/VisePanda/VisePanda/Navigation/Capability.swift (in target 'VisePanda' from project 'VisePanda')
    cd /Users/jtcao/Documents/VP-V4-S2-Claim-Coverage/ios/VisePanda
    

SwiftCompile normal arm64 /Users/jtcao/Documents/VP-V4-S2-Claim-Coverage/ios/VisePanda/VisePanda/DesignSystem/VisePandaTheme.swift (in target 'VisePanda' from project 'VisePanda')
    cd /Users/jtcao/Documents/VP-V4-S2-Claim-Coverage/ios/VisePanda
    

SwiftDriverJobDiscovery normal x86_64 Compiling AppSettings.swift, AppShellView.swift, AppTab.swift (in target 'VisePanda' from project 'VisePanda')

SwiftCompile normal arm64 Compiling\ BrandHeader.swift,\ PreviewStatusBanner.swift,\ CapabilityCard.swift /Users/jtcao/Documents/VP-V4-S2-Claim-Coverage/ios/VisePanda/VisePanda/Components/BrandHeader.swift /Users/jtcao/Documents/VP-V4-S2-Claim-Coverage/ios/VisePanda/VisePanda/Components/PreviewStatusBanner.swift /Users/jtcao/Documents/VP-V4-S2-Claim-Coverage/ios/VisePanda/VisePanda/Components/CapabilityCard.swift (in target 'VisePanda' from project 'VisePanda')

SwiftCompile normal arm64 /Users/jtcao/Documents/VP-V4-S2-Claim-Coverage/ios/VisePanda/VisePanda/Components/BrandHeader.swift (in target 'VisePanda' from project 'VisePanda')
    cd /Users/jtcao/Documents/VP-V4-S2-Claim-Coverage/ios/VisePanda
    

SwiftCompile normal arm64 /Users/jtcao/Documents/VP-V4-S2-Claim-Coverage/ios/VisePanda/VisePanda/Components/PreviewStatusBanner.swift (in target 'VisePanda' from project 'VisePanda')
    cd /Users/jtcao/Documents/VP-V4-S2-Claim-Coverage/ios/VisePanda
    

SwiftCompile normal arm64 /Users/jtcao/Documents/VP-V4-S2-Claim-Coverage/ios/VisePanda/VisePanda/Components/CapabilityCard.swift (in target 'VisePanda' from project 'VisePanda')
    cd /Users/jtcao/Documents/VP-V4-S2-Claim-Coverage/ios/VisePanda
    

SwiftDriverJobDiscovery normal x86_64 Compiling BrandHeader.swift, PreviewStatusBanner.swift, CapabilityCard.swift (in target 'VisePanda' from project 'VisePanda')

SwiftDriverJobDiscovery normal x86_64 Compiling ExploreView.swift, ProfileView.swift, GeneratedAssetSymbols.swift (in target 'VisePanda' from project 'VisePanda')

ProcessInfoPlistFile /Users/jtcao/Library/Caches/visepanda/native-event-reconnect-20260913/build/Build/Products/Debug-iphonesimulator/VisePanda.app/Info.plist /Users/jtcao/Documents/VP-V4-S2-Claim-Coverage/ios/VisePanda/VisePanda/NativeEnvironment.plist (in target 'VisePanda' from project 'VisePanda')
    cd /Users/jtcao/Documents/VP-V4-S2-Claim-Coverage/ios/VisePanda
    builtin-infoPlistUtility /Users/jtcao/Documents/VP-V4-S2-Claim-Coverage/ios/VisePanda/VisePanda/NativeEnvironment.plist -producttype com.apple.product-type.application -genpkginfo /Users/jtcao/Library/Caches/visepanda/native-event-reconnect-20260913/build/Build/Products/Debug-iphonesimulator/VisePanda.app/PkgInfo -expandbuildsettings -format binary -platform iphonesimulator -additionalcontentfile /Users/jtcao/Library/Caches/visepanda/native-event-reconnect-20260913/build/Build/Intermediates.noindex/VisePanda.build/Debug-iphonesimulator/VisePanda.build/assetcatalog_generated_info.plist -o /Users/jtcao/Library/Caches/visepanda/native-event-reconnect-20260913/build/Build/Products/Debug-iphonesimulator/VisePanda.app/Info.plist

SwiftDriverJobDiscovery normal x86_64 Compiling NativeTripStore.swift, NativeTripView.swift, NativeSession.swift, VisePandaApp.swift (in target 'VisePanda' from project 'VisePanda')

SwiftCompile normal arm64 Compiling\ NativeAskView.swift,\ NativeAskModels.swift,\ NativeAskStore.swift,\ NativeTripModels.swift /Users/jtcao/Documents/VP-V4-S2-Claim-Coverage/ios/VisePanda/VisePanda/Features/Ask/NativeAskView.swift /Users/jtcao/Documents/VP-V4-S2-Claim-Coverage/ios/VisePanda/VisePanda/Features/Ask/NativeAskModels.swift /Users/jtcao/Documents/VP-V4-S2-Claim-Coverage/ios/VisePanda/VisePanda/Features/Ask/NativeAskStore.swift /Users/jtcao/Documents/VP-V4-S2-Claim-Coverage/ios/VisePanda/VisePanda/Features/Trip/NativeTripModels.swift (in target 'VisePanda' from project 'VisePanda')
SwiftCompile normal arm64 /Users/jtcao/Documents/VP-V4-S2-Claim-Coverage/ios/VisePanda/VisePanda/Features/Ask/NativeAskView.swift (in target 'VisePanda' from project 'VisePanda')
    cd /Users/jtcao/Documents/VP-V4-S2-Claim-Coverage/ios/VisePanda
    

SwiftCompile normal arm64 /Users/jtcao/Documents/VP-V4-S2-Claim-Coverage/ios/VisePanda/VisePanda/Features/Ask/NativeAskModels.swift (in target 'VisePanda' from project 'VisePanda')
    cd /Users/jtcao/Documents/VP-V4-S2-Claim-Coverage/ios/VisePanda
    

SwiftCompile normal arm64 /Users/jtcao/Documents/VP-V4-S2-Claim-Coverage/ios/VisePanda/VisePanda/Features/Ask/NativeAskStore.swift (in target 'VisePanda' from project 'VisePanda')
    cd /Users/jtcao/Documents/VP-V4-S2-Claim-Coverage/ios/VisePanda
    

SwiftCompile normal arm64 /Users/jtcao/Documents/VP-V4-S2-Claim-Coverage/ios/VisePanda/VisePanda/Features/Trip/NativeTripModels.swift (in target 'VisePanda' from project 'VisePanda')
    cd /Users/jtcao/Documents/VP-V4-S2-Claim-Coverage/ios/VisePanda
    

SwiftCompile normal x86_64 Compiling\ NativeAskView.swift,\ NativeAskModels.swift,\ NativeAskStore.swift,\ NativeTripModels.swift /Users/jtcao/Documents/VP-V4-S2-Claim-Coverage/ios/VisePanda/VisePanda/Features/Ask/NativeAskView.swift /Users/jtcao/Documents/VP-V4-S2-Claim-Coverage/ios/VisePanda/VisePanda/Features/Ask/NativeAskModels.swift /Users/jtcao/Documents/VP-V4-S2-Claim-Coverage/ios/VisePanda/VisePanda/Features/Ask/NativeAskStore.swift /Users/jtcao/Documents/VP-V4-S2-Claim-Coverage/ios/VisePanda/VisePanda/Features/Trip/NativeTripModels.swift (in target 'VisePanda' from project 'VisePanda')
SwiftCompile normal x86_64 /Users/jtcao/Documents/VP-V4-S2-Claim-Coverage/ios/VisePanda/VisePanda/Features/Ask/NativeAskView.swift (in target 'VisePanda' from project 'VisePanda')
    cd /Users/jtcao/Documents/VP-V4-S2-Claim-Coverage/ios/VisePanda
    

SwiftCompile normal x86_64 /Users/jtcao/Documents/VP-V4-S2-Claim-Coverage/ios/VisePanda/VisePanda/Features/Ask/NativeAskModels.swift (in target 'VisePanda' from project 'VisePanda')
    cd /Users/jtcao/Documents/VP-V4-S2-Claim-Coverage/ios/VisePanda
    

SwiftCompile normal x86_64 /Users/jtcao/Documents/VP-V4-S2-Claim-Coverage/ios/VisePanda/VisePanda/Features/Ask/NativeAskStore.swift (in target 'VisePanda' from project 'VisePanda')
    cd /Users/jtcao/Documents/VP-V4-S2-Claim-Coverage/ios/VisePanda
    

SwiftCompile normal x86_64 /Users/jtcao/Documents/VP-V4-S2-Claim-Coverage/ios/VisePanda/VisePanda/Features/Trip/NativeTripModels.swift (in target 'VisePanda' from project 'VisePanda')
    cd /Users/jtcao/Documents/VP-V4-S2-Claim-Coverage/ios/VisePanda
    

SwiftDriverJobDiscovery normal arm64 Compiling ExploreView.swift, ProfileView.swift, GeneratedAssetSymbols.swift (in target 'VisePanda' from project 'VisePanda')

SwiftCompile normal x86_64 Compiling\ AppRoute.swift,\ Capability.swift,\ VisePandaTheme.swift /Users/jtcao/Documents/VP-V4-S2-Claim-Coverage/ios/VisePanda/VisePanda/Navigation/AppRoute.swift /Users/jtcao/Documents/VP-V4-S2-Claim-Coverage/ios/VisePanda/VisePanda/Navigation/Capability.swift /Users/jtcao/Documents/VP-V4-S2-Claim-Coverage/ios/VisePanda/VisePanda/DesignSystem/VisePandaTheme.swift (in target 'VisePanda' from project 'VisePanda')

SwiftCompile normal x86_64 /Users/jtcao/Documents/VP-V4-S2-Claim-Coverage/ios/VisePanda/VisePanda/Navigation/AppRoute.swift (in target 'VisePanda' from project 'VisePanda')
    cd /Users/jtcao/Documents/VP-V4-S2-Claim-Coverage/ios/VisePanda
    

SwiftCompile normal x86_64 /Users/jtcao/Documents/VP-V4-S2-Claim-Coverage/ios/VisePanda/VisePanda/Navigation/Capability.swift (in target 'VisePanda' from project 'VisePanda')
    cd /Users/jtcao/Documents/VP-V4-S2-Claim-Coverage/ios/VisePanda
    

SwiftCompile normal x86_64 /Users/jtcao/Documents/VP-V4-S2-Claim-Coverage/ios/VisePanda/VisePanda/DesignSystem/VisePandaTheme.swift (in target 'VisePanda' from project 'VisePanda')
    cd /Users/jtcao/Documents/VP-V4-S2-Claim-Coverage/ios/VisePanda
    

SwiftDriverJobDiscovery normal arm64 Compiling BrandHeader.swift, PreviewStatusBanner.swift, CapabilityCard.swift (in target 'VisePanda' from project 'VisePanda')

SwiftDriverJobDiscovery normal arm64 Compiling AppRoute.swift, Capability.swift, VisePandaTheme.swift (in target 'VisePanda' from project 'VisePanda')

SwiftDriverJobDiscovery normal arm64 Compiling TodayView.swift, AskView.swift, TripView.swift (in target 'VisePanda' from project 'VisePanda')

SwiftDriverJobDiscovery normal arm64 Compiling AppSettings.swift, AppShellView.swift, AppTab.swift (in target 'VisePanda' from project 'VisePanda')

SwiftDriverJobDiscovery normal arm64 Compiling NativeTripStore.swift, NativeTripView.swift, NativeSession.swift, VisePandaApp.swift (in target 'VisePanda' from project 'VisePanda')

SwiftDriverJobDiscovery normal arm64 Compiling NativeAskEvents.swift, NativeKnowledgeModels.swift, NativeKnowledgeStore.swift, NativeKnowledgeView.swift (in target 'VisePanda' from project 'VisePanda')

SwiftDriverJobDiscovery normal x86_64 Compiling AppRoute.swift, Capability.swift, VisePandaTheme.swift (in target 'VisePanda' from project 'VisePanda')

SwiftDriverJobDiscovery normal arm64 Compiling NativeAskView.swift, NativeAskModels.swift, NativeAskStore.swift, NativeTripModels.swift (in target 'VisePanda' from project 'VisePanda')

SwiftDriver\ Compilation VisePanda normal arm64 com.apple.xcode.tools.swift.compiler (in target 'VisePanda' from project 'VisePanda')
    cd /Users/jtcao/Documents/VP-V4-S2-Claim-Coverage/ios/VisePanda
    builtin-Swift-Compilation -- /Applications/Xcode.app/Contents/Developer/Toolchains/XcodeDefault.xctoolchain/usr/bin/swiftc -module-name VisePanda -Onone @/Users/jtcao/Library/Caches/visepanda/native-event-reconnect-20260913/build/Build/Intermediates.noindex/VisePanda.build/Debug-iphonesimulator/VisePanda.build/Objects-normal/arm64/VisePanda.SwiftFileList -DDEBUG -default-isolation\=MainActor -enable-upcoming-feature InferIsolatedConformances -enable-upcoming-feature NonisolatedNonsendingByDefault -enable-experimental-feature DebugDescriptionMacro -sdk /Applications/Xcode.app/Contents/Developer/Platforms/iPhoneSimulator.platform/Developer/SDKs/iPhoneSimulator26.5.sdk -target arm64-apple-ios17.0-simulator -g -module-cache-path /Users/jtcao/Library/Caches/visepanda/native-event-reconnect-20260913/build/ModuleCache.noindex -Xfrontend -serialize-debugging-options -enable-testing -index-store-path /Users/jtcao/Library/Caches/visepanda/native-event-reconnect-20260913/build/Index.noindex/DataStore -Xcc -D_LIBCPP_HARDENING_MODE\=_LIBCPP_HARDENING_MODE_DEBUG -swift-version 6 -I /Users/jtcao/Library/Caches/visepanda/native-event-reconnect-20260913/build/Build/Products/Debug-iphonesimulator -F /Users/jtcao/Library/Caches/visepanda/native-event-reconnect-20260913/build/Build/Products/Debug-iphonesimulator -c -j8 -enable-batch-mode -incremental -Xcc -ivfsstatcache -Xcc /Users/jtcao/Library/Caches/visepanda/native-event-reconnect-20260913/build/SDKStatCaches.noindex/iphonesimulator26.5-23F81a-6cfe768891a92b912361537c460fe42b.sdkstatcache -output-file-map /Users/jtcao/Library/Caches/visepanda/native-event-reconnect-20260913/build/Build/Intermediates.noindex/VisePanda.build/Debug-iphonesimulator/VisePanda.build/Objects-normal/arm64/VisePanda-OutputFileMap.json -use-frontend-parseable-output -save-temps -no-color-diagnostics -explicit-module-build -module-cache-path /Users/jtcao/Library/Caches/visepanda/native-event-reconnect-20260913/build/Build/Intermediates.noindex/SwiftExplicitPrecompiledModules -clang-scanner-module-cache-path /Users/jtcao/Library/Caches/visepanda/native-event-reconnect-20260913/build/ModuleCache.noindex -sdk-module-cache-path /Users/jtcao/Library/Caches/visepanda/native-event-reconnect-20260913/build/ModuleCache.noindex -serialize-diagnostics -emit-dependencies -emit-module -emit-module-path /Users/jtcao/Library/Caches/visepanda/native-event-reconnect-20260913/build/Build/Intermediates.noindex/VisePanda.build/Debug-iphonesimulator/VisePanda.build/Objects-normal/arm64/VisePanda.swiftmodule -validate-clang-modules-once -clang-build-session-file /Users/jtcao/Library/Caches/visepanda/native-event-reconnect-20260913/build/ModuleCache.noindex/Session.modulevalidation -Xcc -I/Users/jtcao/Library/Caches/visepanda/native-event-reconnect-20260913/build/Build/Intermediates.noindex/VisePanda.build/Debug-iphonesimulator/VisePanda.build/swift-overrides.hmap -emit-const-values -Xfrontend -const-gather-protocols-file -Xfrontend /Users/jtcao/Library/Caches/visepanda/native-event-reconnect-20260913/build/Build/Intermediates.noindex/VisePanda.build/Debug-iphonesimulator/VisePanda.build/Objects-normal/arm64/VisePanda_const_extract_protocols.json -Xcc -iquote -Xcc /Users/jtcao/Library/Caches/visepanda/native-event-reconnect-20260913/build/Build/Intermediates.noindex/VisePanda.build/Debug-iphonesimulator/VisePanda.build/VisePanda-generated-files.hmap -Xcc -I/Users/jtcao/Library/Caches/visepanda/native-event-reconnect-20260913/build/Build/Intermediates.noindex/VisePanda.build/Debug-iphonesimulator/VisePanda.build/VisePanda-own-target-headers.hmap -Xcc -I/Users/jtcao/Library/Caches/visepanda/native-event-reconnect-20260913/build/Build/Intermediates.noindex/VisePanda.build/Debug-iphonesimulator/VisePanda.build/VisePanda-all-target-headers.hmap -Xcc -iquote -Xcc /Users/jtcao/Library/Caches/visepanda/native-event-reconnect-20260913/build/Build/Intermediates.noindex/VisePanda.build/Debug-iphonesimulator/VisePanda.build/VisePanda-project-headers.hmap -Xcc -I/Users/jtcao/Library/Caches/visepanda/native-event-reconnect-20260913/build/Build/Products/Debug-iphonesimulator/include -Xcc -I/Users/jtcao/Library/Caches/visepanda/native-event-reconnect-20260913/build/Build/Intermediates.noindex/VisePanda.build/Debug-iphonesimulator/VisePanda.build/DerivedSources-normal/arm64 -Xcc -I/Users/jtcao/Library/Caches/visepanda/native-event-reconnect-20260913/build/Build/Intermediates.noindex/VisePanda.build/Debug-iphonesimulator/VisePanda.build/DerivedSources/arm64 -Xcc -I/Users/jtcao/Library/Caches/visepanda/native-event-reconnect-20260913/build/Build/Intermediates.noindex/VisePanda.build/Debug-iphonesimulator/VisePanda.build/DerivedSources -emit-objc-header -emit-objc-header-path /Users/jtcao/Library/Caches/visepanda/native-event-reconnect-20260913/build/Build/Intermediates.noindex/VisePanda.build/Debug-iphonesimulator/VisePanda.build/Objects-normal/arm64/VisePanda-Swift.h -working-directory /Users/jtcao/Documents/VP-V4-S2-Claim-Coverage/ios/VisePanda -experimental-emit-module-separately -disable-cmo

Ld /Users/jtcao/Library/Caches/visepanda/native-event-reconnect-20260913/build/Build/Intermediates.noindex/VisePanda.build/Debug-iphonesimulator/VisePanda.build/Objects-normal/arm64/Binary/VisePanda.debug.dylib normal arm64 (in target 'VisePanda' from project 'VisePanda')
    cd /Users/jtcao/Documents/VP-V4-S2-Claim-Coverage/ios/VisePanda
    /Applications/Xcode.app/Contents/Developer/Toolchains/XcodeDefault.xctoolchain/usr/bin/clang -Xlinker -reproducible -target arm64-apple-ios17.0-simulator -dynamiclib -isysroot /Applications/Xcode.app/Contents/Developer/Platforms/iPhoneSimulator.platform/Developer/SDKs/iPhoneSimulator26.5.sdk -O0 -L/Users/jtcao/Library/Caches/visepanda/native-event-reconnect-20260913/build/Build/Intermediates.noindex/EagerLinkingTBDs/Debug-iphonesimulator -L/Users/jtcao/Library/Caches/visepanda/native-event-reconnect-20260913/build/Build/Products/Debug-iphonesimulator -F/Users/jtcao/Library/Caches/visepanda/native-event-reconnect-20260913/build/Build/Intermediates.noindex/EagerLinkingTBDs/Debug-iphonesimulator -F/Users/jtcao/Library/Caches/visepanda/native-event-reconnect-20260913/build/Build/Products/Debug-iphonesimulator -filelist /Users/jtcao/Library/Caches/visepanda/native-event-reconnect-20260913/build/Build/Intermediates.noindex/VisePanda.build/Debug-iphonesimulator/VisePanda.build/Objects-normal/arm64/VisePanda.LinkFileList -install_name @rpath/VisePanda.debug.dylib -Xlinker -rpath -Xlinker /usr/lib/swift -Xlinker -dead_strip -Xlinker -object_path_lto -Xlinker /Users/jtcao/Library/Caches/visepanda/native-event-reconnect-20260913/build/Build/Intermediates.noindex/VisePanda.build/Debug-iphonesimulator/VisePanda.build/Objects-normal/arm64/VisePanda_lto.o -rdynamic -Xlinker -no_deduplicate -Xlinker -objc_abi_version -Xlinker 2 -Xlinker -dependency_info -Xlinker /Users/jtcao/Library/Caches/visepanda/native-event-reconnect-20260913/build/Build/Intermediates.noindex/VisePanda.build/Debug-iphonesimulator/VisePanda.build/Objects-normal/arm64/VisePanda_dependency_info.dat -fobjc-link-runtime -L/Applications/Xcode.app/Contents/Developer/Toolchains/XcodeDefault.xctoolchain/usr/lib/swift/iphonesimulator -L/usr/lib/swift -Xlinker -add_ast_path -Xlinker /Users/jtcao/Library/Caches/visepanda/native-event-reconnect-20260913/build/Build/Intermediates.noindex/VisePanda.build/Debug-iphonesimulator/VisePanda.build/Objects-normal/arm64/VisePanda.swiftmodule @/Users/jtcao/Library/Caches/visepanda/native-event-reconnect-20260913/build/Build/Intermediates.noindex/VisePanda.build/Debug-iphonesimulator/VisePanda.build/Objects-normal/arm64/VisePanda-linker-args.resp -Xlinker -alias -Xlinker _main -Xlinker ___debug_main_executable_dylib_entry_point -o /Users/jtcao/Library/Caches/visepanda/native-event-reconnect-20260913/build/Build/Intermediates.noindex/VisePanda.build/Debug-iphonesimulator/VisePanda.build/Objects-normal/arm64/Binary/VisePanda.debug.dylib

ConstructStubExecutorLinkFileList /Users/jtcao/Library/Caches/visepanda/native-event-reconnect-20260913/build/Build/Intermediates.noindex/VisePanda.build/Debug-iphonesimulator/VisePanda.build/VisePanda-ExecutorLinkFileList-normal-arm64.txt (in target 'VisePanda' from project 'VisePanda')
    cd /Users/jtcao/Documents/VP-V4-S2-Claim-Coverage/ios/VisePanda
    construct-stub-executor-link-file-list /Users/jtcao/Library/Caches/visepanda/native-event-reconnect-20260913/build/Build/Intermediates.noindex/VisePanda.build/Debug-iphonesimulator/VisePanda.build/Objects-normal/arm64/Binary/VisePanda.debug.dylib /Applications/Xcode.app/Contents/Developer/Platforms/iPhoneSimulator.platform/Developer/usr/lib/libPreviewsJITStubExecutor_no_swift_entry_point.a /Applications/Xcode.app/Contents/Developer/Platforms/iPhoneSimulator.platform/Developer/usr/lib/libPreviewsJITStubExecutor.a --output /Users/jtcao/Library/Caches/visepanda/native-event-reconnect-20260913/build/Build/Intermediates.noindex/VisePanda.build/Debug-iphonesimulator/VisePanda.build/VisePanda-ExecutorLinkFileList-normal-arm64.txt
note: Using stub executor library with Swift entry point. (in target 'VisePanda' from project 'VisePanda')

Ld /Users/jtcao/Library/Caches/visepanda/native-event-reconnect-20260913/build/Build/Intermediates.noindex/VisePanda.build/Debug-iphonesimulator/VisePanda.build/Objects-normal/arm64/Binary/VisePanda normal arm64 (in target 'VisePanda' from project 'VisePanda')
    cd /Users/jtcao/Documents/VP-V4-S2-Claim-Coverage/ios/VisePanda
    /Applications/Xcode.app/Contents/Developer/Toolchains/XcodeDefault.xctoolchain/usr/bin/clang -Xlinker -reproducible -target arm64-apple-ios17.0-simulator -isysroot /Applications/Xcode.app/Contents/Developer/Platforms/iPhoneSimulator.platform/Developer/SDKs/iPhoneSimulator26.5.sdk -O0 -L/Users/jtcao/Library/Caches/visepanda/native-event-reconnect-20260913/build/Build/Products/Debug-iphonesimulator -F/Users/jtcao/Library/Caches/visepanda/native-event-reconnect-20260913/build/Build/Products/Debug-iphonesimulator -Xlinker -rpath -Xlinker @executable_path -rdynamic -Xlinker -no_deduplicate -Xlinker -objc_abi_version -Xlinker 2 -e ___debug_blank_executor_main -Xlinker -sectcreate -Xlinker __TEXT -Xlinker __debug_dylib -Xlinker /Users/jtcao/Library/Caches/visepanda/native-event-reconnect-20260913/build/Build/Intermediates.noindex/VisePanda.build/Debug-iphonesimulator/VisePanda.build/VisePanda-DebugDylibPath-normal-arm64.txt -Xlinker -sectcreate -Xlinker __TEXT -Xlinker __debug_instlnm -Xlinker /Users/jtcao/Library/Caches/visepanda/native-event-reconnect-20260913/build/Build/Intermediates.noindex/VisePanda.build/Debug-iphonesimulator/VisePanda.build/VisePanda-DebugDylibInstallName-normal-arm64.txt -Xlinker -filelist -Xlinker /Users/jtcao/Library/Caches/visepanda/native-event-reconnect-20260913/build/Build/Intermediates.noindex/VisePanda.build/Debug-iphonesimulator/VisePanda.build/VisePanda-ExecutorLinkFileList-normal-arm64.txt /Users/jtcao/Library/Caches/visepanda/native-event-reconnect-20260913/build/Build/Intermediates.noindex/VisePanda.build/Debug-iphonesimulator/VisePanda.build/Objects-normal/arm64/Binary/VisePanda.debug.dylib -o /Users/jtcao/Library/Caches/visepanda/native-event-reconnect-20260913/build/Build/Intermediates.noindex/VisePanda.build/Debug-iphonesimulator/VisePanda.build/Objects-normal/arm64/Binary/VisePanda

SwiftDriverJobDiscovery normal x86_64 Compiling NativeAskView.swift, NativeAskModels.swift, NativeAskStore.swift, NativeTripModels.swift (in target 'VisePanda' from project 'VisePanda')

SwiftDriver\ Compilation VisePanda normal x86_64 com.apple.xcode.tools.swift.compiler (in target 'VisePanda' from project 'VisePanda')
    cd /Users/jtcao/Documents/VP-V4-S2-Claim-Coverage/ios/VisePanda
    builtin-Swift-Compilation -- /Applications/Xcode.app/Contents/Developer/Toolchains/XcodeDefault.xctoolchain/usr/bin/swiftc -module-name VisePanda -Onone @/Users/jtcao/Library/Caches/visepanda/native-event-reconnect-20260913/build/Build/Intermediates.noindex/VisePanda.build/Debug-iphonesimulator/VisePanda.build/Objects-normal/x86_64/VisePanda.SwiftFileList -DDEBUG -default-isolation\=MainActor -enable-upcoming-feature InferIsolatedConformances -enable-upcoming-feature NonisolatedNonsendingByDefault -enable-experimental-feature DebugDescriptionMacro -sdk /Applications/Xcode.app/Contents/Developer/Platforms/iPhoneSimulator.platform/Developer/SDKs/iPhoneSimulator26.5.sdk -target x86_64-apple-ios17.0-simulator -g -module-cache-path /Users/jtcao/Library/Caches/visepanda/native-event-reconnect-20260913/build/ModuleCache.noindex -Xfrontend -serialize-debugging-options -enable-testing -index-store-path /Users/jtcao/Library/Caches/visepanda/native-event-reconnect-20260913/build/Index.noindex/DataStore -Xcc -D_LIBCPP_HARDENING_MODE\=_LIBCPP_HARDENING_MODE_DEBUG -swift-version 6 -I /Users/jtcao/Library/Caches/visepanda/native-event-reconnect-20260913/build/Build/Products/Debug-iphonesimulator -F /Users/jtcao/Library/Caches/visepanda/native-event-reconnect-20260913/build/Build/Products/Debug-iphonesimulator -c -j8 -enable-batch-mode -incremental -Xcc -ivfsstatcache -Xcc /Users/jtcao/Library/Caches/visepanda/native-event-reconnect-20260913/build/SDKStatCaches.noindex/iphonesimulator26.5-23F81a-6cfe768891a92b912361537c460fe42b.sdkstatcache -output-file-map /Users/jtcao/Library/Caches/visepanda/native-event-reconnect-20260913/build/Build/Intermediates.noindex/VisePanda.build/Debug-iphonesimulator/VisePanda.build/Objects-normal/x86_64/VisePanda-OutputFileMap.json -use-frontend-parseable-output -save-temps -no-color-diagnostics -explicit-module-build -module-cache-path /Users/jtcao/Library/Caches/visepanda/native-event-reconnect-20260913/build/Build/Intermediates.noindex/SwiftExplicitPrecompiledModules -clang-scanner-module-cache-path /Users/jtcao/Library/Caches/visepanda/native-event-reconnect-20260913/build/ModuleCache.noindex -sdk-module-cache-path /Users/jtcao/Library/Caches/visepanda/native-event-reconnect-20260913/build/ModuleCache.noindex -serialize-diagnostics -emit-dependencies -emit-module -emit-module-path /Users/jtcao/Library/Caches/visepanda/native-event-reconnect-20260913/build/Build/Intermediates.noindex/VisePanda.build/Debug-iphonesimulator/VisePanda.build/Objects-normal/x86_64/VisePanda.swiftmodule -validate-clang-modules-once -clang-build-session-file /Users/jtcao/Library/Caches/visepanda/native-event-reconnect-20260913/build/ModuleCache.noindex/Session.modulevalidation -Xcc -I/Users/jtcao/Library/Caches/visepanda/native-event-reconnect-20260913/build/Build/Intermediates.noindex/VisePanda.build/Debug-iphonesimulator/VisePanda.build/swift-overrides.hmap -emit-const-values -Xfrontend -const-gather-protocols-file -Xfrontend /Users/jtcao/Library/Caches/visepanda/native-event-reconnect-20260913/build/Build/Intermediates.noindex/VisePanda.build/Debug-iphonesimulator/VisePanda.build/Objects-normal/x86_64/VisePanda_const_extract_protocols.json -Xcc -iquote -Xcc /Users/jtcao/Library/Caches/visepanda/native-event-reconnect-20260913/build/Build/Intermediates.noindex/VisePanda.build/Debug-iphonesimulator/VisePanda.build/VisePanda-generated-files.hmap -Xcc -I/Users/jtcao/Library/Caches/visepanda/native-event-reconnect-20260913/build/Build/Intermediates.noindex/VisePanda.build/Debug-iphonesimulator/VisePanda.build/VisePanda-own-target-headers.hmap -Xcc -I/Users/jtcao/Library/Caches/visepanda/native-event-reconnect-20260913/build/Build/Intermediates.noindex/VisePanda.build/Debug-iphonesimulator/VisePanda.build/VisePanda-all-target-headers.hmap -Xcc -iquote -Xcc /Users/jtcao/Library/Caches/visepanda/native-event-reconnect-20260913/build/Build/Intermediates.noindex/VisePanda.build/Debug-iphonesimulator/VisePanda.build/VisePanda-project-headers.hmap -Xcc -I/Users/jtcao/Library/Caches/visepanda/native-event-reconnect-20260913/build/Build/Products/Debug-iphonesimulator/include -Xcc -I/Users/jtcao/Library/Caches/visepanda/native-event-reconnect-20260913/build/Build/Intermediates.noindex/VisePanda.build/Debug-iphonesimulator/VisePanda.build/DerivedSources-normal/x86_64 -Xcc -I/Users/jtcao/Library/Caches/visepanda/native-event-reconnect-20260913/build/Build/Intermediates.noindex/VisePanda.build/Debug-iphonesimulator/VisePanda.build/DerivedSources/x86_64 -Xcc -I/Users/jtcao/Library/Caches/visepanda/native-event-reconnect-20260913/build/Build/Intermediates.noindex/VisePanda.build/Debug-iphonesimulator/VisePanda.build/DerivedSources -emit-objc-header -emit-objc-header-path /Users/jtcao/Library/Caches/visepanda/native-event-reconnect-20260913/build/Build/Intermediates.noindex/VisePanda.build/Debug-iphonesimulator/VisePanda.build/Objects-normal/x86_64/VisePanda-Swift.h -working-directory /Users/jtcao/Documents/VP-V4-S2-Claim-Coverage/ios/VisePanda -experimental-emit-module-separately -disable-cmo

Ld /Users/jtcao/Library/Caches/visepanda/native-event-reconnect-20260913/build/Build/Intermediates.noindex/VisePanda.build/Debug-iphonesimulator/VisePanda.build/Objects-normal/x86_64/Binary/VisePanda.debug.dylib normal x86_64 (in target 'VisePanda' from project 'VisePanda')
    cd /Users/jtcao/Documents/VP-V4-S2-Claim-Coverage/ios/VisePanda
    /Applications/Xcode.app/Contents/Developer/Toolchains/XcodeDefault.xctoolchain/usr/bin/clang -Xlinker -reproducible -target x86_64-apple-ios17.0-simulator -dynamiclib -isysroot /Applications/Xcode.app/Contents/Developer/Platforms/iPhoneSimulator.platform/Developer/SDKs/iPhoneSimulator26.5.sdk -O0 -L/Users/jtcao/Library/Caches/visepanda/native-event-reconnect-20260913/build/Build/Intermediates.noindex/EagerLinkingTBDs/Debug-iphonesimulator -L/Users/jtcao/Library/Caches/visepanda/native-event-reconnect-20260913/build/Build/Products/Debug-iphonesimulator -F/Users/jtcao/Library/Caches/visepanda/native-event-reconnect-20260913/build/Build/Intermediates.noindex/EagerLinkingTBDs/Debug-iphonesimulator -F/Users/jtcao/Library/Caches/visepanda/native-event-reconnect-20260913/build/Build/Products/Debug-iphonesimulator -filelist /Users/jtcao/Library/Caches/visepanda/native-event-reconnect-20260913/build/Build/Intermediates.noindex/VisePanda.build/Debug-iphonesimulator/VisePanda.build/Objects-normal/x86_64/VisePanda.LinkFileList -install_name @rpath/VisePanda.debug.dylib -Xlinker -rpath -Xlinker /usr/lib/swift -Xlinker -dead_strip -Xlinker -object_path_lto -Xlinker /Users/jtcao/Library/Caches/visepanda/native-event-reconnect-20260913/build/Build/Intermediates.noindex/VisePanda.build/Debug-iphonesimulator/VisePanda.build/Objects-normal/x86_64/VisePanda_lto.o -rdynamic -Xlinker -no_deduplicate -Xlinker -objc_abi_version -Xlinker 2 -Xlinker -dependency_info -Xlinker /Users/jtcao/Library/Caches/visepanda/native-event-reconnect-20260913/build/Build/Intermediates.noindex/VisePanda.build/Debug-iphonesimulator/VisePanda.build/Objects-normal/x86_64/VisePanda_dependency_info.dat -fobjc-link-runtime -L/Applications/Xcode.app/Contents/Developer/Toolchains/XcodeDefault.xctoolchain/usr/lib/swift/iphonesimulator -L/usr/lib/swift -Xlinker -add_ast_path -Xlinker /Users/jtcao/Library/Caches/visepanda/native-event-reconnect-20260913/build/Build/Intermediates.noindex/VisePanda.build/Debug-iphonesimulator/VisePanda.build/Objects-normal/x86_64/VisePanda.swiftmodule @/Users/jtcao/Library/Caches/visepanda/native-event-reconnect-20260913/build/Build/Intermediates.noindex/VisePanda.build/Debug-iphonesimulator/VisePanda.build/Objects-normal/x86_64/VisePanda-linker-args.resp -Xlinker -alias -Xlinker _main -Xlinker ___debug_main_executable_dylib_entry_point -o /Users/jtcao/Library/Caches/visepanda/native-event-reconnect-20260913/build/Build/Intermediates.noindex/VisePanda.build/Debug-iphonesimulator/VisePanda.build/Objects-normal/x86_64/Binary/VisePanda.debug.dylib

CreateUniversalBinary /Users/jtcao/Library/Caches/visepanda/native-event-reconnect-20260913/build/Build/Products/Debug-iphonesimulator/VisePanda.app/VisePanda.debug.dylib normal arm64\ x86_64 (in target 'VisePanda' from project 'VisePanda')
    cd /Users/jtcao/Documents/VP-V4-S2-Claim-Coverage/ios/VisePanda
    /Applications/Xcode.app/Contents/Developer/Toolchains/XcodeDefault.xctoolchain/usr/bin/lipo -create /Users/jtcao/Library/Caches/visepanda/native-event-reconnect-20260913/build/Build/Intermediates.noindex/VisePanda.build/Debug-iphonesimulator/VisePanda.build/Objects-normal/arm64/Binary/VisePanda.debug.dylib /Users/jtcao/Library/Caches/visepanda/native-event-reconnect-20260913/build/Build/Intermediates.noindex/VisePanda.build/Debug-iphonesimulator/VisePanda.build/Objects-normal/x86_64/Binary/VisePanda.debug.dylib -output /Users/jtcao/Library/Caches/visepanda/native-event-reconnect-20260913/build/Build/Products/Debug-iphonesimulator/VisePanda.app/VisePanda.debug.dylib

ConstructStubExecutorLinkFileList /Users/jtcao/Library/Caches/visepanda/native-event-reconnect-20260913/build/Build/Intermediates.noindex/VisePanda.build/Debug-iphonesimulator/VisePanda.build/VisePanda-ExecutorLinkFileList-normal-x86_64.txt (in target 'VisePanda' from project 'VisePanda')
    cd /Users/jtcao/Documents/VP-V4-S2-Claim-Coverage/ios/VisePanda
    construct-stub-executor-link-file-list /Users/jtcao/Library/Caches/visepanda/native-event-reconnect-20260913/build/Build/Intermediates.noindex/VisePanda.build/Debug-iphonesimulator/VisePanda.build/Objects-normal/x86_64/Binary/VisePanda.debug.dylib /Applications/Xcode.app/Contents/Developer/Platforms/iPhoneSimulator.platform/Developer/usr/lib/libPreviewsJITStubExecutor_no_swift_entry_point.a /Applications/Xcode.app/Contents/Developer/Platforms/iPhoneSimulator.platform/Developer/usr/lib/libPreviewsJITStubExecutor.a --output /Users/jtcao/Library/Caches/visepanda/native-event-reconnect-20260913/build/Build/Intermediates.noindex/VisePanda.build/Debug-iphonesimulator/VisePanda.build/VisePanda-ExecutorLinkFileList-normal-x86_64.txt
note: Using stub executor library with Swift entry point. (in target 'VisePanda' from project 'VisePanda')

Ld /Users/jtcao/Library/Caches/visepanda/native-event-reconnect-20260913/build/Build/Intermediates.noindex/VisePanda.build/Debug-iphonesimulator/VisePanda.build/Objects-normal/x86_64/Binary/VisePanda normal x86_64 (in target 'VisePanda' from project 'VisePanda')
    cd /Users/jtcao/Documents/VP-V4-S2-Claim-Coverage/ios/VisePanda
    /Applications/Xcode.app/Contents/Developer/Toolchains/XcodeDefault.xctoolchain/usr/bin/clang -Xlinker -reproducible -target x86_64-apple-ios17.0-simulator -isysroot /Applications/Xcode.app/Contents/Developer/Platforms/iPhoneSimulator.platform/Developer/SDKs/iPhoneSimulator26.5.sdk -O0 -L/Users/jtcao/Library/Caches/visepanda/native-event-reconnect-20260913/build/Build/Products/Debug-iphonesimulator -F/Users/jtcao/Library/Caches/visepanda/native-event-reconnect-20260913/build/Build/Products/Debug-iphonesimulator -Xlinker -rpath -Xlinker @executable_path -rdynamic -Xlinker -no_deduplicate -Xlinker -objc_abi_version -Xlinker 2 -e ___debug_blank_executor_main -Xlinker -sectcreate -Xlinker __TEXT -Xlinker __debug_dylib -Xlinker /Users/jtcao/Library/Caches/visepanda/native-event-reconnect-20260913/build/Build/Intermediates.noindex/VisePanda.build/Debug-iphonesimulator/VisePanda.build/VisePanda-DebugDylibPath-normal-x86_64.txt -Xlinker -sectcreate -Xlinker __TEXT -Xlinker __debug_instlnm -Xlinker /Users/jtcao/Library/Caches/visepanda/native-event-reconnect-20260913/build/Build/Intermediates.noindex/VisePanda.build/Debug-iphonesimulator/VisePanda.build/VisePanda-DebugDylibInstallName-normal-x86_64.txt -Xlinker -filelist -Xlinker /Users/jtcao/Library/Caches/visepanda/native-event-reconnect-20260913/build/Build/Intermediates.noindex/VisePanda.build/Debug-iphonesimulator/VisePanda.build/VisePanda-ExecutorLinkFileList-normal-x86_64.txt /Users/jtcao/Library/Caches/visepanda/native-event-reconnect-20260913/build/Build/Intermediates.noindex/VisePanda.build/Debug-iphonesimulator/VisePanda.build/Objects-normal/x86_64/Binary/VisePanda.debug.dylib -o /Users/jtcao/Library/Caches/visepanda/native-event-reconnect-20260913/build/Build/Intermediates.noindex/VisePanda.build/Debug-iphonesimulator/VisePanda.build/Objects-normal/x86_64/Binary/VisePanda

CreateUniversalBinary /Users/jtcao/Library/Caches/visepanda/native-event-reconnect-20260913/build/Build/Products/Debug-iphonesimulator/VisePanda.app/VisePanda normal arm64\ x86_64 (in target 'VisePanda' from project 'VisePanda')
    cd /Users/jtcao/Documents/VP-V4-S2-Claim-Coverage/ios/VisePanda
    /Applications/Xcode.app/Contents/Developer/Toolchains/XcodeDefault.xctoolchain/usr/bin/lipo -create /Users/jtcao/Library/Caches/visepanda/native-event-reconnect-20260913/build/Build/Intermediates.noindex/VisePanda.build/Debug-iphonesimulator/VisePanda.build/Objects-normal/arm64/Binary/VisePanda /Users/jtcao/Library/Caches/visepanda/native-event-reconnect-20260913/build/Build/Intermediates.noindex/VisePanda.build/Debug-iphonesimulator/VisePanda.build/Objects-normal/x86_64/Binary/VisePanda -output /Users/jtcao/Library/Caches/visepanda/native-event-reconnect-20260913/build/Build/Products/Debug-iphonesimulator/VisePanda.app/VisePanda

CopySwiftLibs /Users/jtcao/Library/Caches/visepanda/native-event-reconnect-20260913/build/Build/Products/Debug-iphonesimulator/VisePanda.app (in target 'VisePanda' from project 'VisePanda')
    cd /Users/jtcao/Documents/VP-V4-S2-Claim-Coverage/ios/VisePanda
    builtin-swiftStdLibTool --copy --verbose --scan-executable /Users/jtcao/Library/Caches/visepanda/native-event-reconnect-20260913/build/Build/Products/Debug-iphonesimulator/VisePanda.app/VisePanda.debug.dylib --scan-folder /Users/jtcao/Library/Caches/visepanda/native-event-reconnect-20260913/build/Build/Products/Debug-iphonesimulator/VisePanda.app/Frameworks --scan-folder /Users/jtcao/Library/Caches/visepanda/native-event-reconnect-20260913/build/Build/Products/Debug-iphonesimulator/VisePanda.app/PlugIns --scan-folder /Users/jtcao/Library/Caches/visepanda/native-event-reconnect-20260913/build/Build/Products/Debug-iphonesimulator/VisePanda.app/SystemExtensions --scan-folder /Users/jtcao/Library/Caches/visepanda/native-event-reconnect-20260913/build/Build/Products/Debug-iphonesimulator/VisePanda.app/Extensions --platform iphonesimulator --toolchain /Applications/Xcode.app/Contents/Developer/Toolchains/XcodeDefault.xctoolchain --destination /Users/jtcao/Library/Caches/visepanda/native-event-reconnect-20260913/build/Build/Products/Debug-iphonesimulator/VisePanda.app/Frameworks --strip-bitcode --strip-bitcode-tool /Applications/Xcode.app/Contents/Developer/Toolchains/XcodeDefault.xctoolchain/usr/bin/bitcode_strip --emit-dependency-info /Users/jtcao/Library/Caches/visepanda/native-event-reconnect-20260913/build/Build/Intermediates.noindex/VisePanda.build/Debug-iphonesimulator/VisePanda.build/SwiftStdLibToolInputDependencies.dep --filter-for-swift-os --back-deploy-swift-span
Ignoring --strip-bitcode because --sign was not passed

ExtractAppIntentsMetadata (in target 'VisePanda' from project 'VisePanda')
    cd /Users/jtcao/Documents/VP-V4-S2-Claim-Coverage/ios/VisePanda
    /Applications/Xcode.app/Contents/Developer/Toolchains/XcodeDefault.xctoolchain/usr/bin/appintentsmetadataprocessor --toolchain-dir /Applications/Xcode.app/Contents/Developer/Toolchains/XcodeDefault.xctoolchain --module-name VisePanda --sdk-root /Applications/Xcode.app/Contents/Developer/Platforms/iPhoneSimulator.platform/Developer/SDKs/iPhoneSimulator26.5.sdk --xcode-version 17F113 --platform-family iOS --deployment-target 17.0 --bundle-identifier space.go2china.VisePanda --output /Users/jtcao/Library/Caches/visepanda/native-event-reconnect-20260913/build/Build/Products/Debug-iphonesimulator/VisePanda.app --target-triple arm64-apple-ios17.0-simulator --target-triple x86_64-apple-ios17.0-simulator --binary-file /Users/jtcao/Library/Caches/visepanda/native-event-reconnect-20260913/build/Build/Products/Debug-iphonesimulator/VisePanda.app/VisePanda --dependency-file /Users/jtcao/Library/Caches/visepanda/native-event-reconnect-20260913/build/Build/Intermediates.noindex/VisePanda.build/Debug-iphonesimulator/VisePanda.build/Objects-normal/arm64/VisePanda_dependency_info.dat --dependency-file /Users/jtcao/Library/Caches/visepanda/native-event-reconnect-20260913/build/Build/Intermediates.noindex/VisePanda.build/Debug-iphonesimulator/VisePanda.build/Objects-normal/x86_64/VisePanda_dependency_info.dat --stringsdata-file /Users/jtcao/Library/Caches/visepanda/native-event-reconnect-20260913/build/Build/Intermediates.noindex/VisePanda.build/Debug-iphonesimulator/VisePanda.build/Objects-normal/arm64/ExtractedAppShortcutsMetadata.stringsdata --stringsdata-file /Users/jtcao/Library/Caches/visepanda/native-event-reconnect-20260913/build/Build/Intermediates.noindex/VisePanda.build/Debug-iphonesimulator/VisePanda.build/Objects-normal/x86_64/ExtractedAppShortcutsMetadata.stringsdata --source-file-list /Users/jtcao/Library/Caches/visepanda/native-event-reconnect-20260913/build/Build/Intermediates.noindex/VisePanda.build/Debug-iphonesimulator/VisePanda.build/Objects-normal/arm64/VisePanda.SwiftFileList --source-file-list /Users/jtcao/Library/Caches/visepanda/native-event-reconnect-20260913/build/Build/Intermediates.noindex/VisePanda.build/Debug-iphonesimulator/VisePanda.build/Objects-normal/x86_64/VisePanda.SwiftFileList --metadata-file-list /Users/jtcao/Library/Caches/visepanda/native-event-reconnect-20260913/build/Build/Intermediates.noindex/VisePanda.build/Debug-iphonesimulator/VisePanda.build/VisePanda.DependencyMetadataFileList --static-metadata-file-list /Users/jtcao/Library/Caches/visepanda/native-event-reconnect-20260913/build/Build/Intermediates.noindex/VisePanda.build/Debug-iphonesimulator/VisePanda.build/VisePanda.DependencyStaticMetadataFileList --swift-const-vals-list /Users/jtcao/Library/Caches/visepanda/native-event-reconnect-20260913/build/Build/Intermediates.noindex/VisePanda.build/Debug-iphonesimulator/VisePanda.build/Objects-normal/arm64/VisePanda.SwiftConstValuesFileList --swift-const-vals-list /Users/jtcao/Library/Caches/visepanda/native-event-reconnect-20260913/build/Build/Intermediates.noindex/VisePanda.build/Debug-iphonesimulator/VisePanda.build/Objects-normal/x86_64/VisePanda.SwiftConstValuesFileList --compile-time-extraction --deployment-aware-processing --validate-assistant-intents --no-app-shortcuts-localization
2026-09-13 07:03:46.734 appintentsmetadataprocessor[83723:1111761] Starting appintentsmetadataprocessor export
2026-09-13 07:03:46.738 appintentsmetadataprocessor[83723:1111761] warning: Metadata extraction skipped. No AppIntents.framework dependency found.

AppIntentsSSUTraining (in target 'VisePanda' from project 'VisePanda')
    cd /Users/jtcao/Documents/VP-V4-S2-Claim-Coverage/ios/VisePanda
    /Applications/Xcode.app/Contents/Developer/Toolchains/XcodeDefault.xctoolchain/usr/bin/appintentsnltrainingprocessor --infoplist-path /Users/jtcao/Library/Caches/visepanda/native-event-reconnect-20260913/build/Build/Products/Debug-iphonesimulator/VisePanda.app/Info.plist --temp-dir-path /Users/jtcao/Library/Caches/visepanda/native-event-reconnect-20260913/build/Build/Intermediates.noindex/VisePanda.build/Debug-iphonesimulator/VisePanda.build/ssu --bundle-id space.go2china.VisePanda --product-path /Users/jtcao/Library/Caches/visepanda/native-event-reconnect-20260913/build/Build/Products/Debug-iphonesimulator/VisePanda.app --extracted-metadata-path /Users/jtcao/Library/Caches/visepanda/native-event-reconnect-20260913/build/Build/Products/Debug-iphonesimulator/VisePanda.app/Metadata.appintents --metadata-file-list /Users/jtcao/Library/Caches/visepanda/native-event-reconnect-20260913/build/Build/Intermediates.noindex/VisePanda.build/Debug-iphonesimulator/VisePanda.build/VisePanda.DependencyMetadataFileList --source-file /Users/jtcao/Library/Caches/visepanda/native-event-reconnect-20260913/build/Build/Products/Debug-iphonesimulator/VisePanda.app/Info.plist --archive-ssu-assets
2026-09-13 07:03:46.757 appintentsnltrainingprocessor[83724:1111764] Parsing options for appintentsnltrainingprocessor
2026-09-13 07:03:46.757 appintentsnltrainingprocessor[83724:1111764] Starting AppIntents SSU YAML Generation
2026-09-13 07:03:46.757 appintentsnltrainingprocessor[83724:1111764] No AppShortcuts found - Skipping.

RegisterExecutionPolicyException /Users/jtcao/Library/Caches/visepanda/native-event-reconnect-20260913/build/Build/Products/Debug-iphonesimulator/VisePanda.app (in target 'VisePanda' from project 'VisePanda')
    cd /Users/jtcao/Documents/VP-V4-S2-Claim-Coverage/ios/VisePanda
    builtin-RegisterExecutionPolicyException /Users/jtcao/Library/Caches/visepanda/native-event-reconnect-20260913/build/Build/Products/Debug-iphonesimulator/VisePanda.app

Validate /Users/jtcao/Library/Caches/visepanda/native-event-reconnect-20260913/build/Build/Products/Debug-iphonesimulator/VisePanda.app (in target 'VisePanda' from project 'VisePanda')
    cd /Users/jtcao/Documents/VP-V4-S2-Claim-Coverage/ios/VisePanda
    builtin-validationUtility /Users/jtcao/Library/Caches/visepanda/native-event-reconnect-20260913/build/Build/Products/Debug-iphonesimulator/VisePanda.app -shallow-bundle -infoplist-subpath Info.plist

Touch /Users/jtcao/Library/Caches/visepanda/native-event-reconnect-20260913/build/Build/Products/Debug-iphonesimulator/VisePanda.app (in target 'VisePanda' from project 'VisePanda')
    cd /Users/jtcao/Documents/VP-V4-S2-Claim-Coverage/ios/VisePanda
    /usr/bin/touch -c /Users/jtcao/Library/Caches/visepanda/native-event-reconnect-20260913/build/Build/Products/Debug-iphonesimulator/VisePanda.app

** BUILD SUCCEEDED **

