Command line invocation:
    /Applications/Xcode.app/Contents/Developer/usr/bin/xcodebuild build-for-testing -project ios/VisePanda/VisePanda.xcodeproj -scheme VisePanda -destination "platform=iOS Simulator,id=EB511BC6-4141-40D3-A669-364E1CAA5167" -derivedDataPath /Users/jtcao/Library/Caches/visepanda/native-event-reconnect-20260913/native-live-1/build CODE_SIGNING_ALLOWED=YES CODE_SIGNING_REQUIRED=YES CODE_SIGN_IDENTITY=-

Build settings from command line:
    CODE_SIGN_IDENTITY = -
    CODE_SIGNING_ALLOWED = YES
    CODE_SIGNING_REQUIRED = YES

note: Using codesigning identity override: -
ComputePackagePrebuildTargetDependencyGraph

Prepare packages

CreateBuildRequest

SendProjectDescription

CreateBuildOperation

ComputeTargetDependencyGraph
note: Building targets in dependency order
note: Target dependency graph (3 targets)
    Target 'VisePandaUITests' in project 'VisePanda'
        ➜ Explicit dependency on target 'VisePanda' in project 'VisePanda'
    Target 'VisePandaTests' in project 'VisePanda'
        ➜ Explicit dependency on target 'VisePanda' in project 'VisePanda'
    Target 'VisePanda' in project 'VisePanda' (no dependencies)

GatherProvisioningInputs

CreateBuildDescription

ExecuteExternalTool /Applications/Xcode.app/Contents/Developer/usr/bin/xcstringstool compile --dry-run --output-directory /Users/jtcao/Library/Caches/visepanda/native-event-reconnect-20260913/native-live-1/build/Build/Intermediates.noindex/VisePanda.build/Debug-iphonesimulator/VisePanda.build /Users/jtcao/Documents/VP-V4-S2-Claim-Coverage/ios/VisePanda/VisePanda/Resources/Localizable.xcstrings

ExecuteExternalTool /Applications/Xcode.app/Contents/Developer/Toolchains/XcodeDefault.xctoolchain/usr/bin/swiftc --version

ExecuteExternalTool /Applications/Xcode.app/Contents/Developer/usr/bin/actool --print-asset-tag-combinations --output-format xml1 /Users/jtcao/Documents/VP-V4-S2-Claim-Coverage/ios/VisePanda/VisePanda/Resources/Assets.xcassets

ExecuteExternalTool /Applications/Xcode.app/Contents/Developer/Toolchains/XcodeDefault.xctoolchain/usr/bin/clang -v -E -dM -isysroot /Applications/Xcode.app/Contents/Developer/Platforms/iPhoneSimulator.platform/Developer/SDKs/iPhoneSimulator26.5.sdk -x c -c /dev/null

ExecuteExternalTool /Applications/Xcode.app/Contents/Developer/Toolchains/XcodeDefault.xctoolchain/usr/bin/ld -version_details

ExecuteExternalTool /Applications/Xcode.app/Contents/Developer/usr/bin/actool --version --output-format xml1

Build description signature: 7e3942a6672bef67957f4f107012e33c
Build description path: /Users/jtcao/Library/Caches/visepanda/native-event-reconnect-20260913/native-live-1/build/Build/Intermediates.noindex/XCBuildData/7e3942a6672bef67957f4f107012e33c.xcbuilddata
ClangStatCache /Applications/Xcode.app/Contents/Developer/Toolchains/XcodeDefault.xctoolchain/usr/bin/clang-stat-cache /Applications/Xcode.app/Contents/Developer/Platforms/iPhoneSimulator.platform/Developer/SDKs/iPhoneSimulator26.5.sdk /Users/jtcao/Library/Caches/visepanda/native-event-reconnect-20260913/native-live-1/build/SDKStatCaches.noindex/iphonesimulator26.5-23F81a-6cfe768891a92b912361537c460fe42b.sdkstatcache
    cd /Users/jtcao/Documents/VP-V4-S2-Claim-Coverage/ios/VisePanda/VisePanda.xcodeproj
    /Applications/Xcode.app/Contents/Developer/Toolchains/XcodeDefault.xctoolchain/usr/bin/clang-stat-cache /Applications/Xcode.app/Contents/Developer/Platforms/iPhoneSimulator.platform/Developer/SDKs/iPhoneSimulator26.5.sdk -o /Users/jtcao/Library/Caches/visepanda/native-event-reconnect-20260913/native-live-1/build/SDKStatCaches.noindex/iphonesimulator26.5-23F81a-6cfe768891a92b912361537c460fe42b.sdkstatcache

CreateBuildDirectory /Users/jtcao/Library/Caches/visepanda/native-event-reconnect-20260913/native-live-1/build/Build/Products
    cd /Users/jtcao/Documents/VP-V4-S2-Claim-Coverage/ios/VisePanda/VisePanda.xcodeproj
    builtin-create-build-directory /Users/jtcao/Library/Caches/visepanda/native-event-reconnect-20260913/native-live-1/build/Build/Products

CreateBuildDirectory /Users/jtcao/Library/Caches/visepanda/native-event-reconnect-20260913/native-live-1/build/Build/Intermediates.noindex
    cd /Users/jtcao/Documents/VP-V4-S2-Claim-Coverage/ios/VisePanda/VisePanda.xcodeproj
    builtin-create-build-directory /Users/jtcao/Library/Caches/visepanda/native-event-reconnect-20260913/native-live-1/build/Build/Intermediates.noindex

CreateBuildDirectory /Users/jtcao/Library/Caches/visepanda/native-event-reconnect-20260913/native-live-1/build/Build/Products/Debug-iphonesimulator
    cd /Users/jtcao/Documents/VP-V4-S2-Claim-Coverage/ios/VisePanda/VisePanda.xcodeproj
    builtin-create-build-directory /Users/jtcao/Library/Caches/visepanda/native-event-reconnect-20260913/native-live-1/build/Build/Products/Debug-iphonesimulator

CreateBuildDirectory /Users/jtcao/Library/Caches/visepanda/native-event-reconnect-20260913/native-live-1/build/Build/Intermediates.noindex/ExplicitPrecompiledModules
    cd /Users/jtcao/Documents/VP-V4-S2-Claim-Coverage/ios/VisePanda/VisePanda.xcodeproj
    builtin-create-build-directory /Users/jtcao/Library/Caches/visepanda/native-event-reconnect-20260913/native-live-1/build/Build/Intermediates.noindex/ExplicitPrecompiledModules

CreateBuildDirectory /Users/jtcao/Library/Caches/visepanda/native-event-reconnect-20260913/native-live-1/build/Build/Intermediates.noindex/SwiftExplicitPrecompiledModules
    cd /Users/jtcao/Documents/VP-V4-S2-Claim-Coverage/ios/VisePanda/VisePanda.xcodeproj
    builtin-create-build-directory /Users/jtcao/Library/Caches/visepanda/native-event-reconnect-20260913/native-live-1/build/Build/Intermediates.noindex/SwiftExplicitPrecompiledModules

WriteAuxiliaryFile /Users/jtcao/Library/Caches/visepanda/native-event-reconnect-20260913/native-live-1/build/Build/Intermediates.noindex/VisePanda.build/Debug-iphonesimulator/VisePanda-97c7769df369d917a11b704107fd7f24-VFS-iphonesimulator/all-product-headers.yaml
    cd /Users/jtcao/Documents/VP-V4-S2-Claim-Coverage/ios/VisePanda/VisePanda.xcodeproj
    write-file /Users/jtcao/Library/Caches/visepanda/native-event-reconnect-20260913/native-live-1/build/Build/Intermediates.noindex/VisePanda.build/Debug-iphonesimulator/VisePanda-97c7769df369d917a11b704107fd7f24-VFS-iphonesimulator/all-product-headers.yaml

CreateBuildDirectory /Users/jtcao/Library/Caches/visepanda/native-event-reconnect-20260913/native-live-1/build/Build/Intermediates.noindex/EagerLinkingTBDs/Debug-iphonesimulator
    cd /Users/jtcao/Documents/VP-V4-S2-Claim-Coverage/ios/VisePanda/VisePanda.xcodeproj
    builtin-create-build-directory /Users/jtcao/Library/Caches/visepanda/native-event-reconnect-20260913/native-live-1/build/Build/Intermediates.noindex/EagerLinkingTBDs/Debug-iphonesimulator

WriteAuxiliaryFile /Users/jtcao/Library/Caches/visepanda/native-event-reconnect-20260913/native-live-1/build/Build/Intermediates.noindex/VisePanda.build/Debug-iphonesimulator/VisePandaTests.build/empty-VisePandaTests.plist (in target 'VisePandaTests' from project 'VisePanda')
    cd /Users/jtcao/Documents/VP-V4-S2-Claim-Coverage/ios/VisePanda
    write-file /Users/jtcao/Library/Caches/visepanda/native-event-reconnect-20260913/native-live-1/build/Build/Intermediates.noindex/VisePanda.build/Debug-iphonesimulator/VisePandaTests.build/empty-VisePandaTests.plist

WriteAuxiliaryFile /Users/jtcao/Library/Caches/visepanda/native-event-reconnect-20260913/native-live-1/build/Build/Intermediates.noindex/VisePanda.build/Debug-iphonesimulator/VisePandaTests.build/VisePandaTests-all-non-framework-target-headers.hmap (in target 'VisePandaTests' from project 'VisePanda')
    cd /Users/jtcao/Documents/VP-V4-S2-Claim-Coverage/ios/VisePanda
    write-file /Users/jtcao/Library/Caches/visepanda/native-event-reconnect-20260913/native-live-1/build/Build/Intermediates.noindex/VisePanda.build/Debug-iphonesimulator/VisePandaTests.build/VisePandaTests-all-non-framework-target-headers.hmap

WriteAuxiliaryFile /Users/jtcao/Library/Caches/visepanda/native-event-reconnect-20260913/native-live-1/build/Build/Intermediates.noindex/VisePanda.build/Debug-iphonesimulator/VisePandaUITests.build/VisePandaUITests.hmap (in target 'VisePandaUITests' from project 'VisePanda')
    cd /Users/jtcao/Documents/VP-V4-S2-Claim-Coverage/ios/VisePanda
    write-file /Users/jtcao/Library/Caches/visepanda/native-event-reconnect-20260913/native-live-1/build/Build/Intermediates.noindex/VisePanda.build/Debug-iphonesimulator/VisePandaUITests.build/VisePandaUITests.hmap

WriteAuxiliaryFile /Users/jtcao/Library/Caches/visepanda/native-event-reconnect-20260913/native-live-1/build/Build/Intermediates.noindex/VisePanda.build/Debug-iphonesimulator/VisePandaUITests.build/VisePandaUITests.DependencyStaticMetadataFileList (in target 'VisePandaUITests' from project 'VisePanda')
    cd /Users/jtcao/Documents/VP-V4-S2-Claim-Coverage/ios/VisePanda
    write-file /Users/jtcao/Library/Caches/visepanda/native-event-reconnect-20260913/native-live-1/build/Build/Intermediates.noindex/VisePanda.build/Debug-iphonesimulator/VisePandaUITests.build/VisePandaUITests.DependencyStaticMetadataFileList

WriteAuxiliaryFile /Users/jtcao/Library/Caches/visepanda/native-event-reconnect-20260913/native-live-1/build/Build/Intermediates.noindex/VisePanda.build/Debug-iphonesimulator/VisePandaUITests.build/empty-VisePandaUITests.plist (in target 'VisePandaUITests' from project 'VisePanda')
    cd /Users/jtcao/Documents/VP-V4-S2-Claim-Coverage/ios/VisePanda
    write-file /Users/jtcao/Library/Caches/visepanda/native-event-reconnect-20260913/native-live-1/build/Build/Intermediates.noindex/VisePanda.build/Debug-iphonesimulator/VisePandaUITests.build/empty-VisePandaUITests.plist

WriteAuxiliaryFile /Users/jtcao/Library/Caches/visepanda/native-event-reconnect-20260913/native-live-1/build/Build/Intermediates.noindex/VisePanda.build/Debug-iphonesimulator/VisePandaUITests.build/VisePandaUITests.DependencyMetadataFileList (in target 'VisePandaUITests' from project 'VisePanda')
    cd /Users/jtcao/Documents/VP-V4-S2-Claim-Coverage/ios/VisePanda
    write-file /Users/jtcao/Library/Caches/visepanda/native-event-reconnect-20260913/native-live-1/build/Build/Intermediates.noindex/VisePanda.build/Debug-iphonesimulator/VisePandaUITests.build/VisePandaUITests.DependencyMetadataFileList

WriteAuxiliaryFile /Users/jtcao/Library/Caches/visepanda/native-event-reconnect-20260913/native-live-1/build/Build/Intermediates.noindex/VisePanda.build/Debug-iphonesimulator/VisePandaTests.build/VisePandaTests.hmap (in target 'VisePandaTests' from project 'VisePanda')
    cd /Users/jtcao/Documents/VP-V4-S2-Claim-Coverage/ios/VisePanda
    write-file /Users/jtcao/Library/Caches/visepanda/native-event-reconnect-20260913/native-live-1/build/Build/Intermediates.noindex/VisePanda.build/Debug-iphonesimulator/VisePandaTests.build/VisePandaTests.hmap

WriteAuxiliaryFile /Users/jtcao/Library/Caches/visepanda/native-event-reconnect-20260913/native-live-1/build/Build/Intermediates.noindex/VisePanda.build/Debug-iphonesimulator/VisePandaUITests.build/VisePandaUITests-own-target-headers.hmap (in target 'VisePandaUITests' from project 'VisePanda')
    cd /Users/jtcao/Documents/VP-V4-S2-Claim-Coverage/ios/VisePanda
    write-file /Users/jtcao/Library/Caches/visepanda/native-event-reconnect-20260913/native-live-1/build/Build/Intermediates.noindex/VisePanda.build/Debug-iphonesimulator/VisePandaUITests.build/VisePandaUITests-own-target-headers.hmap

WriteAuxiliaryFile /Users/jtcao/Library/Caches/visepanda/native-event-reconnect-20260913/native-live-1/build/Build/Intermediates.noindex/VisePanda.build/Debug-iphonesimulator/VisePandaUITests.build/VisePandaUITests-generated-files.hmap (in target 'VisePandaUITests' from project 'VisePanda')
    cd /Users/jtcao/Documents/VP-V4-S2-Claim-Coverage/ios/VisePanda
    write-file /Users/jtcao/Library/Caches/visepanda/native-event-reconnect-20260913/native-live-1/build/Build/Intermediates.noindex/VisePanda.build/Debug-iphonesimulator/VisePandaUITests.build/VisePandaUITests-generated-files.hmap

WriteAuxiliaryFile /Users/jtcao/Library/Caches/visepanda/native-event-reconnect-20260913/native-live-1/build/Build/Intermediates.noindex/VisePanda.build/Debug-iphonesimulator/VisePandaUITests.build/VisePandaUITests-project-headers.hmap (in target 'VisePandaUITests' from project 'VisePanda')
    cd /Users/jtcao/Documents/VP-V4-S2-Claim-Coverage/ios/VisePanda
    write-file /Users/jtcao/Library/Caches/visepanda/native-event-reconnect-20260913/native-live-1/build/Build/Intermediates.noindex/VisePanda.build/Debug-iphonesimulator/VisePandaUITests.build/VisePandaUITests-project-headers.hmap

WriteAuxiliaryFile /Users/jtcao/Library/Caches/visepanda/native-event-reconnect-20260913/native-live-1/build/Build/Intermediates.noindex/VisePanda.build/Debug-iphonesimulator/VisePandaUITests.build/VisePandaUITests-all-target-headers.hmap (in target 'VisePandaUITests' from project 'VisePanda')
    cd /Users/jtcao/Documents/VP-V4-S2-Claim-Coverage/ios/VisePanda
    write-file /Users/jtcao/Library/Caches/visepanda/native-event-reconnect-20260913/native-live-1/build/Build/Intermediates.noindex/VisePanda.build/Debug-iphonesimulator/VisePandaUITests.build/VisePandaUITests-all-target-headers.hmap

WriteAuxiliaryFile /Users/jtcao/Library/Caches/visepanda/native-event-reconnect-20260913/native-live-1/build/Build/Intermediates.noindex/VisePanda.build/Debug-iphonesimulator/VisePandaUITests.build/VisePandaUITests-all-non-framework-target-headers.hmap (in target 'VisePandaUITests' from project 'VisePanda')
    cd /Users/jtcao/Documents/VP-V4-S2-Claim-Coverage/ios/VisePanda
    write-file /Users/jtcao/Library/Caches/visepanda/native-event-reconnect-20260913/native-live-1/build/Build/Intermediates.noindex/VisePanda.build/Debug-iphonesimulator/VisePandaUITests.build/VisePandaUITests-all-non-framework-target-headers.hmap

WriteAuxiliaryFile /Users/jtcao/Library/Caches/visepanda/native-event-reconnect-20260913/native-live-1/build/Build/Intermediates.noindex/VisePanda.build/Debug-iphonesimulator/VisePandaUITests.build/ProductTypeInfoPlistAdditions.plist (in target 'VisePandaUITests' from project 'VisePanda')
    cd /Users/jtcao/Documents/VP-V4-S2-Claim-Coverage/ios/VisePanda
    write-file /Users/jtcao/Library/Caches/visepanda/native-event-reconnect-20260913/native-live-1/build/Build/Intermediates.noindex/VisePanda.build/Debug-iphonesimulator/VisePandaUITests.build/ProductTypeInfoPlistAdditions.plist

WriteAuxiliaryFile /Users/jtcao/Library/Caches/visepanda/native-event-reconnect-20260913/native-live-1/build/Build/Intermediates.noindex/VisePanda.build/Debug-iphonesimulator/VisePandaUITests.build/Objects-normal/arm64/VisePandaUITests_const_extract_protocols.json (in target 'VisePandaUITests' from project 'VisePanda')
    cd /Users/jtcao/Documents/VP-V4-S2-Claim-Coverage/ios/VisePanda
    write-file /Users/jtcao/Library/Caches/visepanda/native-event-reconnect-20260913/native-live-1/build/Build/Intermediates.noindex/VisePanda.build/Debug-iphonesimulator/VisePandaUITests.build/Objects-normal/arm64/VisePandaUITests_const_extract_protocols.json

WriteAuxiliaryFile /Users/jtcao/Library/Caches/visepanda/native-event-reconnect-20260913/native-live-1/build/Build/Intermediates.noindex/VisePanda.build/Debug-iphonesimulator/VisePandaUITests.build/Objects-normal/arm64/VisePandaUITests.SwiftFileList (in target 'VisePandaUITests' from project 'VisePanda')
    cd /Users/jtcao/Documents/VP-V4-S2-Claim-Coverage/ios/VisePanda
    write-file /Users/jtcao/Library/Caches/visepanda/native-event-reconnect-20260913/native-live-1/build/Build/Intermediates.noindex/VisePanda.build/Debug-iphonesimulator/VisePandaUITests.build/Objects-normal/arm64/VisePandaUITests.SwiftFileList

WriteAuxiliaryFile /Users/jtcao/Library/Caches/visepanda/native-event-reconnect-20260913/native-live-1/build/Build/Intermediates.noindex/VisePanda.build/Debug-iphonesimulator/VisePandaUITests.build/Objects-normal/arm64/VisePandaUITests.SwiftConstValuesFileList (in target 'VisePandaUITests' from project 'VisePanda')
    cd /Users/jtcao/Documents/VP-V4-S2-Claim-Coverage/ios/VisePanda
    write-file /Users/jtcao/Library/Caches/visepanda/native-event-reconnect-20260913/native-live-1/build/Build/Intermediates.noindex/VisePanda.build/Debug-iphonesimulator/VisePandaUITests.build/Objects-normal/arm64/VisePandaUITests.SwiftConstValuesFileList

WriteAuxiliaryFile /Users/jtcao/Library/Caches/visepanda/native-event-reconnect-20260913/native-live-1/build/Build/Intermediates.noindex/VisePanda.build/Debug-iphonesimulator/VisePandaUITests.build/Objects-normal/arm64/VisePandaUITests.LinkFileList (in target 'VisePandaUITests' from project 'VisePanda')
    cd /Users/jtcao/Documents/VP-V4-S2-Claim-Coverage/ios/VisePanda
    write-file /Users/jtcao/Library/Caches/visepanda/native-event-reconnect-20260913/native-live-1/build/Build/Intermediates.noindex/VisePanda.build/Debug-iphonesimulator/VisePandaUITests.build/Objects-normal/arm64/VisePandaUITests.LinkFileList

WriteAuxiliaryFile /Users/jtcao/Library/Caches/visepanda/native-event-reconnect-20260913/native-live-1/build/Build/Intermediates.noindex/VisePanda.build/Debug-iphonesimulator/VisePandaUITests.build/Objects-normal/arm64/VisePandaUITests-OutputFileMap.json (in target 'VisePandaUITests' from project 'VisePanda')
    cd /Users/jtcao/Documents/VP-V4-S2-Claim-Coverage/ios/VisePanda
    write-file /Users/jtcao/Library/Caches/visepanda/native-event-reconnect-20260913/native-live-1/build/Build/Intermediates.noindex/VisePanda.build/Debug-iphonesimulator/VisePandaUITests.build/Objects-normal/arm64/VisePandaUITests-OutputFileMap.json

WriteAuxiliaryFile /Users/jtcao/Library/Caches/visepanda/native-event-reconnect-20260913/native-live-1/build/Build/Intermediates.noindex/VisePanda.build/Debug-iphonesimulator/VisePandaUITests.build/DerivedSources/Entitlements-Simulated.plist (in target 'VisePandaUITests' from project 'VisePanda')
    cd /Users/jtcao/Documents/VP-V4-S2-Claim-Coverage/ios/VisePanda
    write-file /Users/jtcao/Library/Caches/visepanda/native-event-reconnect-20260913/native-live-1/build/Build/Intermediates.noindex/VisePanda.build/Debug-iphonesimulator/VisePandaUITests.build/DerivedSources/Entitlements-Simulated.plist

WriteAuxiliaryFile /Users/jtcao/Library/Caches/visepanda/native-event-reconnect-20260913/native-live-1/build/Build/Intermediates.noindex/VisePanda.build/Debug-iphonesimulator/VisePandaTests.build/VisePandaTests.DependencyStaticMetadataFileList (in target 'VisePandaTests' from project 'VisePanda')
    cd /Users/jtcao/Documents/VP-V4-S2-Claim-Coverage/ios/VisePanda
    write-file /Users/jtcao/Library/Caches/visepanda/native-event-reconnect-20260913/native-live-1/build/Build/Intermediates.noindex/VisePanda.build/Debug-iphonesimulator/VisePandaTests.build/VisePandaTests.DependencyStaticMetadataFileList

WriteAuxiliaryFile /Users/jtcao/Library/Caches/visepanda/native-event-reconnect-20260913/native-live-1/build/Build/Intermediates.noindex/VisePanda.build/Debug-iphonesimulator/VisePandaTests.build/VisePandaTests.DependencyMetadataFileList (in target 'VisePandaTests' from project 'VisePanda')
    cd /Users/jtcao/Documents/VP-V4-S2-Claim-Coverage/ios/VisePanda
    write-file /Users/jtcao/Library/Caches/visepanda/native-event-reconnect-20260913/native-live-1/build/Build/Intermediates.noindex/VisePanda.build/Debug-iphonesimulator/VisePandaTests.build/VisePandaTests.DependencyMetadataFileList

WriteAuxiliaryFile /Users/jtcao/Library/Caches/visepanda/native-event-reconnect-20260913/native-live-1/build/Build/Intermediates.noindex/VisePanda.build/Debug-iphonesimulator/VisePandaTests.build/VisePandaTests-project-headers.hmap (in target 'VisePandaTests' from project 'VisePanda')
    cd /Users/jtcao/Documents/VP-V4-S2-Claim-Coverage/ios/VisePanda
    write-file /Users/jtcao/Library/Caches/visepanda/native-event-reconnect-20260913/native-live-1/build/Build/Intermediates.noindex/VisePanda.build/Debug-iphonesimulator/VisePandaTests.build/VisePandaTests-project-headers.hmap

WriteAuxiliaryFile /Users/jtcao/Library/Caches/visepanda/native-event-reconnect-20260913/native-live-1/build/Build/Intermediates.noindex/VisePanda.build/Debug-iphonesimulator/VisePandaTests.build/VisePandaTests-own-target-headers.hmap (in target 'VisePandaTests' from project 'VisePanda')
    cd /Users/jtcao/Documents/VP-V4-S2-Claim-Coverage/ios/VisePanda
    write-file /Users/jtcao/Library/Caches/visepanda/native-event-reconnect-20260913/native-live-1/build/Build/Intermediates.noindex/VisePanda.build/Debug-iphonesimulator/VisePandaTests.build/VisePandaTests-own-target-headers.hmap

WriteAuxiliaryFile /Users/jtcao/Library/Caches/visepanda/native-event-reconnect-20260913/native-live-1/build/Build/Intermediates.noindex/VisePanda.build/Debug-iphonesimulator/VisePandaTests.build/VisePandaTests-generated-files.hmap (in target 'VisePandaTests' from project 'VisePanda')
    cd /Users/jtcao/Documents/VP-V4-S2-Claim-Coverage/ios/VisePanda
    write-file /Users/jtcao/Library/Caches/visepanda/native-event-reconnect-20260913/native-live-1/build/Build/Intermediates.noindex/VisePanda.build/Debug-iphonesimulator/VisePandaTests.build/VisePandaTests-generated-files.hmap

WriteAuxiliaryFile /Users/jtcao/Library/Caches/visepanda/native-event-reconnect-20260913/native-live-1/build/Build/Intermediates.noindex/VisePanda.build/Debug-iphonesimulator/VisePandaTests.build/VisePandaTests-all-target-headers.hmap (in target 'VisePandaTests' from project 'VisePanda')
    cd /Users/jtcao/Documents/VP-V4-S2-Claim-Coverage/ios/VisePanda
    write-file /Users/jtcao/Library/Caches/visepanda/native-event-reconnect-20260913/native-live-1/build/Build/Intermediates.noindex/VisePanda.build/Debug-iphonesimulator/VisePandaTests.build/VisePandaTests-all-target-headers.hmap

WriteAuxiliaryFile /Users/jtcao/Library/Caches/visepanda/native-event-reconnect-20260913/native-live-1/build/Build/Intermediates.noindex/VisePanda.build/Debug-iphonesimulator/VisePandaTests.build/Objects-normal/arm64/VisePandaTests_const_extract_protocols.json (in target 'VisePandaTests' from project 'VisePanda')
    cd /Users/jtcao/Documents/VP-V4-S2-Claim-Coverage/ios/VisePanda
    write-file /Users/jtcao/Library/Caches/visepanda/native-event-reconnect-20260913/native-live-1/build/Build/Intermediates.noindex/VisePanda.build/Debug-iphonesimulator/VisePandaTests.build/Objects-normal/arm64/VisePandaTests_const_extract_protocols.json

WriteAuxiliaryFile /Users/jtcao/Library/Caches/visepanda/native-event-reconnect-20260913/native-live-1/build/Build/Intermediates.noindex/VisePanda.build/Debug-iphonesimulator/VisePandaTests.build/Objects-normal/arm64/VisePandaTests.SwiftFileList (in target 'VisePandaTests' from project 'VisePanda')
    cd /Users/jtcao/Documents/VP-V4-S2-Claim-Coverage/ios/VisePanda
    write-file /Users/jtcao/Library/Caches/visepanda/native-event-reconnect-20260913/native-live-1/build/Build/Intermediates.noindex/VisePanda.build/Debug-iphonesimulator/VisePandaTests.build/Objects-normal/arm64/VisePandaTests.SwiftFileList

WriteAuxiliaryFile /Users/jtcao/Library/Caches/visepanda/native-event-reconnect-20260913/native-live-1/build/Build/Intermediates.noindex/VisePanda.build/Debug-iphonesimulator/VisePandaTests.build/Objects-normal/arm64/VisePandaTests.SwiftConstValuesFileList (in target 'VisePandaTests' from project 'VisePanda')
    cd /Users/jtcao/Documents/VP-V4-S2-Claim-Coverage/ios/VisePanda
    write-file /Users/jtcao/Library/Caches/visepanda/native-event-reconnect-20260913/native-live-1/build/Build/Intermediates.noindex/VisePanda.build/Debug-iphonesimulator/VisePandaTests.build/Objects-normal/arm64/VisePandaTests.SwiftConstValuesFileList

WriteAuxiliaryFile /Users/jtcao/Library/Caches/visepanda/native-event-reconnect-20260913/native-live-1/build/Build/Intermediates.noindex/VisePanda.build/Debug-iphonesimulator/VisePandaTests.build/Objects-normal/arm64/VisePandaTests.LinkFileList (in target 'VisePandaTests' from project 'VisePanda')
    cd /Users/jtcao/Documents/VP-V4-S2-Claim-Coverage/ios/VisePanda
    write-file /Users/jtcao/Library/Caches/visepanda/native-event-reconnect-20260913/native-live-1/build/Build/Intermediates.noindex/VisePanda.build/Debug-iphonesimulator/VisePandaTests.build/Objects-normal/arm64/VisePandaTests.LinkFileList

WriteAuxiliaryFile /Users/jtcao/Library/Caches/visepanda/native-event-reconnect-20260913/native-live-1/build/Build/Intermediates.noindex/VisePanda.build/Debug-iphonesimulator/VisePandaTests.build/Objects-normal/arm64/VisePandaTests-OutputFileMap.json (in target 'VisePandaTests' from project 'VisePanda')
    cd /Users/jtcao/Documents/VP-V4-S2-Claim-Coverage/ios/VisePanda
    write-file /Users/jtcao/Library/Caches/visepanda/native-event-reconnect-20260913/native-live-1/build/Build/Intermediates.noindex/VisePanda.build/Debug-iphonesimulator/VisePandaTests.build/Objects-normal/arm64/VisePandaTests-OutputFileMap.json

WriteAuxiliaryFile /Users/jtcao/Library/Caches/visepanda/native-event-reconnect-20260913/native-live-1/build/Build/Intermediates.noindex/VisePanda.build/Debug-iphonesimulator/VisePanda.build/VisePanda.hmap (in target 'VisePanda' from project 'VisePanda')
    cd /Users/jtcao/Documents/VP-V4-S2-Claim-Coverage/ios/VisePanda
    write-file /Users/jtcao/Library/Caches/visepanda/native-event-reconnect-20260913/native-live-1/build/Build/Intermediates.noindex/VisePanda.build/Debug-iphonesimulator/VisePanda.build/VisePanda.hmap

WriteAuxiliaryFile /Users/jtcao/Library/Caches/visepanda/native-event-reconnect-20260913/native-live-1/build/Build/Intermediates.noindex/VisePanda.build/Debug-iphonesimulator/VisePanda.build/VisePanda.DependencyStaticMetadataFileList (in target 'VisePanda' from project 'VisePanda')
    cd /Users/jtcao/Documents/VP-V4-S2-Claim-Coverage/ios/VisePanda
    write-file /Users/jtcao/Library/Caches/visepanda/native-event-reconnect-20260913/native-live-1/build/Build/Intermediates.noindex/VisePanda.build/Debug-iphonesimulator/VisePanda.build/VisePanda.DependencyStaticMetadataFileList

WriteAuxiliaryFile /Users/jtcao/Library/Caches/visepanda/native-event-reconnect-20260913/native-live-1/build/Build/Intermediates.noindex/VisePanda.build/Debug-iphonesimulator/VisePanda.build/VisePanda.DependencyMetadataFileList (in target 'VisePanda' from project 'VisePanda')
    cd /Users/jtcao/Documents/VP-V4-S2-Claim-Coverage/ios/VisePanda
    write-file /Users/jtcao/Library/Caches/visepanda/native-event-reconnect-20260913/native-live-1/build/Build/Intermediates.noindex/VisePanda.build/Debug-iphonesimulator/VisePanda.build/VisePanda.DependencyMetadataFileList

WriteAuxiliaryFile /Users/jtcao/Library/Caches/visepanda/native-event-reconnect-20260913/native-live-1/build/Build/Intermediates.noindex/VisePanda.build/Debug-iphonesimulator/VisePanda.build/VisePanda-project-headers.hmap (in target 'VisePanda' from project 'VisePanda')
    cd /Users/jtcao/Documents/VP-V4-S2-Claim-Coverage/ios/VisePanda
    write-file /Users/jtcao/Library/Caches/visepanda/native-event-reconnect-20260913/native-live-1/build/Build/Intermediates.noindex/VisePanda.build/Debug-iphonesimulator/VisePanda.build/VisePanda-project-headers.hmap

WriteAuxiliaryFile /Users/jtcao/Library/Caches/visepanda/native-event-reconnect-20260913/native-live-1/build/Build/Intermediates.noindex/VisePanda.build/Debug-iphonesimulator/VisePanda.build/VisePanda-own-target-headers.hmap (in target 'VisePanda' from project 'VisePanda')
    cd /Users/jtcao/Documents/VP-V4-S2-Claim-Coverage/ios/VisePanda
    write-file /Users/jtcao/Library/Caches/visepanda/native-event-reconnect-20260913/native-live-1/build/Build/Intermediates.noindex/VisePanda.build/Debug-iphonesimulator/VisePanda.build/VisePanda-own-target-headers.hmap

WriteAuxiliaryFile /Users/jtcao/Library/Caches/visepanda/native-event-reconnect-20260913/native-live-1/build/Build/Intermediates.noindex/VisePanda.build/Debug-iphonesimulator/VisePanda.build/VisePanda-generated-files.hmap (in target 'VisePanda' from project 'VisePanda')
    cd /Users/jtcao/Documents/VP-V4-S2-Claim-Coverage/ios/VisePanda
    write-file /Users/jtcao/Library/Caches/visepanda/native-event-reconnect-20260913/native-live-1/build/Build/Intermediates.noindex/VisePanda.build/Debug-iphonesimulator/VisePanda.build/VisePanda-generated-files.hmap

WriteAuxiliaryFile /Users/jtcao/Library/Caches/visepanda/native-event-reconnect-20260913/native-live-1/build/Build/Intermediates.noindex/VisePanda.build/Debug-iphonesimulator/VisePanda.build/VisePanda-all-target-headers.hmap (in target 'VisePanda' from project 'VisePanda')
    cd /Users/jtcao/Documents/VP-V4-S2-Claim-Coverage/ios/VisePanda
    write-file /Users/jtcao/Library/Caches/visepanda/native-event-reconnect-20260913/native-live-1/build/Build/Intermediates.noindex/VisePanda.build/Debug-iphonesimulator/VisePanda.build/VisePanda-all-target-headers.hmap

WriteAuxiliaryFile /Users/jtcao/Library/Caches/visepanda/native-event-reconnect-20260913/native-live-1/build/Build/Intermediates.noindex/VisePanda.build/Debug-iphonesimulator/VisePanda.build/VisePanda-all-non-framework-target-headers.hmap (in target 'VisePanda' from project 'VisePanda')
    cd /Users/jtcao/Documents/VP-V4-S2-Claim-Coverage/ios/VisePanda
    write-file /Users/jtcao/Library/Caches/visepanda/native-event-reconnect-20260913/native-live-1/build/Build/Intermediates.noindex/VisePanda.build/Debug-iphonesimulator/VisePanda.build/VisePanda-all-non-framework-target-headers.hmap

WriteAuxiliaryFile /Users/jtcao/Library/Caches/visepanda/native-event-reconnect-20260913/native-live-1/build/Build/Intermediates.noindex/VisePanda.build/Debug-iphonesimulator/VisePanda.build/VisePanda-DebugDylibPath-normal-arm64.txt (in target 'VisePanda' from project 'VisePanda')
    cd /Users/jtcao/Documents/VP-V4-S2-Claim-Coverage/ios/VisePanda
    write-file /Users/jtcao/Library/Caches/visepanda/native-event-reconnect-20260913/native-live-1/build/Build/Intermediates.noindex/VisePanda.build/Debug-iphonesimulator/VisePanda.build/VisePanda-DebugDylibPath-normal-arm64.txt

WriteAuxiliaryFile /Users/jtcao/Library/Caches/visepanda/native-event-reconnect-20260913/native-live-1/build/Build/Intermediates.noindex/VisePanda.build/Debug-iphonesimulator/VisePanda.build/VisePanda-DebugDylibInstallName-normal-arm64.txt (in target 'VisePanda' from project 'VisePanda')
    cd /Users/jtcao/Documents/VP-V4-S2-Claim-Coverage/ios/VisePanda
    write-file /Users/jtcao/Library/Caches/visepanda/native-event-reconnect-20260913/native-live-1/build/Build/Intermediates.noindex/VisePanda.build/Debug-iphonesimulator/VisePanda.build/VisePanda-DebugDylibInstallName-normal-arm64.txt

WriteAuxiliaryFile /Users/jtcao/Library/Caches/visepanda/native-event-reconnect-20260913/native-live-1/build/Build/Intermediates.noindex/VisePanda.build/Debug-iphonesimulator/VisePanda.build/Objects-normal/arm64/VisePanda_const_extract_protocols.json (in target 'VisePanda' from project 'VisePanda')
    cd /Users/jtcao/Documents/VP-V4-S2-Claim-Coverage/ios/VisePanda
    write-file /Users/jtcao/Library/Caches/visepanda/native-event-reconnect-20260913/native-live-1/build/Build/Intermediates.noindex/VisePanda.build/Debug-iphonesimulator/VisePanda.build/Objects-normal/arm64/VisePanda_const_extract_protocols.json

WriteAuxiliaryFile /Users/jtcao/Library/Caches/visepanda/native-event-reconnect-20260913/native-live-1/build/Build/Intermediates.noindex/VisePanda.build/Debug-iphonesimulator/VisePanda.build/Objects-normal/arm64/VisePanda.SwiftFileList (in target 'VisePanda' from project 'VisePanda')
    cd /Users/jtcao/Documents/VP-V4-S2-Claim-Coverage/ios/VisePanda
    write-file /Users/jtcao/Library/Caches/visepanda/native-event-reconnect-20260913/native-live-1/build/Build/Intermediates.noindex/VisePanda.build/Debug-iphonesimulator/VisePanda.build/Objects-normal/arm64/VisePanda.SwiftFileList

WriteAuxiliaryFile /Users/jtcao/Library/Caches/visepanda/native-event-reconnect-20260913/native-live-1/build/Build/Intermediates.noindex/VisePanda.build/Debug-iphonesimulator/VisePanda.build/Objects-normal/arm64/VisePanda.SwiftConstValuesFileList (in target 'VisePanda' from project 'VisePanda')
    cd /Users/jtcao/Documents/VP-V4-S2-Claim-Coverage/ios/VisePanda
    write-file /Users/jtcao/Library/Caches/visepanda/native-event-reconnect-20260913/native-live-1/build/Build/Intermediates.noindex/VisePanda.build/Debug-iphonesimulator/VisePanda.build/Objects-normal/arm64/VisePanda.SwiftConstValuesFileList

WriteAuxiliaryFile /Users/jtcao/Library/Caches/visepanda/native-event-reconnect-20260913/native-live-1/build/Build/Intermediates.noindex/VisePanda.build/Debug-iphonesimulator/VisePanda.build/Objects-normal/arm64/VisePanda.LinkFileList (in target 'VisePanda' from project 'VisePanda')
    cd /Users/jtcao/Documents/VP-V4-S2-Claim-Coverage/ios/VisePanda
    write-file /Users/jtcao/Library/Caches/visepanda/native-event-reconnect-20260913/native-live-1/build/Build/Intermediates.noindex/VisePanda.build/Debug-iphonesimulator/VisePanda.build/Objects-normal/arm64/VisePanda.LinkFileList

WriteAuxiliaryFile /Users/jtcao/Library/Caches/visepanda/native-event-reconnect-20260913/native-live-1/build/Build/Intermediates.noindex/VisePanda.build/Debug-iphonesimulator/VisePanda.build/Objects-normal/arm64/VisePanda-OutputFileMap.json (in target 'VisePanda' from project 'VisePanda')
    cd /Users/jtcao/Documents/VP-V4-S2-Claim-Coverage/ios/VisePanda
    write-file /Users/jtcao/Library/Caches/visepanda/native-event-reconnect-20260913/native-live-1/build/Build/Intermediates.noindex/VisePanda.build/Debug-iphonesimulator/VisePanda.build/Objects-normal/arm64/VisePanda-OutputFileMap.json

WriteAuxiliaryFile /Users/jtcao/Library/Caches/visepanda/native-event-reconnect-20260913/native-live-1/build/Build/Intermediates.noindex/VisePanda.build/Debug-iphonesimulator/VisePanda.build/DerivedSources/Entitlements-Simulated.plist (in target 'VisePanda' from project 'VisePanda')
    cd /Users/jtcao/Documents/VP-V4-S2-Claim-Coverage/ios/VisePanda
    write-file /Users/jtcao/Library/Caches/visepanda/native-event-reconnect-20260913/native-live-1/build/Build/Intermediates.noindex/VisePanda.build/Debug-iphonesimulator/VisePanda.build/DerivedSources/Entitlements-Simulated.plist

MkDir /Users/jtcao/Library/Caches/visepanda/native-event-reconnect-20260913/native-live-1/build/Build/Products/Debug-iphonesimulator/VisePandaUITests-Runner.app/PlugIns/VisePandaUITests.xctest (in target 'VisePandaUITests' from project 'VisePanda')
    cd /Users/jtcao/Documents/VP-V4-S2-Claim-Coverage/ios/VisePanda
    /bin/mkdir -p /Users/jtcao/Library/Caches/visepanda/native-event-reconnect-20260913/native-live-1/build/Build/Products/Debug-iphonesimulator/VisePandaUITests-Runner.app/PlugIns/VisePandaUITests.xctest

MkDir /Users/jtcao/Library/Caches/visepanda/native-event-reconnect-20260913/native-live-1/build/Build/Products/Debug-iphonesimulator/VisePanda.app/PlugIns (in target 'VisePanda' from project 'VisePanda')
    cd /Users/jtcao/Documents/VP-V4-S2-Claim-Coverage/ios/VisePanda
    /bin/mkdir -p /Users/jtcao/Library/Caches/visepanda/native-event-reconnect-20260913/native-live-1/build/Build/Products/Debug-iphonesimulator/VisePanda.app/PlugIns

MkDir /Users/jtcao/Library/Caches/visepanda/native-event-reconnect-20260913/native-live-1/build/Build/Products/Debug-iphonesimulator/VisePanda.app/PlugIns/VisePandaTests.xctest (in target 'VisePandaTests' from project 'VisePanda')
    cd /Users/jtcao/Documents/VP-V4-S2-Claim-Coverage/ios/VisePanda
    /bin/mkdir -p /Users/jtcao/Library/Caches/visepanda/native-event-reconnect-20260913/native-live-1/build/Build/Products/Debug-iphonesimulator/VisePanda.app/PlugIns/VisePandaTests.xctest

MkDir /Users/jtcao/Library/Caches/visepanda/native-event-reconnect-20260913/native-live-1/build/Build/Products/Debug-iphonesimulator/VisePanda.app/Frameworks (in target 'VisePanda' from project 'VisePanda')
    cd /Users/jtcao/Documents/VP-V4-S2-Claim-Coverage/ios/VisePanda
    /bin/mkdir -p /Users/jtcao/Library/Caches/visepanda/native-event-reconnect-20260913/native-live-1/build/Build/Products/Debug-iphonesimulator/VisePanda.app/Frameworks

MkDir /Users/jtcao/Library/Caches/visepanda/native-event-reconnect-20260913/native-live-1/build/Build/Products/Debug-iphonesimulator/VisePanda.app (in target 'VisePanda' from project 'VisePanda')
    cd /Users/jtcao/Documents/VP-V4-S2-Claim-Coverage/ios/VisePanda
    /bin/mkdir -p /Users/jtcao/Library/Caches/visepanda/native-event-reconnect-20260913/native-live-1/build/Build/Products/Debug-iphonesimulator/VisePanda.app

ProcessProductPackaging "" /Users/jtcao/Library/Caches/visepanda/native-event-reconnect-20260913/native-live-1/build/Build/Intermediates.noindex/VisePanda.build/Debug-iphonesimulator/VisePanda.build/VisePanda.app-Simulated.xcent (in target 'VisePanda' from project 'VisePanda')
    cd /Users/jtcao/Documents/VP-V4-S2-Claim-Coverage/ios/VisePanda
    
    Entitlements:
    
    {
    "application-identifier" = "NLD68762GG.space.go2china.VisePanda";
}
    
    builtin-productPackagingUtility -entitlements -format xml -o /Users/jtcao/Library/Caches/visepanda/native-event-reconnect-20260913/native-live-1/build/Build/Intermediates.noindex/VisePanda.build/Debug-iphonesimulator/VisePanda.build/VisePanda.app-Simulated.xcent

ProcessProductPackagingDER /Users/jtcao/Library/Caches/visepanda/native-event-reconnect-20260913/native-live-1/build/Build/Intermediates.noindex/VisePanda.build/Debug-iphonesimulator/VisePanda.build/VisePanda.app-Simulated.xcent /Users/jtcao/Library/Caches/visepanda/native-event-reconnect-20260913/native-live-1/build/Build/Intermediates.noindex/VisePanda.build/Debug-iphonesimulator/VisePanda.build/VisePanda.app-Simulated.xcent.der (in target 'VisePanda' from project 'VisePanda')
    cd /Users/jtcao/Documents/VP-V4-S2-Claim-Coverage/ios/VisePanda
    /usr/bin/derq query -f xml -i /Users/jtcao/Library/Caches/visepanda/native-event-reconnect-20260913/native-live-1/build/Build/Intermediates.noindex/VisePanda.build/Debug-iphonesimulator/VisePanda.build/VisePanda.app-Simulated.xcent -o /Users/jtcao/Library/Caches/visepanda/native-event-reconnect-20260913/native-live-1/build/Build/Intermediates.noindex/VisePanda.build/Debug-iphonesimulator/VisePanda.build/VisePanda.app-Simulated.xcent.der --raw

Ld /Users/jtcao/Library/Caches/visepanda/native-event-reconnect-20260913/native-live-1/build/Build/Products/Debug-iphonesimulator/VisePanda.app/__preview.dylib normal (in target 'VisePanda' from project 'VisePanda')
    cd /Users/jtcao/Documents/VP-V4-S2-Claim-Coverage/ios/VisePanda
    /Applications/Xcode.app/Contents/Developer/Toolchains/XcodeDefault.xctoolchain/usr/bin/clang -Xlinker -reproducible -target arm64-apple-ios17.0-simulator -dynamiclib -isysroot /Applications/Xcode.app/Contents/Developer/Platforms/iPhoneSimulator.platform/Developer/SDKs/iPhoneSimulator26.5.sdk -O0 -L/Users/jtcao/Library/Caches/visepanda/native-event-reconnect-20260913/native-live-1/build/Build/Products/Debug-iphonesimulator -F/Users/jtcao/Library/Caches/visepanda/native-event-reconnect-20260913/native-live-1/build/Build/Products/Debug-iphonesimulator -install_name @rpath/VisePanda.debug.dylib -Xlinker -dead_strip -rdynamic -Xlinker -no_deduplicate -Xlinker -objc_abi_version -Xlinker 2 -Xlinker -dependency_info -Xlinker /Users/jtcao/Library/Caches/visepanda/native-event-reconnect-20260913/native-live-1/build/Build/Intermediates.noindex/VisePanda.build/Debug-iphonesimulator/VisePanda.build/Objects-normal/arm64/VisePanda_dependency_info.dat -Xlinker -sectcreate -Xlinker __TEXT -Xlinker __entitlements -Xlinker /Users/jtcao/Library/Caches/visepanda/native-event-reconnect-20260913/native-live-1/build/Build/Intermediates.noindex/VisePanda.build/Debug-iphonesimulator/VisePanda.build/VisePanda.app-Simulated.xcent -Xlinker -sectcreate -Xlinker __TEXT -Xlinker __ents_der -Xlinker /Users/jtcao/Library/Caches/visepanda/native-event-reconnect-20260913/native-live-1/build/Build/Intermediates.noindex/VisePanda.build/Debug-iphonesimulator/VisePanda.build/VisePanda.app-Simulated.xcent.der -Xlinker -no_adhoc_codesign -o /Users/jtcao/Library/Caches/visepanda/native-event-reconnect-20260913/native-live-1/build/Build/Products/Debug-iphonesimulator/VisePanda.app/__preview.dylib

MkDir /Users/jtcao/Library/Caches/visepanda/native-event-reconnect-20260913/native-live-1/build/Build/Intermediates.noindex/VisePanda.build/Debug-iphonesimulator/VisePanda.build/assetcatalog_output/thinned (in target 'VisePanda' from project 'VisePanda')
    cd /Users/jtcao/Documents/VP-V4-S2-Claim-Coverage/ios/VisePanda
    /bin/mkdir -p /Users/jtcao/Library/Caches/visepanda/native-event-reconnect-20260913/native-live-1/build/Build/Intermediates.noindex/VisePanda.build/Debug-iphonesimulator/VisePanda.build/assetcatalog_output/thinned

GenerateAssetSymbols /Users/jtcao/Documents/VP-V4-S2-Claim-Coverage/ios/VisePanda/VisePanda/Resources/Assets.xcassets (in target 'VisePanda' from project 'VisePanda')
    cd /Users/jtcao/Documents/VP-V4-S2-Claim-Coverage/ios/VisePanda
    /Applications/Xcode.app/Contents/Developer/usr/bin/actool /Users/jtcao/Documents/VP-V4-S2-Claim-Coverage/ios/VisePanda/VisePanda/Resources/Assets.xcassets --compile /Users/jtcao/Library/Caches/visepanda/native-event-reconnect-20260913/native-live-1/build/Build/Products/Debug-iphonesimulator/VisePanda.app --output-format human-readable-text --notices --warnings --export-dependency-info /Users/jtcao/Library/Caches/visepanda/native-event-reconnect-20260913/native-live-1/build/Build/Intermediates.noindex/VisePanda.build/Debug-iphonesimulator/VisePanda.build/assetcatalog_dependencies --output-partial-info-plist /Users/jtcao/Library/Caches/visepanda/native-event-reconnect-20260913/native-live-1/build/Build/Intermediates.noindex/VisePanda.build/Debug-iphonesimulator/VisePanda.build/assetcatalog_generated_info.plist --app-icon AppIcon --compress-pngs --enable-on-demand-resources YES --development-region en --target-device iphone --minimum-deployment-target 17.0 --platform iphonesimulator --bundle-identifier space.go2china.VisePanda --generate-swift-asset-symbols /Users/jtcao/Library/Caches/visepanda/native-event-reconnect-20260913/native-live-1/build/Build/Intermediates.noindex/VisePanda.build/Debug-iphonesimulator/VisePanda.build/DerivedSources/GeneratedAssetSymbols.swift --generate-objc-asset-symbols /Users/jtcao/Library/Caches/visepanda/native-event-reconnect-20260913/native-live-1/build/Build/Intermediates.noindex/VisePanda.build/Debug-iphonesimulator/VisePanda.build/DerivedSources/GeneratedAssetSymbols.h --generate-asset-symbol-index /Users/jtcao/Library/Caches/visepanda/native-event-reconnect-20260913/native-live-1/build/Build/Intermediates.noindex/VisePanda.build/Debug-iphonesimulator/VisePanda.build/DerivedSources/GeneratedAssetSymbols-Index.plist
/* com.apple.actool.compilation-results */
/Users/jtcao/Library/Caches/visepanda/native-event-reconnect-20260913/native-live-1/build/Build/Intermediates.noindex/VisePanda.build/Debug-iphonesimulator/VisePanda.build/DerivedSources/GeneratedAssetSymbols-Index.plist
/Users/jtcao/Library/Caches/visepanda/native-event-reconnect-20260913/native-live-1/build/Build/Intermediates.noindex/VisePanda.build/Debug-iphonesimulator/VisePanda.build/DerivedSources/GeneratedAssetSymbols.h
/Users/jtcao/Library/Caches/visepanda/native-event-reconnect-20260913/native-live-1/build/Build/Intermediates.noindex/VisePanda.build/Debug-iphonesimulator/VisePanda.build/DerivedSources/GeneratedAssetSymbols.swift


MkDir /Users/jtcao/Library/Caches/visepanda/native-event-reconnect-20260913/native-live-1/build/Build/Intermediates.noindex/VisePanda.build/Debug-iphonesimulator/VisePanda.build/assetcatalog_output/unthinned (in target 'VisePanda' from project 'VisePanda')
    cd /Users/jtcao/Documents/VP-V4-S2-Claim-Coverage/ios/VisePanda
    /bin/mkdir -p /Users/jtcao/Library/Caches/visepanda/native-event-reconnect-20260913/native-live-1/build/Build/Intermediates.noindex/VisePanda.build/Debug-iphonesimulator/VisePanda.build/assetcatalog_output/unthinned

Copy /Users/jtcao/Library/Caches/visepanda/native-event-reconnect-20260913/native-live-1/build/Build/Products/Debug-iphonesimulator/VisePanda.app/Frameworks/libXCTestSwiftSupport.dylib /Applications/Xcode.app/Contents/Developer/Platforms/iPhoneSimulator.platform/Developer/usr/lib/libXCTestSwiftSupport.dylib (in target 'VisePanda' from project 'VisePanda')
    cd /Users/jtcao/Documents/VP-V4-S2-Claim-Coverage/ios/VisePanda
    builtin-copy -exclude .DS_Store -exclude CVS -exclude .svn -exclude .git -exclude .hg -exclude Headers -exclude PrivateHeaders -exclude Modules -exclude \*.tbd -resolve-src-symlinks /Applications/Xcode.app/Contents/Developer/Platforms/iPhoneSimulator.platform/Developer/usr/lib/libXCTestSwiftSupport.dylib /Users/jtcao/Library/Caches/visepanda/native-event-reconnect-20260913/native-live-1/build/Build/Products/Debug-iphonesimulator/VisePanda.app/Frameworks

Copy /Users/jtcao/Library/Caches/visepanda/native-event-reconnect-20260913/native-live-1/build/Build/Products/Debug-iphonesimulator/VisePanda.app/Frameworks/libXCTestBundleInject.dylib /Applications/Xcode.app/Contents/Developer/Platforms/iPhoneSimulator.platform/Developer/usr/lib/libXCTestBundleInject.dylib (in target 'VisePanda' from project 'VisePanda')
    cd /Users/jtcao/Documents/VP-V4-S2-Claim-Coverage/ios/VisePanda
    builtin-copy -exclude .DS_Store -exclude CVS -exclude .svn -exclude .git -exclude .hg -exclude Headers -exclude PrivateHeaders -exclude Modules -exclude \*.tbd -resolve-src-symlinks /Applications/Xcode.app/Contents/Developer/Platforms/iPhoneSimulator.platform/Developer/usr/lib/libXCTestBundleInject.dylib /Users/jtcao/Library/Caches/visepanda/native-event-reconnect-20260913/native-live-1/build/Build/Products/Debug-iphonesimulator/VisePanda.app/Frameworks

Copy /Users/jtcao/Library/Caches/visepanda/native-event-reconnect-20260913/native-live-1/build/Build/Products/Debug-iphonesimulator/VisePanda.app/Frameworks/XCUnit.framework /Applications/Xcode.app/Contents/Developer/Platforms/iPhoneSimulator.platform/Developer/Library/PrivateFrameworks/XCUnit.framework (in target 'VisePanda' from project 'VisePanda')
    cd /Users/jtcao/Documents/VP-V4-S2-Claim-Coverage/ios/VisePanda
    builtin-copy -exclude .DS_Store -exclude CVS -exclude .svn -exclude .git -exclude .hg -exclude Headers -exclude PrivateHeaders -exclude Modules -exclude \*.tbd -resolve-src-symlinks /Applications/Xcode.app/Contents/Developer/Platforms/iPhoneSimulator.platform/Developer/Library/PrivateFrameworks/XCUnit.framework /Users/jtcao/Library/Caches/visepanda/native-event-reconnect-20260913/native-live-1/build/Build/Products/Debug-iphonesimulator/VisePanda.app/Frameworks

Copy /Users/jtcao/Library/Caches/visepanda/native-event-reconnect-20260913/native-live-1/build/Build/Products/Debug-iphonesimulator/VisePanda.app/Frameworks/XCUIAutomation.framework /Applications/Xcode.app/Contents/Developer/Platforms/iPhoneSimulator.platform/Developer/Library/Frameworks/XCUIAutomation.framework (in target 'VisePanda' from project 'VisePanda')
    cd /Users/jtcao/Documents/VP-V4-S2-Claim-Coverage/ios/VisePanda
    builtin-copy -exclude .DS_Store -exclude CVS -exclude .svn -exclude .git -exclude .hg -exclude Headers -exclude PrivateHeaders -exclude Modules -exclude \*.tbd -resolve-src-symlinks /Applications/Xcode.app/Contents/Developer/Platforms/iPhoneSimulator.platform/Developer/Library/Frameworks/XCUIAutomation.framework /Users/jtcao/Library/Caches/visepanda/native-event-reconnect-20260913/native-live-1/build/Build/Products/Debug-iphonesimulator/VisePanda.app/Frameworks

Copy /Users/jtcao/Library/Caches/visepanda/native-event-reconnect-20260913/native-live-1/build/Build/Products/Debug-iphonesimulator/VisePanda.app/Frameworks/XCTestSupport.framework /Applications/Xcode.app/Contents/Developer/Platforms/iPhoneSimulator.platform/Developer/Library/PrivateFrameworks/XCTestSupport.framework (in target 'VisePanda' from project 'VisePanda')
    cd /Users/jtcao/Documents/VP-V4-S2-Claim-Coverage/ios/VisePanda
    builtin-copy -exclude .DS_Store -exclude CVS -exclude .svn -exclude .git -exclude .hg -exclude Headers -exclude PrivateHeaders -exclude Modules -exclude \*.tbd -resolve-src-symlinks /Applications/Xcode.app/Contents/Developer/Platforms/iPhoneSimulator.platform/Developer/Library/PrivateFrameworks/XCTestSupport.framework /Users/jtcao/Library/Caches/visepanda/native-event-reconnect-20260913/native-live-1/build/Build/Products/Debug-iphonesimulator/VisePanda.app/Frameworks

Copy /Users/jtcao/Library/Caches/visepanda/native-event-reconnect-20260913/native-live-1/build/Build/Products/Debug-iphonesimulator/VisePanda.app/Frameworks/XCTestCore.framework /Applications/Xcode.app/Contents/Developer/Platforms/iPhoneSimulator.platform/Developer/Library/PrivateFrameworks/XCTestCore.framework (in target 'VisePanda' from project 'VisePanda')
    cd /Users/jtcao/Documents/VP-V4-S2-Claim-Coverage/ios/VisePanda
    builtin-copy -exclude .DS_Store -exclude CVS -exclude .svn -exclude .git -exclude .hg -exclude Headers -exclude PrivateHeaders -exclude Modules -exclude \*.tbd -resolve-src-symlinks /Applications/Xcode.app/Contents/Developer/Platforms/iPhoneSimulator.platform/Developer/Library/PrivateFrameworks/XCTestCore.framework /Users/jtcao/Library/Caches/visepanda/native-event-reconnect-20260913/native-live-1/build/Build/Products/Debug-iphonesimulator/VisePanda.app/Frameworks

Copy /Users/jtcao/Library/Caches/visepanda/native-event-reconnect-20260913/native-live-1/build/Build/Products/Debug-iphonesimulator/VisePanda.app/Frameworks/XCTest.framework /Applications/Xcode.app/Contents/Developer/Platforms/iPhoneSimulator.platform/Developer/Library/Frameworks/XCTest.framework (in target 'VisePanda' from project 'VisePanda')
    cd /Users/jtcao/Documents/VP-V4-S2-Claim-Coverage/ios/VisePanda
    builtin-copy -exclude .DS_Store -exclude CVS -exclude .svn -exclude .git -exclude .hg -exclude Headers -exclude PrivateHeaders -exclude Modules -exclude \*.tbd -resolve-src-symlinks /Applications/Xcode.app/Contents/Developer/Platforms/iPhoneSimulator.platform/Developer/Library/Frameworks/XCTest.framework /Users/jtcao/Library/Caches/visepanda/native-event-reconnect-20260913/native-live-1/build/Build/Products/Debug-iphonesimulator/VisePanda.app/Frameworks

Copy /Users/jtcao/Library/Caches/visepanda/native-event-reconnect-20260913/native-live-1/build/Build/Products/Debug-iphonesimulator/VisePanda.app/Frameworks/XCTAutomationSupport.framework /Applications/Xcode.app/Contents/Developer/Platforms/iPhoneSimulator.platform/Developer/Library/PrivateFrameworks/XCTAutomationSupport.framework (in target 'VisePanda' from project 'VisePanda')
    cd /Users/jtcao/Documents/VP-V4-S2-Claim-Coverage/ios/VisePanda
    builtin-copy -exclude .DS_Store -exclude CVS -exclude .svn -exclude .git -exclude .hg -exclude Headers -exclude PrivateHeaders -exclude Modules -exclude \*.tbd -resolve-src-symlinks /Applications/Xcode.app/Contents/Developer/Platforms/iPhoneSimulator.platform/Developer/Library/PrivateFrameworks/XCTAutomationSupport.framework /Users/jtcao/Library/Caches/visepanda/native-event-reconnect-20260913/native-live-1/build/Build/Products/Debug-iphonesimulator/VisePanda.app/Frameworks

Copy /Users/jtcao/Library/Caches/visepanda/native-event-reconnect-20260913/native-live-1/build/Build/Products/Debug-iphonesimulator/VisePanda.app/Frameworks/Testing.framework /Applications/Xcode.app/Contents/Developer/Platforms/iPhoneSimulator.platform/Developer/Library/Frameworks/Testing.framework (in target 'VisePanda' from project 'VisePanda')
    cd /Users/jtcao/Documents/VP-V4-S2-Claim-Coverage/ios/VisePanda
    builtin-copy -exclude .DS_Store -exclude CVS -exclude .svn -exclude .git -exclude .hg -exclude Headers -exclude PrivateHeaders -exclude Modules -exclude \*.tbd -resolve-src-symlinks /Applications/Xcode.app/Contents/Developer/Platforms/iPhoneSimulator.platform/Developer/Library/Frameworks/Testing.framework /Users/jtcao/Library/Caches/visepanda/native-event-reconnect-20260913/native-live-1/build/Build/Products/Debug-iphonesimulator/VisePanda.app/Frameworks

CompileXCStrings /Users/jtcao/Library/Caches/visepanda/native-event-reconnect-20260913/native-live-1/build/Build/Intermediates.noindex/VisePanda.build/Debug-iphonesimulator/VisePanda.build/ /Users/jtcao/Documents/VP-V4-S2-Claim-Coverage/ios/VisePanda/VisePanda/Resources/Localizable.xcstrings (in target 'VisePanda' from project 'VisePanda')
    cd /Users/jtcao/Documents/VP-V4-S2-Claim-Coverage/ios/VisePanda
    /Applications/Xcode.app/Contents/Developer/usr/bin/xcstringstool compile --output-directory /Users/jtcao/Library/Caches/visepanda/native-event-reconnect-20260913/native-live-1/build/Build/Intermediates.noindex/VisePanda.build/Debug-iphonesimulator/VisePanda.build /Users/jtcao/Documents/VP-V4-S2-Claim-Coverage/ios/VisePanda/VisePanda/Resources/Localizable.xcstrings

CompileAssetCatalogVariant thinned /Users/jtcao/Library/Caches/visepanda/native-event-reconnect-20260913/native-live-1/build/Build/Products/Debug-iphonesimulator/VisePanda.app /Users/jtcao/Documents/VP-V4-S2-Claim-Coverage/ios/VisePanda/VisePanda/Resources/Assets.xcassets (in target 'VisePanda' from project 'VisePanda')
    cd /Users/jtcao/Documents/VP-V4-S2-Claim-Coverage/ios/VisePanda
    /Applications/Xcode.app/Contents/Developer/usr/bin/actool /Users/jtcao/Documents/VP-V4-S2-Claim-Coverage/ios/VisePanda/VisePanda/Resources/Assets.xcassets --compile /Users/jtcao/Library/Caches/visepanda/native-event-reconnect-20260913/native-live-1/build/Build/Intermediates.noindex/VisePanda.build/Debug-iphonesimulator/VisePanda.build/assetcatalog_output/thinned --output-format human-readable-text --notices --warnings --export-dependency-info /Users/jtcao/Library/Caches/visepanda/native-event-reconnect-20260913/native-live-1/build/Build/Intermediates.noindex/VisePanda.build/Debug-iphonesimulator/VisePanda.build/assetcatalog_dependencies_thinned --output-partial-info-plist /Users/jtcao/Library/Caches/visepanda/native-event-reconnect-20260913/native-live-1/build/Build/Intermediates.noindex/VisePanda.build/Debug-iphonesimulator/VisePanda.build/assetcatalog_generated_info.plist_thinned --app-icon AppIcon --compress-pngs --enable-on-demand-resources YES --filter-for-thinning-device-configuration iPhone18,3 --filter-for-device-os-version 26.5 --development-region en --target-device iphone --minimum-deployment-target 17.0 --platform iphonesimulator
/* com.apple.actool.compilation-results */
/Users/jtcao/Library/Caches/visepanda/native-event-reconnect-20260913/native-live-1/build/Build/Intermediates.noindex/VisePanda.build/Debug-iphonesimulator/VisePanda.build/assetcatalog_generated_info.plist_thinned
/Users/jtcao/Library/Caches/visepanda/native-event-reconnect-20260913/native-live-1/build/Build/Intermediates.noindex/VisePanda.build/Debug-iphonesimulator/VisePanda.build/assetcatalog_output/thinned/AppIcon60x60@2x.png
/Users/jtcao/Library/Caches/visepanda/native-event-reconnect-20260913/native-live-1/build/Build/Intermediates.noindex/VisePanda.build/Debug-iphonesimulator/VisePanda.build/assetcatalog_output/thinned/AppIcon76x76@2x~ipad.png
/Users/jtcao/Library/Caches/visepanda/native-event-reconnect-20260913/native-live-1/build/Build/Intermediates.noindex/VisePanda.build/Debug-iphonesimulator/VisePanda.build/assetcatalog_output/thinned/Assets.car


CopyStringsFile /Users/jtcao/Library/Caches/visepanda/native-event-reconnect-20260913/native-live-1/build/Build/Products/Debug-iphonesimulator/VisePanda.app/zh-Hans.lproj/Localizable.strings /Users/jtcao/Library/Caches/visepanda/native-event-reconnect-20260913/native-live-1/build/Build/Intermediates.noindex/VisePanda.build/Debug-iphonesimulator/VisePanda.build/zh-Hans.lproj/Localizable.strings (in target 'VisePanda' from project 'VisePanda')
    cd /Users/jtcao/Documents/VP-V4-S2-Claim-Coverage/ios/VisePanda
    builtin-copyStrings --validate --outputencoding binary --outfilename Localizable.strings --outdir /Users/jtcao/Library/Caches/visepanda/native-event-reconnect-20260913/native-live-1/build/Build/Products/Debug-iphonesimulator/VisePanda.app/zh-Hans.lproj -- /Users/jtcao/Library/Caches/visepanda/native-event-reconnect-20260913/native-live-1/build/Build/Intermediates.noindex/VisePanda.build/Debug-iphonesimulator/VisePanda.build/zh-Hans.lproj/Localizable.strings
/Users/jtcao/Library/Caches/visepanda/native-event-reconnect-20260913/native-live-1/build/Build/Intermediates.noindex/VisePanda.build/Debug-iphonesimulator/VisePanda.build/zh-Hans.lproj/Localizable.strings:1:1: note: detected encoding of input file as Unicode (UTF-8) (in target 'VisePanda' from project 'VisePanda')

CopyStringsFile /Users/jtcao/Library/Caches/visepanda/native-event-reconnect-20260913/native-live-1/build/Build/Products/Debug-iphonesimulator/VisePanda.app/ru.lproj/Localizable.strings /Users/jtcao/Library/Caches/visepanda/native-event-reconnect-20260913/native-live-1/build/Build/Intermediates.noindex/VisePanda.build/Debug-iphonesimulator/VisePanda.build/ru.lproj/Localizable.strings (in target 'VisePanda' from project 'VisePanda')
    cd /Users/jtcao/Documents/VP-V4-S2-Claim-Coverage/ios/VisePanda
    builtin-copyStrings --validate --outputencoding binary --outfilename Localizable.strings --outdir /Users/jtcao/Library/Caches/visepanda/native-event-reconnect-20260913/native-live-1/build/Build/Products/Debug-iphonesimulator/VisePanda.app/ru.lproj -- /Users/jtcao/Library/Caches/visepanda/native-event-reconnect-20260913/native-live-1/build/Build/Intermediates.noindex/VisePanda.build/Debug-iphonesimulator/VisePanda.build/ru.lproj/Localizable.strings
/Users/jtcao/Library/Caches/visepanda/native-event-reconnect-20260913/native-live-1/build/Build/Intermediates.noindex/VisePanda.build/Debug-iphonesimulator/VisePanda.build/ru.lproj/Localizable.strings:1:1: note: detected encoding of input file as Unicode (UTF-8) (in target 'VisePanda' from project 'VisePanda')

CopyStringsFile /Users/jtcao/Library/Caches/visepanda/native-event-reconnect-20260913/native-live-1/build/Build/Products/Debug-iphonesimulator/VisePanda.app/ar.lproj/Localizable.strings /Users/jtcao/Library/Caches/visepanda/native-event-reconnect-20260913/native-live-1/build/Build/Intermediates.noindex/VisePanda.build/Debug-iphonesimulator/VisePanda.build/ar.lproj/Localizable.strings (in target 'VisePanda' from project 'VisePanda')
    cd /Users/jtcao/Documents/VP-V4-S2-Claim-Coverage/ios/VisePanda
    builtin-copyStrings --validate --outputencoding binary --outfilename Localizable.strings --outdir /Users/jtcao/Library/Caches/visepanda/native-event-reconnect-20260913/native-live-1/build/Build/Products/Debug-iphonesimulator/VisePanda.app/ar.lproj -- /Users/jtcao/Library/Caches/visepanda/native-event-reconnect-20260913/native-live-1/build/Build/Intermediates.noindex/VisePanda.build/Debug-iphonesimulator/VisePanda.build/ar.lproj/Localizable.strings
/Users/jtcao/Library/Caches/visepanda/native-event-reconnect-20260913/native-live-1/build/Build/Intermediates.noindex/VisePanda.build/Debug-iphonesimulator/VisePanda.build/ar.lproj/Localizable.strings:1:1: note: detected encoding of input file as Unicode (UTF-8) (in target 'VisePanda' from project 'VisePanda')

CopyStringsFile /Users/jtcao/Library/Caches/visepanda/native-event-reconnect-20260913/native-live-1/build/Build/Products/Debug-iphonesimulator/VisePanda.app/es.lproj/Localizable.strings /Users/jtcao/Library/Caches/visepanda/native-event-reconnect-20260913/native-live-1/build/Build/Intermediates.noindex/VisePanda.build/Debug-iphonesimulator/VisePanda.build/es.lproj/Localizable.strings (in target 'VisePanda' from project 'VisePanda')
    cd /Users/jtcao/Documents/VP-V4-S2-Claim-Coverage/ios/VisePanda
    builtin-copyStrings --validate --outputencoding binary --outfilename Localizable.strings --outdir /Users/jtcao/Library/Caches/visepanda/native-event-reconnect-20260913/native-live-1/build/Build/Products/Debug-iphonesimulator/VisePanda.app/es.lproj -- /Users/jtcao/Library/Caches/visepanda/native-event-reconnect-20260913/native-live-1/build/Build/Intermediates.noindex/VisePanda.build/Debug-iphonesimulator/VisePanda.build/es.lproj/Localizable.strings
/Users/jtcao/Library/Caches/visepanda/native-event-reconnect-20260913/native-live-1/build/Build/Intermediates.noindex/VisePanda.build/Debug-iphonesimulator/VisePanda.build/es.lproj/Localizable.strings:1:1: note: detected encoding of input file as Unicode (UTF-8) (in target 'VisePanda' from project 'VisePanda')

CopyStringsFile /Users/jtcao/Library/Caches/visepanda/native-event-reconnect-20260913/native-live-1/build/Build/Products/Debug-iphonesimulator/VisePanda.app/en.lproj/Localizable.strings /Users/jtcao/Library/Caches/visepanda/native-event-reconnect-20260913/native-live-1/build/Build/Intermediates.noindex/VisePanda.build/Debug-iphonesimulator/VisePanda.build/en.lproj/Localizable.strings (in target 'VisePanda' from project 'VisePanda')
    cd /Users/jtcao/Documents/VP-V4-S2-Claim-Coverage/ios/VisePanda
    builtin-copyStrings --validate --outputencoding binary --outfilename Localizable.strings --outdir /Users/jtcao/Library/Caches/visepanda/native-event-reconnect-20260913/native-live-1/build/Build/Products/Debug-iphonesimulator/VisePanda.app/en.lproj -- /Users/jtcao/Library/Caches/visepanda/native-event-reconnect-20260913/native-live-1/build/Build/Intermediates.noindex/VisePanda.build/Debug-iphonesimulator/VisePanda.build/en.lproj/Localizable.strings
/Users/jtcao/Library/Caches/visepanda/native-event-reconnect-20260913/native-live-1/build/Build/Intermediates.noindex/VisePanda.build/Debug-iphonesimulator/VisePanda.build/en.lproj/Localizable.strings:1:1: note: detected encoding of input file as Unicode (UTF-8) (in target 'VisePanda' from project 'VisePanda')

SwiftDriver VisePanda normal arm64 com.apple.xcode.tools.swift.compiler (in target 'VisePanda' from project 'VisePanda')
    cd /Users/jtcao/Documents/VP-V4-S2-Claim-Coverage/ios/VisePanda
    builtin-SwiftDriver -- /Applications/Xcode.app/Contents/Developer/Toolchains/XcodeDefault.xctoolchain/usr/bin/swiftc -module-name VisePanda -Onone @/Users/jtcao/Library/Caches/visepanda/native-event-reconnect-20260913/native-live-1/build/Build/Intermediates.noindex/VisePanda.build/Debug-iphonesimulator/VisePanda.build/Objects-normal/arm64/VisePanda.SwiftFileList -DDEBUG -default-isolation\=MainActor -enable-upcoming-feature InferIsolatedConformances -enable-upcoming-feature NonisolatedNonsendingByDefault -enable-experimental-feature DebugDescriptionMacro -sdk /Applications/Xcode.app/Contents/Developer/Platforms/iPhoneSimulator.platform/Developer/SDKs/iPhoneSimulator26.5.sdk -target arm64-apple-ios17.0-simulator -g -module-cache-path /Users/jtcao/Library/Caches/visepanda/native-event-reconnect-20260913/native-live-1/build/ModuleCache.noindex -Xfrontend -serialize-debugging-options -enable-testing -index-store-path /Users/jtcao/Library/Caches/visepanda/native-event-reconnect-20260913/native-live-1/build/Index.noindex/DataStore -Xcc -D_LIBCPP_HARDENING_MODE\=_LIBCPP_HARDENING_MODE_DEBUG -swift-version 6 -I /Users/jtcao/Library/Caches/visepanda/native-event-reconnect-20260913/native-live-1/build/Build/Products/Debug-iphonesimulator -F /Users/jtcao/Library/Caches/visepanda/native-event-reconnect-20260913/native-live-1/build/Build/Products/Debug-iphonesimulator -c -j8 -enable-batch-mode -incremental -Xcc -ivfsstatcache -Xcc /Users/jtcao/Library/Caches/visepanda/native-event-reconnect-20260913/native-live-1/build/SDKStatCaches.noindex/iphonesimulator26.5-23F81a-6cfe768891a92b912361537c460fe42b.sdkstatcache -output-file-map /Users/jtcao/Library/Caches/visepanda/native-event-reconnect-20260913/native-live-1/build/Build/Intermediates.noindex/VisePanda.build/Debug-iphonesimulator/VisePanda.build/Objects-normal/arm64/VisePanda-OutputFileMap.json -use-frontend-parseable-output -save-temps -no-color-diagnostics -explicit-module-build -module-cache-path /Users/jtcao/Library/Caches/visepanda/native-event-reconnect-20260913/native-live-1/build/Build/Intermediates.noindex/SwiftExplicitPrecompiledModules -clang-scanner-module-cache-path /Users/jtcao/Library/Caches/visepanda/native-event-reconnect-20260913/native-live-1/build/ModuleCache.noindex -sdk-module-cache-path /Users/jtcao/Library/Caches/visepanda/native-event-reconnect-20260913/native-live-1/build/ModuleCache.noindex -serialize-diagnostics -emit-dependencies -emit-module -emit-module-path /Users/jtcao/Library/Caches/visepanda/native-event-reconnect-20260913/native-live-1/build/Build/Intermediates.noindex/VisePanda.build/Debug-iphonesimulator/VisePanda.build/Objects-normal/arm64/VisePanda.swiftmodule -validate-clang-modules-once -clang-build-session-file /Users/jtcao/Library/Caches/visepanda/native-event-reconnect-20260913/native-live-1/build/ModuleCache.noindex/Session.modulevalidation -Xcc -I/Users/jtcao/Library/Caches/visepanda/native-event-reconnect-20260913/native-live-1/build/Build/Intermediates.noindex/VisePanda.build/Debug-iphonesimulator/VisePanda.build/swift-overrides.hmap -emit-const-values -Xfrontend -const-gather-protocols-file -Xfrontend /Users/jtcao/Library/Caches/visepanda/native-event-reconnect-20260913/native-live-1/build/Build/Intermediates.noindex/VisePanda.build/Debug-iphonesimulator/VisePanda.build/Objects-normal/arm64/VisePanda_const_extract_protocols.json -Xcc -iquote -Xcc /Users/jtcao/Library/Caches/visepanda/native-event-reconnect-20260913/native-live-1/build/Build/Intermediates.noindex/VisePanda.build/Debug-iphonesimulator/VisePanda.build/VisePanda-generated-files.hmap -Xcc -I/Users/jtcao/Library/Caches/visepanda/native-event-reconnect-20260913/native-live-1/build/Build/Intermediates.noindex/VisePanda.build/Debug-iphonesimulator/VisePanda.build/VisePanda-own-target-headers.hmap -Xcc -I/Users/jtcao/Library/Caches/visepanda/native-event-reconnect-20260913/native-live-1/build/Build/Intermediates.noindex/VisePanda.build/Debug-iphonesimulator/VisePanda.build/VisePanda-all-target-headers.hmap -Xcc -iquote -Xcc /Users/jtcao/Library/Caches/visepanda/native-event-reconnect-20260913/native-live-1/build/Build/Intermediates.noindex/VisePanda.build/Debug-iphonesimulator/VisePanda.build/VisePanda-project-headers.hmap -Xcc -I/Users/jtcao/Library/Caches/visepanda/native-event-reconnect-20260913/native-live-1/build/Build/Products/Debug-iphonesimulator/include -Xcc -I/Users/jtcao/Library/Caches/visepanda/native-event-reconnect-20260913/native-live-1/build/Build/Intermediates.noindex/VisePanda.build/Debug-iphonesimulator/VisePanda.build/DerivedSources-normal/arm64 -Xcc -I/Users/jtcao/Library/Caches/visepanda/native-event-reconnect-20260913/native-live-1/build/Build/Intermediates.noindex/VisePanda.build/Debug-iphonesimulator/VisePanda.build/DerivedSources/arm64 -Xcc -I/Users/jtcao/Library/Caches/visepanda/native-event-reconnect-20260913/native-live-1/build/Build/Intermediates.noindex/VisePanda.build/Debug-iphonesimulator/VisePanda.build/DerivedSources -emit-objc-header -emit-objc-header-path /Users/jtcao/Library/Caches/visepanda/native-event-reconnect-20260913/native-live-1/build/Build/Intermediates.noindex/VisePanda.build/Debug-iphonesimulator/VisePanda.build/Objects-normal/arm64/VisePanda-Swift.h -working-directory /Users/jtcao/Documents/VP-V4-S2-Claim-Coverage/ios/VisePanda -experimental-emit-module-separately -disable-cmo

SwiftExplicitDependencyGeneratePcm arm64 /Users/jtcao/Library/Caches/visepanda/native-event-reconnect-20260913/native-live-1/build/ModuleCache.noindex/_AvailabilityInternal-CJRL29471GEK6ILPK2QD7DX85.pcm

SwiftExplicitDependencyGeneratePcm arm64 /Users/jtcao/Library/Caches/visepanda/native-event-reconnect-20260913/native-live-1/build/ModuleCache.noindex/ptrcheck-COHKSDEJ9ZKZ88EG9AL66AZ1E.pcm

SwiftExplicitDependencyGeneratePcm arm64 /Users/jtcao/Library/Caches/visepanda/native-event-reconnect-20260913/native-live-1/build/ModuleCache.noindex/_SwiftConcurrencyShims-5BEXU7K5TXJKS0LQTIBLLBRQE.pcm

SwiftExplicitDependencyGeneratePcm arm64 /Users/jtcao/Library/Caches/visepanda/native-event-reconnect-20260913/native-live-1/build/ModuleCache.noindex/SwiftShims-7TQ70SEAX6W0H7NWB406FL5NL.pcm

SwiftExplicitDependencyGeneratePcm arm64 /Users/jtcao/Library/Caches/visepanda/native-event-reconnect-20260913/native-live-1/build/ModuleCache.noindex/DeveloperToolsSupport-29UR3YRM38XC427EJW3LGXXGZ.pcm

SwiftExplicitDependencyGeneratePcm arm64 /Users/jtcao/Library/Caches/visepanda/native-event-reconnect-20260913/native-live-1/build/ModuleCache.noindex/ptrauth-8UCS09I5Q5Z9Y56VT0TD98C16.pcm

SwiftExplicitDependencyGeneratePcm arm64 /Users/jtcao/Library/Caches/visepanda/native-event-reconnect-20260913/native-live-1/build/ModuleCache.noindex/_Builtin_stddef-4CLENZ8QJ37KVSG3EY18QFT41.pcm

SwiftExplicitDependencyGeneratePcm arm64 /Users/jtcao/Library/Caches/visepanda/native-event-reconnect-20260913/native-live-1/build/ModuleCache.noindex/_Builtin_float-E66M6ERM362KAQ4LWMVK79WWB.pcm

SwiftExplicitDependencyGeneratePcm arm64 /Users/jtcao/Library/Caches/visepanda/native-event-reconnect-20260913/native-live-1/build/ModuleCache.noindex/_Builtin_stdarg-9NL0RUDNXFDN5T72NFTW9RLX8.pcm

SwiftExplicitDependencyGeneratePcm arm64 /Users/jtcao/Library/Caches/visepanda/native-event-reconnect-20260913/native-live-1/build/ModuleCache.noindex/_Builtin_stdbool-EXY25UKW276A7O13JAJ8SV5NP.pcm

SwiftExplicitDependencyGeneratePcm arm64 /Users/jtcao/Library/Caches/visepanda/native-event-reconnect-20260913/native-live-1/build/ModuleCache.noindex/_DarwinFoundation1-6JEH1F3DA1XWU5XX9K1AQ8H6T.pcm

SwiftExplicitDependencyGeneratePcm arm64 /Users/jtcao/Library/Caches/visepanda/native-event-reconnect-20260913/native-live-1/build/ModuleCache.noindex/_DarwinFoundation2-CIYUF2MCRT9AW0CNITQN5D4KZ.pcm

SwiftExplicitDependencyGeneratePcm arm64 /Users/jtcao/Library/Caches/visepanda/native-event-reconnect-20260913/native-live-1/build/ModuleCache.noindex/_Builtin_limits-EWHQ3P2H1LGYB5OUT1B29HFN.pcm

SwiftExplicitDependencyGeneratePcm arm64 /Users/jtcao/Library/Caches/visepanda/native-event-reconnect-20260913/native-live-1/build/ModuleCache.noindex/_Builtin_tgmath-ES7Y1263AN2HBMRUD8B9Q3BEB.pcm

SwiftExplicitDependencyGeneratePcm arm64 /Users/jtcao/Library/Caches/visepanda/native-event-reconnect-20260913/native-live-1/build/ModuleCache.noindex/sys_types-63E1OM8UV1N44QSW0S0TV3W71.pcm

SwiftExplicitDependencyGeneratePcm arm64 /Users/jtcao/Library/Caches/visepanda/native-event-reconnect-20260913/native-live-1/build/ModuleCache.noindex/_Builtin_stdint-X8XKKRN0C85UK1MS2NT1EQD4.pcm

SwiftExplicitDependencyGeneratePcm arm64 /Users/jtcao/Library/Caches/visepanda/native-event-reconnect-20260913/native-live-1/build/ModuleCache.noindex/_Builtin_intrinsics-4W4TGG4C009PJ8FXYNOIINFEA.pcm

SwiftExplicitDependencyGeneratePcm arm64 /Users/jtcao/Library/Caches/visepanda/native-event-reconnect-20260913/native-live-1/build/ModuleCache.noindex/_Builtin_stdatomic-EM55J3AJRMG7I81SOPJQARCDO.pcm

SwiftExplicitDependencyGeneratePcm arm64 /Users/jtcao/Library/Caches/visepanda/native-event-reconnect-20260913/native-live-1/build/ModuleCache.noindex/_DarwinFoundation3-K8B086998275J7KVZHGC1ES8.pcm

SwiftExplicitDependencyGeneratePcm arm64 /Users/jtcao/Library/Caches/visepanda/native-event-reconnect-20260913/native-live-1/build/ModuleCache.noindex/_Builtin_inttypes-CNTLEWFVHK86SLA0TWR27S122.pcm

SwiftExplicitDependencyGeneratePcm arm64 /Users/jtcao/Library/Caches/visepanda/native-event-reconnect-20260913/native-live-1/build/ModuleCache.noindex/Darwin-84JSC46V84QHI5FUAK1ETYW1I.pcm

SwiftExplicitDependencyGeneratePcm arm64 /Users/jtcao/Library/Caches/visepanda/native-event-reconnect-20260913/native-live-1/build/ModuleCache.noindex/simd-3R0SVT2HO6VT0GV2JCQQNDUG2.pcm

SwiftExplicitDependencyGeneratePcm arm64 /Users/jtcao/Library/Caches/visepanda/native-event-reconnect-20260913/native-live-1/build/ModuleCache.noindex/MachO-B4PUE1RXSLYEQ7QKTO41BYXPJ.pcm

SwiftExplicitDependencyGeneratePcm arm64 /Users/jtcao/Library/Caches/visepanda/native-event-reconnect-20260913/native-live-1/build/ModuleCache.noindex/ObjectiveC-ACY8XRWRAMU65SNTZN4R9V19B.pcm

SwiftExplicitDependencyGeneratePcm arm64 /Users/jtcao/Library/Caches/visepanda/native-event-reconnect-20260913/native-live-1/build/ModuleCache.noindex/os_object-8PE50DGN7NGE6MP3RO47GDB70.pcm

SwiftExplicitDependencyGeneratePcm arm64 /Users/jtcao/Library/Caches/visepanda/native-event-reconnect-20260913/native-live-1/build/ModuleCache.noindex/os_workgroup-DXIU8N6QLBL80ZD0DQJV2T41Y.pcm

SwiftExplicitDependencyGeneratePcm arm64 /Users/jtcao/Library/Caches/visepanda/native-event-reconnect-20260913/native-live-1/build/ModuleCache.noindex/Spatial-61EUYPBVTP9YWDF7BC9RGWZN5.pcm

SwiftExplicitDependencyGeneratePcm arm64 /Users/jtcao/Library/Caches/visepanda/native-event-reconnect-20260913/native-live-1/build/ModuleCache.noindex/Dispatch-5PXM9H4QQ4EMJS25XI1FME0CV.pcm

SwiftExplicitDependencyGeneratePcm arm64 /Users/jtcao/Library/Caches/visepanda/native-event-reconnect-20260913/native-live-1/build/ModuleCache.noindex/XPC-8JZ6I9HFFMEKI35BCQZBKWF20.pcm

SwiftExplicitDependencyGeneratePcm arm64 /Users/jtcao/Library/Caches/visepanda/native-event-reconnect-20260913/native-live-1/build/ModuleCache.noindex/CoreFoundation-5SCRMAYYIO6JZDI9GVAOVR7Z4.pcm

SwiftExplicitDependencyGeneratePcm arm64 /Users/jtcao/Library/Caches/visepanda/native-event-reconnect-20260913/native-live-1/build/ModuleCache.noindex/os-3K2GVWG4TAH5Z8MKLB7RVEKLR.pcm

SwiftExplicitDependencyGeneratePcm arm64 /Users/jtcao/Library/Caches/visepanda/native-event-reconnect-20260913/native-live-1/build/ModuleCache.noindex/Security-3C36QQTZQWD1XKR0SM5QSU6UH.pcm

SwiftExplicitDependencyGeneratePcm arm64 /Users/jtcao/Library/Caches/visepanda/native-event-reconnect-20260913/native-live-1/build/ModuleCache.noindex/CFNetwork-34BGJRU0INPF5FHVLSJIUI7I4.pcm

SwiftExplicitDependencyGeneratePcm arm64 /Users/jtcao/Library/Caches/visepanda/native-event-reconnect-20260913/native-live-1/build/ModuleCache.noindex/CoreGraphics-8SSDELZPTU3R7BK0Z15SQZ8IN.pcm

SwiftExplicitDependencyGeneratePcm arm64 /Users/jtcao/Library/Caches/visepanda/native-event-reconnect-20260913/native-live-1/build/ModuleCache.noindex/Foundation-CL6VJZTOBFRQCF8KN7S6OZ0B1.pcm

SwiftExplicitDependencyGeneratePcm arm64 /Users/jtcao/Library/Caches/visepanda/native-event-reconnect-20260913/native-live-1/build/ModuleCache.noindex/CoreText-6O6L7JU1UNLWEF2TMHKR6TP8I.pcm

SwiftExplicitDependencyGeneratePcm arm64 /Users/jtcao/Library/Caches/visepanda/native-event-reconnect-20260913/native-live-1/build/ModuleCache.noindex/ImageIO-DCV2TI1YY2ZDUC6UCLTD06G0W.pcm

SwiftExplicitDependencyGeneratePcm arm64 /Users/jtcao/Library/Caches/visepanda/native-event-reconnect-20260913/native-live-1/build/ModuleCache.noindex/UIUtilities-EHP2EQT9JXHA8POJK4CCYWYXG.pcm

SwiftExplicitDependencyGeneratePcm arm64 /Users/jtcao/Library/Caches/visepanda/native-event-reconnect-20260913/native-live-1/build/ModuleCache.noindex/OSLog-BJ3HU8TOSYJDQUDUFZY73YK2F.pcm

SwiftExplicitDependencyGeneratePcm arm64 /Users/jtcao/Library/Caches/visepanda/native-event-reconnect-20260913/native-live-1/build/ModuleCache.noindex/DataDetection-BTBZI353QYDQ15CKQC1A8MB9G.pcm

SwiftExplicitDependencyGeneratePcm arm64 /Users/jtcao/Library/Caches/visepanda/native-event-reconnect-20260913/native-live-1/build/ModuleCache.noindex/UniformTypeIdentifiers-1ORADQ4Z56HBJKTOK81KNZSJ7.pcm

SwiftExplicitDependencyGeneratePcm arm64 /Users/jtcao/Library/Caches/visepanda/native-event-reconnect-20260913/native-live-1/build/ModuleCache.noindex/Symbols-971JAHVNVADIXWTWF99H8CIXN.pcm

SwiftExplicitDependencyGeneratePcm arm64 /Users/jtcao/Library/Caches/visepanda/native-event-reconnect-20260913/native-live-1/build/ModuleCache.noindex/Accessibility-4LOTURWR32SNQV6T3H58RF85R.pcm

SwiftExplicitDependencyGeneratePcm arm64 /Users/jtcao/Library/Caches/visepanda/native-event-reconnect-20260913/native-live-1/build/ModuleCache.noindex/OpenGLES-EEUK6RQLXB095X9JMJPRIRWVO.pcm

SwiftExplicitDependencyGeneratePcm arm64 /Users/jtcao/Library/Caches/visepanda/native-event-reconnect-20260913/native-live-1/build/ModuleCache.noindex/CoreData-6J4OVL7OLD8RY8SBG1BOB6YP2.pcm

SwiftExplicitDependencyGeneratePcm arm64 /Users/jtcao/Library/Caches/visepanda/native-event-reconnect-20260913/native-live-1/build/ModuleCache.noindex/CoreTransferable-4V873MPUHPNJYV6F6LGVCY6X4.pcm

SwiftExplicitDependencyGeneratePcm arm64 /Users/jtcao/Library/Caches/visepanda/native-event-reconnect-20260913/native-live-1/build/ModuleCache.noindex/UserNotifications-CFW4A9LRA7ESA9E92EHM3EWFQ.pcm

SwiftExplicitDependencyGeneratePcm arm64 /Users/jtcao/Library/Caches/visepanda/native-event-reconnect-20260913/native-live-1/build/ModuleCache.noindex/IOSurface-57HOGY5KPXGCP4VW42NROTG8G.pcm

SwiftExplicitDependencyGeneratePcm arm64 /Users/jtcao/Library/Caches/visepanda/native-event-reconnect-20260913/native-live-1/build/ModuleCache.noindex/FileProvider-FH1WFBQLPHHCUMWBGYWWWFXG.pcm

SwiftExplicitDependencyGeneratePcm arm64 /Users/jtcao/Library/Caches/visepanda/native-event-reconnect-20260913/native-live-1/build/ModuleCache.noindex/Metal-3J7F3U2E6OXRE19983NNU993E.pcm

SwiftExplicitDependencyGeneratePcm arm64 /Users/jtcao/Library/Caches/visepanda/native-event-reconnect-20260913/native-live-1/build/ModuleCache.noindex/CoreVideo-5VMOZ479VANW565ZYBHHDGSMN.pcm

SwiftExplicitDependencyGeneratePcm arm64 /Users/jtcao/Library/Caches/visepanda/native-event-reconnect-20260913/native-live-1/build/ModuleCache.noindex/QuartzCore-5WHM2DVPFJIKYVKCLEJ2B072B.pcm

SwiftExplicitDependencyGeneratePcm arm64 /Users/jtcao/Library/Caches/visepanda/native-event-reconnect-20260913/native-live-1/build/ModuleCache.noindex/CoreImage-M656QF37E0M78NVBRP5TIV8G.pcm

SwiftExplicitDependencyGeneratePcm arm64 /Users/jtcao/Library/Caches/visepanda/native-event-reconnect-20260913/native-live-1/build/ModuleCache.noindex/SwiftUICore-43VY3S3UTJE91GGH6FI0OUUZQ.pcm

SwiftExplicitDependencyGeneratePcm arm64 /Users/jtcao/Library/Caches/visepanda/native-event-reconnect-20260913/native-live-1/build/ModuleCache.noindex/UIKit-90OYULV56NPX5MT8X1T2UC7QD.pcm

SwiftExplicitDependencyGeneratePcm arm64 /Users/jtcao/Library/Caches/visepanda/native-event-reconnect-20260913/native-live-1/build/ModuleCache.noindex/SwiftUI-CVH3PLDW2363G7U7IWQFFH6KU.pcm

SwiftEmitModule normal arm64 Emitting\ module\ for\ VisePanda (in target 'VisePanda' from project 'VisePanda')

EmitSwiftModule normal arm64 (in target 'VisePanda' from project 'VisePanda')
    cd /Users/jtcao/Documents/VP-V4-S2-Claim-Coverage/ios/VisePanda
    

SwiftCompile normal arm64 Compiling\ AppSettings.swift,\ AppShellView.swift,\ AppTab.swift /Users/jtcao/Documents/VP-V4-S2-Claim-Coverage/ios/VisePanda/VisePanda/App/AppSettings.swift /Users/jtcao/Documents/VP-V4-S2-Claim-Coverage/ios/VisePanda/VisePanda/App/AppShellView.swift /Users/jtcao/Documents/VP-V4-S2-Claim-Coverage/ios/VisePanda/VisePanda/Navigation/AppTab.swift (in target 'VisePanda' from project 'VisePanda')
SwiftCompile normal arm64 /Users/jtcao/Documents/VP-V4-S2-Claim-Coverage/ios/VisePanda/VisePanda/App/AppSettings.swift (in target 'VisePanda' from project 'VisePanda')
    cd /Users/jtcao/Documents/VP-V4-S2-Claim-Coverage/ios/VisePanda
    

SwiftCompile normal arm64 /Users/jtcao/Documents/VP-V4-S2-Claim-Coverage/ios/VisePanda/VisePanda/App/AppShellView.swift (in target 'VisePanda' from project 'VisePanda')
    cd /Users/jtcao/Documents/VP-V4-S2-Claim-Coverage/ios/VisePanda
    

SwiftCompile normal arm64 /Users/jtcao/Documents/VP-V4-S2-Claim-Coverage/ios/VisePanda/VisePanda/Navigation/AppTab.swift (in target 'VisePanda' from project 'VisePanda')
    cd /Users/jtcao/Documents/VP-V4-S2-Claim-Coverage/ios/VisePanda
    

SwiftCompile normal arm64 Compiling\ AppRoute.swift,\ Capability.swift,\ VisePandaTheme.swift /Users/jtcao/Documents/VP-V4-S2-Claim-Coverage/ios/VisePanda/VisePanda/Navigation/AppRoute.swift /Users/jtcao/Documents/VP-V4-S2-Claim-Coverage/ios/VisePanda/VisePanda/Navigation/Capability.swift /Users/jtcao/Documents/VP-V4-S2-Claim-Coverage/ios/VisePanda/VisePanda/DesignSystem/VisePandaTheme.swift (in target 'VisePanda' from project 'VisePanda')
SwiftCompile normal arm64 /Users/jtcao/Documents/VP-V4-S2-Claim-Coverage/ios/VisePanda/VisePanda/Navigation/AppRoute.swift (in target 'VisePanda' from project 'VisePanda')
    cd /Users/jtcao/Documents/VP-V4-S2-Claim-Coverage/ios/VisePanda
    

SwiftCompile normal arm64 /Users/jtcao/Documents/VP-V4-S2-Claim-Coverage/ios/VisePanda/VisePanda/Navigation/Capability.swift (in target 'VisePanda' from project 'VisePanda')
    cd /Users/jtcao/Documents/VP-V4-S2-Claim-Coverage/ios/VisePanda
    

SwiftCompile normal arm64 /Users/jtcao/Documents/VP-V4-S2-Claim-Coverage/ios/VisePanda/VisePanda/DesignSystem/VisePandaTheme.swift (in target 'VisePanda' from project 'VisePanda')
    cd /Users/jtcao/Documents/VP-V4-S2-Claim-Coverage/ios/VisePanda
    

SwiftCompile normal arm64 Compiling\ ExploreView.swift,\ ProfileView.swift,\ GeneratedAssetSymbols.swift /Users/jtcao/Documents/VP-V4-S2-Claim-Coverage/ios/VisePanda/VisePanda/Features/Explore/ExploreView.swift /Users/jtcao/Documents/VP-V4-S2-Claim-Coverage/ios/VisePanda/VisePanda/Features/Profile/ProfileView.swift /Users/jtcao/Library/Caches/visepanda/native-event-reconnect-20260913/native-live-1/build/Build/Intermediates.noindex/VisePanda.build/Debug-iphonesimulator/VisePanda.build/DerivedSources/GeneratedAssetSymbols.swift (in target 'VisePanda' from project 'VisePanda')

SwiftCompile normal arm64 /Users/jtcao/Documents/VP-V4-S2-Claim-Coverage/ios/VisePanda/VisePanda/Features/Explore/ExploreView.swift (in target 'VisePanda' from project 'VisePanda')
    cd /Users/jtcao/Documents/VP-V4-S2-Claim-Coverage/ios/VisePanda
    

SwiftCompile normal arm64 /Users/jtcao/Documents/VP-V4-S2-Claim-Coverage/ios/VisePanda/VisePanda/Features/Profile/ProfileView.swift (in target 'VisePanda' from project 'VisePanda')
    cd /Users/jtcao/Documents/VP-V4-S2-Claim-Coverage/ios/VisePanda
    

SwiftCompile normal arm64 /Users/jtcao/Library/Caches/visepanda/native-event-reconnect-20260913/native-live-1/build/Build/Intermediates.noindex/VisePanda.build/Debug-iphonesimulator/VisePanda.build/DerivedSources/GeneratedAssetSymbols.swift (in target 'VisePanda' from project 'VisePanda')
    cd /Users/jtcao/Documents/VP-V4-S2-Claim-Coverage/ios/VisePanda
    

SwiftCompile normal arm64 Compiling\ NativeAskEvents.swift,\ NativeKnowledgeModels.swift,\ NativeKnowledgeStore.swift,\ NativeKnowledgeView.swift /Users/jtcao/Documents/VP-V4-S2-Claim-Coverage/ios/VisePanda/VisePanda/Features/Ask/NativeAskEvents.swift /Users/jtcao/Documents/VP-V4-S2-Claim-Coverage/ios/VisePanda/VisePanda/Features/Knowledge/NativeKnowledgeModels.swift /Users/jtcao/Documents/VP-V4-S2-Claim-Coverage/ios/VisePanda/VisePanda/Features/Knowledge/NativeKnowledgeStore.swift /Users/jtcao/Documents/VP-V4-S2-Claim-Coverage/ios/VisePanda/VisePanda/Features/Knowledge/NativeKnowledgeView.swift (in target 'VisePanda' from project 'VisePanda')
SwiftCompile normal arm64 /Users/jtcao/Documents/VP-V4-S2-Claim-Coverage/ios/VisePanda/VisePanda/Features/Ask/NativeAskEvents.swift (in target 'VisePanda' from project 'VisePanda')
    cd /Users/jtcao/Documents/VP-V4-S2-Claim-Coverage/ios/VisePanda
    

SwiftCompile normal arm64 /Users/jtcao/Documents/VP-V4-S2-Claim-Coverage/ios/VisePanda/VisePanda/Features/Knowledge/NativeKnowledgeModels.swift (in target 'VisePanda' from project 'VisePanda')
    cd /Users/jtcao/Documents/VP-V4-S2-Claim-Coverage/ios/VisePanda
    

SwiftCompile normal arm64 /Users/jtcao/Documents/VP-V4-S2-Claim-Coverage/ios/VisePanda/VisePanda/Features/Knowledge/NativeKnowledgeStore.swift (in target 'VisePanda' from project 'VisePanda')
    cd /Users/jtcao/Documents/VP-V4-S2-Claim-Coverage/ios/VisePanda
    

SwiftCompile normal arm64 /Users/jtcao/Documents/VP-V4-S2-Claim-Coverage/ios/VisePanda/VisePanda/Features/Knowledge/NativeKnowledgeView.swift (in target 'VisePanda' from project 'VisePanda')
    cd /Users/jtcao/Documents/VP-V4-S2-Claim-Coverage/ios/VisePanda
    

SwiftCompile normal arm64 Compiling\ BrandHeader.swift,\ PreviewStatusBanner.swift,\ CapabilityCard.swift /Users/jtcao/Documents/VP-V4-S2-Claim-Coverage/ios/VisePanda/VisePanda/Components/BrandHeader.swift /Users/jtcao/Documents/VP-V4-S2-Claim-Coverage/ios/VisePanda/VisePanda/Components/PreviewStatusBanner.swift /Users/jtcao/Documents/VP-V4-S2-Claim-Coverage/ios/VisePanda/VisePanda/Components/CapabilityCard.swift (in target 'VisePanda' from project 'VisePanda')

SwiftCompile normal arm64 /Users/jtcao/Documents/VP-V4-S2-Claim-Coverage/ios/VisePanda/VisePanda/Components/BrandHeader.swift (in target 'VisePanda' from project 'VisePanda')
    cd /Users/jtcao/Documents/VP-V4-S2-Claim-Coverage/ios/VisePanda
    

SwiftCompile normal arm64 /Users/jtcao/Documents/VP-V4-S2-Claim-Coverage/ios/VisePanda/VisePanda/Components/PreviewStatusBanner.swift (in target 'VisePanda' from project 'VisePanda')
    cd /Users/jtcao/Documents/VP-V4-S2-Claim-Coverage/ios/VisePanda
    

SwiftCompile normal arm64 /Users/jtcao/Documents/VP-V4-S2-Claim-Coverage/ios/VisePanda/VisePanda/Components/CapabilityCard.swift (in target 'VisePanda' from project 'VisePanda')
    cd /Users/jtcao/Documents/VP-V4-S2-Claim-Coverage/ios/VisePanda
    

SwiftCompile normal arm64 Compiling\ TodayView.swift,\ AskView.swift,\ TripView.swift /Users/jtcao/Documents/VP-V4-S2-Claim-Coverage/ios/VisePanda/VisePanda/Features/Today/TodayView.swift /Users/jtcao/Documents/VP-V4-S2-Claim-Coverage/ios/VisePanda/VisePanda/Features/Ask/AskView.swift /Users/jtcao/Documents/VP-V4-S2-Claim-Coverage/ios/VisePanda/VisePanda/Features/Trip/TripView.swift (in target 'VisePanda' from project 'VisePanda')

SwiftCompile normal arm64 /Users/jtcao/Documents/VP-V4-S2-Claim-Coverage/ios/VisePanda/VisePanda/Features/Today/TodayView.swift (in target 'VisePanda' from project 'VisePanda')
    cd /Users/jtcao/Documents/VP-V4-S2-Claim-Coverage/ios/VisePanda
    

SwiftCompile normal arm64 /Users/jtcao/Documents/VP-V4-S2-Claim-Coverage/ios/VisePanda/VisePanda/Features/Ask/AskView.swift (in target 'VisePanda' from project 'VisePanda')
    cd /Users/jtcao/Documents/VP-V4-S2-Claim-Coverage/ios/VisePanda
    

SwiftCompile normal arm64 /Users/jtcao/Documents/VP-V4-S2-Claim-Coverage/ios/VisePanda/VisePanda/Features/Trip/TripView.swift (in target 'VisePanda' from project 'VisePanda')
    cd /Users/jtcao/Documents/VP-V4-S2-Claim-Coverage/ios/VisePanda
    

SwiftCompile normal arm64 Compiling\ NativeAskView.swift,\ NativeAskModels.swift,\ NativeAskStore.swift,\ NativeTripModels.swift /Users/jtcao/Documents/VP-V4-S2-Claim-Coverage/ios/VisePanda/VisePanda/Features/Ask/NativeAskView.swift /Users/jtcao/Documents/VP-V4-S2-Claim-Coverage/ios/VisePanda/VisePanda/Features/Ask/NativeAskModels.swift /Users/jtcao/Documents/VP-V4-S2-Claim-Coverage/ios/VisePanda/VisePanda/Features/Ask/NativeAskStore.swift /Users/jtcao/Documents/VP-V4-S2-Claim-Coverage/ios/VisePanda/VisePanda/Features/Trip/NativeTripModels.swift (in target 'VisePanda' from project 'VisePanda')
SwiftCompile normal arm64 /Users/jtcao/Documents/VP-V4-S2-Claim-Coverage/ios/VisePanda/VisePanda/Features/Ask/NativeAskView.swift (in target 'VisePanda' from project 'VisePanda')
    cd /Users/jtcao/Documents/VP-V4-S2-Claim-Coverage/ios/VisePanda
    

SwiftCompile normal arm64 /Users/jtcao/Documents/VP-V4-S2-Claim-Coverage/ios/VisePanda/VisePanda/Features/Ask/NativeAskModels.swift (in target 'VisePanda' from project 'VisePanda')
    cd /Users/jtcao/Documents/VP-V4-S2-Claim-Coverage/ios/VisePanda
    

SwiftCompile normal arm64 /Users/jtcao/Documents/VP-V4-S2-Claim-Coverage/ios/VisePanda/VisePanda/Features/Ask/NativeAskStore.swift (in target 'VisePanda' from project 'VisePanda')
    cd /Users/jtcao/Documents/VP-V4-S2-Claim-Coverage/ios/VisePanda
    

SwiftCompile normal arm64 /Users/jtcao/Documents/VP-V4-S2-Claim-Coverage/ios/VisePanda/VisePanda/Features/Trip/NativeTripModels.swift (in target 'VisePanda' from project 'VisePanda')
    cd /Users/jtcao/Documents/VP-V4-S2-Claim-Coverage/ios/VisePanda
    

SwiftDriverJobDiscovery normal arm64 Emitting module for VisePanda (in target 'VisePanda' from project 'VisePanda')

SwiftDriver\ Compilation\ Requirements VisePanda normal arm64 com.apple.xcode.tools.swift.compiler (in target 'VisePanda' from project 'VisePanda')
    cd /Users/jtcao/Documents/VP-V4-S2-Claim-Coverage/ios/VisePanda
    builtin-Swift-Compilation-Requirements -- /Applications/Xcode.app/Contents/Developer/Toolchains/XcodeDefault.xctoolchain/usr/bin/swiftc -module-name VisePanda -Onone @/Users/jtcao/Library/Caches/visepanda/native-event-reconnect-20260913/native-live-1/build/Build/Intermediates.noindex/VisePanda.build/Debug-iphonesimulator/VisePanda.build/Objects-normal/arm64/VisePanda.SwiftFileList -DDEBUG -default-isolation\=MainActor -enable-upcoming-feature InferIsolatedConformances -enable-upcoming-feature NonisolatedNonsendingByDefault -enable-experimental-feature DebugDescriptionMacro -sdk /Applications/Xcode.app/Contents/Developer/Platforms/iPhoneSimulator.platform/Developer/SDKs/iPhoneSimulator26.5.sdk -target arm64-apple-ios17.0-simulator -g -module-cache-path /Users/jtcao/Library/Caches/visepanda/native-event-reconnect-20260913/native-live-1/build/ModuleCache.noindex -Xfrontend -serialize-debugging-options -enable-testing -index-store-path /Users/jtcao/Library/Caches/visepanda/native-event-reconnect-20260913/native-live-1/build/Index.noindex/DataStore -Xcc -D_LIBCPP_HARDENING_MODE\=_LIBCPP_HARDENING_MODE_DEBUG -swift-version 6 -I /Users/jtcao/Library/Caches/visepanda/native-event-reconnect-20260913/native-live-1/build/Build/Products/Debug-iphonesimulator -F /Users/jtcao/Library/Caches/visepanda/native-event-reconnect-20260913/native-live-1/build/Build/Products/Debug-iphonesimulator -c -j8 -enable-batch-mode -incremental -Xcc -ivfsstatcache -Xcc /Users/jtcao/Library/Caches/visepanda/native-event-reconnect-20260913/native-live-1/build/SDKStatCaches.noindex/iphonesimulator26.5-23F81a-6cfe768891a92b912361537c460fe42b.sdkstatcache -output-file-map /Users/jtcao/Library/Caches/visepanda/native-event-reconnect-20260913/native-live-1/build/Build/Intermediates.noindex/VisePanda.build/Debug-iphonesimulator/VisePanda.build/Objects-normal/arm64/VisePanda-OutputFileMap.json -use-frontend-parseable-output -save-temps -no-color-diagnostics -explicit-module-build -module-cache-path /Users/jtcao/Library/Caches/visepanda/native-event-reconnect-20260913/native-live-1/build/Build/Intermediates.noindex/SwiftExplicitPrecompiledModules -clang-scanner-module-cache-path /Users/jtcao/Library/Caches/visepanda/native-event-reconnect-20260913/native-live-1/build/ModuleCache.noindex -sdk-module-cache-path /Users/jtcao/Library/Caches/visepanda/native-event-reconnect-20260913/native-live-1/build/ModuleCache.noindex -serialize-diagnostics -emit-dependencies -emit-module -emit-module-path /Users/jtcao/Library/Caches/visepanda/native-event-reconnect-20260913/native-live-1/build/Build/Intermediates.noindex/VisePanda.build/Debug-iphonesimulator/VisePanda.build/Objects-normal/arm64/VisePanda.swiftmodule -validate-clang-modules-once -clang-build-session-file /Users/jtcao/Library/Caches/visepanda/native-event-reconnect-20260913/native-live-1/build/ModuleCache.noindex/Session.modulevalidation -Xcc -I/Users/jtcao/Library/Caches/visepanda/native-event-reconnect-20260913/native-live-1/build/Build/Intermediates.noindex/VisePanda.build/Debug-iphonesimulator/VisePanda.build/swift-overrides.hmap -emit-const-values -Xfrontend -const-gather-protocols-file -Xfrontend /Users/jtcao/Library/Caches/visepanda/native-event-reconnect-20260913/native-live-1/build/Build/Intermediates.noindex/VisePanda.build/Debug-iphonesimulator/VisePanda.build/Objects-normal/arm64/VisePanda_const_extract_protocols.json -Xcc -iquote -Xcc /Users/jtcao/Library/Caches/visepanda/native-event-reconnect-20260913/native-live-1/build/Build/Intermediates.noindex/VisePanda.build/Debug-iphonesimulator/VisePanda.build/VisePanda-generated-files.hmap -Xcc -I/Users/jtcao/Library/Caches/visepanda/native-event-reconnect-20260913/native-live-1/build/Build/Intermediates.noindex/VisePanda.build/Debug-iphonesimulator/VisePanda.build/VisePanda-own-target-headers.hmap -Xcc -I/Users/jtcao/Library/Caches/visepanda/native-event-reconnect-20260913/native-live-1/build/Build/Intermediates.noindex/VisePanda.build/Debug-iphonesimulator/VisePanda.build/VisePanda-all-target-headers.hmap -Xcc -iquote -Xcc /Users/jtcao/Library/Caches/visepanda/native-event-reconnect-20260913/native-live-1/build/Build/Intermediates.noindex/VisePanda.build/Debug-iphonesimulator/VisePanda.build/VisePanda-project-headers.hmap -Xcc -I/Users/jtcao/Library/Caches/visepanda/native-event-reconnect-20260913/native-live-1/build/Build/Products/Debug-iphonesimulator/include -Xcc -I/Users/jtcao/Library/Caches/visepanda/native-event-reconnect-20260913/native-live-1/build/Build/Intermediates.noindex/VisePanda.build/Debug-iphonesimulator/VisePanda.build/DerivedSources-normal/arm64 -Xcc -I/Users/jtcao/Library/Caches/visepanda/native-event-reconnect-20260913/native-live-1/build/Build/Intermediates.noindex/VisePanda.build/Debug-iphonesimulator/VisePanda.build/DerivedSources/arm64 -Xcc -I/Users/jtcao/Library/Caches/visepanda/native-event-reconnect-20260913/native-live-1/build/Build/Intermediates.noindex/VisePanda.build/Debug-iphonesimulator/VisePanda.build/DerivedSources -emit-objc-header -emit-objc-header-path /Users/jtcao/Library/Caches/visepanda/native-event-reconnect-20260913/native-live-1/build/Build/Intermediates.noindex/VisePanda.build/Debug-iphonesimulator/VisePanda.build/Objects-normal/arm64/VisePanda-Swift.h -working-directory /Users/jtcao/Documents/VP-V4-S2-Claim-Coverage/ios/VisePanda -experimental-emit-module-separately -disable-cmo

LinkAssetCatalog /Users/jtcao/Documents/VP-V4-S2-Claim-Coverage/ios/VisePanda/VisePanda/Resources/Assets.xcassets (in target 'VisePanda' from project 'VisePanda')
    cd /Users/jtcao/Documents/VP-V4-S2-Claim-Coverage/ios/VisePanda
    builtin-linkAssetCatalog --thinned /Users/jtcao/Library/Caches/visepanda/native-event-reconnect-20260913/native-live-1/build/Build/Intermediates.noindex/VisePanda.build/Debug-iphonesimulator/VisePanda.build/assetcatalog_output/thinned --thinned-dependencies /Users/jtcao/Library/Caches/visepanda/native-event-reconnect-20260913/native-live-1/build/Build/Intermediates.noindex/VisePanda.build/Debug-iphonesimulator/VisePanda.build/assetcatalog_dependencies_thinned --thinned-info-plist-content /Users/jtcao/Library/Caches/visepanda/native-event-reconnect-20260913/native-live-1/build/Build/Intermediates.noindex/VisePanda.build/Debug-iphonesimulator/VisePanda.build/assetcatalog_generated_info.plist_thinned --unthinned /Users/jtcao/Library/Caches/visepanda/native-event-reconnect-20260913/native-live-1/build/Build/Intermediates.noindex/VisePanda.build/Debug-iphonesimulator/VisePanda.build/assetcatalog_output/unthinned --unthinned-dependencies /Users/jtcao/Library/Caches/visepanda/native-event-reconnect-20260913/native-live-1/build/Build/Intermediates.noindex/VisePanda.build/Debug-iphonesimulator/VisePanda.build/assetcatalog_dependencies_unthinned --unthinned-info-plist-content /Users/jtcao/Library/Caches/visepanda/native-event-reconnect-20260913/native-live-1/build/Build/Intermediates.noindex/VisePanda.build/Debug-iphonesimulator/VisePanda.build/assetcatalog_generated_info.plist_unthinned --output /Users/jtcao/Library/Caches/visepanda/native-event-reconnect-20260913/native-live-1/build/Build/Products/Debug-iphonesimulator/VisePanda.app --plist-output /Users/jtcao/Library/Caches/visepanda/native-event-reconnect-20260913/native-live-1/build/Build/Intermediates.noindex/VisePanda.build/Debug-iphonesimulator/VisePanda.build/assetcatalog_generated_info.plist
note: Emplaced /Users/jtcao/Library/Caches/visepanda/native-event-reconnect-20260913/native-live-1/build/Build/Products/Debug-iphonesimulator/VisePanda.app/AppIcon76x76@2x~ipad.png (in target 'VisePanda' from project 'VisePanda')
note: Emplaced /Users/jtcao/Library/Caches/visepanda/native-event-reconnect-20260913/native-live-1/build/Build/Products/Debug-iphonesimulator/VisePanda.app/AppIcon60x60@2x.png (in target 'VisePanda' from project 'VisePanda')
note: Emplaced /Users/jtcao/Library/Caches/visepanda/native-event-reconnect-20260913/native-live-1/build/Build/Products/Debug-iphonesimulator/VisePanda.app/Assets.car (in target 'VisePanda' from project 'VisePanda')

SwiftCompile normal arm64 Compiling\ NativeTripStore.swift,\ NativeTripView.swift,\ NativeSession.swift,\ VisePandaApp.swift /Users/jtcao/Documents/VP-V4-S2-Claim-Coverage/ios/VisePanda/VisePanda/Features/Trip/NativeTripStore.swift /Users/jtcao/Documents/VP-V4-S2-Claim-Coverage/ios/VisePanda/VisePanda/Features/Trip/NativeTripView.swift /Users/jtcao/Documents/VP-V4-S2-Claim-Coverage/ios/VisePanda/VisePanda/App/NativeSession.swift /Users/jtcao/Documents/VP-V4-S2-Claim-Coverage/ios/VisePanda/VisePanda/App/VisePandaApp.swift (in target 'VisePanda' from project 'VisePanda')

SwiftCompile normal arm64 /Users/jtcao/Documents/VP-V4-S2-Claim-Coverage/ios/VisePanda/VisePanda/Features/Trip/NativeTripStore.swift (in target 'VisePanda' from project 'VisePanda')
    cd /Users/jtcao/Documents/VP-V4-S2-Claim-Coverage/ios/VisePanda
    

SwiftCompile normal arm64 /Users/jtcao/Documents/VP-V4-S2-Claim-Coverage/ios/VisePanda/VisePanda/Features/Trip/NativeTripView.swift (in target 'VisePanda' from project 'VisePanda')
    cd /Users/jtcao/Documents/VP-V4-S2-Claim-Coverage/ios/VisePanda
    

SwiftCompile normal arm64 /Users/jtcao/Documents/VP-V4-S2-Claim-Coverage/ios/VisePanda/VisePanda/App/NativeSession.swift (in target 'VisePanda' from project 'VisePanda')
    cd /Users/jtcao/Documents/VP-V4-S2-Claim-Coverage/ios/VisePanda
    

SwiftCompile normal arm64 /Users/jtcao/Documents/VP-V4-S2-Claim-Coverage/ios/VisePanda/VisePanda/App/VisePandaApp.swift (in target 'VisePanda' from project 'VisePanda')
    cd /Users/jtcao/Documents/VP-V4-S2-Claim-Coverage/ios/VisePanda
    

SwiftMergeGeneratedHeaders /Users/jtcao/Library/Caches/visepanda/native-event-reconnect-20260913/native-live-1/build/Build/Intermediates.noindex/VisePanda.build/Debug-iphonesimulator/VisePanda.build/DerivedSources/VisePanda-Swift.h /Users/jtcao/Library/Caches/visepanda/native-event-reconnect-20260913/native-live-1/build/Build/Intermediates.noindex/VisePanda.build/Debug-iphonesimulator/VisePanda.build/Objects-normal/arm64/VisePanda-Swift.h (in target 'VisePanda' from project 'VisePanda')
    cd /Users/jtcao/Documents/VP-V4-S2-Claim-Coverage/ios/VisePanda
    builtin-swiftHeaderTool -arch arm64 /Users/jtcao/Library/Caches/visepanda/native-event-reconnect-20260913/native-live-1/build/Build/Intermediates.noindex/VisePanda.build/Debug-iphonesimulator/VisePanda.build/Objects-normal/arm64/VisePanda-Swift.h -o /Users/jtcao/Library/Caches/visepanda/native-event-reconnect-20260913/native-live-1/build/Build/Intermediates.noindex/VisePanda.build/Debug-iphonesimulator/VisePanda.build/DerivedSources/VisePanda-Swift.h

SwiftDriverJobDiscovery normal arm64 Compiling ExploreView.swift, ProfileView.swift, GeneratedAssetSymbols.swift (in target 'VisePanda' from project 'VisePanda')

Copy /Users/jtcao/Library/Caches/visepanda/native-event-reconnect-20260913/native-live-1/build/Build/Products/Debug-iphonesimulator/VisePanda.swiftmodule/arm64-apple-ios-simulator.swiftmodule /Users/jtcao/Library/Caches/visepanda/native-event-reconnect-20260913/native-live-1/build/Build/Intermediates.noindex/VisePanda.build/Debug-iphonesimulator/VisePanda.build/Objects-normal/arm64/VisePanda.swiftmodule (in target 'VisePanda' from project 'VisePanda')
    cd /Users/jtcao/Documents/VP-V4-S2-Claim-Coverage/ios/VisePanda
    builtin-copy -exclude .DS_Store -exclude CVS -exclude .svn -exclude .git -exclude .hg -resolve-src-symlinks -rename /Users/jtcao/Library/Caches/visepanda/native-event-reconnect-20260913/native-live-1/build/Build/Intermediates.noindex/VisePanda.build/Debug-iphonesimulator/VisePanda.build/Objects-normal/arm64/VisePanda.swiftmodule /Users/jtcao/Library/Caches/visepanda/native-event-reconnect-20260913/native-live-1/build/Build/Products/Debug-iphonesimulator/VisePanda.swiftmodule/arm64-apple-ios-simulator.swiftmodule

Copy /Users/jtcao/Library/Caches/visepanda/native-event-reconnect-20260913/native-live-1/build/Build/Products/Debug-iphonesimulator/VisePanda.swiftmodule/arm64-apple-ios-simulator.swiftdoc /Users/jtcao/Library/Caches/visepanda/native-event-reconnect-20260913/native-live-1/build/Build/Intermediates.noindex/VisePanda.build/Debug-iphonesimulator/VisePanda.build/Objects-normal/arm64/VisePanda.swiftdoc (in target 'VisePanda' from project 'VisePanda')
    cd /Users/jtcao/Documents/VP-V4-S2-Claim-Coverage/ios/VisePanda
    builtin-copy -exclude .DS_Store -exclude CVS -exclude .svn -exclude .git -exclude .hg -resolve-src-symlinks -rename /Users/jtcao/Library/Caches/visepanda/native-event-reconnect-20260913/native-live-1/build/Build/Intermediates.noindex/VisePanda.build/Debug-iphonesimulator/VisePanda.build/Objects-normal/arm64/VisePanda.swiftdoc /Users/jtcao/Library/Caches/visepanda/native-event-reconnect-20260913/native-live-1/build/Build/Products/Debug-iphonesimulator/VisePanda.swiftmodule/arm64-apple-ios-simulator.swiftdoc

Copy /Users/jtcao/Library/Caches/visepanda/native-event-reconnect-20260913/native-live-1/build/Build/Products/Debug-iphonesimulator/VisePanda.swiftmodule/arm64-apple-ios-simulator.abi.json /Users/jtcao/Library/Caches/visepanda/native-event-reconnect-20260913/native-live-1/build/Build/Intermediates.noindex/VisePanda.build/Debug-iphonesimulator/VisePanda.build/Objects-normal/arm64/VisePanda.abi.json (in target 'VisePanda' from project 'VisePanda')
    cd /Users/jtcao/Documents/VP-V4-S2-Claim-Coverage/ios/VisePanda
    builtin-copy -exclude .DS_Store -exclude CVS -exclude .svn -exclude .git -exclude .hg -resolve-src-symlinks -rename /Users/jtcao/Library/Caches/visepanda/native-event-reconnect-20260913/native-live-1/build/Build/Intermediates.noindex/VisePanda.build/Debug-iphonesimulator/VisePanda.build/Objects-normal/arm64/VisePanda.abi.json /Users/jtcao/Library/Caches/visepanda/native-event-reconnect-20260913/native-live-1/build/Build/Products/Debug-iphonesimulator/VisePanda.swiftmodule/arm64-apple-ios-simulator.abi.json

Copy /Users/jtcao/Library/Caches/visepanda/native-event-reconnect-20260913/native-live-1/build/Build/Products/Debug-iphonesimulator/VisePanda.swiftmodule/Project/arm64-apple-ios-simulator.swiftsourceinfo /Users/jtcao/Library/Caches/visepanda/native-event-reconnect-20260913/native-live-1/build/Build/Intermediates.noindex/VisePanda.build/Debug-iphonesimulator/VisePanda.build/Objects-normal/arm64/VisePanda.swiftsourceinfo (in target 'VisePanda' from project 'VisePanda')
    cd /Users/jtcao/Documents/VP-V4-S2-Claim-Coverage/ios/VisePanda
    builtin-copy -exclude .DS_Store -exclude CVS -exclude .svn -exclude .git -exclude .hg -resolve-src-symlinks -rename /Users/jtcao/Library/Caches/visepanda/native-event-reconnect-20260913/native-live-1/build/Build/Intermediates.noindex/VisePanda.build/Debug-iphonesimulator/VisePanda.build/Objects-normal/arm64/VisePanda.swiftsourceinfo /Users/jtcao/Library/Caches/visepanda/native-event-reconnect-20260913/native-live-1/build/Build/Products/Debug-iphonesimulator/VisePanda.swiftmodule/Project/arm64-apple-ios-simulator.swiftsourceinfo

ProcessInfoPlistFile /Users/jtcao/Library/Caches/visepanda/native-event-reconnect-20260913/native-live-1/build/Build/Products/Debug-iphonesimulator/VisePanda.app/Info.plist /Users/jtcao/Documents/VP-V4-S2-Claim-Coverage/ios/VisePanda/VisePanda/NativeEnvironment.plist (in target 'VisePanda' from project 'VisePanda')
    cd /Users/jtcao/Documents/VP-V4-S2-Claim-Coverage/ios/VisePanda
    builtin-infoPlistUtility /Users/jtcao/Documents/VP-V4-S2-Claim-Coverage/ios/VisePanda/VisePanda/NativeEnvironment.plist -producttype com.apple.product-type.application -genpkginfo /Users/jtcao/Library/Caches/visepanda/native-event-reconnect-20260913/native-live-1/build/Build/Products/Debug-iphonesimulator/VisePanda.app/PkgInfo -expandbuildsettings -format binary -platform iphonesimulator -additionalcontentfile /Users/jtcao/Library/Caches/visepanda/native-event-reconnect-20260913/native-live-1/build/Build/Intermediates.noindex/VisePanda.build/Debug-iphonesimulator/VisePanda.build/assetcatalog_generated_info.plist -o /Users/jtcao/Library/Caches/visepanda/native-event-reconnect-20260913/native-live-1/build/Build/Products/Debug-iphonesimulator/VisePanda.app/Info.plist

SwiftDriverJobDiscovery normal arm64 Compiling TodayView.swift, AskView.swift, TripView.swift (in target 'VisePanda' from project 'VisePanda')

SwiftDriverJobDiscovery normal arm64 Compiling BrandHeader.swift, PreviewStatusBanner.swift, CapabilityCard.swift (in target 'VisePanda' from project 'VisePanda')

SwiftDriverJobDiscovery normal arm64 Compiling AppSettings.swift, AppShellView.swift, AppTab.swift (in target 'VisePanda' from project 'VisePanda')

SwiftDriverJobDiscovery normal arm64 Compiling AppRoute.swift, Capability.swift, VisePandaTheme.swift (in target 'VisePanda' from project 'VisePanda')

ProcessProductPackaging "" /Users/jtcao/Library/Caches/visepanda/native-event-reconnect-20260913/native-live-1/build/Build/Intermediates.noindex/VisePanda.build/Debug-iphonesimulator/VisePandaUITests.build/VisePandaUITests.xctest-Simulated.xcent (in target 'VisePandaUITests' from project 'VisePanda')
    cd /Users/jtcao/Documents/VP-V4-S2-Claim-Coverage/ios/VisePanda
    
    Entitlements:
    
    {
    "application-identifier" = "NLD68762GG.space.go2china.VisePandaUITests.xctrunner";
    "keychain-access-groups" =     (
        "NLD68762GG.space.go2china.VisePandaUITests.xctrunner"
    );
}
    
    builtin-productPackagingUtility -entitlements -format xml -o /Users/jtcao/Library/Caches/visepanda/native-event-reconnect-20260913/native-live-1/build/Build/Intermediates.noindex/VisePanda.build/Debug-iphonesimulator/VisePandaUITests.build/VisePandaUITests.xctest-Simulated.xcent

SwiftDriver VisePandaTests normal arm64 com.apple.xcode.tools.swift.compiler (in target 'VisePandaTests' from project 'VisePanda')
    cd /Users/jtcao/Documents/VP-V4-S2-Claim-Coverage/ios/VisePanda
    builtin-SwiftDriver -- /Applications/Xcode.app/Contents/Developer/Toolchains/XcodeDefault.xctoolchain/usr/bin/swiftc -module-name VisePandaTests -Onone @/Users/jtcao/Library/Caches/visepanda/native-event-reconnect-20260913/native-live-1/build/Build/Intermediates.noindex/VisePanda.build/Debug-iphonesimulator/VisePandaTests.build/Objects-normal/arm64/VisePandaTests.SwiftFileList -DDEBUG -plugin-path /Applications/Xcode.app/Contents/Developer/Toolchains/XcodeDefault.xctoolchain/usr/lib/swift/host/plugins/testing -default-isolation\=MainActor -enable-upcoming-feature InferIsolatedConformances -enable-upcoming-feature NonisolatedNonsendingByDefault -enable-experimental-feature DebugDescriptionMacro -sdk /Applications/Xcode.app/Contents/Developer/Platforms/iPhoneSimulator.platform/Developer/SDKs/iPhoneSimulator26.5.sdk -target arm64-apple-ios17.0-simulator -g -module-cache-path /Users/jtcao/Library/Caches/visepanda/native-event-reconnect-20260913/native-live-1/build/ModuleCache.noindex -Xfrontend -serialize-debugging-options -enable-testing -index-store-path /Users/jtcao/Library/Caches/visepanda/native-event-reconnect-20260913/native-live-1/build/Index.noindex/DataStore -Xcc -D_LIBCPP_HARDENING_MODE\=_LIBCPP_HARDENING_MODE_DEBUG -swift-version 6 -I /Users/jtcao/Library/Caches/visepanda/native-event-reconnect-20260913/native-live-1/build/Build/Products/Debug-iphonesimulator -Isystem /Applications/Xcode.app/Contents/Developer/Platforms/iPhoneSimulator.platform/Developer/usr/lib -F /Users/jtcao/Library/Caches/visepanda/native-event-reconnect-20260913/native-live-1/build/Build/Products/Debug-iphonesimulator -F /Applications/Xcode.app/Contents/Developer/Platforms/iPhoneSimulator.platform/Developer/Library/Frameworks -F /Applications/Xcode.app/Contents/Developer/Platforms/iPhoneSimulator.platform/Developer/SDKs/iPhoneSimulator26.5.sdk/Developer/Library/Frameworks -c -j8 -enable-batch-mode -incremental -Xcc -ivfsstatcache -Xcc /Users/jtcao/Library/Caches/visepanda/native-event-reconnect-20260913/native-live-1/build/SDKStatCaches.noindex/iphonesimulator26.5-23F81a-6cfe768891a92b912361537c460fe42b.sdkstatcache -output-file-map /Users/jtcao/Library/Caches/visepanda/native-event-reconnect-20260913/native-live-1/build/Build/Intermediates.noindex/VisePanda.build/Debug-iphonesimulator/VisePandaTests.build/Objects-normal/arm64/VisePandaTests-OutputFileMap.json -use-frontend-parseable-output -save-temps -no-color-diagnostics -explicit-module-build -module-cache-path /Users/jtcao/Library/Caches/visepanda/native-event-reconnect-20260913/native-live-1/build/Build/Intermediates.noindex/SwiftExplicitPrecompiledModules -clang-scanner-module-cache-path /Users/jtcao/Library/Caches/visepanda/native-event-reconnect-20260913/native-live-1/build/ModuleCache.noindex -sdk-module-cache-path /Users/jtcao/Library/Caches/visepanda/native-event-reconnect-20260913/native-live-1/build/ModuleCache.noindex -serialize-diagnostics -emit-dependencies -emit-module -emit-module-path /Users/jtcao/Library/Caches/visepanda/native-event-reconnect-20260913/native-live-1/build/Build/Intermediates.noindex/VisePanda.build/Debug-iphonesimulator/VisePandaTests.build/Objects-normal/arm64/VisePandaTests.swiftmodule -validate-clang-modules-once -clang-build-session-file /Users/jtcao/Library/Caches/visepanda/native-event-reconnect-20260913/native-live-1/build/ModuleCache.noindex/Session.modulevalidation -Xcc -I/Users/jtcao/Library/Caches/visepanda/native-event-reconnect-20260913/native-live-1/build/Build/Intermediates.noindex/VisePanda.build/Debug-iphonesimulator/VisePandaTests.build/swift-overrides.hmap -emit-const-values -Xfrontend -const-gather-protocols-file -Xfrontend /Users/jtcao/Library/Caches/visepanda/native-event-reconnect-20260913/native-live-1/build/Build/Intermediates.noindex/VisePanda.build/Debug-iphonesimulator/VisePandaTests.build/Objects-normal/arm64/VisePandaTests_const_extract_protocols.json -Xcc -iquote -Xcc /Users/jtcao/Library/Caches/visepanda/native-event-reconnect-20260913/native-live-1/build/Build/Intermediates.noindex/VisePanda.build/Debug-iphonesimulator/VisePandaTests.build/VisePandaTests-generated-files.hmap -Xcc -I/Users/jtcao/Library/Caches/visepanda/native-event-reconnect-20260913/native-live-1/build/Build/Intermediates.noindex/VisePanda.build/Debug-iphonesimulator/VisePandaTests.build/VisePandaTests-own-target-headers.hmap -Xcc -I/Users/jtcao/Library/Caches/visepanda/native-event-reconnect-20260913/native-live-1/build/Build/Intermediates.noindex/VisePanda.build/Debug-iphonesimulator/VisePandaTests.build/VisePandaTests-all-target-headers.hmap -Xcc -iquote -Xcc /Users/jtcao/Library/Caches/visepanda/native-event-reconnect-20260913/native-live-1/build/Build/Intermediates.noindex/VisePanda.build/Debug-iphonesimulator/VisePandaTests.build/VisePandaTests-project-headers.hmap -Xcc -I/Users/jtcao/Library/Caches/visepanda/native-event-reconnect-20260913/native-live-1/build/Build/Products/Debug-iphonesimulator/include -Xcc -I/Users/jtcao/Library/Caches/visepanda/native-event-reconnect-20260913/native-live-1/build/Build/Intermediates.noindex/VisePanda.build/Debug-iphonesimulator/VisePandaTests.build/DerivedSources-normal/arm64 -Xcc -I/Users/jtcao/Library/Caches/visepanda/native-event-reconnect-20260913/native-live-1/build/Build/Intermediates.noindex/VisePanda.build/Debug-iphonesimulator/VisePandaTests.build/DerivedSources/arm64 -Xcc -I/Users/jtcao/Library/Caches/visepanda/native-event-reconnect-20260913/native-live-1/build/Build/Intermediates.noindex/VisePanda.build/Debug-iphonesimulator/VisePandaTests.build/DerivedSources -emit-objc-header -emit-objc-header-path /Users/jtcao/Library/Caches/visepanda/native-event-reconnect-20260913/native-live-1/build/Build/Intermediates.noindex/VisePanda.build/Debug-iphonesimulator/VisePandaTests.build/Objects-normal/arm64/VisePandaTests-Swift.h -working-directory /Users/jtcao/Documents/VP-V4-S2-Claim-Coverage/ios/VisePanda -experimental-emit-module-separately -disable-cmo

ProcessProductPackagingDER /Users/jtcao/Library/Caches/visepanda/native-event-reconnect-20260913/native-live-1/build/Build/Intermediates.noindex/VisePanda.build/Debug-iphonesimulator/VisePandaUITests.build/VisePandaUITests.xctest-Simulated.xcent /Users/jtcao/Library/Caches/visepanda/native-event-reconnect-20260913/native-live-1/build/Build/Intermediates.noindex/VisePanda.build/Debug-iphonesimulator/VisePandaUITests.build/VisePandaUITests.xctest-Simulated.xcent.der (in target 'VisePandaUITests' from project 'VisePanda')
    cd /Users/jtcao/Documents/VP-V4-S2-Claim-Coverage/ios/VisePanda
    /usr/bin/derq query -f xml -i /Users/jtcao/Library/Caches/visepanda/native-event-reconnect-20260913/native-live-1/build/Build/Intermediates.noindex/VisePanda.build/Debug-iphonesimulator/VisePandaUITests.build/VisePandaUITests.xctest-Simulated.xcent -o /Users/jtcao/Library/Caches/visepanda/native-event-reconnect-20260913/native-live-1/build/Build/Intermediates.noindex/VisePanda.build/Debug-iphonesimulator/VisePandaUITests.build/VisePandaUITests.xctest-Simulated.xcent.der --raw

SwiftDriver VisePandaUITests normal arm64 com.apple.xcode.tools.swift.compiler (in target 'VisePandaUITests' from project 'VisePanda')
    cd /Users/jtcao/Documents/VP-V4-S2-Claim-Coverage/ios/VisePanda
    builtin-SwiftDriver -- /Applications/Xcode.app/Contents/Developer/Toolchains/XcodeDefault.xctoolchain/usr/bin/swiftc -module-name VisePandaUITests -Onone @/Users/jtcao/Library/Caches/visepanda/native-event-reconnect-20260913/native-live-1/build/Build/Intermediates.noindex/VisePanda.build/Debug-iphonesimulator/VisePandaUITests.build/Objects-normal/arm64/VisePandaUITests.SwiftFileList -DDEBUG -module-alias Testing\=_Testing_Unavailable -plugin-path /Applications/Xcode.app/Contents/Developer/Toolchains/XcodeDefault.xctoolchain/usr/lib/swift/host/plugins/testing -enable-experimental-feature DebugDescriptionMacro -sdk /Applications/Xcode.app/Contents/Developer/Platforms/iPhoneSimulator.platform/Developer/SDKs/iPhoneSimulator26.5.sdk -target arm64-apple-ios17.0-simulator -g -module-cache-path /Users/jtcao/Library/Caches/visepanda/native-event-reconnect-20260913/native-live-1/build/ModuleCache.noindex -Xfrontend -serialize-debugging-options -enable-testing -index-store-path /Users/jtcao/Library/Caches/visepanda/native-event-reconnect-20260913/native-live-1/build/Index.noindex/DataStore -Xcc -D_LIBCPP_HARDENING_MODE\=_LIBCPP_HARDENING_MODE_DEBUG -swift-version 6 -I /Users/jtcao/Library/Caches/visepanda/native-event-reconnect-20260913/native-live-1/build/Build/Products/Debug-iphonesimulator -Isystem /Applications/Xcode.app/Contents/Developer/Platforms/iPhoneSimulator.platform/Developer/usr/lib -F /Users/jtcao/Library/Caches/visepanda/native-event-reconnect-20260913/native-live-1/build/Build/Products/Debug-iphonesimulator -F /Applications/Xcode.app/Contents/Developer/Platforms/iPhoneSimulator.platform/Developer/Library/Frameworks -F /Applications/Xcode.app/Contents/Developer/Platforms/iPhoneSimulator.platform/Developer/SDKs/iPhoneSimulator26.5.sdk/Developer/Library/Frameworks -c -j8 -enable-batch-mode -incremental -Xcc -ivfsstatcache -Xcc /Users/jtcao/Library/Caches/visepanda/native-event-reconnect-20260913/native-live-1/build/SDKStatCaches.noindex/iphonesimulator26.5-23F81a-6cfe768891a92b912361537c460fe42b.sdkstatcache -output-file-map /Users/jtcao/Library/Caches/visepanda/native-event-reconnect-20260913/native-live-1/build/Build/Intermediates.noindex/VisePanda.build/Debug-iphonesimulator/VisePandaUITests.build/Objects-normal/arm64/VisePandaUITests-OutputFileMap.json -use-frontend-parseable-output -save-temps -no-color-diagnostics -explicit-module-build -module-cache-path /Users/jtcao/Library/Caches/visepanda/native-event-reconnect-20260913/native-live-1/build/Build/Intermediates.noindex/SwiftExplicitPrecompiledModules -clang-scanner-module-cache-path /Users/jtcao/Library/Caches/visepanda/native-event-reconnect-20260913/native-live-1/build/ModuleCache.noindex -sdk-module-cache-path /Users/jtcao/Library/Caches/visepanda/native-event-reconnect-20260913/native-live-1/build/ModuleCache.noindex -serialize-diagnostics -emit-dependencies -emit-module -emit-module-path /Users/jtcao/Library/Caches/visepanda/native-event-reconnect-20260913/native-live-1/build/Build/Intermediates.noindex/VisePanda.build/Debug-iphonesimulator/VisePandaUITests.build/Objects-normal/arm64/VisePandaUITests.swiftmodule -validate-clang-modules-once -clang-build-session-file /Users/jtcao/Library/Caches/visepanda/native-event-reconnect-20260913/native-live-1/build/ModuleCache.noindex/Session.modulevalidation -Xcc -I/Users/jtcao/Library/Caches/visepanda/native-event-reconnect-20260913/native-live-1/build/Build/Intermediates.noindex/VisePanda.build/Debug-iphonesimulator/VisePandaUITests.build/swift-overrides.hmap -emit-const-values -Xfrontend -const-gather-protocols-file -Xfrontend /Users/jtcao/Library/Caches/visepanda/native-event-reconnect-20260913/native-live-1/build/Build/Intermediates.noindex/VisePanda.build/Debug-iphonesimulator/VisePandaUITests.build/Objects-normal/arm64/VisePandaUITests_const_extract_protocols.json -Xcc -iquote -Xcc /Users/jtcao/Library/Caches/visepanda/native-event-reconnect-20260913/native-live-1/build/Build/Intermediates.noindex/VisePanda.build/Debug-iphonesimulator/VisePandaUITests.build/VisePandaUITests-generated-files.hmap -Xcc -I/Users/jtcao/Library/Caches/visepanda/native-event-reconnect-20260913/native-live-1/build/Build/Intermediates.noindex/VisePanda.build/Debug-iphonesimulator/VisePandaUITests.build/VisePandaUITests-own-target-headers.hmap -Xcc -I/Users/jtcao/Library/Caches/visepanda/native-event-reconnect-20260913/native-live-1/build/Build/Intermediates.noindex/VisePanda.build/Debug-iphonesimulator/VisePandaUITests.build/VisePandaUITests-all-target-headers.hmap -Xcc -iquote -Xcc /Users/jtcao/Library/Caches/visepanda/native-event-reconnect-20260913/native-live-1/build/Build/Intermediates.noindex/VisePanda.build/Debug-iphonesimulator/VisePandaUITests.build/VisePandaUITests-project-headers.hmap -Xcc -I/Users/jtcao/Library/Caches/visepanda/native-event-reconnect-20260913/native-live-1/build/Build/Products/Debug-iphonesimulator/include -Xcc -I/Users/jtcao/Library/Caches/visepanda/native-event-reconnect-20260913/native-live-1/build/Build/Intermediates.noindex/VisePanda.build/Debug-iphonesimulator/VisePandaUITests.build/DerivedSources-normal/arm64 -Xcc -I/Users/jtcao/Library/Caches/visepanda/native-event-reconnect-20260913/native-live-1/build/Build/Intermediates.noindex/VisePanda.build/Debug-iphonesimulator/VisePandaUITests.build/DerivedSources/arm64 -Xcc -I/Users/jtcao/Library/Caches/visepanda/native-event-reconnect-20260913/native-live-1/build/Build/Intermediates.noindex/VisePanda.build/Debug-iphonesimulator/VisePandaUITests.build/DerivedSources -emit-objc-header -emit-objc-header-path /Users/jtcao/Library/Caches/visepanda/native-event-reconnect-20260913/native-live-1/build/Build/Intermediates.noindex/VisePanda.build/Debug-iphonesimulator/VisePandaUITests.build/Objects-normal/arm64/VisePandaUITests-Swift.h -working-directory /Users/jtcao/Documents/VP-V4-S2-Claim-Coverage/ios/VisePanda -experimental-emit-module-separately -disable-cmo

SwiftDriverJobDiscovery normal arm64 Compiling NativeAskEvents.swift, NativeKnowledgeModels.swift, NativeKnowledgeStore.swift, NativeKnowledgeView.swift (in target 'VisePanda' from project 'VisePanda')

SwiftExplicitDependencyGeneratePcm arm64 /Users/jtcao/Library/Caches/visepanda/native-event-reconnect-20260913/native-live-1/build/Build/Intermediates.noindex/SwiftExplicitPrecompiledModules/XCUIAutomation-1AS36GCZSUX4WH7XIVYTORK5V.pcm

SwiftExplicitDependencyCompileModuleFromInterface arm64 /Users/jtcao/Library/Caches/visepanda/native-event-reconnect-20260913/native-live-1/build/Build/Intermediates.noindex/SwiftExplicitPrecompiledModules/Testing-S2QI2R61ZVTA.swiftmodule

SwiftExplicitDependencyGeneratePcm arm64 /Users/jtcao/Library/Caches/visepanda/native-event-reconnect-20260913/native-live-1/build/Build/Intermediates.noindex/SwiftExplicitPrecompiledModules/XCTest-4J5ZEFMCZTKBQR1ONBRT1ICGW.pcm

SwiftExplicitDependencyCompileModuleFromInterface arm64 /Users/jtcao/Library/Caches/visepanda/native-event-reconnect-20260913/native-live-1/build/Build/Intermediates.noindex/SwiftExplicitPrecompiledModules/XCUIAutomation-3MJF4I0QP8OFF.swiftmodule

SwiftExplicitDependencyCompileModuleFromInterface arm64 /Users/jtcao/Library/Caches/visepanda/native-event-reconnect-20260913/native-live-1/build/Build/Intermediates.noindex/SwiftExplicitPrecompiledModules/XCTest-KDX2H491XOVA.swiftmodule

SwiftExplicitDependencyCompileModuleFromInterface arm64 /Users/jtcao/Library/Caches/visepanda/native-event-reconnect-20260913/native-live-1/build/Build/Intermediates.noindex/SwiftExplicitPrecompiledModules/_Testing_Foundation-16F214VNC7UNC.swiftmodule

SwiftCompile normal arm64 Compiling\ AppShellUITests.swift /Users/jtcao/Documents/VP-V4-S2-Claim-Coverage/ios/VisePanda/VisePandaUITests/AppShellUITests.swift (in target 'VisePandaUITests' from project 'VisePanda')

SwiftCompile normal arm64 /Users/jtcao/Documents/VP-V4-S2-Claim-Coverage/ios/VisePanda/VisePandaUITests/AppShellUITests.swift (in target 'VisePandaUITests' from project 'VisePanda')
    cd /Users/jtcao/Documents/VP-V4-S2-Claim-Coverage/ios/VisePanda
    

SwiftEmitModule normal arm64 Emitting\ module\ for\ VisePandaUITests (in target 'VisePandaUITests' from project 'VisePanda')

EmitSwiftModule normal arm64 (in target 'VisePandaUITests' from project 'VisePanda')
    cd /Users/jtcao/Documents/VP-V4-S2-Claim-Coverage/ios/VisePanda
    

SwiftEmitModule normal arm64 Emitting\ module\ for\ VisePandaTests (in target 'VisePandaTests' from project 'VisePanda')

EmitSwiftModule normal arm64 (in target 'VisePandaTests' from project 'VisePanda')
    cd /Users/jtcao/Documents/VP-V4-S2-Claim-Coverage/ios/VisePanda
    

SwiftCompile normal arm64 Compiling\ NativeAskIntegrationTests.swift /Users/jtcao/Documents/VP-V4-S2-Claim-Coverage/ios/VisePanda/VisePandaTests/NativeAskIntegrationTests.swift (in target 'VisePandaTests' from project 'VisePanda')
Failed frontend command:
/Applications/Xcode.app/Contents/Developer/Toolchains/XcodeDefault.xctoolchain/usr/bin/swift-frontend -frontend -c /Users/jtcao/Documents/VP-V4-S2-Claim-Coverage/ios/VisePanda/VisePandaTests/NativeKnowledgeTests.swift /Users/jtcao/Documents/VP-V4-S2-Claim-Coverage/ios/VisePanda/VisePandaTests/NativeAskPersistenceTests.swift /Users/jtcao/Documents/VP-V4-S2-Claim-Coverage/ios/VisePanda/VisePandaTests/NativeAskStateTests.swift -primary-file /Users/jtcao/Documents/VP-V4-S2-Claim-Coverage/ios/VisePanda/VisePandaTests/NativeAskIntegrationTests.swift /Users/jtcao/Documents/VP-V4-S2-Claim-Coverage/ios/VisePanda/VisePandaTests/NativeTripIntegrationTests.swift /Users/jtcao/Documents/VP-V4-S2-Claim-Coverage/ios/VisePanda/VisePandaTests/NativeTripStateTests.swift /Users/jtcao/Documents/VP-V4-S2-Claim-Coverage/ios/VisePanda/VisePandaTests/AppNavigationContractTests.swift /Users/jtcao/Documents/VP-V4-S2-Claim-Coverage/ios/VisePanda/VisePandaTests/NativeSessionIntegrationTests.swift -emit-dependencies-path /Users/jtcao/Library/Caches/visepanda/native-event-reconnect-20260913/native-live-1/build/Build/Intermediates.noindex/VisePanda.build/Debug-iphonesimulator/VisePandaTests.build/Objects-normal/arm64/NativeAskIntegrationTests.d -emit-const-values-path /Users/jtcao/Library/Caches/visepanda/native-event-reconnect-20260913/native-live-1/build/Build/Intermediates.noindex/VisePanda.build/Debug-iphonesimulator/VisePandaTests.build/Objects-normal/arm64/NativeAskIntegrationTests.swiftconstvalues -emit-reference-dependencies-path /Users/jtcao/Library/Caches/visepanda/native-event-reconnect-20260913/native-live-1/build/Build/Intermediates.noindex/VisePanda.build/Debug-iphonesimulator/VisePandaTests.build/Objects-normal/arm64/NativeAskIntegrationTests.swiftdeps -serialize-diagnostics-path /Users/jtcao/Library/Caches/visepanda/native-event-reconnect-20260913/native-live-1/build/Build/Intermediates.noindex/VisePanda.build/Debug-iphonesimulator/VisePandaTests.build/Objects-normal/arm64/NativeAskIntegrationTests.dia -target arm64-apple-ios17.0-simulator -disable-cross-import-overlay-search -swift-module-cross-import Testing /Applications/Xcode.app/Contents/Developer/Platforms/iPhoneSimulator.platform/Developer/Library/Frameworks/Testing.framework/Modules/Testing.swiftcrossimport/CoreGraphics.swiftoverlay -swift-module-cross-import Testing /Applications/Xcode.app/Contents/Developer/Platforms/iPhoneSimulator.platform/Developer/Library/Frameworks/Testing.framework/Modules/Testing.swiftcrossimport/CoreImage.swiftoverlay -swift-module-cross-import Testing /Applications/Xcode.app/Contents/Developer/Platforms/iPhoneSimulator.platform/Developer/Library/Frameworks/Testing.framework/Modules/Testing.swiftcrossimport/Foundation.swiftoverlay -swift-module-cross-import Testing /Applications/Xcode.app/Contents/Developer/Platforms/iPhoneSimulator.platform/Developer/Library/Frameworks/Testing.framework/Modules/Testing.swiftcrossimport/UIKit.swiftoverlay -load-resolved-plugin /Applications/Xcode.app/Contents/Developer/Platforms/iPhoneOS.platform/Developer/usr/lib/swift/host/plugins/libFoundationMacros.dylib\#/Applications/Xcode.app/Contents/Developer/Platforms/iPhoneOS.platform/Developer/usr/bin/swift-plugin-server\#FoundationMacros -load-resolved-plugin /Applications/Xcode.app/Contents/Developer/Platforms/iPhoneOS.platform/Developer/usr/lib/swift/host/plugins/libObservationMacros.dylib\#/Applications/Xcode.app/Contents/Developer/Platforms/iPhoneOS.platform/Developer/usr/bin/swift-plugin-server\#ObservationMacros -load-resolved-plugin /Applications/Xcode.app/Contents/Developer/Platforms/iPhoneOS.platform/Developer/usr/lib/swift/host/plugins/libPreviewsMacros.dylib\#/Applications/Xcode.app/Contents/Developer/Platforms/iPhoneOS.platform/Developer/usr/bin/swift-plugin-server\#PreviewsMacros -load-resolved-plugin /Applications/Xcode.app/Contents/Developer/Platforms/iPhoneOS.platform/Developer/usr/lib/swift/host/plugins/libSwiftMacros.dylib\#/Applications/Xcode.app/Contents/Developer/Platforms/iPhoneOS.platform/Developer/usr/bin/swift-plugin-server\#SwiftMacros -load-resolved-plugin /Applications/Xcode.app/Contents/Developer/Platforms/iPhoneOS.platform/Developer/usr/lib/swift/host/plugins/libSwiftUIMacros.dylib\#/Applications/Xcode.app/Contents/Developer/Platforms/iPhoneOS.platform/Developer/usr/bin/swift-plugin-server\#SwiftUIMacros -load-resolved-plugin /Applications/Xcode.app/Contents/Developer/Toolchains/XcodeDefault.xctoolchain/usr/lib/swift/host/plugins/testing/libTestingMacros.dylib\#\#TestingMacros -disable-implicit-swift-modules -Xcc -fno-implicit-modules -Xcc -fno-implicit-module-maps -explicit-swift-module-map-file /Users/jtcao/Library/Caches/visepanda/native-event-reconnect-20260913/native-live-1/build/Build/Intermediates.noindex/VisePanda.build/Debug-iphonesimulator/VisePandaTests.build/Objects-normal/arm64/VisePandaTests-dependencies-1.json -debug-module-path /Users/jtcao/Library/Caches/visepanda/native-event-reconnect-20260913/native-live-1/build/Build/Intermediates.noindex/VisePanda.build/Debug-iphonesimulator/VisePandaTests.build/Objects-normal/arm64/VisePandaTests.swiftmodule -Xllvm -aarch64-use-tbi -enable-objc-interop -sdk /Applications/Xcode.app/Contents/Developer/Platforms/iPhoneSimulator.platform/Developer/SDKs/iPhoneSimulator26.5.sdk -I /Users/jtcao/Library/Caches/visepanda/native-event-reconnect-20260913/native-live-1/build/Build/Products/Debug-iphonesimulator -Isystem /Applications/Xcode.app/Contents/Developer/Platforms/iPhoneSimulator.platform/Developer/usr/lib -F /Users/jtcao/Library/Caches/visepanda/native-event-reconnect-20260913/native-live-1/build/Build/Products/Debug-iphonesimulator -F /Applications/Xcode.app/Contents/Developer/Platforms/iPhoneSimulator.platform/Developer/Library/Frameworks -F /Applications/Xcode.app/Contents/Developer/Platforms/iPhoneSimulator.platform/Developer/SDKs/iPhoneSimulator26.5.sdk/Developer/Library/Frameworks -no-color-diagnostics -Xcc -fno-color-diagnostics -enable-testing -g -debug-info-format\=dwarf -dwarf-version\=4 -module-cache-path /Users/jtcao/Library/Caches/visepanda/native-event-reconnect-20260913/native-live-1/build/Build/Intermediates.noindex/SwiftExplicitPrecompiledModules -swift-version 6 -Onone -D DEBUG -serialize-debugging-options -const-gather-protocols-file /Users/jtcao/Library/Caches/visepanda/native-event-reconnect-20260913/native-live-1/build/Build/Intermediates.noindex/VisePanda.build/Debug-iphonesimulator/VisePandaTests.build/Objects-normal/arm64/VisePandaTests_const_extract_protocols.json -enable-upcoming-feature InferIsolatedConformances -enable-upcoming-feature NonisolatedNonsendingByDefault -enable-experimental-feature DebugDescriptionMacro -default-isolation\=MainActor -empty-abi-descriptor -validate-clang-modules-once -clang-build-session-file /Users/jtcao/Library/Caches/visepanda/native-event-reconnect-20260913/native-live-1/build/ModuleCache.noindex/Session.modulevalidation -Xcc -working-directory -Xcc /Users/jtcao/Documents/VP-V4-S2-Claim-Coverage/ios/VisePanda -enable-anonymous-context-mangled-names -file-compilation-dir /Users/jtcao/Documents/VP-V4-S2-Claim-Coverage/ios/VisePanda -Xcc -D_LIBCPP_HARDENING_MODE\=_LIBCPP_HARDENING_MODE_DEBUG -Xcc -ivfsstatcache -Xcc /Users/jtcao/Library/Caches/visepanda/native-event-reconnect-20260913/native-live-1/build/SDKStatCaches.noindex/iphonesimulator26.5-23F81a-6cfe768891a92b912361537c460fe42b.sdkstatcache -Xcc -I/Users/jtcao/Library/Caches/visepanda/native-event-reconnect-20260913/native-live-1/build/Build/Intermediates.noindex/VisePanda.build/Debug-iphonesimulator/VisePandaTests.build/swift-overrides.hmap -Xcc -iquote -Xcc /Users/jtcao/Library/Caches/visepanda/native-event-reconnect-20260913/native-live-1/build/Build/Intermediates.noindex/VisePanda.build/Debug-iphonesimulator/VisePandaTests.build/VisePandaTests-generated-files.hmap -Xcc -I/Users/jtcao/Library/Caches/visepanda/native-event-reconnect-20260913/native-live-1/build/Build/Intermediates.noindex/VisePanda.build/Debug-iphonesimulator/VisePandaTests.build/VisePandaTests-own-target-headers.hmap -Xcc -I/Users/jtcao/Library/Caches/visepanda/native-event-reconnect-20260913/native-live-1/build/Build/Intermediates.noindex/VisePanda.build/Debug-iphonesimulator/VisePandaTests.build/VisePandaTests-all-target-headers.hmap -Xcc -iquote -Xcc /Users/jtcao/Library/Caches/visepanda/native-event-reconnect-20260913/native-live-1/build/Build/Intermediates.noindex/VisePanda.build/Debug-iphonesimulator/VisePandaTests.build/VisePandaTests-project-headers.hmap -Xcc -I/Users/jtcao/Library/Caches/visepanda/native-event-reconnect-20260913/native-live-1/build/Build/Products/Debug-iphonesimulator/include -Xcc -I/Users/jtcao/Library/Caches/visepanda/native-event-reconnect-20260913/native-live-1/build/Build/Intermediates.noindex/VisePanda.build/Debug-iphonesimulator/VisePandaTests.build/DerivedSources-normal/arm64 -Xcc -I/Users/jtcao/Library/Caches/visepanda/native-event-reconnect-20260913/native-live-1/build/Build/Intermediates.noindex/VisePanda.build/Debug-iphonesimulator/VisePandaTests.build/DerivedSources/arm64 -Xcc -I/Users/jtcao/Library/Caches/visepanda/native-event-reconnect-20260913/native-live-1/build/Build/Intermediates.noindex/VisePanda.build/Debug-iphonesimulator/VisePandaTests.build/DerivedSources -no-auto-bridging-header-chaining -module-name VisePandaTests -frontend-parseable-output -disable-clang-spi -clang-target arm64-apple-ios26.5-simulator -target-sdk-version 26.5 -target-sdk-name iphonesimulator26.5 -in-process-plugin-server-path /Applications/Xcode.app/Contents/Developer/Toolchains/XcodeDefault.xctoolchain/usr/lib/swift/host/libSwiftInProcPluginServer.dylib -o /Users/jtcao/Library/Caches/visepanda/native-event-reconnect-20260913/native-live-1/build/Build/Intermediates.noindex/VisePanda.build/Debug-iphonesimulator/VisePandaTests.build/Objects-normal/arm64/NativeAskIntegrationTests.o -index-unit-output-path /VisePanda.build/Debug-iphonesimulator/VisePandaTests.build/Objects-normal/arm64/NativeAskIntegrationTests.o -index-store-path /Users/jtcao/Library/Caches/visepanda/native-event-reconnect-20260913/native-live-1/build/Index.noindex/DataStore -index-system-modules

SwiftCompile normal arm64 /Users/jtcao/Documents/VP-V4-S2-Claim-Coverage/ios/VisePanda/VisePandaTests/NativeAskIntegrationTests.swift (in target 'VisePandaTests' from project 'VisePanda')
    cd /Users/jtcao/Documents/VP-V4-S2-Claim-Coverage/ios/VisePanda
    
/Users/jtcao/Documents/VP-V4-S2-Claim-Coverage/ios/VisePanda/VisePandaTests/NativeAskIntegrationTests.swift:42:35: error: sending 'self' risks causing data races
        async let release: Void = releaseHeld(control)
                                  ^~~~~~~~~~~~~~~~~~~~
/Users/jtcao/Documents/VP-V4-S2-Claim-Coverage/ios/VisePanda/VisePandaTests/NativeAskIntegrationTests.swift:42:35: note: sending main actor-isolated 'self' into async let risks causing data races between nonisolated and main actor-isolated uses
        async let release: Void = releaseHeld(control)
                                  ^

SwiftCompile normal arm64 Compiling\ NativeIdentityUITests.swift /Users/jtcao/Documents/VP-V4-S2-Claim-Coverage/ios/VisePanda/VisePandaUITests/NativeIdentityUITests.swift (in target 'VisePandaUITests' from project 'VisePanda')

SwiftCompile normal arm64 /Users/jtcao/Documents/VP-V4-S2-Claim-Coverage/ios/VisePanda/VisePandaUITests/NativeIdentityUITests.swift (in target 'VisePandaUITests' from project 'VisePanda')
    cd /Users/jtcao/Documents/VP-V4-S2-Claim-Coverage/ios/VisePanda
    

SwiftCompile normal arm64 Compiling\ NativeAskStateTests.swift /Users/jtcao/Documents/VP-V4-S2-Claim-Coverage/ios/VisePanda/VisePandaTests/NativeAskStateTests.swift (in target 'VisePandaTests' from project 'VisePanda')
SwiftCompile normal arm64 /Users/jtcao/Documents/VP-V4-S2-Claim-Coverage/ios/VisePanda/VisePandaTests/NativeAskStateTests.swift (in target 'VisePandaTests' from project 'VisePanda')
    cd /Users/jtcao/Documents/VP-V4-S2-Claim-Coverage/ios/VisePanda
    

SwiftCompile normal arm64 Compiling\ NativeAskUITests.swift /Users/jtcao/Documents/VP-V4-S2-Claim-Coverage/ios/VisePanda/VisePandaUITests/NativeAskUITests.swift (in target 'VisePandaUITests' from project 'VisePanda')

SwiftCompile normal arm64 /Users/jtcao/Documents/VP-V4-S2-Claim-Coverage/ios/VisePanda/VisePandaUITests/NativeAskUITests.swift (in target 'VisePandaUITests' from project 'VisePanda')
    cd /Users/jtcao/Documents/VP-V4-S2-Claim-Coverage/ios/VisePanda
    

SwiftDriverJobDiscovery normal arm64 Emitting module for VisePandaUITests (in target 'VisePandaUITests' from project 'VisePanda')

SwiftDriver\ Compilation\ Requirements VisePandaUITests normal arm64 com.apple.xcode.tools.swift.compiler (in target 'VisePandaUITests' from project 'VisePanda')
    cd /Users/jtcao/Documents/VP-V4-S2-Claim-Coverage/ios/VisePanda
    builtin-Swift-Compilation-Requirements -- /Applications/Xcode.app/Contents/Developer/Toolchains/XcodeDefault.xctoolchain/usr/bin/swiftc -module-name VisePandaUITests -Onone @/Users/jtcao/Library/Caches/visepanda/native-event-reconnect-20260913/native-live-1/build/Build/Intermediates.noindex/VisePanda.build/Debug-iphonesimulator/VisePandaUITests.build/Objects-normal/arm64/VisePandaUITests.SwiftFileList -DDEBUG -module-alias Testing\=_Testing_Unavailable -plugin-path /Applications/Xcode.app/Contents/Developer/Toolchains/XcodeDefault.xctoolchain/usr/lib/swift/host/plugins/testing -enable-experimental-feature DebugDescriptionMacro -sdk /Applications/Xcode.app/Contents/Developer/Platforms/iPhoneSimulator.platform/Developer/SDKs/iPhoneSimulator26.5.sdk -target arm64-apple-ios17.0-simulator -g -module-cache-path /Users/jtcao/Library/Caches/visepanda/native-event-reconnect-20260913/native-live-1/build/ModuleCache.noindex -Xfrontend -serialize-debugging-options -enable-testing -index-store-path /Users/jtcao/Library/Caches/visepanda/native-event-reconnect-20260913/native-live-1/build/Index.noindex/DataStore -Xcc -D_LIBCPP_HARDENING_MODE\=_LIBCPP_HARDENING_MODE_DEBUG -swift-version 6 -I /Users/jtcao/Library/Caches/visepanda/native-event-reconnect-20260913/native-live-1/build/Build/Products/Debug-iphonesimulator -Isystem /Applications/Xcode.app/Contents/Developer/Platforms/iPhoneSimulator.platform/Developer/usr/lib -F /Users/jtcao/Library/Caches/visepanda/native-event-reconnect-20260913/native-live-1/build/Build/Products/Debug-iphonesimulator -F /Applications/Xcode.app/Contents/Developer/Platforms/iPhoneSimulator.platform/Developer/Library/Frameworks -F /Applications/Xcode.app/Contents/Developer/Platforms/iPhoneSimulator.platform/Developer/SDKs/iPhoneSimulator26.5.sdk/Developer/Library/Frameworks -c -j8 -enable-batch-mode -incremental -Xcc -ivfsstatcache -Xcc /Users/jtcao/Library/Caches/visepanda/native-event-reconnect-20260913/native-live-1/build/SDKStatCaches.noindex/iphonesimulator26.5-23F81a-6cfe768891a92b912361537c460fe42b.sdkstatcache -output-file-map /Users/jtcao/Library/Caches/visepanda/native-event-reconnect-20260913/native-live-1/build/Build/Intermediates.noindex/VisePanda.build/Debug-iphonesimulator/VisePandaUITests.build/Objects-normal/arm64/VisePandaUITests-OutputFileMap.json -use-frontend-parseable-output -save-temps -no-color-diagnostics -explicit-module-build -module-cache-path /Users/jtcao/Library/Caches/visepanda/native-event-reconnect-20260913/native-live-1/build/Build/Intermediates.noindex/SwiftExplicitPrecompiledModules -clang-scanner-module-cache-path /Users/jtcao/Library/Caches/visepanda/native-event-reconnect-20260913/native-live-1/build/ModuleCache.noindex -sdk-module-cache-path /Users/jtcao/Library/Caches/visepanda/native-event-reconnect-20260913/native-live-1/build/ModuleCache.noindex -serialize-diagnostics -emit-dependencies -emit-module -emit-module-path /Users/jtcao/Library/Caches/visepanda/native-event-reconnect-20260913/native-live-1/build/Build/Intermediates.noindex/VisePanda.build/Debug-iphonesimulator/VisePandaUITests.build/Objects-normal/arm64/VisePandaUITests.swiftmodule -validate-clang-modules-once -clang-build-session-file /Users/jtcao/Library/Caches/visepanda/native-event-reconnect-20260913/native-live-1/build/ModuleCache.noindex/Session.modulevalidation -Xcc -I/Users/jtcao/Library/Caches/visepanda/native-event-reconnect-20260913/native-live-1/build/Build/Intermediates.noindex/VisePanda.build/Debug-iphonesimulator/VisePandaUITests.build/swift-overrides.hmap -emit-const-values -Xfrontend -const-gather-protocols-file -Xfrontend /Users/jtcao/Library/Caches/visepanda/native-event-reconnect-20260913/native-live-1/build/Build/Intermediates.noindex/VisePanda.build/Debug-iphonesimulator/VisePandaUITests.build/Objects-normal/arm64/VisePandaUITests_const_extract_protocols.json -Xcc -iquote -Xcc /Users/jtcao/Library/Caches/visepanda/native-event-reconnect-20260913/native-live-1/build/Build/Intermediates.noindex/VisePanda.build/Debug-iphonesimulator/VisePandaUITests.build/VisePandaUITests-generated-files.hmap -Xcc -I/Users/jtcao/Library/Caches/visepanda/native-event-reconnect-20260913/native-live-1/build/Build/Intermediates.noindex/VisePanda.build/Debug-iphonesimulator/VisePandaUITests.build/VisePandaUITests-own-target-headers.hmap -Xcc -I/Users/jtcao/Library/Caches/visepanda/native-event-reconnect-20260913/native-live-1/build/Build/Intermediates.noindex/VisePanda.build/Debug-iphonesimulator/VisePandaUITests.build/VisePandaUITests-all-target-headers.hmap -Xcc -iquote -Xcc /Users/jtcao/Library/Caches/visepanda/native-event-reconnect-20260913/native-live-1/build/Build/Intermediates.noindex/VisePanda.build/Debug-iphonesimulator/VisePandaUITests.build/VisePandaUITests-project-headers.hmap -Xcc -I/Users/jtcao/Library/Caches/visepanda/native-event-reconnect-20260913/native-live-1/build/Build/Products/Debug-iphonesimulator/include -Xcc -I/Users/jtcao/Library/Caches/visepanda/native-event-reconnect-20260913/native-live-1/build/Build/Intermediates.noindex/VisePanda.build/Debug-iphonesimulator/VisePandaUITests.build/DerivedSources-normal/arm64 -Xcc -I/Users/jtcao/Library/Caches/visepanda/native-event-reconnect-20260913/native-live-1/build/Build/Intermediates.noindex/VisePanda.build/Debug-iphonesimulator/VisePandaUITests.build/DerivedSources/arm64 -Xcc -I/Users/jtcao/Library/Caches/visepanda/native-event-reconnect-20260913/native-live-1/build/Build/Intermediates.noindex/VisePanda.build/Debug-iphonesimulator/VisePandaUITests.build/DerivedSources -emit-objc-header -emit-objc-header-path /Users/jtcao/Library/Caches/visepanda/native-event-reconnect-20260913/native-live-1/build/Build/Intermediates.noindex/VisePanda.build/Debug-iphonesimulator/VisePandaUITests.build/Objects-normal/arm64/VisePandaUITests-Swift.h -working-directory /Users/jtcao/Documents/VP-V4-S2-Claim-Coverage/ios/VisePanda -experimental-emit-module-separately -disable-cmo

SwiftDriverJobDiscovery normal arm64 Emitting module for VisePandaTests (in target 'VisePandaTests' from project 'VisePanda')

SwiftDriver\ Compilation\ Requirements VisePandaTests normal arm64 com.apple.xcode.tools.swift.compiler (in target 'VisePandaTests' from project 'VisePanda')
    cd /Users/jtcao/Documents/VP-V4-S2-Claim-Coverage/ios/VisePanda
    builtin-Swift-Compilation-Requirements -- /Applications/Xcode.app/Contents/Developer/Toolchains/XcodeDefault.xctoolchain/usr/bin/swiftc -module-name VisePandaTests -Onone @/Users/jtcao/Library/Caches/visepanda/native-event-reconnect-20260913/native-live-1/build/Build/Intermediates.noindex/VisePanda.build/Debug-iphonesimulator/VisePandaTests.build/Objects-normal/arm64/VisePandaTests.SwiftFileList -DDEBUG -plugin-path /Applications/Xcode.app/Contents/Developer/Toolchains/XcodeDefault.xctoolchain/usr/lib/swift/host/plugins/testing -default-isolation\=MainActor -enable-upcoming-feature InferIsolatedConformances -enable-upcoming-feature NonisolatedNonsendingByDefault -enable-experimental-feature DebugDescriptionMacro -sdk /Applications/Xcode.app/Contents/Developer/Platforms/iPhoneSimulator.platform/Developer/SDKs/iPhoneSimulator26.5.sdk -target arm64-apple-ios17.0-simulator -g -module-cache-path /Users/jtcao/Library/Caches/visepanda/native-event-reconnect-20260913/native-live-1/build/ModuleCache.noindex -Xfrontend -serialize-debugging-options -enable-testing -index-store-path /Users/jtcao/Library/Caches/visepanda/native-event-reconnect-20260913/native-live-1/build/Index.noindex/DataStore -Xcc -D_LIBCPP_HARDENING_MODE\=_LIBCPP_HARDENING_MODE_DEBUG -swift-version 6 -I /Users/jtcao/Library/Caches/visepanda/native-event-reconnect-20260913/native-live-1/build/Build/Products/Debug-iphonesimulator -Isystem /Applications/Xcode.app/Contents/Developer/Platforms/iPhoneSimulator.platform/Developer/usr/lib -F /Users/jtcao/Library/Caches/visepanda/native-event-reconnect-20260913/native-live-1/build/Build/Products/Debug-iphonesimulator -F /Applications/Xcode.app/Contents/Developer/Platforms/iPhoneSimulator.platform/Developer/Library/Frameworks -F /Applications/Xcode.app/Contents/Developer/Platforms/iPhoneSimulator.platform/Developer/SDKs/iPhoneSimulator26.5.sdk/Developer/Library/Frameworks -c -j8 -enable-batch-mode -incremental -Xcc -ivfsstatcache -Xcc /Users/jtcao/Library/Caches/visepanda/native-event-reconnect-20260913/native-live-1/build/SDKStatCaches.noindex/iphonesimulator26.5-23F81a-6cfe768891a92b912361537c460fe42b.sdkstatcache -output-file-map /Users/jtcao/Library/Caches/visepanda/native-event-reconnect-20260913/native-live-1/build/Build/Intermediates.noindex/VisePanda.build/Debug-iphonesimulator/VisePandaTests.build/Objects-normal/arm64/VisePandaTests-OutputFileMap.json -use-frontend-parseable-output -save-temps -no-color-diagnostics -explicit-module-build -module-cache-path /Users/jtcao/Library/Caches/visepanda/native-event-reconnect-20260913/native-live-1/build/Build/Intermediates.noindex/SwiftExplicitPrecompiledModules -clang-scanner-module-cache-path /Users/jtcao/Library/Caches/visepanda/native-event-reconnect-20260913/native-live-1/build/ModuleCache.noindex -sdk-module-cache-path /Users/jtcao/Library/Caches/visepanda/native-event-reconnect-20260913/native-live-1/build/ModuleCache.noindex -serialize-diagnostics -emit-dependencies -emit-module -emit-module-path /Users/jtcao/Library/Caches/visepanda/native-event-reconnect-20260913/native-live-1/build/Build/Intermediates.noindex/VisePanda.build/Debug-iphonesimulator/VisePandaTests.build/Objects-normal/arm64/VisePandaTests.swiftmodule -validate-clang-modules-once -clang-build-session-file /Users/jtcao/Library/Caches/visepanda/native-event-reconnect-20260913/native-live-1/build/ModuleCache.noindex/Session.modulevalidation -Xcc -I/Users/jtcao/Library/Caches/visepanda/native-event-reconnect-20260913/native-live-1/build/Build/Intermediates.noindex/VisePanda.build/Debug-iphonesimulator/VisePandaTests.build/swift-overrides.hmap -emit-const-values -Xfrontend -const-gather-protocols-file -Xfrontend /Users/jtcao/Library/Caches/visepanda/native-event-reconnect-20260913/native-live-1/build/Build/Intermediates.noindex/VisePanda.build/Debug-iphonesimulator/VisePandaTests.build/Objects-normal/arm64/VisePandaTests_const_extract_protocols.json -Xcc -iquote -Xcc /Users/jtcao/Library/Caches/visepanda/native-event-reconnect-20260913/native-live-1/build/Build/Intermediates.noindex/VisePanda.build/Debug-iphonesimulator/VisePandaTests.build/VisePandaTests-generated-files.hmap -Xcc -I/Users/jtcao/Library/Caches/visepanda/native-event-reconnect-20260913/native-live-1/build/Build/Intermediates.noindex/VisePanda.build/Debug-iphonesimulator/VisePandaTests.build/VisePandaTests-own-target-headers.hmap -Xcc -I/Users/jtcao/Library/Caches/visepanda/native-event-reconnect-20260913/native-live-1/build/Build/Intermediates.noindex/VisePanda.build/Debug-iphonesimulator/VisePandaTests.build/VisePandaTests-all-target-headers.hmap -Xcc -iquote -Xcc /Users/jtcao/Library/Caches/visepanda/native-event-reconnect-20260913/native-live-1/build/Build/Intermediates.noindex/VisePanda.build/Debug-iphonesimulator/VisePandaTests.build/VisePandaTests-project-headers.hmap -Xcc -I/Users/jtcao/Library/Caches/visepanda/native-event-reconnect-20260913/native-live-1/build/Build/Products/Debug-iphonesimulator/include -Xcc -I/Users/jtcao/Library/Caches/visepanda/native-event-reconnect-20260913/native-live-1/build/Build/Intermediates.noindex/VisePanda.build/Debug-iphonesimulator/VisePandaTests.build/DerivedSources-normal/arm64 -Xcc -I/Users/jtcao/Library/Caches/visepanda/native-event-reconnect-20260913/native-live-1/build/Build/Intermediates.noindex/VisePanda.build/Debug-iphonesimulator/VisePandaTests.build/DerivedSources/arm64 -Xcc -I/Users/jtcao/Library/Caches/visepanda/native-event-reconnect-20260913/native-live-1/build/Build/Intermediates.noindex/VisePanda.build/Debug-iphonesimulator/VisePandaTests.build/DerivedSources -emit-objc-header -emit-objc-header-path /Users/jtcao/Library/Caches/visepanda/native-event-reconnect-20260913/native-live-1/build/Build/Intermediates.noindex/VisePanda.build/Debug-iphonesimulator/VisePandaTests.build/Objects-normal/arm64/VisePandaTests-Swift.h -working-directory /Users/jtcao/Documents/VP-V4-S2-Claim-Coverage/ios/VisePanda -experimental-emit-module-separately -disable-cmo

SwiftCompile normal arm64 Compiling\ NativeKnowledgeUITests.swift /Users/jtcao/Documents/VP-V4-S2-Claim-Coverage/ios/VisePanda/VisePandaUITests/NativeKnowledgeUITests.swift (in target 'VisePandaUITests' from project 'VisePanda')

SwiftCompile normal arm64 /Users/jtcao/Documents/VP-V4-S2-Claim-Coverage/ios/VisePanda/VisePandaUITests/NativeKnowledgeUITests.swift (in target 'VisePandaUITests' from project 'VisePanda')
    cd /Users/jtcao/Documents/VP-V4-S2-Claim-Coverage/ios/VisePanda
    

SwiftDriverJobDiscovery normal arm64 Compiling NativeIdentityUITests.swift (in target 'VisePandaUITests' from project 'VisePanda')

SwiftCompile normal arm64 Compiling\ NativeTripUITests.swift /Users/jtcao/Documents/VP-V4-S2-Claim-Coverage/ios/VisePanda/VisePandaUITests/NativeTripUITests.swift (in target 'VisePandaUITests' from project 'VisePanda')

SwiftCompile normal arm64 /Users/jtcao/Documents/VP-V4-S2-Claim-Coverage/ios/VisePanda/VisePandaUITests/NativeTripUITests.swift (in target 'VisePandaUITests' from project 'VisePanda')
    cd /Users/jtcao/Documents/VP-V4-S2-Claim-Coverage/ios/VisePanda
    

SwiftMergeGeneratedHeaders /Users/jtcao/Library/Caches/visepanda/native-event-reconnect-20260913/native-live-1/build/Build/Intermediates.noindex/VisePanda.build/Debug-iphonesimulator/VisePandaUITests.build/DerivedSources/VisePandaUITests-Swift.h /Users/jtcao/Library/Caches/visepanda/native-event-reconnect-20260913/native-live-1/build/Build/Intermediates.noindex/VisePanda.build/Debug-iphonesimulator/VisePandaUITests.build/Objects-normal/arm64/VisePandaUITests-Swift.h (in target 'VisePandaUITests' from project 'VisePanda')
    cd /Users/jtcao/Documents/VP-V4-S2-Claim-Coverage/ios/VisePanda
    builtin-swiftHeaderTool -arch arm64 /Users/jtcao/Library/Caches/visepanda/native-event-reconnect-20260913/native-live-1/build/Build/Intermediates.noindex/VisePanda.build/Debug-iphonesimulator/VisePandaUITests.build/Objects-normal/arm64/VisePandaUITests-Swift.h -o /Users/jtcao/Library/Caches/visepanda/native-event-reconnect-20260913/native-live-1/build/Build/Intermediates.noindex/VisePanda.build/Debug-iphonesimulator/VisePandaUITests.build/DerivedSources/VisePandaUITests-Swift.h

** TEST BUILD FAILED **


The following build commands failed:
	SwiftCompile normal arm64 Compiling\ NativeAskIntegrationTests.swift /Users/jtcao/Documents/VP-V4-S2-Claim-Coverage/ios/VisePanda/VisePandaTests/NativeAskIntegrationTests.swift (in target 'VisePandaTests' from project 'VisePanda')
	SwiftCompile normal arm64 /Users/jtcao/Documents/VP-V4-S2-Claim-Coverage/ios/VisePanda/VisePandaTests/NativeAskIntegrationTests.swift (in target 'VisePandaTests' from project 'VisePanda')
	Building project VisePanda for testing with scheme VisePanda
(3 failures)
