Command line invocation:
    /Applications/Xcode.app/Contents/Developer/usr/bin/xcodebuild build-for-testing -project ios/VisePanda/VisePanda.xcodeproj -scheme VisePanda -destination "platform=iOS Simulator,id=EB511BC6-4141-40D3-A669-364E1CAA5167" -derivedDataPath /Users/jtcao/Library/Caches/visepanda/native-event-reconnect-20260913/native-live-2/build CODE_SIGNING_ALLOWED=YES CODE_SIGNING_REQUIRED=YES CODE_SIGN_IDENTITY=-

Build settings from command line:
    CODE_SIGN_IDENTITY = -
    CODE_SIGNING_ALLOWED = YES
    CODE_SIGNING_REQUIRED = YES

note: Using codesigning identity override: -
ComputePackagePrebuildTargetDependencyGraph

Prepare packages

CreateBuildRequest

SendProjectDescription

CreateBuildOperation

ComputeTargetDependencyGraph
note: Building targets in dependency order
note: Target dependency graph (3 targets)
    Target 'VisePandaUITests' in project 'VisePanda'
        ➜ Explicit dependency on target 'VisePanda' in project 'VisePanda'
    Target 'VisePandaTests' in project 'VisePanda'
        ➜ Explicit dependency on target 'VisePanda' in project 'VisePanda'
    Target 'VisePanda' in project 'VisePanda' (no dependencies)

GatherProvisioningInputs

CreateBuildDescription

ExecuteExternalTool /Applications/Xcode.app/Contents/Developer/usr/bin/xcstringstool compile --dry-run --output-directory /Users/jtcao/Library/Caches/visepanda/native-event-reconnect-20260913/native-live-2/build/Build/Intermediates.noindex/VisePanda.build/Debug-iphonesimulator/VisePanda.build /Users/jtcao/Documents/VP-V4-S2-Claim-Coverage/ios/VisePanda/VisePanda/Resources/Localizable.xcstrings

ExecuteExternalTool /Applications/Xcode.app/Contents/Developer/Toolchains/XcodeDefault.xctoolchain/usr/bin/swiftc --version

ExecuteExternalTool /Applications/Xcode.app/Contents/Developer/usr/bin/actool --print-asset-tag-combinations --output-format xml1 /Users/jtcao/Documents/VP-V4-S2-Claim-Coverage/ios/VisePanda/VisePanda/Resources/Assets.xcassets

ExecuteExternalTool /Applications/Xcode.app/Contents/Developer/Toolchains/XcodeDefault.xctoolchain/usr/bin/clang -v -E -dM -isysroot /Applications/Xcode.app/Contents/Developer/Platforms/iPhoneSimulator.platform/Developer/SDKs/iPhoneSimulator26.5.sdk -x c -c /dev/null

ExecuteExternalTool /Applications/Xcode.app/Contents/Developer/usr/bin/actool --version --output-format xml1

ExecuteExternalTool /Applications/Xcode.app/Contents/Developer/Toolchains/XcodeDefault.xctoolchain/usr/bin/ld -version_details

Build description signature: 753e79ee6a2625145cfba7d5f54b7abd
Build description path: /Users/jtcao/Library/Caches/visepanda/native-event-reconnect-20260913/native-live-2/build/Build/Intermediates.noindex/XCBuildData/753e79ee6a2625145cfba7d5f54b7abd.xcbuilddata
ClangStatCache /Applications/Xcode.app/Contents/Developer/Toolchains/XcodeDefault.xctoolchain/usr/bin/clang-stat-cache /Applications/Xcode.app/Contents/Developer/Platforms/iPhoneSimulator.platform/Developer/SDKs/iPhoneSimulator26.5.sdk /Users/jtcao/Library/Caches/visepanda/native-event-reconnect-20260913/native-live-2/build/SDKStatCaches.noindex/iphonesimulator26.5-23F81a-6cfe768891a92b912361537c460fe42b.sdkstatcache
    cd /Users/jtcao/Documents/VP-V4-S2-Claim-Coverage/ios/VisePanda/VisePanda.xcodeproj
    /Applications/Xcode.app/Contents/Developer/Toolchains/XcodeDefault.xctoolchain/usr/bin/clang-stat-cache /Applications/Xcode.app/Contents/Developer/Platforms/iPhoneSimulator.platform/Developer/SDKs/iPhoneSimulator26.5.sdk -o /Users/jtcao/Library/Caches/visepanda/native-event-reconnect-20260913/native-live-2/build/SDKStatCaches.noindex/iphonesimulator26.5-23F81a-6cfe768891a92b912361537c460fe42b.sdkstatcache

CreateBuildDirectory /Users/jtcao/Library/Caches/visepanda/native-event-reconnect-20260913/native-live-2/build/Build/Products
    cd /Users/jtcao/Documents/VP-V4-S2-Claim-Coverage/ios/VisePanda/VisePanda.xcodeproj
    builtin-create-build-directory /Users/jtcao/Library/Caches/visepanda/native-event-reconnect-20260913/native-live-2/build/Build/Products

CreateBuildDirectory /Users/jtcao/Library/Caches/visepanda/native-event-reconnect-20260913/native-live-2/build/Build/Intermediates.noindex
    cd /Users/jtcao/Documents/VP-V4-S2-Claim-Coverage/ios/VisePanda/VisePanda.xcodeproj
    builtin-create-build-directory /Users/jtcao/Library/Caches/visepanda/native-event-reconnect-20260913/native-live-2/build/Build/Intermediates.noindex

CreateBuildDirectory /Users/jtcao/Library/Caches/visepanda/native-event-reconnect-20260913/native-live-2/build/Build/Intermediates.noindex/SwiftExplicitPrecompiledModules
    cd /Users/jtcao/Documents/VP-V4-S2-Claim-Coverage/ios/VisePanda/VisePanda.xcodeproj
    builtin-create-build-directory /Users/jtcao/Library/Caches/visepanda/native-event-reconnect-20260913/native-live-2/build/Build/Intermediates.noindex/SwiftExplicitPrecompiledModules

CreateBuildDirectory /Users/jtcao/Library/Caches/visepanda/native-event-reconnect-20260913/native-live-2/build/Build/Intermediates.noindex/ExplicitPrecompiledModules
    cd /Users/jtcao/Documents/VP-V4-S2-Claim-Coverage/ios/VisePanda/VisePanda.xcodeproj
    builtin-create-build-directory /Users/jtcao/Library/Caches/visepanda/native-event-reconnect-20260913/native-live-2/build/Build/Intermediates.noindex/ExplicitPrecompiledModules

WriteAuxiliaryFile /Users/jtcao/Library/Caches/visepanda/native-event-reconnect-20260913/native-live-2/build/Build/Intermediates.noindex/VisePanda.build/Debug-iphonesimulator/VisePanda-97c7769df369d917a11b704107fd7f24-VFS-iphonesimulator/all-product-headers.yaml
    cd /Users/jtcao/Documents/VP-V4-S2-Claim-Coverage/ios/VisePanda/VisePanda.xcodeproj
    write-file /Users/jtcao/Library/Caches/visepanda/native-event-reconnect-20260913/native-live-2/build/Build/Intermediates.noindex/VisePanda.build/Debug-iphonesimulator/VisePanda-97c7769df369d917a11b704107fd7f24-VFS-iphonesimulator/all-product-headers.yaml

CreateBuildDirectory /Users/jtcao/Library/Caches/visepanda/native-event-reconnect-20260913/native-live-2/build/Build/Products/Debug-iphonesimulator
    cd /Users/jtcao/Documents/VP-V4-S2-Claim-Coverage/ios/VisePanda/VisePanda.xcodeproj
    builtin-create-build-directory /Users/jtcao/Library/Caches/visepanda/native-event-reconnect-20260913/native-live-2/build/Build/Products/Debug-iphonesimulator

CreateBuildDirectory /Users/jtcao/Library/Caches/visepanda/native-event-reconnect-20260913/native-live-2/build/Build/Intermediates.noindex/EagerLinkingTBDs/Debug-iphonesimulator
    cd /Users/jtcao/Documents/VP-V4-S2-Claim-Coverage/ios/VisePanda/VisePanda.xcodeproj
    builtin-create-build-directory /Users/jtcao/Library/Caches/visepanda/native-event-reconnect-20260913/native-live-2/build/Build/Intermediates.noindex/EagerLinkingTBDs/Debug-iphonesimulator

WriteAuxiliaryFile /Users/jtcao/Library/Caches/visepanda/native-event-reconnect-20260913/native-live-2/build/Build/Intermediates.noindex/VisePanda.build/Debug-iphonesimulator/VisePanda.build/VisePanda-all-non-framework-target-headers.hmap (in target 'VisePanda' from project 'VisePanda')
    cd /Users/jtcao/Documents/VP-V4-S2-Claim-Coverage/ios/VisePanda
    write-file /Users/jtcao/Library/Caches/visepanda/native-event-reconnect-20260913/native-live-2/build/Build/Intermediates.noindex/VisePanda.build/Debug-iphonesimulator/VisePanda.build/VisePanda-all-non-framework-target-headers.hmap

WriteAuxiliaryFile /Users/jtcao/Library/Caches/visepanda/native-event-reconnect-20260913/native-live-2/build/Build/Intermediates.noindex/VisePanda.build/Debug-iphonesimulator/VisePanda.build/VisePanda.hmap (in target 'VisePanda' from project 'VisePanda')
    cd /Users/jtcao/Documents/VP-V4-S2-Claim-Coverage/ios/VisePanda
    write-file /Users/jtcao/Library/Caches/visepanda/native-event-reconnect-20260913/native-live-2/build/Build/Intermediates.noindex/VisePanda.build/Debug-iphonesimulator/VisePanda.build/VisePanda.hmap

WriteAuxiliaryFile /Users/jtcao/Library/Caches/visepanda/native-event-reconnect-20260913/native-live-2/build/Build/Intermediates.noindex/VisePanda.build/Debug-iphonesimulator/VisePanda.build/VisePanda-project-headers.hmap (in target 'VisePanda' from project 'VisePanda')
    cd /Users/jtcao/Documents/VP-V4-S2-Claim-Coverage/ios/VisePanda
    write-file /Users/jtcao/Library/Caches/visepanda/native-event-reconnect-20260913/native-live-2/build/Build/Intermediates.noindex/VisePanda.build/Debug-iphonesimulator/VisePanda.build/VisePanda-project-headers.hmap

WriteAuxiliaryFile /Users/jtcao/Library/Caches/visepanda/native-event-reconnect-20260913/native-live-2/build/Build/Intermediates.noindex/VisePanda.build/Debug-iphonesimulator/VisePandaUITests.build/empty-VisePandaUITests.plist (in target 'VisePandaUITests' from project 'VisePanda')
    cd /Users/jtcao/Documents/VP-V4-S2-Claim-Coverage/ios/VisePanda
    write-file /Users/jtcao/Library/Caches/visepanda/native-event-reconnect-20260913/native-live-2/build/Build/Intermediates.noindex/VisePanda.build/Debug-iphonesimulator/VisePandaUITests.build/empty-VisePandaUITests.plist

WriteAuxiliaryFile /Users/jtcao/Library/Caches/visepanda/native-event-reconnect-20260913/native-live-2/build/Build/Intermediates.noindex/VisePanda.build/Debug-iphonesimulator/VisePandaUITests.build/VisePandaUITests.DependencyStaticMetadataFileList (in target 'VisePandaUITests' from project 'VisePanda')
    cd /Users/jtcao/Documents/VP-V4-S2-Claim-Coverage/ios/VisePanda
    write-file /Users/jtcao/Library/Caches/visepanda/native-event-reconnect-20260913/native-live-2/build/Build/Intermediates.noindex/VisePanda.build/Debug-iphonesimulator/VisePandaUITests.build/VisePandaUITests.DependencyStaticMetadataFileList

WriteAuxiliaryFile /Users/jtcao/Library/Caches/visepanda/native-event-reconnect-20260913/native-live-2/build/Build/Intermediates.noindex/VisePanda.build/Debug-iphonesimulator/VisePanda.build/DerivedSources/Entitlements-Simulated.plist (in target 'VisePanda' from project 'VisePanda')
    cd /Users/jtcao/Documents/VP-V4-S2-Claim-Coverage/ios/VisePanda
    write-file /Users/jtcao/Library/Caches/visepanda/native-event-reconnect-20260913/native-live-2/build/Build/Intermediates.noindex/VisePanda.build/Debug-iphonesimulator/VisePanda.build/DerivedSources/Entitlements-Simulated.plist

WriteAuxiliaryFile /Users/jtcao/Library/Caches/visepanda/native-event-reconnect-20260913/native-live-2/build/Build/Intermediates.noindex/VisePanda.build/Debug-iphonesimulator/VisePandaUITests.build/VisePandaUITests.hmap (in target 'VisePandaUITests' from project 'VisePanda')
    cd /Users/jtcao/Documents/VP-V4-S2-Claim-Coverage/ios/VisePanda
    write-file /Users/jtcao/Library/Caches/visepanda/native-event-reconnect-20260913/native-live-2/build/Build/Intermediates.noindex/VisePanda.build/Debug-iphonesimulator/VisePandaUITests.build/VisePandaUITests.hmap

WriteAuxiliaryFile /Users/jtcao/Library/Caches/visepanda/native-event-reconnect-20260913/native-live-2/build/Build/Intermediates.noindex/VisePanda.build/Debug-iphonesimulator/VisePandaUITests.build/VisePandaUITests.DependencyMetadataFileList (in target 'VisePandaUITests' from project 'VisePanda')
    cd /Users/jtcao/Documents/VP-V4-S2-Claim-Coverage/ios/VisePanda
    write-file /Users/jtcao/Library/Caches/visepanda/native-event-reconnect-20260913/native-live-2/build/Build/Intermediates.noindex/VisePanda.build/Debug-iphonesimulator/VisePandaUITests.build/VisePandaUITests.DependencyMetadataFileList

WriteAuxiliaryFile /Users/jtcao/Library/Caches/visepanda/native-event-reconnect-20260913/native-live-2/build/Build/Intermediates.noindex/VisePanda.build/Debug-iphonesimulator/VisePandaUITests.build/VisePandaUITests-project-headers.hmap (in target 'VisePandaUITests' from project 'VisePanda')
    cd /Users/jtcao/Documents/VP-V4-S2-Claim-Coverage/ios/VisePanda
    write-file /Users/jtcao/Library/Caches/visepanda/native-event-reconnect-20260913/native-live-2/build/Build/Intermediates.noindex/VisePanda.build/Debug-iphonesimulator/VisePandaUITests.build/VisePandaUITests-project-headers.hmap

WriteAuxiliaryFile /Users/jtcao/Library/Caches/visepanda/native-event-reconnect-20260913/native-live-2/build/Build/Intermediates.noindex/VisePanda.build/Debug-iphonesimulator/VisePandaUITests.build/VisePandaUITests-own-target-headers.hmap (in target 'VisePandaUITests' from project 'VisePanda')
    cd /Users/jtcao/Documents/VP-V4-S2-Claim-Coverage/ios/VisePanda
    write-file /Users/jtcao/Library/Caches/visepanda/native-event-reconnect-20260913/native-live-2/build/Build/Intermediates.noindex/VisePanda.build/Debug-iphonesimulator/VisePandaUITests.build/VisePandaUITests-own-target-headers.hmap

WriteAuxiliaryFile /Users/jtcao/Library/Caches/visepanda/native-event-reconnect-20260913/native-live-2/build/Build/Intermediates.noindex/VisePanda.build/Debug-iphonesimulator/VisePandaUITests.build/VisePandaUITests-all-target-headers.hmap (in target 'VisePandaUITests' from project 'VisePanda')
    cd /Users/jtcao/Documents/VP-V4-S2-Claim-Coverage/ios/VisePanda
    write-file /Users/jtcao/Library/Caches/visepanda/native-event-reconnect-20260913/native-live-2/build/Build/Intermediates.noindex/VisePanda.build/Debug-iphonesimulator/VisePandaUITests.build/VisePandaUITests-all-target-headers.hmap

WriteAuxiliaryFile /Users/jtcao/Library/Caches/visepanda/native-event-reconnect-20260913/native-live-2/build/Build/Intermediates.noindex/VisePanda.build/Debug-iphonesimulator/VisePandaUITests.build/VisePandaUITests-generated-files.hmap (in target 'VisePandaUITests' from project 'VisePanda')
    cd /Users/jtcao/Documents/VP-V4-S2-Claim-Coverage/ios/VisePanda
    write-file /Users/jtcao/Library/Caches/visepanda/native-event-reconnect-20260913/native-live-2/build/Build/Intermediates.noindex/VisePanda.build/Debug-iphonesimulator/VisePandaUITests.build/VisePandaUITests-generated-files.hmap

WriteAuxiliaryFile /Users/jtcao/Library/Caches/visepanda/native-event-reconnect-20260913/native-live-2/build/Build/Intermediates.noindex/VisePanda.build/Debug-iphonesimulator/VisePandaUITests.build/VisePandaUITests-all-non-framework-target-headers.hmap (in target 'VisePandaUITests' from project 'VisePanda')
    cd /Users/jtcao/Documents/VP-V4-S2-Claim-Coverage/ios/VisePanda
    write-file /Users/jtcao/Library/Caches/visepanda/native-event-reconnect-20260913/native-live-2/build/Build/Intermediates.noindex/VisePanda.build/Debug-iphonesimulator/VisePandaUITests.build/VisePandaUITests-all-non-framework-target-headers.hmap

WriteAuxiliaryFile /Users/jtcao/Library/Caches/visepanda/native-event-reconnect-20260913/native-live-2/build/Build/Intermediates.noindex/VisePanda.build/Debug-iphonesimulator/VisePandaUITests.build/ProductTypeInfoPlistAdditions.plist (in target 'VisePandaUITests' from project 'VisePanda')
    cd /Users/jtcao/Documents/VP-V4-S2-Claim-Coverage/ios/VisePanda
    write-file /Users/jtcao/Library/Caches/visepanda/native-event-reconnect-20260913/native-live-2/build/Build/Intermediates.noindex/VisePanda.build/Debug-iphonesimulator/VisePandaUITests.build/ProductTypeInfoPlistAdditions.plist

WriteAuxiliaryFile /Users/jtcao/Library/Caches/visepanda/native-event-reconnect-20260913/native-live-2/build/Build/Intermediates.noindex/VisePanda.build/Debug-iphonesimulator/VisePandaUITests.build/Objects-normal/arm64/VisePandaUITests.SwiftFileList (in target 'VisePandaUITests' from project 'VisePanda')
    cd /Users/jtcao/Documents/VP-V4-S2-Claim-Coverage/ios/VisePanda
    write-file /Users/jtcao/Library/Caches/visepanda/native-event-reconnect-20260913/native-live-2/build/Build/Intermediates.noindex/VisePanda.build/Debug-iphonesimulator/VisePandaUITests.build/Objects-normal/arm64/VisePandaUITests.SwiftFileList

WriteAuxiliaryFile /Users/jtcao/Library/Caches/visepanda/native-event-reconnect-20260913/native-live-2/build/Build/Intermediates.noindex/VisePanda.build/Debug-iphonesimulator/VisePandaUITests.build/Objects-normal/arm64/VisePandaUITests_const_extract_protocols.json (in target 'VisePandaUITests' from project 'VisePanda')
    cd /Users/jtcao/Documents/VP-V4-S2-Claim-Coverage/ios/VisePanda
    write-file /Users/jtcao/Library/Caches/visepanda/native-event-reconnect-20260913/native-live-2/build/Build/Intermediates.noindex/VisePanda.build/Debug-iphonesimulator/VisePandaUITests.build/Objects-normal/arm64/VisePandaUITests_const_extract_protocols.json

WriteAuxiliaryFile /Users/jtcao/Library/Caches/visepanda/native-event-reconnect-20260913/native-live-2/build/Build/Intermediates.noindex/VisePanda.build/Debug-iphonesimulator/VisePandaUITests.build/Objects-normal/arm64/VisePandaUITests.SwiftConstValuesFileList (in target 'VisePandaUITests' from project 'VisePanda')
    cd /Users/jtcao/Documents/VP-V4-S2-Claim-Coverage/ios/VisePanda
    write-file /Users/jtcao/Library/Caches/visepanda/native-event-reconnect-20260913/native-live-2/build/Build/Intermediates.noindex/VisePanda.build/Debug-iphonesimulator/VisePandaUITests.build/Objects-normal/arm64/VisePandaUITests.SwiftConstValuesFileList

WriteAuxiliaryFile /Users/jtcao/Library/Caches/visepanda/native-event-reconnect-20260913/native-live-2/build/Build/Intermediates.noindex/VisePanda.build/Debug-iphonesimulator/VisePandaUITests.build/Objects-normal/arm64/VisePandaUITests.LinkFileList (in target 'VisePandaUITests' from project 'VisePanda')
    cd /Users/jtcao/Documents/VP-V4-S2-Claim-Coverage/ios/VisePanda
    write-file /Users/jtcao/Library/Caches/visepanda/native-event-reconnect-20260913/native-live-2/build/Build/Intermediates.noindex/VisePanda.build/Debug-iphonesimulator/VisePandaUITests.build/Objects-normal/arm64/VisePandaUITests.LinkFileList

WriteAuxiliaryFile /Users/jtcao/Library/Caches/visepanda/native-event-reconnect-20260913/native-live-2/build/Build/Intermediates.noindex/VisePanda.build/Debug-iphonesimulator/VisePandaUITests.build/Objects-normal/arm64/VisePandaUITests-OutputFileMap.json (in target 'VisePandaUITests' from project 'VisePanda')
    cd /Users/jtcao/Documents/VP-V4-S2-Claim-Coverage/ios/VisePanda
    write-file /Users/jtcao/Library/Caches/visepanda/native-event-reconnect-20260913/native-live-2/build/Build/Intermediates.noindex/VisePanda.build/Debug-iphonesimulator/VisePandaUITests.build/Objects-normal/arm64/VisePandaUITests-OutputFileMap.json

WriteAuxiliaryFile /Users/jtcao/Library/Caches/visepanda/native-event-reconnect-20260913/native-live-2/build/Build/Intermediates.noindex/VisePanda.build/Debug-iphonesimulator/VisePandaUITests.build/DerivedSources/Entitlements-Simulated.plist (in target 'VisePandaUITests' from project 'VisePanda')
    cd /Users/jtcao/Documents/VP-V4-S2-Claim-Coverage/ios/VisePanda
    write-file /Users/jtcao/Library/Caches/visepanda/native-event-reconnect-20260913/native-live-2/build/Build/Intermediates.noindex/VisePanda.build/Debug-iphonesimulator/VisePandaUITests.build/DerivedSources/Entitlements-Simulated.plist

WriteAuxiliaryFile /Users/jtcao/Library/Caches/visepanda/native-event-reconnect-20260913/native-live-2/build/Build/Intermediates.noindex/VisePanda.build/Debug-iphonesimulator/VisePandaTests.build/empty-VisePandaTests.plist (in target 'VisePandaTests' from project 'VisePanda')
    cd /Users/jtcao/Documents/VP-V4-S2-Claim-Coverage/ios/VisePanda
    write-file /Users/jtcao/Library/Caches/visepanda/native-event-reconnect-20260913/native-live-2/build/Build/Intermediates.noindex/VisePanda.build/Debug-iphonesimulator/VisePandaTests.build/empty-VisePandaTests.plist

WriteAuxiliaryFile /Users/jtcao/Library/Caches/visepanda/native-event-reconnect-20260913/native-live-2/build/Build/Intermediates.noindex/VisePanda.build/Debug-iphonesimulator/VisePandaTests.build/VisePandaTests.hmap (in target 'VisePandaTests' from project 'VisePanda')
    cd /Users/jtcao/Documents/VP-V4-S2-Claim-Coverage/ios/VisePanda
    write-file /Users/jtcao/Library/Caches/visepanda/native-event-reconnect-20260913/native-live-2/build/Build/Intermediates.noindex/VisePanda.build/Debug-iphonesimulator/VisePandaTests.build/VisePandaTests.hmap

WriteAuxiliaryFile /Users/jtcao/Library/Caches/visepanda/native-event-reconnect-20260913/native-live-2/build/Build/Intermediates.noindex/VisePanda.build/Debug-iphonesimulator/VisePandaTests.build/VisePandaTests.DependencyStaticMetadataFileList (in target 'VisePandaTests' from project 'VisePanda')
    cd /Users/jtcao/Documents/VP-V4-S2-Claim-Coverage/ios/VisePanda
    write-file /Users/jtcao/Library/Caches/visepanda/native-event-reconnect-20260913/native-live-2/build/Build/Intermediates.noindex/VisePanda.build/Debug-iphonesimulator/VisePandaTests.build/VisePandaTests.DependencyStaticMetadataFileList

WriteAuxiliaryFile /Users/jtcao/Library/Caches/visepanda/native-event-reconnect-20260913/native-live-2/build/Build/Intermediates.noindex/VisePanda.build/Debug-iphonesimulator/VisePandaTests.build/VisePandaTests.DependencyMetadataFileList (in target 'VisePandaTests' from project 'VisePanda')
    cd /Users/jtcao/Documents/VP-V4-S2-Claim-Coverage/ios/VisePanda
    write-file /Users/jtcao/Library/Caches/visepanda/native-event-reconnect-20260913/native-live-2/build/Build/Intermediates.noindex/VisePanda.build/Debug-iphonesimulator/VisePandaTests.build/VisePandaTests.DependencyMetadataFileList

WriteAuxiliaryFile /Users/jtcao/Library/Caches/visepanda/native-event-reconnect-20260913/native-live-2/build/Build/Intermediates.noindex/VisePanda.build/Debug-iphonesimulator/VisePandaTests.build/VisePandaTests-project-headers.hmap (in target 'VisePandaTests' from project 'VisePanda')
    cd /Users/jtcao/Documents/VP-V4-S2-Claim-Coverage/ios/VisePanda
    write-file /Users/jtcao/Library/Caches/visepanda/native-event-reconnect-20260913/native-live-2/build/Build/Intermediates.noindex/VisePanda.build/Debug-iphonesimulator/VisePandaTests.build/VisePandaTests-project-headers.hmap

WriteAuxiliaryFile /Users/jtcao/Library/Caches/visepanda/native-event-reconnect-20260913/native-live-2/build/Build/Intermediates.noindex/VisePanda.build/Debug-iphonesimulator/VisePandaTests.build/VisePandaTests-own-target-headers.hmap (in target 'VisePandaTests' from project 'VisePanda')
    cd /Users/jtcao/Documents/VP-V4-S2-Claim-Coverage/ios/VisePanda
    write-file /Users/jtcao/Library/Caches/visepanda/native-event-reconnect-20260913/native-live-2/build/Build/Intermediates.noindex/VisePanda.build/Debug-iphonesimulator/VisePandaTests.build/VisePandaTests-own-target-headers.hmap

WriteAuxiliaryFile /Users/jtcao/Library/Caches/visepanda/native-event-reconnect-20260913/native-live-2/build/Build/Intermediates.noindex/VisePanda.build/Debug-iphonesimulator/VisePandaTests.build/VisePandaTests-generated-files.hmap (in target 'VisePandaTests' from project 'VisePanda')
    cd /Users/jtcao/Documents/VP-V4-S2-Claim-Coverage/ios/VisePanda
    write-file /Users/jtcao/Library/Caches/visepanda/native-event-reconnect-20260913/native-live-2/build/Build/Intermediates.noindex/VisePanda.build/Debug-iphonesimulator/VisePandaTests.build/VisePandaTests-generated-files.hmap

WriteAuxiliaryFile /Users/jtcao/Library/Caches/visepanda/native-event-reconnect-20260913/native-live-2/build/Build/Intermediates.noindex/VisePanda.build/Debug-iphonesimulator/VisePandaTests.build/VisePandaTests-all-target-headers.hmap (in target 'VisePandaTests' from project 'VisePanda')
    cd /Users/jtcao/Documents/VP-V4-S2-Claim-Coverage/ios/VisePanda
    write-file /Users/jtcao/Library/Caches/visepanda/native-event-reconnect-20260913/native-live-2/build/Build/Intermediates.noindex/VisePanda.build/Debug-iphonesimulator/VisePandaTests.build/VisePandaTests-all-target-headers.hmap

WriteAuxiliaryFile /Users/jtcao/Library/Caches/visepanda/native-event-reconnect-20260913/native-live-2/build/Build/Intermediates.noindex/VisePanda.build/Debug-iphonesimulator/VisePandaTests.build/VisePandaTests-all-non-framework-target-headers.hmap (in target 'VisePandaTests' from project 'VisePanda')
    cd /Users/jtcao/Documents/VP-V4-S2-Claim-Coverage/ios/VisePanda
    write-file /Users/jtcao/Library/Caches/visepanda/native-event-reconnect-20260913/native-live-2/build/Build/Intermediates.noindex/VisePanda.build/Debug-iphonesimulator/VisePandaTests.build/VisePandaTests-all-non-framework-target-headers.hmap

WriteAuxiliaryFile /Users/jtcao/Library/Caches/visepanda/native-event-reconnect-20260913/native-live-2/build/Build/Intermediates.noindex/VisePanda.build/Debug-iphonesimulator/VisePandaTests.build/Objects-normal/arm64/VisePandaTests_const_extract_protocols.json (in target 'VisePandaTests' from project 'VisePanda')
    cd /Users/jtcao/Documents/VP-V4-S2-Claim-Coverage/ios/VisePanda
    write-file /Users/jtcao/Library/Caches/visepanda/native-event-reconnect-20260913/native-live-2/build/Build/Intermediates.noindex/VisePanda.build/Debug-iphonesimulator/VisePandaTests.build/Objects-normal/arm64/VisePandaTests_const_extract_protocols.json

WriteAuxiliaryFile /Users/jtcao/Library/Caches/visepanda/native-event-reconnect-20260913/native-live-2/build/Build/Intermediates.noindex/VisePanda.build/Debug-iphonesimulator/VisePandaTests.build/Objects-normal/arm64/VisePandaTests.SwiftFileList (in target 'VisePandaTests' from project 'VisePanda')
    cd /Users/jtcao/Documents/VP-V4-S2-Claim-Coverage/ios/VisePanda
    write-file /Users/jtcao/Library/Caches/visepanda/native-event-reconnect-20260913/native-live-2/build/Build/Intermediates.noindex/VisePanda.build/Debug-iphonesimulator/VisePandaTests.build/Objects-normal/arm64/VisePandaTests.SwiftFileList

WriteAuxiliaryFile /Users/jtcao/Library/Caches/visepanda/native-event-reconnect-20260913/native-live-2/build/Build/Intermediates.noindex/VisePanda.build/Debug-iphonesimulator/VisePandaTests.build/Objects-normal/arm64/VisePandaTests.SwiftConstValuesFileList (in target 'VisePandaTests' from project 'VisePanda')
    cd /Users/jtcao/Documents/VP-V4-S2-Claim-Coverage/ios/VisePanda
    write-file /Users/jtcao/Library/Caches/visepanda/native-event-reconnect-20260913/native-live-2/build/Build/Intermediates.noindex/VisePanda.build/Debug-iphonesimulator/VisePandaTests.build/Objects-normal/arm64/VisePandaTests.SwiftConstValuesFileList

WriteAuxiliaryFile /Users/jtcao/Library/Caches/visepanda/native-event-reconnect-20260913/native-live-2/build/Build/Intermediates.noindex/VisePanda.build/Debug-iphonesimulator/VisePandaTests.build/Objects-normal/arm64/VisePandaTests.LinkFileList (in target 'VisePandaTests' from project 'VisePanda')
    cd /Users/jtcao/Documents/VP-V4-S2-Claim-Coverage/ios/VisePanda
    write-file /Users/jtcao/Library/Caches/visepanda/native-event-reconnect-20260913/native-live-2/build/Build/Intermediates.noindex/VisePanda.build/Debug-iphonesimulator/VisePandaTests.build/Objects-normal/arm64/VisePandaTests.LinkFileList

WriteAuxiliaryFile /Users/jtcao/Library/Caches/visepanda/native-event-reconnect-20260913/native-live-2/build/Build/Intermediates.noindex/VisePanda.build/Debug-iphonesimulator/VisePanda.build/VisePanda.DependencyStaticMetadataFileList (in target 'VisePanda' from project 'VisePanda')
    cd /Users/jtcao/Documents/VP-V4-S2-Claim-Coverage/ios/VisePanda
    write-file /Users/jtcao/Library/Caches/visepanda/native-event-reconnect-20260913/native-live-2/build/Build/Intermediates.noindex/VisePanda.build/Debug-iphonesimulator/VisePanda.build/VisePanda.DependencyStaticMetadataFileList

WriteAuxiliaryFile /Users/jtcao/Library/Caches/visepanda/native-event-reconnect-20260913/native-live-2/build/Build/Intermediates.noindex/VisePanda.build/Debug-iphonesimulator/VisePandaTests.build/Objects-normal/arm64/VisePandaTests-OutputFileMap.json (in target 'VisePandaTests' from project 'VisePanda')
    cd /Users/jtcao/Documents/VP-V4-S2-Claim-Coverage/ios/VisePanda
    write-file /Users/jtcao/Library/Caches/visepanda/native-event-reconnect-20260913/native-live-2/build/Build/Intermediates.noindex/VisePanda.build/Debug-iphonesimulator/VisePandaTests.build/Objects-normal/arm64/VisePandaTests-OutputFileMap.json

WriteAuxiliaryFile /Users/jtcao/Library/Caches/visepanda/native-event-reconnect-20260913/native-live-2/build/Build/Intermediates.noindex/VisePanda.build/Debug-iphonesimulator/VisePanda.build/VisePanda.DependencyMetadataFileList (in target 'VisePanda' from project 'VisePanda')
    cd /Users/jtcao/Documents/VP-V4-S2-Claim-Coverage/ios/VisePanda
    write-file /Users/jtcao/Library/Caches/visepanda/native-event-reconnect-20260913/native-live-2/build/Build/Intermediates.noindex/VisePanda.build/Debug-iphonesimulator/VisePanda.build/VisePanda.DependencyMetadataFileList

WriteAuxiliaryFile /Users/jtcao/Library/Caches/visepanda/native-event-reconnect-20260913/native-live-2/build/Build/Intermediates.noindex/VisePanda.build/Debug-iphonesimulator/VisePanda.build/VisePanda-own-target-headers.hmap (in target 'VisePanda' from project 'VisePanda')
    cd /Users/jtcao/Documents/VP-V4-S2-Claim-Coverage/ios/VisePanda
    write-file /Users/jtcao/Library/Caches/visepanda/native-event-reconnect-20260913/native-live-2/build/Build/Intermediates.noindex/VisePanda.build/Debug-iphonesimulator/VisePanda.build/VisePanda-own-target-headers.hmap

WriteAuxiliaryFile /Users/jtcao/Library/Caches/visepanda/native-event-reconnect-20260913/native-live-2/build/Build/Intermediates.noindex/VisePanda.build/Debug-iphonesimulator/VisePanda.build/VisePanda-generated-files.hmap (in target 'VisePanda' from project 'VisePanda')
    cd /Users/jtcao/Documents/VP-V4-S2-Claim-Coverage/ios/VisePanda
    write-file /Users/jtcao/Library/Caches/visepanda/native-event-reconnect-20260913/native-live-2/build/Build/Intermediates.noindex/VisePanda.build/Debug-iphonesimulator/VisePanda.build/VisePanda-generated-files.hmap

WriteAuxiliaryFile /Users/jtcao/Library/Caches/visepanda/native-event-reconnect-20260913/native-live-2/build/Build/Intermediates.noindex/VisePanda.build/Debug-iphonesimulator/VisePanda.build/VisePanda-all-target-headers.hmap (in target 'VisePanda' from project 'VisePanda')
    cd /Users/jtcao/Documents/VP-V4-S2-Claim-Coverage/ios/VisePanda
    write-file /Users/jtcao/Library/Caches/visepanda/native-event-reconnect-20260913/native-live-2/build/Build/Intermediates.noindex/VisePanda.build/Debug-iphonesimulator/VisePanda.build/VisePanda-all-target-headers.hmap

WriteAuxiliaryFile /Users/jtcao/Library/Caches/visepanda/native-event-reconnect-20260913/native-live-2/build/Build/Intermediates.noindex/VisePanda.build/Debug-iphonesimulator/VisePanda.build/VisePanda-DebugDylibPath-normal-arm64.txt (in target 'VisePanda' from project 'VisePanda')
    cd /Users/jtcao/Documents/VP-V4-S2-Claim-Coverage/ios/VisePanda
    write-file /Users/jtcao/Library/Caches/visepanda/native-event-reconnect-20260913/native-live-2/build/Build/Intermediates.noindex/VisePanda.build/Debug-iphonesimulator/VisePanda.build/VisePanda-DebugDylibPath-normal-arm64.txt

WriteAuxiliaryFile /Users/jtcao/Library/Caches/visepanda/native-event-reconnect-20260913/native-live-2/build/Build/Intermediates.noindex/VisePanda.build/Debug-iphonesimulator/VisePanda.build/VisePanda-DebugDylibInstallName-normal-arm64.txt (in target 'VisePanda' from project 'VisePanda')
    cd /Users/jtcao/Documents/VP-V4-S2-Claim-Coverage/ios/VisePanda
    write-file /Users/jtcao/Library/Caches/visepanda/native-event-reconnect-20260913/native-live-2/build/Build/Intermediates.noindex/VisePanda.build/Debug-iphonesimulator/VisePanda.build/VisePanda-DebugDylibInstallName-normal-arm64.txt

WriteAuxiliaryFile /Users/jtcao/Library/Caches/visepanda/native-event-reconnect-20260913/native-live-2/build/Build/Intermediates.noindex/VisePanda.build/Debug-iphonesimulator/VisePanda.build/Objects-normal/arm64/VisePanda_const_extract_protocols.json (in target 'VisePanda' from project 'VisePanda')
    cd /Users/jtcao/Documents/VP-V4-S2-Claim-Coverage/ios/VisePanda
    write-file /Users/jtcao/Library/Caches/visepanda/native-event-reconnect-20260913/native-live-2/build/Build/Intermediates.noindex/VisePanda.build/Debug-iphonesimulator/VisePanda.build/Objects-normal/arm64/VisePanda_const_extract_protocols.json

WriteAuxiliaryFile /Users/jtcao/Library/Caches/visepanda/native-event-reconnect-20260913/native-live-2/build/Build/Intermediates.noindex/VisePanda.build/Debug-iphonesimulator/VisePanda.build/Objects-normal/arm64/VisePanda.SwiftFileList (in target 'VisePanda' from project 'VisePanda')
    cd /Users/jtcao/Documents/VP-V4-S2-Claim-Coverage/ios/VisePanda
    write-file /Users/jtcao/Library/Caches/visepanda/native-event-reconnect-20260913/native-live-2/build/Build/Intermediates.noindex/VisePanda.build/Debug-iphonesimulator/VisePanda.build/Objects-normal/arm64/VisePanda.SwiftFileList

WriteAuxiliaryFile /Users/jtcao/Library/Caches/visepanda/native-event-reconnect-20260913/native-live-2/build/Build/Intermediates.noindex/VisePanda.build/Debug-iphonesimulator/VisePanda.build/Objects-normal/arm64/VisePanda.SwiftConstValuesFileList (in target 'VisePanda' from project 'VisePanda')
    cd /Users/jtcao/Documents/VP-V4-S2-Claim-Coverage/ios/VisePanda
    write-file /Users/jtcao/Library/Caches/visepanda/native-event-reconnect-20260913/native-live-2/build/Build/Intermediates.noindex/VisePanda.build/Debug-iphonesimulator/VisePanda.build/Objects-normal/arm64/VisePanda.SwiftConstValuesFileList

WriteAuxiliaryFile /Users/jtcao/Library/Caches/visepanda/native-event-reconnect-20260913/native-live-2/build/Build/Intermediates.noindex/VisePanda.build/Debug-iphonesimulator/VisePanda.build/Objects-normal/arm64/VisePanda.LinkFileList (in target 'VisePanda' from project 'VisePanda')
    cd /Users/jtcao/Documents/VP-V4-S2-Claim-Coverage/ios/VisePanda
    write-file /Users/jtcao/Library/Caches/visepanda/native-event-reconnect-20260913/native-live-2/build/Build/Intermediates.noindex/VisePanda.build/Debug-iphonesimulator/VisePanda.build/Objects-normal/arm64/VisePanda.LinkFileList

WriteAuxiliaryFile /Users/jtcao/Library/Caches/visepanda/native-event-reconnect-20260913/native-live-2/build/Build/Intermediates.noindex/VisePanda.build/Debug-iphonesimulator/VisePanda.build/Objects-normal/arm64/VisePanda-OutputFileMap.json (in target 'VisePanda' from project 'VisePanda')
    cd /Users/jtcao/Documents/VP-V4-S2-Claim-Coverage/ios/VisePanda
    write-file /Users/jtcao/Library/Caches/visepanda/native-event-reconnect-20260913/native-live-2/build/Build/Intermediates.noindex/VisePanda.build/Debug-iphonesimulator/VisePanda.build/Objects-normal/arm64/VisePanda-OutputFileMap.json

MkDir /Users/jtcao/Library/Caches/visepanda/native-event-reconnect-20260913/native-live-2/build/Build/Products/Debug-iphonesimulator/VisePandaUITests-Runner.app/PlugIns/VisePandaUITests.xctest (in target 'VisePandaUITests' from project 'VisePanda')
    cd /Users/jtcao/Documents/VP-V4-S2-Claim-Coverage/ios/VisePanda
    /bin/mkdir -p /Users/jtcao/Library/Caches/visepanda/native-event-reconnect-20260913/native-live-2/build/Build/Products/Debug-iphonesimulator/VisePandaUITests-Runner.app/PlugIns/VisePandaUITests.xctest

MkDir /Users/jtcao/Library/Caches/visepanda/native-event-reconnect-20260913/native-live-2/build/Build/Products/Debug-iphonesimulator/VisePanda.app/PlugIns (in target 'VisePanda' from project 'VisePanda')
    cd /Users/jtcao/Documents/VP-V4-S2-Claim-Coverage/ios/VisePanda
    /bin/mkdir -p /Users/jtcao/Library/Caches/visepanda/native-event-reconnect-20260913/native-live-2/build/Build/Products/Debug-iphonesimulator/VisePanda.app/PlugIns

MkDir /Users/jtcao/Library/Caches/visepanda/native-event-reconnect-20260913/native-live-2/build/Build/Products/Debug-iphonesimulator/VisePanda.app (in target 'VisePanda' from project 'VisePanda')
    cd /Users/jtcao/Documents/VP-V4-S2-Claim-Coverage/ios/VisePanda
    /bin/mkdir -p /Users/jtcao/Library/Caches/visepanda/native-event-reconnect-20260913/native-live-2/build/Build/Products/Debug-iphonesimulator/VisePanda.app

MkDir /Users/jtcao/Library/Caches/visepanda/native-event-reconnect-20260913/native-live-2/build/Build/Products/Debug-iphonesimulator/VisePanda.app/Frameworks (in target 'VisePanda' from project 'VisePanda')
    cd /Users/jtcao/Documents/VP-V4-S2-Claim-Coverage/ios/VisePanda
    /bin/mkdir -p /Users/jtcao/Library/Caches/visepanda/native-event-reconnect-20260913/native-live-2/build/Build/Products/Debug-iphonesimulator/VisePanda.app/Frameworks

MkDir /Users/jtcao/Library/Caches/visepanda/native-event-reconnect-20260913/native-live-2/build/Build/Products/Debug-iphonesimulator/VisePanda.app/PlugIns/VisePandaTests.xctest (in target 'VisePandaTests' from project 'VisePanda')
    cd /Users/jtcao/Documents/VP-V4-S2-Claim-Coverage/ios/VisePanda
    /bin/mkdir -p /Users/jtcao/Library/Caches/visepanda/native-event-reconnect-20260913/native-live-2/build/Build/Products/Debug-iphonesimulator/VisePanda.app/PlugIns/VisePandaTests.xctest

ProcessProductPackaging "" /Users/jtcao/Library/Caches/visepanda/native-event-reconnect-20260913/native-live-2/build/Build/Intermediates.noindex/VisePanda.build/Debug-iphonesimulator/VisePanda.build/VisePanda.app-Simulated.xcent (in target 'VisePanda' from project 'VisePanda')
    cd /Users/jtcao/Documents/VP-V4-S2-Claim-Coverage/ios/VisePanda
    
    Entitlements:
    
    {
    "application-identifier" = "NLD68762GG.space.go2china.VisePanda";
}
    
    builtin-productPackagingUtility -entitlements -format xml -o /Users/jtcao/Library/Caches/visepanda/native-event-reconnect-20260913/native-live-2/build/Build/Intermediates.noindex/VisePanda.build/Debug-iphonesimulator/VisePanda.build/VisePanda.app-Simulated.xcent

ProcessProductPackagingDER /Users/jtcao/Library/Caches/visepanda/native-event-reconnect-20260913/native-live-2/build/Build/Intermediates.noindex/VisePanda.build/Debug-iphonesimulator/VisePanda.build/VisePanda.app-Simulated.xcent /Users/jtcao/Library/Caches/visepanda/native-event-reconnect-20260913/native-live-2/build/Build/Intermediates.noindex/VisePanda.build/Debug-iphonesimulator/VisePanda.build/VisePanda.app-Simulated.xcent.der (in target 'VisePanda' from project 'VisePanda')
    cd /Users/jtcao/Documents/VP-V4-S2-Claim-Coverage/ios/VisePanda
    /usr/bin/derq query -f xml -i /Users/jtcao/Library/Caches/visepanda/native-event-reconnect-20260913/native-live-2/build/Build/Intermediates.noindex/VisePanda.build/Debug-iphonesimulator/VisePanda.build/VisePanda.app-Simulated.xcent -o /Users/jtcao/Library/Caches/visepanda/native-event-reconnect-20260913/native-live-2/build/Build/Intermediates.noindex/VisePanda.build/Debug-iphonesimulator/VisePanda.build/VisePanda.app-Simulated.xcent.der --raw

Ld /Users/jtcao/Library/Caches/visepanda/native-event-reconnect-20260913/native-live-2/build/Build/Products/Debug-iphonesimulator/VisePanda.app/__preview.dylib normal (in target 'VisePanda' from project 'VisePanda')
    cd /Users/jtcao/Documents/VP-V4-S2-Claim-Coverage/ios/VisePanda
    /Applications/Xcode.app/Contents/Developer/Toolchains/XcodeDefault.xctoolchain/usr/bin/clang -Xlinker -reproducible -target arm64-apple-ios17.0-simulator -dynamiclib -isysroot /Applications/Xcode.app/Contents/Developer/Platforms/iPhoneSimulator.platform/Developer/SDKs/iPhoneSimulator26.5.sdk -O0 -L/Users/jtcao/Library/Caches/visepanda/native-event-reconnect-20260913/native-live-2/build/Build/Products/Debug-iphonesimulator -F/Users/jtcao/Library/Caches/visepanda/native-event-reconnect-20260913/native-live-2/build/Build/Products/Debug-iphonesimulator -install_name @rpath/VisePanda.debug.dylib -Xlinker -dead_strip -rdynamic -Xlinker -no_deduplicate -Xlinker -objc_abi_version -Xlinker 2 -Xlinker -dependency_info -Xlinker /Users/jtcao/Library/Caches/visepanda/native-event-reconnect-20260913/native-live-2/build/Build/Intermediates.noindex/VisePanda.build/Debug-iphonesimulator/VisePanda.build/Objects-normal/arm64/VisePanda_dependency_info.dat -Xlinker -sectcreate -Xlinker __TEXT -Xlinker __entitlements -Xlinker /Users/jtcao/Library/Caches/visepanda/native-event-reconnect-20260913/native-live-2/build/Build/Intermediates.noindex/VisePanda.build/Debug-iphonesimulator/VisePanda.build/VisePanda.app-Simulated.xcent -Xlinker -sectcreate -Xlinker __TEXT -Xlinker __ents_der -Xlinker /Users/jtcao/Library/Caches/visepanda/native-event-reconnect-20260913/native-live-2/build/Build/Intermediates.noindex/VisePanda.build/Debug-iphonesimulator/VisePanda.build/VisePanda.app-Simulated.xcent.der -Xlinker -no_adhoc_codesign -o /Users/jtcao/Library/Caches/visepanda/native-event-reconnect-20260913/native-live-2/build/Build/Products/Debug-iphonesimulator/VisePanda.app/__preview.dylib

Copy /Users/jtcao/Library/Caches/visepanda/native-event-reconnect-20260913/native-live-2/build/Build/Products/Debug-iphonesimulator/VisePanda.app/Frameworks/libXCTestSwiftSupport.dylib /Applications/Xcode.app/Contents/Developer/Platforms/iPhoneSimulator.platform/Developer/usr/lib/libXCTestSwiftSupport.dylib (in target 'VisePanda' from project 'VisePanda')
    cd /Users/jtcao/Documents/VP-V4-S2-Claim-Coverage/ios/VisePanda
    builtin-copy -exclude .DS_Store -exclude CVS -exclude .svn -exclude .git -exclude .hg -exclude Headers -exclude PrivateHeaders -exclude Modules -exclude \*.tbd -resolve-src-symlinks /Applications/Xcode.app/Contents/Developer/Platforms/iPhoneSimulator.platform/Developer/usr/lib/libXCTestSwiftSupport.dylib /Users/jtcao/Library/Caches/visepanda/native-event-reconnect-20260913/native-live-2/build/Build/Products/Debug-iphonesimulator/VisePanda.app/Frameworks

GenerateAssetSymbols /Users/jtcao/Documents/VP-V4-S2-Claim-Coverage/ios/VisePanda/VisePanda/Resources/Assets.xcassets (in target 'VisePanda' from project 'VisePanda')
    cd /Users/jtcao/Documents/VP-V4-S2-Claim-Coverage/ios/VisePanda
    /Applications/Xcode.app/Contents/Developer/usr/bin/actool /Users/jtcao/Documents/VP-V4-S2-Claim-Coverage/ios/VisePanda/VisePanda/Resources/Assets.xcassets --compile /Users/jtcao/Library/Caches/visepanda/native-event-reconnect-20260913/native-live-2/build/Build/Products/Debug-iphonesimulator/VisePanda.app --output-format human-readable-text --notices --warnings --export-dependency-info /Users/jtcao/Library/Caches/visepanda/native-event-reconnect-20260913/native-live-2/build/Build/Intermediates.noindex/VisePanda.build/Debug-iphonesimulator/VisePanda.build/assetcatalog_dependencies --output-partial-info-plist /Users/jtcao/Library/Caches/visepanda/native-event-reconnect-20260913/native-live-2/build/Build/Intermediates.noindex/VisePanda.build/Debug-iphonesimulator/VisePanda.build/assetcatalog_generated_info.plist --app-icon AppIcon --compress-pngs --enable-on-demand-resources YES --development-region en --target-device iphone --minimum-deployment-target 17.0 --platform iphonesimulator --bundle-identifier space.go2china.VisePanda --generate-swift-asset-symbols /Users/jtcao/Library/Caches/visepanda/native-event-reconnect-20260913/native-live-2/build/Build/Intermediates.noindex/VisePanda.build/Debug-iphonesimulator/VisePanda.build/DerivedSources/GeneratedAssetSymbols.swift --generate-objc-asset-symbols /Users/jtcao/Library/Caches/visepanda/native-event-reconnect-20260913/native-live-2/build/Build/Intermediates.noindex/VisePanda.build/Debug-iphonesimulator/VisePanda.build/DerivedSources/GeneratedAssetSymbols.h --generate-asset-symbol-index /Users/jtcao/Library/Caches/visepanda/native-event-reconnect-20260913/native-live-2/build/Build/Intermediates.noindex/VisePanda.build/Debug-iphonesimulator/VisePanda.build/DerivedSources/GeneratedAssetSymbols-Index.plist
/* com.apple.actool.compilation-results */
/Users/jtcao/Library/Caches/visepanda/native-event-reconnect-20260913/native-live-2/build/Build/Intermediates.noindex/VisePanda.build/Debug-iphonesimulator/VisePanda.build/DerivedSources/GeneratedAssetSymbols-Index.plist
/Users/jtcao/Library/Caches/visepanda/native-event-reconnect-20260913/native-live-2/build/Build/Intermediates.noindex/VisePanda.build/Debug-iphonesimulator/VisePanda.build/DerivedSources/GeneratedAssetSymbols.h
/Users/jtcao/Library/Caches/visepanda/native-event-reconnect-20260913/native-live-2/build/Build/Intermediates.noindex/VisePanda.build/Debug-iphonesimulator/VisePanda.build/DerivedSources/GeneratedAssetSymbols.swift


MkDir /Users/jtcao/Library/Caches/visepanda/native-event-reconnect-20260913/native-live-2/build/Build/Intermediates.noindex/VisePanda.build/Debug-iphonesimulator/VisePanda.build/assetcatalog_output/unthinned (in target 'VisePanda' from project 'VisePanda')
    cd /Users/jtcao/Documents/VP-V4-S2-Claim-Coverage/ios/VisePanda
    /bin/mkdir -p /Users/jtcao/Library/Caches/visepanda/native-event-reconnect-20260913/native-live-2/build/Build/Intermediates.noindex/VisePanda.build/Debug-iphonesimulator/VisePanda.build/assetcatalog_output/unthinned

MkDir /Users/jtcao/Library/Caches/visepanda/native-event-reconnect-20260913/native-live-2/build/Build/Intermediates.noindex/VisePanda.build/Debug-iphonesimulator/VisePanda.build/assetcatalog_output/thinned (in target 'VisePanda' from project 'VisePanda')
    cd /Users/jtcao/Documents/VP-V4-S2-Claim-Coverage/ios/VisePanda
    /bin/mkdir -p /Users/jtcao/Library/Caches/visepanda/native-event-reconnect-20260913/native-live-2/build/Build/Intermediates.noindex/VisePanda.build/Debug-iphonesimulator/VisePanda.build/assetcatalog_output/thinned

Copy /Users/jtcao/Library/Caches/visepanda/native-event-reconnect-20260913/native-live-2/build/Build/Products/Debug-iphonesimulator/VisePanda.app/Frameworks/libXCTestBundleInject.dylib /Applications/Xcode.app/Contents/Developer/Platforms/iPhoneSimulator.platform/Developer/usr/lib/libXCTestBundleInject.dylib (in target 'VisePanda' from project 'VisePanda')
    cd /Users/jtcao/Documents/VP-V4-S2-Claim-Coverage/ios/VisePanda
    builtin-copy -exclude .DS_Store -exclude CVS -exclude .svn -exclude .git -exclude .hg -exclude Headers -exclude PrivateHeaders -exclude Modules -exclude \*.tbd -resolve-src-symlinks /Applications/Xcode.app/Contents/Developer/Platforms/iPhoneSimulator.platform/Developer/usr/lib/libXCTestBundleInject.dylib /Users/jtcao/Library/Caches/visepanda/native-event-reconnect-20260913/native-live-2/build/Build/Products/Debug-iphonesimulator/VisePanda.app/Frameworks

Copy /Users/jtcao/Library/Caches/visepanda/native-event-reconnect-20260913/native-live-2/build/Build/Products/Debug-iphonesimulator/VisePanda.app/Frameworks/XCUIAutomation.framework /Applications/Xcode.app/Contents/Developer/Platforms/iPhoneSimulator.platform/Developer/Library/Frameworks/XCUIAutomation.framework (in target 'VisePanda' from project 'VisePanda')
    cd /Users/jtcao/Documents/VP-V4-S2-Claim-Coverage/ios/VisePanda
    builtin-copy -exclude .DS_Store -exclude CVS -exclude .svn -exclude .git -exclude .hg -exclude Headers -exclude PrivateHeaders -exclude Modules -exclude \*.tbd -resolve-src-symlinks /Applications/Xcode.app/Contents/Developer/Platforms/iPhoneSimulator.platform/Developer/Library/Frameworks/XCUIAutomation.framework /Users/jtcao/Library/Caches/visepanda/native-event-reconnect-20260913/native-live-2/build/Build/Products/Debug-iphonesimulator/VisePanda.app/Frameworks

Copy /Users/jtcao/Library/Caches/visepanda/native-event-reconnect-20260913/native-live-2/build/Build/Products/Debug-iphonesimulator/VisePanda.app/Frameworks/XCUnit.framework /Applications/Xcode.app/Contents/Developer/Platforms/iPhoneSimulator.platform/Developer/Library/PrivateFrameworks/XCUnit.framework (in target 'VisePanda' from project 'VisePanda')
    cd /Users/jtcao/Documents/VP-V4-S2-Claim-Coverage/ios/VisePanda
    builtin-copy -exclude .DS_Store -exclude CVS -exclude .svn -exclude .git -exclude .hg -exclude Headers -exclude PrivateHeaders -exclude Modules -exclude \*.tbd -resolve-src-symlinks /Applications/Xcode.app/Contents/Developer/Platforms/iPhoneSimulator.platform/Developer/Library/PrivateFrameworks/XCUnit.framework /Users/jtcao/Library/Caches/visepanda/native-event-reconnect-20260913/native-live-2/build/Build/Products/Debug-iphonesimulator/VisePanda.app/Frameworks

Copy /Users/jtcao/Library/Caches/visepanda/native-event-reconnect-20260913/native-live-2/build/Build/Products/Debug-iphonesimulator/VisePanda.app/Frameworks/XCTestSupport.framework /Applications/Xcode.app/Contents/Developer/Platforms/iPhoneSimulator.platform/Developer/Library/PrivateFrameworks/XCTestSupport.framework (in target 'VisePanda' from project 'VisePanda')
    cd /Users/jtcao/Documents/VP-V4-S2-Claim-Coverage/ios/VisePanda
    builtin-copy -exclude .DS_Store -exclude CVS -exclude .svn -exclude .git -exclude .hg -exclude Headers -exclude PrivateHeaders -exclude Modules -exclude \*.tbd -resolve-src-symlinks /Applications/Xcode.app/Contents/Developer/Platforms/iPhoneSimulator.platform/Developer/Library/PrivateFrameworks/XCTestSupport.framework /Users/jtcao/Library/Caches/visepanda/native-event-reconnect-20260913/native-live-2/build/Build/Products/Debug-iphonesimulator/VisePanda.app/Frameworks

Copy /Users/jtcao/Library/Caches/visepanda/native-event-reconnect-20260913/native-live-2/build/Build/Products/Debug-iphonesimulator/VisePanda.app/Frameworks/XCTestCore.framework /Applications/Xcode.app/Contents/Developer/Platforms/iPhoneSimulator.platform/Developer/Library/PrivateFrameworks/XCTestCore.framework (in target 'VisePanda' from project 'VisePanda')
    cd /Users/jtcao/Documents/VP-V4-S2-Claim-Coverage/ios/VisePanda
    builtin-copy -exclude .DS_Store -exclude CVS -exclude .svn -exclude .git -exclude .hg -exclude Headers -exclude PrivateHeaders -exclude Modules -exclude \*.tbd -resolve-src-symlinks /Applications/Xcode.app/Contents/Developer/Platforms/iPhoneSimulator.platform/Developer/Library/PrivateFrameworks/XCTestCore.framework /Users/jtcao/Library/Caches/visepanda/native-event-reconnect-20260913/native-live-2/build/Build/Products/Debug-iphonesimulator/VisePanda.app/Frameworks

Copy /Users/jtcao/Library/Caches/visepanda/native-event-reconnect-20260913/native-live-2/build/Build/Products/Debug-iphonesimulator/VisePanda.app/Frameworks/XCTest.framework /Applications/Xcode.app/Contents/Developer/Platforms/iPhoneSimulator.platform/Developer/Library/Frameworks/XCTest.framework (in target 'VisePanda' from project 'VisePanda')
    cd /Users/jtcao/Documents/VP-V4-S2-Claim-Coverage/ios/VisePanda
    builtin-copy -exclude .DS_Store -exclude CVS -exclude .svn -exclude .git -exclude .hg -exclude Headers -exclude PrivateHeaders -exclude Modules -exclude \*.tbd -resolve-src-symlinks /Applications/Xcode.app/Contents/Developer/Platforms/iPhoneSimulator.platform/Developer/Library/Frameworks/XCTest.framework /Users/jtcao/Library/Caches/visepanda/native-event-reconnect-20260913/native-live-2/build/Build/Products/Debug-iphonesimulator/VisePanda.app/Frameworks

Copy /Users/jtcao/Library/Caches/visepanda/native-event-reconnect-20260913/native-live-2/build/Build/Products/Debug-iphonesimulator/VisePanda.app/Frameworks/XCTAutomationSupport.framework /Applications/Xcode.app/Contents/Developer/Platforms/iPhoneSimulator.platform/Developer/Library/PrivateFrameworks/XCTAutomationSupport.framework (in target 'VisePanda' from project 'VisePanda')
    cd /Users/jtcao/Documents/VP-V4-S2-Claim-Coverage/ios/VisePanda
    builtin-copy -exclude .DS_Store -exclude CVS -exclude .svn -exclude .git -exclude .hg -exclude Headers -exclude PrivateHeaders -exclude Modules -exclude \*.tbd -resolve-src-symlinks /Applications/Xcode.app/Contents/Developer/Platforms/iPhoneSimulator.platform/Developer/Library/PrivateFrameworks/XCTAutomationSupport.framework /Users/jtcao/Library/Caches/visepanda/native-event-reconnect-20260913/native-live-2/build/Build/Products/Debug-iphonesimulator/VisePanda.app/Frameworks

Copy /Users/jtcao/Library/Caches/visepanda/native-event-reconnect-20260913/native-live-2/build/Build/Products/Debug-iphonesimulator/VisePanda.app/Frameworks/Testing.framework /Applications/Xcode.app/Contents/Developer/Platforms/iPhoneSimulator.platform/Developer/Library/Frameworks/Testing.framework (in target 'VisePanda' from project 'VisePanda')
    cd /Users/jtcao/Documents/VP-V4-S2-Claim-Coverage/ios/VisePanda
    builtin-copy -exclude .DS_Store -exclude CVS -exclude .svn -exclude .git -exclude .hg -exclude Headers -exclude PrivateHeaders -exclude Modules -exclude \*.tbd -resolve-src-symlinks /Applications/Xcode.app/Contents/Developer/Platforms/iPhoneSimulator.platform/Developer/Library/Frameworks/Testing.framework /Users/jtcao/Library/Caches/visepanda/native-event-reconnect-20260913/native-live-2/build/Build/Products/Debug-iphonesimulator/VisePanda.app/Frameworks

CompileXCStrings /Users/jtcao/Library/Caches/visepanda/native-event-reconnect-20260913/native-live-2/build/Build/Intermediates.noindex/VisePanda.build/Debug-iphonesimulator/VisePanda.build/ /Users/jtcao/Documents/VP-V4-S2-Claim-Coverage/ios/VisePanda/VisePanda/Resources/Localizable.xcstrings (in target 'VisePanda' from project 'VisePanda')
    cd /Users/jtcao/Documents/VP-V4-S2-Claim-Coverage/ios/VisePanda
    /Applications/Xcode.app/Contents/Developer/usr/bin/xcstringstool compile --output-directory /Users/jtcao/Library/Caches/visepanda/native-event-reconnect-20260913/native-live-2/build/Build/Intermediates.noindex/VisePanda.build/Debug-iphonesimulator/VisePanda.build /Users/jtcao/Documents/VP-V4-S2-Claim-Coverage/ios/VisePanda/VisePanda/Resources/Localizable.xcstrings

CompileAssetCatalogVariant thinned /Users/jtcao/Library/Caches/visepanda/native-event-reconnect-20260913/native-live-2/build/Build/Products/Debug-iphonesimulator/VisePanda.app /Users/jtcao/Documents/VP-V4-S2-Claim-Coverage/ios/VisePanda/VisePanda/Resources/Assets.xcassets (in target 'VisePanda' from project 'VisePanda')
    cd /Users/jtcao/Documents/VP-V4-S2-Claim-Coverage/ios/VisePanda
    /Applications/Xcode.app/Contents/Developer/usr/bin/actool /Users/jtcao/Documents/VP-V4-S2-Claim-Coverage/ios/VisePanda/VisePanda/Resources/Assets.xcassets --compile /Users/jtcao/Library/Caches/visepanda/native-event-reconnect-20260913/native-live-2/build/Build/Intermediates.noindex/VisePanda.build/Debug-iphonesimulator/VisePanda.build/assetcatalog_output/thinned --output-format human-readable-text --notices --warnings --export-dependency-info /Users/jtcao/Library/Caches/visepanda/native-event-reconnect-20260913/native-live-2/build/Build/Intermediates.noindex/VisePanda.build/Debug-iphonesimulator/VisePanda.build/assetcatalog_dependencies_thinned --output-partial-info-plist /Users/jtcao/Library/Caches/visepanda/native-event-reconnect-20260913/native-live-2/build/Build/Intermediates.noindex/VisePanda.build/Debug-iphonesimulator/VisePanda.build/assetcatalog_generated_info.plist_thinned --app-icon AppIcon --compress-pngs --enable-on-demand-resources YES --filter-for-thinning-device-configuration iPhone18,3 --filter-for-device-os-version 26.5 --development-region en --target-device iphone --minimum-deployment-target 17.0 --platform iphonesimulator
/* com.apple.actool.compilation-results */
/Users/jtcao/Library/Caches/visepanda/native-event-reconnect-20260913/native-live-2/build/Build/Intermediates.noindex/VisePanda.build/Debug-iphonesimulator/VisePanda.build/assetcatalog_generated_info.plist_thinned
/Users/jtcao/Library/Caches/visepanda/native-event-reconnect-20260913/native-live-2/build/Build/Intermediates.noindex/VisePanda.build/Debug-iphonesimulator/VisePanda.build/assetcatalog_output/thinned/AppIcon60x60@2x.png
/Users/jtcao/Library/Caches/visepanda/native-event-reconnect-20260913/native-live-2/build/Build/Intermediates.noindex/VisePanda.build/Debug-iphonesimulator/VisePanda.build/assetcatalog_output/thinned/AppIcon76x76@2x~ipad.png
/Users/jtcao/Library/Caches/visepanda/native-event-reconnect-20260913/native-live-2/build/Build/Intermediates.noindex/VisePanda.build/Debug-iphonesimulator/VisePanda.build/assetcatalog_output/thinned/Assets.car


CopyStringsFile /Users/jtcao/Library/Caches/visepanda/native-event-reconnect-20260913/native-live-2/build/Build/Products/Debug-iphonesimulator/VisePanda.app/ru.lproj/Localizable.strings /Users/jtcao/Library/Caches/visepanda/native-event-reconnect-20260913/native-live-2/build/Build/Intermediates.noindex/VisePanda.build/Debug-iphonesimulator/VisePanda.build/ru.lproj/Localizable.strings (in target 'VisePanda' from project 'VisePanda')
    cd /Users/jtcao/Documents/VP-V4-S2-Claim-Coverage/ios/VisePanda
    builtin-copyStrings --validate --outputencoding binary --outfilename Localizable.strings --outdir /Users/jtcao/Library/Caches/visepanda/native-event-reconnect-20260913/native-live-2/build/Build/Products/Debug-iphonesimulator/VisePanda.app/ru.lproj -- /Users/jtcao/Library/Caches/visepanda/native-event-reconnect-20260913/native-live-2/build/Build/Intermediates.noindex/VisePanda.build/Debug-iphonesimulator/VisePanda.build/ru.lproj/Localizable.strings
/Users/jtcao/Library/Caches/visepanda/native-event-reconnect-20260913/native-live-2/build/Build/Intermediates.noindex/VisePanda.build/Debug-iphonesimulator/VisePanda.build/ru.lproj/Localizable.strings:1:1: note: detected encoding of input file as Unicode (UTF-8) (in target 'VisePanda' from project 'VisePanda')

CopyStringsFile /Users/jtcao/Library/Caches/visepanda/native-event-reconnect-20260913/native-live-2/build/Build/Products/Debug-iphonesimulator/VisePanda.app/zh-Hans.lproj/Localizable.strings /Users/jtcao/Library/Caches/visepanda/native-event-reconnect-20260913/native-live-2/build/Build/Intermediates.noindex/VisePanda.build/Debug-iphonesimulator/VisePanda.build/zh-Hans.lproj/Localizable.strings (in target 'VisePanda' from project 'VisePanda')
    cd /Users/jtcao/Documents/VP-V4-S2-Claim-Coverage/ios/VisePanda
    builtin-copyStrings --validate --outputencoding binary --outfilename Localizable.strings --outdir /Users/jtcao/Library/Caches/visepanda/native-event-reconnect-20260913/native-live-2/build/Build/Products/Debug-iphonesimulator/VisePanda.app/zh-Hans.lproj -- /Users/jtcao/Library/Caches/visepanda/native-event-reconnect-20260913/native-live-2/build/Build/Intermediates.noindex/VisePanda.build/Debug-iphonesimulator/VisePanda.build/zh-Hans.lproj/Localizable.strings
/Users/jtcao/Library/Caches/visepanda/native-event-reconnect-20260913/native-live-2/build/Build/Intermediates.noindex/VisePanda.build/Debug-iphonesimulator/VisePanda.build/zh-Hans.lproj/Localizable.strings:1:1: note: detected encoding of input file as Unicode (UTF-8) (in target 'VisePanda' from project 'VisePanda')

CopyStringsFile /Users/jtcao/Library/Caches/visepanda/native-event-reconnect-20260913/native-live-2/build/Build/Products/Debug-iphonesimulator/VisePanda.app/es.lproj/Localizable.strings /Users/jtcao/Library/Caches/visepanda/native-event-reconnect-20260913/native-live-2/build/Build/Intermediates.noindex/VisePanda.build/Debug-iphonesimulator/VisePanda.build/es.lproj/Localizable.strings (in target 'VisePanda' from project 'VisePanda')
    cd /Users/jtcao/Documents/VP-V4-S2-Claim-Coverage/ios/VisePanda
    builtin-copyStrings --validate --outputencoding binary --outfilename Localizable.strings --outdir /Users/jtcao/Library/Caches/visepanda/native-event-reconnect-20260913/native-live-2/build/Build/Products/Debug-iphonesimulator/VisePanda.app/es.lproj -- /Users/jtcao/Library/Caches/visepanda/native-event-reconnect-20260913/native-live-2/build/Build/Intermediates.noindex/VisePanda.build/Debug-iphonesimulator/VisePanda.build/es.lproj/Localizable.strings
/Users/jtcao/Library/Caches/visepanda/native-event-reconnect-20260913/native-live-2/build/Build/Intermediates.noindex/VisePanda.build/Debug-iphonesimulator/VisePanda.build/es.lproj/Localizable.strings:1:1: note: detected encoding of input file as Unicode (UTF-8) (in target 'VisePanda' from project 'VisePanda')

CopyStringsFile /Users/jtcao/Library/Caches/visepanda/native-event-reconnect-20260913/native-live-2/build/Build/Products/Debug-iphonesimulator/VisePanda.app/ar.lproj/Localizable.strings /Users/jtcao/Library/Caches/visepanda/native-event-reconnect-20260913/native-live-2/build/Build/Intermediates.noindex/VisePanda.build/Debug-iphonesimulator/VisePanda.build/ar.lproj/Localizable.strings (in target 'VisePanda' from project 'VisePanda')
    cd /Users/jtcao/Documents/VP-V4-S2-Claim-Coverage/ios/VisePanda
    builtin-copyStrings --validate --outputencoding binary --outfilename Localizable.strings --outdir /Users/jtcao/Library/Caches/visepanda/native-event-reconnect-20260913/native-live-2/build/Build/Products/Debug-iphonesimulator/VisePanda.app/ar.lproj -- /Users/jtcao/Library/Caches/visepanda/native-event-reconnect-20260913/native-live-2/build/Build/Intermediates.noindex/VisePanda.build/Debug-iphonesimulator/VisePanda.build/ar.lproj/Localizable.strings
/Users/jtcao/Library/Caches/visepanda/native-event-reconnect-20260913/native-live-2/build/Build/Intermediates.noindex/VisePanda.build/Debug-iphonesimulator/VisePanda.build/ar.lproj/Localizable.strings:1:1: note: detected encoding of input file as Unicode (UTF-8) (in target 'VisePanda' from project 'VisePanda')

CopyStringsFile /Users/jtcao/Library/Caches/visepanda/native-event-reconnect-20260913/native-live-2/build/Build/Products/Debug-iphonesimulator/VisePanda.app/en.lproj/Localizable.strings /Users/jtcao/Library/Caches/visepanda/native-event-reconnect-20260913/native-live-2/build/Build/Intermediates.noindex/VisePanda.build/Debug-iphonesimulator/VisePanda.build/en.lproj/Localizable.strings (in target 'VisePanda' from project 'VisePanda')
    cd /Users/jtcao/Documents/VP-V4-S2-Claim-Coverage/ios/VisePanda
    builtin-copyStrings --validate --outputencoding binary --outfilename Localizable.strings --outdir /Users/jtcao/Library/Caches/visepanda/native-event-reconnect-20260913/native-live-2/build/Build/Products/Debug-iphonesimulator/VisePanda.app/en.lproj -- /Users/jtcao/Library/Caches/visepanda/native-event-reconnect-20260913/native-live-2/build/Build/Intermediates.noindex/VisePanda.build/Debug-iphonesimulator/VisePanda.build/en.lproj/Localizable.strings
/Users/jtcao/Library/Caches/visepanda/native-event-reconnect-20260913/native-live-2/build/Build/Intermediates.noindex/VisePanda.build/Debug-iphonesimulator/VisePanda.build/en.lproj/Localizable.strings:1:1: note: detected encoding of input file as Unicode (UTF-8) (in target 'VisePanda' from project 'VisePanda')

SwiftDriver VisePanda normal arm64 com.apple.xcode.tools.swift.compiler (in target 'VisePanda' from project 'VisePanda')
    cd /Users/jtcao/Documents/VP-V4-S2-Claim-Coverage/ios/VisePanda
    builtin-SwiftDriver -- /Applications/Xcode.app/Contents/Developer/Toolchains/XcodeDefault.xctoolchain/usr/bin/swiftc -module-name VisePanda -Onone @/Users/jtcao/Library/Caches/visepanda/native-event-reconnect-20260913/native-live-2/build/Build/Intermediates.noindex/VisePanda.build/Debug-iphonesimulator/VisePanda.build/Objects-normal/arm64/VisePanda.SwiftFileList -DDEBUG -default-isolation\=MainActor -enable-upcoming-feature InferIsolatedConformances -enable-upcoming-feature NonisolatedNonsendingByDefault -enable-experimental-feature DebugDescriptionMacro -sdk /Applications/Xcode.app/Contents/Developer/Platforms/iPhoneSimulator.platform/Developer/SDKs/iPhoneSimulator26.5.sdk -target arm64-apple-ios17.0-simulator -g -module-cache-path /Users/jtcao/Library/Caches/visepanda/native-event-reconnect-20260913/native-live-2/build/ModuleCache.noindex -Xfrontend -serialize-debugging-options -enable-testing -index-store-path /Users/jtcao/Library/Caches/visepanda/native-event-reconnect-20260913/native-live-2/build/Index.noindex/DataStore -Xcc -D_LIBCPP_HARDENING_MODE\=_LIBCPP_HARDENING_MODE_DEBUG -swift-version 6 -I /Users/jtcao/Library/Caches/visepanda/native-event-reconnect-20260913/native-live-2/build/Build/Products/Debug-iphonesimulator -F /Users/jtcao/Library/Caches/visepanda/native-event-reconnect-20260913/native-live-2/build/Build/Products/Debug-iphonesimulator -c -j8 -enable-batch-mode -incremental -Xcc -ivfsstatcache -Xcc /Users/jtcao/Library/Caches/visepanda/native-event-reconnect-20260913/native-live-2/build/SDKStatCaches.noindex/iphonesimulator26.5-23F81a-6cfe768891a92b912361537c460fe42b.sdkstatcache -output-file-map /Users/jtcao/Library/Caches/visepanda/native-event-reconnect-20260913/native-live-2/build/Build/Intermediates.noindex/VisePanda.build/Debug-iphonesimulator/VisePanda.build/Objects-normal/arm64/VisePanda-OutputFileMap.json -use-frontend-parseable-output -save-temps -no-color-diagnostics -explicit-module-build -module-cache-path /Users/jtcao/Library/Caches/visepanda/native-event-reconnect-20260913/native-live-2/build/Build/Intermediates.noindex/SwiftExplicitPrecompiledModules -clang-scanner-module-cache-path /Users/jtcao/Library/Caches/visepanda/native-event-reconnect-20260913/native-live-2/build/ModuleCache.noindex -sdk-module-cache-path /Users/jtcao/Library/Caches/visepanda/native-event-reconnect-20260913/native-live-2/build/ModuleCache.noindex -serialize-diagnostics -emit-dependencies -emit-module -emit-module-path /Users/jtcao/Library/Caches/visepanda/native-event-reconnect-20260913/native-live-2/build/Build/Intermediates.noindex/VisePanda.build/Debug-iphonesimulator/VisePanda.build/Objects-normal/arm64/VisePanda.swiftmodule -validate-clang-modules-once -clang-build-session-file /Users/jtcao/Library/Caches/visepanda/native-event-reconnect-20260913/native-live-2/build/ModuleCache.noindex/Session.modulevalidation -Xcc -I/Users/jtcao/Library/Caches/visepanda/native-event-reconnect-20260913/native-live-2/build/Build/Intermediates.noindex/VisePanda.build/Debug-iphonesimulator/VisePanda.build/swift-overrides.hmap -emit-const-values -Xfrontend -const-gather-protocols-file -Xfrontend /Users/jtcao/Library/Caches/visepanda/native-event-reconnect-20260913/native-live-2/build/Build/Intermediates.noindex/VisePanda.build/Debug-iphonesimulator/VisePanda.build/Objects-normal/arm64/VisePanda_const_extract_protocols.json -Xcc -iquote -Xcc /Users/jtcao/Library/Caches/visepanda/native-event-reconnect-20260913/native-live-2/build/Build/Intermediates.noindex/VisePanda.build/Debug-iphonesimulator/VisePanda.build/VisePanda-generated-files.hmap -Xcc -I/Users/jtcao/Library/Caches/visepanda/native-event-reconnect-20260913/native-live-2/build/Build/Intermediates.noindex/VisePanda.build/Debug-iphonesimulator/VisePanda.build/VisePanda-own-target-headers.hmap -Xcc -I/Users/jtcao/Library/Caches/visepanda/native-event-reconnect-20260913/native-live-2/build/Build/Intermediates.noindex/VisePanda.build/Debug-iphonesimulator/VisePanda.build/VisePanda-all-target-headers.hmap -Xcc -iquote -Xcc /Users/jtcao/Library/Caches/visepanda/native-event-reconnect-20260913/native-live-2/build/Build/Intermediates.noindex/VisePanda.build/Debug-iphonesimulator/VisePanda.build/VisePanda-project-headers.hmap -Xcc -I/Users/jtcao/Library/Caches/visepanda/native-event-reconnect-20260913/native-live-2/build/Build/Products/Debug-iphonesimulator/include -Xcc -I/Users/jtcao/Library/Caches/visepanda/native-event-reconnect-20260913/native-live-2/build/Build/Intermediates.noindex/VisePanda.build/Debug-iphonesimulator/VisePanda.build/DerivedSources-normal/arm64 -Xcc -I/Users/jtcao/Library/Caches/visepanda/native-event-reconnect-20260913/native-live-2/build/Build/Intermediates.noindex/VisePanda.build/Debug-iphonesimulator/VisePanda.build/DerivedSources/arm64 -Xcc -I/Users/jtcao/Library/Caches/visepanda/native-event-reconnect-20260913/native-live-2/build/Build/Intermediates.noindex/VisePanda.build/Debug-iphonesimulator/VisePanda.build/DerivedSources -emit-objc-header -emit-objc-header-path /Users/jtcao/Library/Caches/visepanda/native-event-reconnect-20260913/native-live-2/build/Build/Intermediates.noindex/VisePanda.build/Debug-iphonesimulator/VisePanda.build/Objects-normal/arm64/VisePanda-Swift.h -working-directory /Users/jtcao/Documents/VP-V4-S2-Claim-Coverage/ios/VisePanda -experimental-emit-module-separately -disable-cmo

SwiftExplicitDependencyGeneratePcm arm64 /Users/jtcao/Library/Caches/visepanda/native-event-reconnect-20260913/native-live-2/build/ModuleCache.noindex/_Builtin_stddef-WEF9QXA6FB5I77JCMXVZTW2A.pcm

SwiftExplicitDependencyGeneratePcm arm64 /Users/jtcao/Library/Caches/visepanda/native-event-reconnect-20260913/native-live-2/build/ModuleCache.noindex/_Builtin_float-1M3VHFTF35TM2S1OJBK5DY72N.pcm

SwiftExplicitDependencyGeneratePcm arm64 /Users/jtcao/Library/Caches/visepanda/native-event-reconnect-20260913/native-live-2/build/ModuleCache.noindex/_AvailabilityInternal-F17E6G5SEYKPZMZNQM0FW8D93.pcm

SwiftExplicitDependencyGeneratePcm arm64 /Users/jtcao/Library/Caches/visepanda/native-event-reconnect-20260913/native-live-2/build/ModuleCache.noindex/ptrauth-DUWVEB1ANI2DSJATVEKV3TOL1.pcm

SwiftExplicitDependencyGeneratePcm arm64 /Users/jtcao/Library/Caches/visepanda/native-event-reconnect-20260913/native-live-2/build/ModuleCache.noindex/_Builtin_stdarg-12KYYGNA6BSYXUMZ6U5ZG31S2.pcm

SwiftExplicitDependencyGeneratePcm arm64 /Users/jtcao/Library/Caches/visepanda/native-event-reconnect-20260913/native-live-2/build/ModuleCache.noindex/ptrcheck-9Q1W3F1XLP5DV7S0L6T0R5I9R.pcm

SwiftExplicitDependencyGeneratePcm arm64 /Users/jtcao/Library/Caches/visepanda/native-event-reconnect-20260913/native-live-2/build/ModuleCache.noindex/_SwiftConcurrencyShims-768VB2I6APV8Y0FIV7XIGZ7JF.pcm

SwiftExplicitDependencyGeneratePcm arm64 /Users/jtcao/Library/Caches/visepanda/native-event-reconnect-20260913/native-live-2/build/ModuleCache.noindex/DeveloperToolsSupport-DMSFGO9PWRF5TP4Z8MX8PLCY0.pcm

SwiftExplicitDependencyGeneratePcm arm64 /Users/jtcao/Library/Caches/visepanda/native-event-reconnect-20260913/native-live-2/build/ModuleCache.noindex/_Builtin_stdbool-6ZIAKGPRCBME77YJC7YIPQX06.pcm

SwiftExplicitDependencyGeneratePcm arm64 /Users/jtcao/Library/Caches/visepanda/native-event-reconnect-20260913/native-live-2/build/ModuleCache.noindex/SwiftShims-50V34CF1CRFEP10TZD2LN5PA1.pcm

SwiftExplicitDependencyGeneratePcm arm64 /Users/jtcao/Library/Caches/visepanda/native-event-reconnect-20260913/native-live-2/build/ModuleCache.noindex/_DarwinFoundation1-2TMMPETKE5ZIIONDIH9XIPWIV.pcm

SwiftExplicitDependencyGeneratePcm arm64 /Users/jtcao/Library/Caches/visepanda/native-event-reconnect-20260913/native-live-2/build/ModuleCache.noindex/_DarwinFoundation2-D2WJ0WYD4YQRX6L8MHFZINYJT.pcm

SwiftExplicitDependencyGeneratePcm arm64 /Users/jtcao/Library/Caches/visepanda/native-event-reconnect-20260913/native-live-2/build/ModuleCache.noindex/_Builtin_limits-AEHZVUK1CI7ESWSNEHNSVSI92.pcm

SwiftExplicitDependencyGeneratePcm arm64 /Users/jtcao/Library/Caches/visepanda/native-event-reconnect-20260913/native-live-2/build/ModuleCache.noindex/_Builtin_stdint-4SEPE8FYW9MI1EWP3BLNTWE1S.pcm

SwiftExplicitDependencyGeneratePcm arm64 /Users/jtcao/Library/Caches/visepanda/native-event-reconnect-20260913/native-live-2/build/ModuleCache.noindex/sys_types-7FSN08NJ25REQGKGRCDN12KYZ.pcm

SwiftExplicitDependencyGeneratePcm arm64 /Users/jtcao/Library/Caches/visepanda/native-event-reconnect-20260913/native-live-2/build/ModuleCache.noindex/_Builtin_tgmath-AS9ZZ34NUENOGHWIHU4KIEZJJ.pcm

SwiftExplicitDependencyGeneratePcm arm64 /Users/jtcao/Library/Caches/visepanda/native-event-reconnect-20260913/native-live-2/build/ModuleCache.noindex/_Builtin_intrinsics-6MLFRIJJTBKK6D2YH7QPC5B6L.pcm

SwiftExplicitDependencyGeneratePcm arm64 /Users/jtcao/Library/Caches/visepanda/native-event-reconnect-20260913/native-live-2/build/ModuleCache.noindex/_DarwinFoundation3-Z7BZ1DLGN65OQ6M5Q7LY1EZP.pcm

SwiftExplicitDependencyGeneratePcm arm64 /Users/jtcao/Library/Caches/visepanda/native-event-reconnect-20260913/native-live-2/build/ModuleCache.noindex/_Builtin_stdatomic-B6ARKE9C2Y42QTGI25AI1WEAG.pcm

SwiftExplicitDependencyGeneratePcm arm64 /Users/jtcao/Library/Caches/visepanda/native-event-reconnect-20260913/native-live-2/build/ModuleCache.noindex/_Builtin_inttypes-98QNN0MM9ARLAUUVKRO9SF72K.pcm

SwiftExplicitDependencyGeneratePcm arm64 /Users/jtcao/Library/Caches/visepanda/native-event-reconnect-20260913/native-live-2/build/ModuleCache.noindex/Darwin-DE28JQ3QEGEUWVDITQD8XM4BH.pcm

SwiftExplicitDependencyGeneratePcm arm64 /Users/jtcao/Library/Caches/visepanda/native-event-reconnect-20260913/native-live-2/build/ModuleCache.noindex/simd-AFV2E1X6FNKP565BQVU9XRNW2.pcm

SwiftExplicitDependencyGeneratePcm arm64 /Users/jtcao/Library/Caches/visepanda/native-event-reconnect-20260913/native-live-2/build/ModuleCache.noindex/ObjectiveC-EXEXP7HLVRRQOOV8KADZCQ38J.pcm

SwiftExplicitDependencyGeneratePcm arm64 /Users/jtcao/Library/Caches/visepanda/native-event-reconnect-20260913/native-live-2/build/ModuleCache.noindex/MachO-7Y3LQ6HJ2J5CWQDCYMGASTMAW.pcm

SwiftExplicitDependencyGeneratePcm arm64 /Users/jtcao/Library/Caches/visepanda/native-event-reconnect-20260913/native-live-2/build/ModuleCache.noindex/os_object-C0H9ZGGEVVI925ESYSBBL8DCU.pcm

SwiftExplicitDependencyGeneratePcm arm64 /Users/jtcao/Library/Caches/visepanda/native-event-reconnect-20260913/native-live-2/build/ModuleCache.noindex/os_workgroup-6K8Q37HB7RDGFHFM7ANI9EFML.pcm

SwiftExplicitDependencyGeneratePcm arm64 /Users/jtcao/Library/Caches/visepanda/native-event-reconnect-20260913/native-live-2/build/ModuleCache.noindex/Spatial-61GI4HUL3RHJD3C24CPI9LWEX.pcm

SwiftExplicitDependencyGeneratePcm arm64 /Users/jtcao/Library/Caches/visepanda/native-event-reconnect-20260913/native-live-2/build/ModuleCache.noindex/Dispatch-5KIQGX3EE5I8LBHUSY7VV7QHB.pcm

SwiftExplicitDependencyGeneratePcm arm64 /Users/jtcao/Library/Caches/visepanda/native-event-reconnect-20260913/native-live-2/build/ModuleCache.noindex/XPC-6GCUYDK1HW7YOVFHRJACNF3HD.pcm

SwiftExplicitDependencyGeneratePcm arm64 /Users/jtcao/Library/Caches/visepanda/native-event-reconnect-20260913/native-live-2/build/ModuleCache.noindex/CoreFoundation-CM8MZ08E6M2I7VCU19YKETQ83.pcm

SwiftExplicitDependencyGeneratePcm arm64 /Users/jtcao/Library/Caches/visepanda/native-event-reconnect-20260913/native-live-2/build/ModuleCache.noindex/os-4CBVZEU25YS9EMNZZU4ATRAC8.pcm

SwiftExplicitDependencyGeneratePcm arm64 /Users/jtcao/Library/Caches/visepanda/native-event-reconnect-20260913/native-live-2/build/ModuleCache.noindex/Security-1GXDT1SOLWDSKIEIRFWXFSBFO.pcm

SwiftExplicitDependencyGeneratePcm arm64 /Users/jtcao/Library/Caches/visepanda/native-event-reconnect-20260913/native-live-2/build/ModuleCache.noindex/CoreGraphics-5BCEIEJ585B36E3K2AW659YIU.pcm

SwiftExplicitDependencyGeneratePcm arm64 /Users/jtcao/Library/Caches/visepanda/native-event-reconnect-20260913/native-live-2/build/ModuleCache.noindex/CFNetwork-DD81LUBV2U7V4G0T1947U92T1.pcm

SwiftExplicitDependencyGeneratePcm arm64 /Users/jtcao/Library/Caches/visepanda/native-event-reconnect-20260913/native-live-2/build/ModuleCache.noindex/Foundation-5WJQX1AIVSRCAV53SLBLFFDTU.pcm

SwiftExplicitDependencyGeneratePcm arm64 /Users/jtcao/Library/Caches/visepanda/native-event-reconnect-20260913/native-live-2/build/ModuleCache.noindex/CoreText-2HQDZN6SNX0FQFZWBWYA4OWSF.pcm

SwiftExplicitDependencyGeneratePcm arm64 /Users/jtcao/Library/Caches/visepanda/native-event-reconnect-20260913/native-live-2/build/ModuleCache.noindex/ImageIO-D17F4LQC8A1UHHIOCQOUYI7XH.pcm

SwiftExplicitDependencyGeneratePcm arm64 /Users/jtcao/Library/Caches/visepanda/native-event-reconnect-20260913/native-live-2/build/ModuleCache.noindex/OSLog-8Z3DQTG0OYRT9335Z4ZD95EK.pcm

SwiftExplicitDependencyGeneratePcm arm64 /Users/jtcao/Library/Caches/visepanda/native-event-reconnect-20260913/native-live-2/build/ModuleCache.noindex/DataDetection-642EM6LEAHGT8GNYP82C7SEH.pcm

SwiftExplicitDependencyGeneratePcm arm64 /Users/jtcao/Library/Caches/visepanda/native-event-reconnect-20260913/native-live-2/build/ModuleCache.noindex/CoreTransferable-C27NORGMNOUXXWWXAM5TQ4FP4.pcm

SwiftExplicitDependencyGeneratePcm arm64 /Users/jtcao/Library/Caches/visepanda/native-event-reconnect-20260913/native-live-2/build/ModuleCache.noindex/Symbols-A0WTD17QKOR1IK5926AO9SFLY.pcm

SwiftExplicitDependencyGeneratePcm arm64 /Users/jtcao/Library/Caches/visepanda/native-event-reconnect-20260913/native-live-2/build/ModuleCache.noindex/IOSurface-9INTQ6AQUNPJPYCEV8DPJIFKP.pcm

SwiftExplicitDependencyGeneratePcm arm64 /Users/jtcao/Library/Caches/visepanda/native-event-reconnect-20260913/native-live-2/build/ModuleCache.noindex/Accessibility-17RSXWCTXFDMHDK04B4WDRLEA.pcm

SwiftExplicitDependencyGeneratePcm arm64 /Users/jtcao/Library/Caches/visepanda/native-event-reconnect-20260913/native-live-2/build/ModuleCache.noindex/UserNotifications-7XU4V6JFAEDV12322G67N13AC.pcm

SwiftExplicitDependencyGeneratePcm arm64 /Users/jtcao/Library/Caches/visepanda/native-event-reconnect-20260913/native-live-2/build/ModuleCache.noindex/UniformTypeIdentifiers-EVH0V72V07NQ3S7DIB5H65TNZ.pcm

SwiftExplicitDependencyGeneratePcm arm64 /Users/jtcao/Library/Caches/visepanda/native-event-reconnect-20260913/native-live-2/build/ModuleCache.noindex/CoreData-2R288NKP15NCDW3J88GVN1UUF.pcm

SwiftExplicitDependencyGeneratePcm arm64 /Users/jtcao/Library/Caches/visepanda/native-event-reconnect-20260913/native-live-2/build/ModuleCache.noindex/OpenGLES-8NFAOJ7HW2D9X2J3D7YDK8AZ3.pcm

SwiftExplicitDependencyGeneratePcm arm64 /Users/jtcao/Library/Caches/visepanda/native-event-reconnect-20260913/native-live-2/build/ModuleCache.noindex/FileProvider-FDWWF0RY00UOG1OUHM4UMTCG.pcm

SwiftExplicitDependencyGeneratePcm arm64 /Users/jtcao/Library/Caches/visepanda/native-event-reconnect-20260913/native-live-2/build/ModuleCache.noindex/UIUtilities-CVHIPITUZ8ZUKHFSP2A02FOFL.pcm

SwiftExplicitDependencyGeneratePcm arm64 /Users/jtcao/Library/Caches/visepanda/native-event-reconnect-20260913/native-live-2/build/ModuleCache.noindex/Metal-F05QZ0TD7WUCCNUIW6XKXW4LM.pcm

SwiftExplicitDependencyGeneratePcm arm64 /Users/jtcao/Library/Caches/visepanda/native-event-reconnect-20260913/native-live-2/build/ModuleCache.noindex/CoreVideo-7ADVZQZZJA3PBW1IL10CML4XQ.pcm

SwiftExplicitDependencyGeneratePcm arm64 /Users/jtcao/Library/Caches/visepanda/native-event-reconnect-20260913/native-live-2/build/ModuleCache.noindex/CoreImage-1M2DUNLQUNN9FGKXPJZ2RDGVE.pcm

SwiftExplicitDependencyGeneratePcm arm64 /Users/jtcao/Library/Caches/visepanda/native-event-reconnect-20260913/native-live-2/build/ModuleCache.noindex/QuartzCore-NEWO41QS1BISKS52SO83X7R3.pcm

SwiftExplicitDependencyGeneratePcm arm64 /Users/jtcao/Library/Caches/visepanda/native-event-reconnect-20260913/native-live-2/build/ModuleCache.noindex/SwiftUICore-3DBCS4PJ2LWTSKBNBGPAHVPZF.pcm

SwiftExplicitDependencyGeneratePcm arm64 /Users/jtcao/Library/Caches/visepanda/native-event-reconnect-20260913/native-live-2/build/ModuleCache.noindex/UIKit-A7YS7ZQ2TV4ECTNYKDT8IR5M6.pcm

SwiftExplicitDependencyGeneratePcm arm64 /Users/jtcao/Library/Caches/visepanda/native-event-reconnect-20260913/native-live-2/build/ModuleCache.noindex/SwiftUI-AP8O0OMZS29360A1839GZ65IE.pcm

SwiftEmitModule normal arm64 Emitting\ module\ for\ VisePanda (in target 'VisePanda' from project 'VisePanda')
EmitSwiftModule normal arm64 (in target 'VisePanda' from project 'VisePanda')
    cd /Users/jtcao/Documents/VP-V4-S2-Claim-Coverage/ios/VisePanda
    

SwiftCompile normal arm64 Compiling\ TodayView.swift,\ AskView.swift,\ TripView.swift /Users/jtcao/Documents/VP-V4-S2-Claim-Coverage/ios/VisePanda/VisePanda/Features/Today/TodayView.swift /Users/jtcao/Documents/VP-V4-S2-Claim-Coverage/ios/VisePanda/VisePanda/Features/Ask/AskView.swift /Users/jtcao/Documents/VP-V4-S2-Claim-Coverage/ios/VisePanda/VisePanda/Features/Trip/TripView.swift (in target 'VisePanda' from project 'VisePanda')
SwiftCompile normal arm64 /Users/jtcao/Documents/VP-V4-S2-Claim-Coverage/ios/VisePanda/VisePanda/Features/Today/TodayView.swift (in target 'VisePanda' from project 'VisePanda')
    cd /Users/jtcao/Documents/VP-V4-S2-Claim-Coverage/ios/VisePanda
    

SwiftCompile normal arm64 /Users/jtcao/Documents/VP-V4-S2-Claim-Coverage/ios/VisePanda/VisePanda/Features/Ask/AskView.swift (in target 'VisePanda' from project 'VisePanda')
    cd /Users/jtcao/Documents/VP-V4-S2-Claim-Coverage/ios/VisePanda
    

SwiftCompile normal arm64 /Users/jtcao/Documents/VP-V4-S2-Claim-Coverage/ios/VisePanda/VisePanda/Features/Trip/TripView.swift (in target 'VisePanda' from project 'VisePanda')
    cd /Users/jtcao/Documents/VP-V4-S2-Claim-Coverage/ios/VisePanda
    

SwiftCompile normal arm64 Compiling\ BrandHeader.swift,\ PreviewStatusBanner.swift,\ CapabilityCard.swift /Users/jtcao/Documents/VP-V4-S2-Claim-Coverage/ios/VisePanda/VisePanda/Components/BrandHeader.swift /Users/jtcao/Documents/VP-V4-S2-Claim-Coverage/ios/VisePanda/VisePanda/Components/PreviewStatusBanner.swift /Users/jtcao/Documents/VP-V4-S2-Claim-Coverage/ios/VisePanda/VisePanda/Components/CapabilityCard.swift (in target 'VisePanda' from project 'VisePanda')
SwiftCompile normal arm64 /Users/jtcao/Documents/VP-V4-S2-Claim-Coverage/ios/VisePanda/VisePanda/Components/BrandHeader.swift (in target 'VisePanda' from project 'VisePanda')
    cd /Users/jtcao/Documents/VP-V4-S2-Claim-Coverage/ios/VisePanda
    

SwiftCompile normal arm64 /Users/jtcao/Documents/VP-V4-S2-Claim-Coverage/ios/VisePanda/VisePanda/Components/PreviewStatusBanner.swift (in target 'VisePanda' from project 'VisePanda')
    cd /Users/jtcao/Documents/VP-V4-S2-Claim-Coverage/ios/VisePanda
    

SwiftCompile normal arm64 /Users/jtcao/Documents/VP-V4-S2-Claim-Coverage/ios/VisePanda/VisePanda/Components/CapabilityCard.swift (in target 'VisePanda' from project 'VisePanda')
    cd /Users/jtcao/Documents/VP-V4-S2-Claim-Coverage/ios/VisePanda
    

SwiftCompile normal arm64 Compiling\ ExploreView.swift,\ ProfileView.swift,\ GeneratedAssetSymbols.swift /Users/jtcao/Documents/VP-V4-S2-Claim-Coverage/ios/VisePanda/VisePanda/Features/Explore/ExploreView.swift /Users/jtcao/Documents/VP-V4-S2-Claim-Coverage/ios/VisePanda/VisePanda/Features/Profile/ProfileView.swift /Users/jtcao/Library/Caches/visepanda/native-event-reconnect-20260913/native-live-2/build/Build/Intermediates.noindex/VisePanda.build/Debug-iphonesimulator/VisePanda.build/DerivedSources/GeneratedAssetSymbols.swift (in target 'VisePanda' from project 'VisePanda')

SwiftCompile normal arm64 /Users/jtcao/Documents/VP-V4-S2-Claim-Coverage/ios/VisePanda/VisePanda/Features/Explore/ExploreView.swift (in target 'VisePanda' from project 'VisePanda')
    cd /Users/jtcao/Documents/VP-V4-S2-Claim-Coverage/ios/VisePanda
    

SwiftCompile normal arm64 /Users/jtcao/Documents/VP-V4-S2-Claim-Coverage/ios/VisePanda/VisePanda/Features/Profile/ProfileView.swift (in target 'VisePanda' from project 'VisePanda')
    cd /Users/jtcao/Documents/VP-V4-S2-Claim-Coverage/ios/VisePanda
    

SwiftCompile normal arm64 /Users/jtcao/Library/Caches/visepanda/native-event-reconnect-20260913/native-live-2/build/Build/Intermediates.noindex/VisePanda.build/Debug-iphonesimulator/VisePanda.build/DerivedSources/GeneratedAssetSymbols.swift (in target 'VisePanda' from project 'VisePanda')
    cd /Users/jtcao/Documents/VP-V4-S2-Claim-Coverage/ios/VisePanda
    

SwiftCompile normal arm64 Compiling\ NativeAskEvents.swift,\ NativeKnowledgeModels.swift,\ NativeKnowledgeStore.swift,\ NativeKnowledgeView.swift /Users/jtcao/Documents/VP-V4-S2-Claim-Coverage/ios/VisePanda/VisePanda/Features/Ask/NativeAskEvents.swift /Users/jtcao/Documents/VP-V4-S2-Claim-Coverage/ios/VisePanda/VisePanda/Features/Knowledge/NativeKnowledgeModels.swift /Users/jtcao/Documents/VP-V4-S2-Claim-Coverage/ios/VisePanda/VisePanda/Features/Knowledge/NativeKnowledgeStore.swift /Users/jtcao/Documents/VP-V4-S2-Claim-Coverage/ios/VisePanda/VisePanda/Features/Knowledge/NativeKnowledgeView.swift (in target 'VisePanda' from project 'VisePanda')

SwiftCompile normal arm64 /Users/jtcao/Documents/VP-V4-S2-Claim-Coverage/ios/VisePanda/VisePanda/Features/Ask/NativeAskEvents.swift (in target 'VisePanda' from project 'VisePanda')
    cd /Users/jtcao/Documents/VP-V4-S2-Claim-Coverage/ios/VisePanda
    

SwiftCompile normal arm64 /Users/jtcao/Documents/VP-V4-S2-Claim-Coverage/ios/VisePanda/VisePanda/Features/Knowledge/NativeKnowledgeModels.swift (in target 'VisePanda' from project 'VisePanda')
    cd /Users/jtcao/Documents/VP-V4-S2-Claim-Coverage/ios/VisePanda
    

SwiftCompile normal arm64 /Users/jtcao/Documents/VP-V4-S2-Claim-Coverage/ios/VisePanda/VisePanda/Features/Knowledge/NativeKnowledgeStore.swift (in target 'VisePanda' from project 'VisePanda')
    cd /Users/jtcao/Documents/VP-V4-S2-Claim-Coverage/ios/VisePanda
    

SwiftCompile normal arm64 /Users/jtcao/Documents/VP-V4-S2-Claim-Coverage/ios/VisePanda/VisePanda/Features/Knowledge/NativeKnowledgeView.swift (in target 'VisePanda' from project 'VisePanda')
    cd /Users/jtcao/Documents/VP-V4-S2-Claim-Coverage/ios/VisePanda
    

SwiftCompile normal arm64 Compiling\ NativeAskView.swift,\ NativeAskModels.swift,\ NativeAskStore.swift,\ NativeTripModels.swift /Users/jtcao/Documents/VP-V4-S2-Claim-Coverage/ios/VisePanda/VisePanda/Features/Ask/NativeAskView.swift /Users/jtcao/Documents/VP-V4-S2-Claim-Coverage/ios/VisePanda/VisePanda/Features/Ask/NativeAskModels.swift /Users/jtcao/Documents/VP-V4-S2-Claim-Coverage/ios/VisePanda/VisePanda/Features/Ask/NativeAskStore.swift /Users/jtcao/Documents/VP-V4-S2-Claim-Coverage/ios/VisePanda/VisePanda/Features/Trip/NativeTripModels.swift (in target 'VisePanda' from project 'VisePanda')
SwiftCompile normal arm64 /Users/jtcao/Documents/VP-V4-S2-Claim-Coverage/ios/VisePanda/VisePanda/Features/Ask/NativeAskView.swift (in target 'VisePanda' from project 'VisePanda')
    cd /Users/jtcao/Documents/VP-V4-S2-Claim-Coverage/ios/VisePanda
    

SwiftCompile normal arm64 /Users/jtcao/Documents/VP-V4-S2-Claim-Coverage/ios/VisePanda/VisePanda/Features/Ask/NativeAskModels.swift (in target 'VisePanda' from project 'VisePanda')
    cd /Users/jtcao/Documents/VP-V4-S2-Claim-Coverage/ios/VisePanda
    

SwiftCompile normal arm64 /Users/jtcao/Documents/VP-V4-S2-Claim-Coverage/ios/VisePanda/VisePanda/Features/Ask/NativeAskStore.swift (in target 'VisePanda' from project 'VisePanda')
    cd /Users/jtcao/Documents/VP-V4-S2-Claim-Coverage/ios/VisePanda
    

SwiftCompile normal arm64 /Users/jtcao/Documents/VP-V4-S2-Claim-Coverage/ios/VisePanda/VisePanda/Features/Trip/NativeTripModels.swift (in target 'VisePanda' from project 'VisePanda')
    cd /Users/jtcao/Documents/VP-V4-S2-Claim-Coverage/ios/VisePanda
    

SwiftCompile normal arm64 Compiling\ AppSettings.swift,\ AppShellView.swift,\ AppTab.swift /Users/jtcao/Documents/VP-V4-S2-Claim-Coverage/ios/VisePanda/VisePanda/App/AppSettings.swift /Users/jtcao/Documents/VP-V4-S2-Claim-Coverage/ios/VisePanda/VisePanda/App/AppShellView.swift /Users/jtcao/Documents/VP-V4-S2-Claim-Coverage/ios/VisePanda/VisePanda/Navigation/AppTab.swift (in target 'VisePanda' from project 'VisePanda')

SwiftCompile normal arm64 /Users/jtcao/Documents/VP-V4-S2-Claim-Coverage/ios/VisePanda/VisePanda/App/AppSettings.swift (in target 'VisePanda' from project 'VisePanda')
    cd /Users/jtcao/Documents/VP-V4-S2-Claim-Coverage/ios/VisePanda
    

SwiftCompile normal arm64 /Users/jtcao/Documents/VP-V4-S2-Claim-Coverage/ios/VisePanda/VisePanda/App/AppShellView.swift (in target 'VisePanda' from project 'VisePanda')
    cd /Users/jtcao/Documents/VP-V4-S2-Claim-Coverage/ios/VisePanda
    

SwiftCompile normal arm64 /Users/jtcao/Documents/VP-V4-S2-Claim-Coverage/ios/VisePanda/VisePanda/Navigation/AppTab.swift (in target 'VisePanda' from project 'VisePanda')
    cd /Users/jtcao/Documents/VP-V4-S2-Claim-Coverage/ios/VisePanda
    

SwiftCompile normal arm64 Compiling\ NativeTripStore.swift,\ NativeTripView.swift,\ NativeSession.swift,\ VisePandaApp.swift /Users/jtcao/Documents/VP-V4-S2-Claim-Coverage/ios/VisePanda/VisePanda/Features/Trip/NativeTripStore.swift /Users/jtcao/Documents/VP-V4-S2-Claim-Coverage/ios/VisePanda/VisePanda/Features/Trip/NativeTripView.swift /Users/jtcao/Documents/VP-V4-S2-Claim-Coverage/ios/VisePanda/VisePanda/App/NativeSession.swift /Users/jtcao/Documents/VP-V4-S2-Claim-Coverage/ios/VisePanda/VisePanda/App/VisePandaApp.swift (in target 'VisePanda' from project 'VisePanda')

SwiftCompile normal arm64 /Users/jtcao/Documents/VP-V4-S2-Claim-Coverage/ios/VisePanda/VisePanda/Features/Trip/NativeTripStore.swift (in target 'VisePanda' from project 'VisePanda')
    cd /Users/jtcao/Documents/VP-V4-S2-Claim-Coverage/ios/VisePanda
    

SwiftCompile normal arm64 /Users/jtcao/Documents/VP-V4-S2-Claim-Coverage/ios/VisePanda/VisePanda/Features/Trip/NativeTripView.swift (in target 'VisePanda' from project 'VisePanda')
    cd /Users/jtcao/Documents/VP-V4-S2-Claim-Coverage/ios/VisePanda
    

SwiftCompile normal arm64 /Users/jtcao/Documents/VP-V4-S2-Claim-Coverage/ios/VisePanda/VisePanda/App/NativeSession.swift (in target 'VisePanda' from project 'VisePanda')
    cd /Users/jtcao/Documents/VP-V4-S2-Claim-Coverage/ios/VisePanda
    

SwiftCompile normal arm64 /Users/jtcao/Documents/VP-V4-S2-Claim-Coverage/ios/VisePanda/VisePanda/App/VisePandaApp.swift (in target 'VisePanda' from project 'VisePanda')
    cd /Users/jtcao/Documents/VP-V4-S2-Claim-Coverage/ios/VisePanda
    

LinkAssetCatalog /Users/jtcao/Documents/VP-V4-S2-Claim-Coverage/ios/VisePanda/VisePanda/Resources/Assets.xcassets (in target 'VisePanda' from project 'VisePanda')
    cd /Users/jtcao/Documents/VP-V4-S2-Claim-Coverage/ios/VisePanda
    builtin-linkAssetCatalog --thinned /Users/jtcao/Library/Caches/visepanda/native-event-reconnect-20260913/native-live-2/build/Build/Intermediates.noindex/VisePanda.build/Debug-iphonesimulator/VisePanda.build/assetcatalog_output/thinned --thinned-dependencies /Users/jtcao/Library/Caches/visepanda/native-event-reconnect-20260913/native-live-2/build/Build/Intermediates.noindex/VisePanda.build/Debug-iphonesimulator/VisePanda.build/assetcatalog_dependencies_thinned --thinned-info-plist-content /Users/jtcao/Library/Caches/visepanda/native-event-reconnect-20260913/native-live-2/build/Build/Intermediates.noindex/VisePanda.build/Debug-iphonesimulator/VisePanda.build/assetcatalog_generated_info.plist_thinned --unthinned /Users/jtcao/Library/Caches/visepanda/native-event-reconnect-20260913/native-live-2/build/Build/Intermediates.noindex/VisePanda.build/Debug-iphonesimulator/VisePanda.build/assetcatalog_output/unthinned --unthinned-dependencies /Users/jtcao/Library/Caches/visepanda/native-event-reconnect-20260913/native-live-2/build/Build/Intermediates.noindex/VisePanda.build/Debug-iphonesimulator/VisePanda.build/assetcatalog_dependencies_unthinned --unthinned-info-plist-content /Users/jtcao/Library/Caches/visepanda/native-event-reconnect-20260913/native-live-2/build/Build/Intermediates.noindex/VisePanda.build/Debug-iphonesimulator/VisePanda.build/assetcatalog_generated_info.plist_unthinned --output /Users/jtcao/Library/Caches/visepanda/native-event-reconnect-20260913/native-live-2/build/Build/Products/Debug-iphonesimulator/VisePanda.app --plist-output /Users/jtcao/Library/Caches/visepanda/native-event-reconnect-20260913/native-live-2/build/Build/Intermediates.noindex/VisePanda.build/Debug-iphonesimulator/VisePanda.build/assetcatalog_generated_info.plist
note: Emplaced /Users/jtcao/Library/Caches/visepanda/native-event-reconnect-20260913/native-live-2/build/Build/Products/Debug-iphonesimulator/VisePanda.app/AppIcon76x76@2x~ipad.png (in target 'VisePanda' from project 'VisePanda')
note: Emplaced /Users/jtcao/Library/Caches/visepanda/native-event-reconnect-20260913/native-live-2/build/Build/Products/Debug-iphonesimulator/VisePanda.app/Assets.car (in target 'VisePanda' from project 'VisePanda')
note: Emplaced /Users/jtcao/Library/Caches/visepanda/native-event-reconnect-20260913/native-live-2/build/Build/Products/Debug-iphonesimulator/VisePanda.app/AppIcon60x60@2x.png (in target 'VisePanda' from project 'VisePanda')

SwiftDriverJobDiscovery normal arm64 Emitting module for VisePanda (in target 'VisePanda' from project 'VisePanda')

SwiftDriver\ Compilation\ Requirements VisePanda normal arm64 com.apple.xcode.tools.swift.compiler (in target 'VisePanda' from project 'VisePanda')
    cd /Users/jtcao/Documents/VP-V4-S2-Claim-Coverage/ios/VisePanda
    builtin-Swift-Compilation-Requirements -- /Applications/Xcode.app/Contents/Developer/Toolchains/XcodeDefault.xctoolchain/usr/bin/swiftc -module-name VisePanda -Onone @/Users/jtcao/Library/Caches/visepanda/native-event-reconnect-20260913/native-live-2/build/Build/Intermediates.noindex/VisePanda.build/Debug-iphonesimulator/VisePanda.build/Objects-normal/arm64/VisePanda.SwiftFileList -DDEBUG -default-isolation\=MainActor -enable-upcoming-feature InferIsolatedConformances -enable-upcoming-feature NonisolatedNonsendingByDefault -enable-experimental-feature DebugDescriptionMacro -sdk /Applications/Xcode.app/Contents/Developer/Platforms/iPhoneSimulator.platform/Developer/SDKs/iPhoneSimulator26.5.sdk -target arm64-apple-ios17.0-simulator -g -module-cache-path /Users/jtcao/Library/Caches/visepanda/native-event-reconnect-20260913/native-live-2/build/ModuleCache.noindex -Xfrontend -serialize-debugging-options -enable-testing -index-store-path /Users/jtcao/Library/Caches/visepanda/native-event-reconnect-20260913/native-live-2/build/Index.noindex/DataStore -Xcc -D_LIBCPP_HARDENING_MODE\=_LIBCPP_HARDENING_MODE_DEBUG -swift-version 6 -I /Users/jtcao/Library/Caches/visepanda/native-event-reconnect-20260913/native-live-2/build/Build/Products/Debug-iphonesimulator -F /Users/jtcao/Library/Caches/visepanda/native-event-reconnect-20260913/native-live-2/build/Build/Products/Debug-iphonesimulator -c -j8 -enable-batch-mode -incremental -Xcc -ivfsstatcache -Xcc /Users/jtcao/Library/Caches/visepanda/native-event-reconnect-20260913/native-live-2/build/SDKStatCaches.noindex/iphonesimulator26.5-23F81a-6cfe768891a92b912361537c460fe42b.sdkstatcache -output-file-map /Users/jtcao/Library/Caches/visepanda/native-event-reconnect-20260913/native-live-2/build/Build/Intermediates.noindex/VisePanda.build/Debug-iphonesimulator/VisePanda.build/Objects-normal/arm64/VisePanda-OutputFileMap.json -use-frontend-parseable-output -save-temps -no-color-diagnostics -explicit-module-build -module-cache-path /Users/jtcao/Library/Caches/visepanda/native-event-reconnect-20260913/native-live-2/build/Build/Intermediates.noindex/SwiftExplicitPrecompiledModules -clang-scanner-module-cache-path /Users/jtcao/Library/Caches/visepanda/native-event-reconnect-20260913/native-live-2/build/ModuleCache.noindex -sdk-module-cache-path /Users/jtcao/Library/Caches/visepanda/native-event-reconnect-20260913/native-live-2/build/ModuleCache.noindex -serialize-diagnostics -emit-dependencies -emit-module -emit-module-path /Users/jtcao/Library/Caches/visepanda/native-event-reconnect-20260913/native-live-2/build/Build/Intermediates.noindex/VisePanda.build/Debug-iphonesimulator/VisePanda.build/Objects-normal/arm64/VisePanda.swiftmodule -validate-clang-modules-once -clang-build-session-file /Users/jtcao/Library/Caches/visepanda/native-event-reconnect-20260913/native-live-2/build/ModuleCache.noindex/Session.modulevalidation -Xcc -I/Users/jtcao/Library/Caches/visepanda/native-event-reconnect-20260913/native-live-2/build/Build/Intermediates.noindex/VisePanda.build/Debug-iphonesimulator/VisePanda.build/swift-overrides.hmap -emit-const-values -Xfrontend -const-gather-protocols-file -Xfrontend /Users/jtcao/Library/Caches/visepanda/native-event-reconnect-20260913/native-live-2/build/Build/Intermediates.noindex/VisePanda.build/Debug-iphonesimulator/VisePanda.build/Objects-normal/arm64/VisePanda_const_extract_protocols.json -Xcc -iquote -Xcc /Users/jtcao/Library/Caches/visepanda/native-event-reconnect-20260913/native-live-2/build/Build/Intermediates.noindex/VisePanda.build/Debug-iphonesimulator/VisePanda.build/VisePanda-generated-files.hmap -Xcc -I/Users/jtcao/Library/Caches/visepanda/native-event-reconnect-20260913/native-live-2/build/Build/Intermediates.noindex/VisePanda.build/Debug-iphonesimulator/VisePanda.build/VisePanda-own-target-headers.hmap -Xcc -I/Users/jtcao/Library/Caches/visepanda/native-event-reconnect-20260913/native-live-2/build/Build/Intermediates.noindex/VisePanda.build/Debug-iphonesimulator/VisePanda.build/VisePanda-all-target-headers.hmap -Xcc -iquote -Xcc /Users/jtcao/Library/Caches/visepanda/native-event-reconnect-20260913/native-live-2/build/Build/Intermediates.noindex/VisePanda.build/Debug-iphonesimulator/VisePanda.build/VisePanda-project-headers.hmap -Xcc -I/Users/jtcao/Library/Caches/visepanda/native-event-reconnect-20260913/native-live-2/build/Build/Products/Debug-iphonesimulator/include -Xcc -I/Users/jtcao/Library/Caches/visepanda/native-event-reconnect-20260913/native-live-2/build/Build/Intermediates.noindex/VisePanda.build/Debug-iphonesimulator/VisePanda.build/DerivedSources-normal/arm64 -Xcc -I/Users/jtcao/Library/Caches/visepanda/native-event-reconnect-20260913/native-live-2/build/Build/Intermediates.noindex/VisePanda.build/Debug-iphonesimulator/VisePanda.build/DerivedSources/arm64 -Xcc -I/Users/jtcao/Library/Caches/visepanda/native-event-reconnect-20260913/native-live-2/build/Build/Intermediates.noindex/VisePanda.build/Debug-iphonesimulator/VisePanda.build/DerivedSources -emit-objc-header -emit-objc-header-path /Users/jtcao/Library/Caches/visepanda/native-event-reconnect-20260913/native-live-2/build/Build/Intermediates.noindex/VisePanda.build/Debug-iphonesimulator/VisePanda.build/Objects-normal/arm64/VisePanda-Swift.h -working-directory /Users/jtcao/Documents/VP-V4-S2-Claim-Coverage/ios/VisePanda -experimental-emit-module-separately -disable-cmo

SwiftCompile normal arm64 Compiling\ AppRoute.swift,\ Capability.swift,\ VisePandaTheme.swift /Users/jtcao/Documents/VP-V4-S2-Claim-Coverage/ios/VisePanda/VisePanda/Navigation/AppRoute.swift /Users/jtcao/Documents/VP-V4-S2-Claim-Coverage/ios/VisePanda/VisePanda/Navigation/Capability.swift /Users/jtcao/Documents/VP-V4-S2-Claim-Coverage/ios/VisePanda/VisePanda/DesignSystem/VisePandaTheme.swift (in target 'VisePanda' from project 'VisePanda')

SwiftCompile normal arm64 /Users/jtcao/Documents/VP-V4-S2-Claim-Coverage/ios/VisePanda/VisePanda/Navigation/AppRoute.swift (in target 'VisePanda' from project 'VisePanda')
    cd /Users/jtcao/Documents/VP-V4-S2-Claim-Coverage/ios/VisePanda
    

SwiftCompile normal arm64 /Users/jtcao/Documents/VP-V4-S2-Claim-Coverage/ios/VisePanda/VisePanda/Navigation/Capability.swift (in target 'VisePanda' from project 'VisePanda')
    cd /Users/jtcao/Documents/VP-V4-S2-Claim-Coverage/ios/VisePanda
    

SwiftCompile normal arm64 /Users/jtcao/Documents/VP-V4-S2-Claim-Coverage/ios/VisePanda/VisePanda/DesignSystem/VisePandaTheme.swift (in target 'VisePanda' from project 'VisePanda')
    cd /Users/jtcao/Documents/VP-V4-S2-Claim-Coverage/ios/VisePanda
    

SwiftMergeGeneratedHeaders /Users/jtcao/Library/Caches/visepanda/native-event-reconnect-20260913/native-live-2/build/Build/Intermediates.noindex/VisePanda.build/Debug-iphonesimulator/VisePanda.build/DerivedSources/VisePanda-Swift.h /Users/jtcao/Library/Caches/visepanda/native-event-reconnect-20260913/native-live-2/build/Build/Intermediates.noindex/VisePanda.build/Debug-iphonesimulator/VisePanda.build/Objects-normal/arm64/VisePanda-Swift.h (in target 'VisePanda' from project 'VisePanda')
    cd /Users/jtcao/Documents/VP-V4-S2-Claim-Coverage/ios/VisePanda
    builtin-swiftHeaderTool -arch arm64 /Users/jtcao/Library/Caches/visepanda/native-event-reconnect-20260913/native-live-2/build/Build/Intermediates.noindex/VisePanda.build/Debug-iphonesimulator/VisePanda.build/Objects-normal/arm64/VisePanda-Swift.h -o /Users/jtcao/Library/Caches/visepanda/native-event-reconnect-20260913/native-live-2/build/Build/Intermediates.noindex/VisePanda.build/Debug-iphonesimulator/VisePanda.build/DerivedSources/VisePanda-Swift.h

SwiftDriverJobDiscovery normal arm64 Compiling AppRoute.swift, Capability.swift, VisePandaTheme.swift (in target 'VisePanda' from project 'VisePanda')

Copy /Users/jtcao/Library/Caches/visepanda/native-event-reconnect-20260913/native-live-2/build/Build/Products/Debug-iphonesimulator/VisePanda.swiftmodule/arm64-apple-ios-simulator.swiftmodule /Users/jtcao/Library/Caches/visepanda/native-event-reconnect-20260913/native-live-2/build/Build/Intermediates.noindex/VisePanda.build/Debug-iphonesimulator/VisePanda.build/Objects-normal/arm64/VisePanda.swiftmodule (in target 'VisePanda' from project 'VisePanda')
    cd /Users/jtcao/Documents/VP-V4-S2-Claim-Coverage/ios/VisePanda
    builtin-copy -exclude .DS_Store -exclude CVS -exclude .svn -exclude .git -exclude .hg -resolve-src-symlinks -rename /Users/jtcao/Library/Caches/visepanda/native-event-reconnect-20260913/native-live-2/build/Build/Intermediates.noindex/VisePanda.build/Debug-iphonesimulator/VisePanda.build/Objects-normal/arm64/VisePanda.swiftmodule /Users/jtcao/Library/Caches/visepanda/native-event-reconnect-20260913/native-live-2/build/Build/Products/Debug-iphonesimulator/VisePanda.swiftmodule/arm64-apple-ios-simulator.swiftmodule

Copy /Users/jtcao/Library/Caches/visepanda/native-event-reconnect-20260913/native-live-2/build/Build/Products/Debug-iphonesimulator/VisePanda.swiftmodule/arm64-apple-ios-simulator.swiftdoc /Users/jtcao/Library/Caches/visepanda/native-event-reconnect-20260913/native-live-2/build/Build/Intermediates.noindex/VisePanda.build/Debug-iphonesimulator/VisePanda.build/Objects-normal/arm64/VisePanda.swiftdoc (in target 'VisePanda' from project 'VisePanda')
    cd /Users/jtcao/Documents/VP-V4-S2-Claim-Coverage/ios/VisePanda
    builtin-copy -exclude .DS_Store -exclude CVS -exclude .svn -exclude .git -exclude .hg -resolve-src-symlinks -rename /Users/jtcao/Library/Caches/visepanda/native-event-reconnect-20260913/native-live-2/build/Build/Intermediates.noindex/VisePanda.build/Debug-iphonesimulator/VisePanda.build/Objects-normal/arm64/VisePanda.swiftdoc /Users/jtcao/Library/Caches/visepanda/native-event-reconnect-20260913/native-live-2/build/Build/Products/Debug-iphonesimulator/VisePanda.swiftmodule/arm64-apple-ios-simulator.swiftdoc

Copy /Users/jtcao/Library/Caches/visepanda/native-event-reconnect-20260913/native-live-2/build/Build/Products/Debug-iphonesimulator/VisePanda.swiftmodule/arm64-apple-ios-simulator.abi.json /Users/jtcao/Library/Caches/visepanda/native-event-reconnect-20260913/native-live-2/build/Build/Intermediates.noindex/VisePanda.build/Debug-iphonesimulator/VisePanda.build/Objects-normal/arm64/VisePanda.abi.json (in target 'VisePanda' from project 'VisePanda')
    cd /Users/jtcao/Documents/VP-V4-S2-Claim-Coverage/ios/VisePanda
    builtin-copy -exclude .DS_Store -exclude CVS -exclude .svn -exclude .git -exclude .hg -resolve-src-symlinks -rename /Users/jtcao/Library/Caches/visepanda/native-event-reconnect-20260913/native-live-2/build/Build/Intermediates.noindex/VisePanda.build/Debug-iphonesimulator/VisePanda.build/Objects-normal/arm64/VisePanda.abi.json /Users/jtcao/Library/Caches/visepanda/native-event-reconnect-20260913/native-live-2/build/Build/Products/Debug-iphonesimulator/VisePanda.swiftmodule/arm64-apple-ios-simulator.abi.json

SwiftDriverJobDiscovery normal arm64 Compiling NativeAskEvents.swift, NativeKnowledgeModels.swift, NativeKnowledgeStore.swift, NativeKnowledgeView.swift (in target 'VisePanda' from project 'VisePanda')

Copy /Users/jtcao/Library/Caches/visepanda/native-event-reconnect-20260913/native-live-2/build/Build/Products/Debug-iphonesimulator/VisePanda.swiftmodule/Project/arm64-apple-ios-simulator.swiftsourceinfo /Users/jtcao/Library/Caches/visepanda/native-event-reconnect-20260913/native-live-2/build/Build/Intermediates.noindex/VisePanda.build/Debug-iphonesimulator/VisePanda.build/Objects-normal/arm64/VisePanda.swiftsourceinfo (in target 'VisePanda' from project 'VisePanda')
    cd /Users/jtcao/Documents/VP-V4-S2-Claim-Coverage/ios/VisePanda
    builtin-copy -exclude .DS_Store -exclude CVS -exclude .svn -exclude .git -exclude .hg -resolve-src-symlinks -rename /Users/jtcao/Library/Caches/visepanda/native-event-reconnect-20260913/native-live-2/build/Build/Intermediates.noindex/VisePanda.build/Debug-iphonesimulator/VisePanda.build/Objects-normal/arm64/VisePanda.swiftsourceinfo /Users/jtcao/Library/Caches/visepanda/native-event-reconnect-20260913/native-live-2/build/Build/Products/Debug-iphonesimulator/VisePanda.swiftmodule/Project/arm64-apple-ios-simulator.swiftsourceinfo

ProcessInfoPlistFile /Users/jtcao/Library/Caches/visepanda/native-event-reconnect-20260913/native-live-2/build/Build/Products/Debug-iphonesimulator/VisePanda.app/Info.plist /Users/jtcao/Documents/VP-V4-S2-Claim-Coverage/ios/VisePanda/VisePanda/NativeEnvironment.plist (in target 'VisePanda' from project 'VisePanda')
    cd /Users/jtcao/Documents/VP-V4-S2-Claim-Coverage/ios/VisePanda
    builtin-infoPlistUtility /Users/jtcao/Documents/VP-V4-S2-Claim-Coverage/ios/VisePanda/VisePanda/NativeEnvironment.plist -producttype com.apple.product-type.application -genpkginfo /Users/jtcao/Library/Caches/visepanda/native-event-reconnect-20260913/native-live-2/build/Build/Products/Debug-iphonesimulator/VisePanda.app/PkgInfo -expandbuildsettings -format binary -platform iphonesimulator -additionalcontentfile /Users/jtcao/Library/Caches/visepanda/native-event-reconnect-20260913/native-live-2/build/Build/Intermediates.noindex/VisePanda.build/Debug-iphonesimulator/VisePanda.build/assetcatalog_generated_info.plist -o /Users/jtcao/Library/Caches/visepanda/native-event-reconnect-20260913/native-live-2/build/Build/Products/Debug-iphonesimulator/VisePanda.app/Info.plist

SwiftDriverJobDiscovery normal arm64 Compiling TodayView.swift, AskView.swift, TripView.swift (in target 'VisePanda' from project 'VisePanda')

SwiftDriverJobDiscovery normal arm64 Compiling ExploreView.swift, ProfileView.swift, GeneratedAssetSymbols.swift (in target 'VisePanda' from project 'VisePanda')

SwiftDriverJobDiscovery normal arm64 Compiling AppSettings.swift, AppShellView.swift, AppTab.swift (in target 'VisePanda' from project 'VisePanda')

SwiftDriverJobDiscovery normal arm64 Compiling BrandHeader.swift, PreviewStatusBanner.swift, CapabilityCard.swift (in target 'VisePanda' from project 'VisePanda')

ProcessProductPackaging "" /Users/jtcao/Library/Caches/visepanda/native-event-reconnect-20260913/native-live-2/build/Build/Intermediates.noindex/VisePanda.build/Debug-iphonesimulator/VisePandaUITests.build/VisePandaUITests.xctest-Simulated.xcent (in target 'VisePandaUITests' from project 'VisePanda')
    cd /Users/jtcao/Documents/VP-V4-S2-Claim-Coverage/ios/VisePanda
    
    Entitlements:
    
    {
    "application-identifier" = "NLD68762GG.space.go2china.VisePandaUITests.xctrunner";
    "keychain-access-groups" =     (
        "NLD68762GG.space.go2china.VisePandaUITests.xctrunner"
    );
}
    
    builtin-productPackagingUtility -entitlements -format xml -o /Users/jtcao/Library/Caches/visepanda/native-event-reconnect-20260913/native-live-2/build/Build/Intermediates.noindex/VisePanda.build/Debug-iphonesimulator/VisePandaUITests.build/VisePandaUITests.xctest-Simulated.xcent

SwiftDriver VisePandaTests normal arm64 com.apple.xcode.tools.swift.compiler (in target 'VisePandaTests' from project 'VisePanda')
    cd /Users/jtcao/Documents/VP-V4-S2-Claim-Coverage/ios/VisePanda
    builtin-SwiftDriver -- /Applications/Xcode.app/Contents/Developer/Toolchains/XcodeDefault.xctoolchain/usr/bin/swiftc -module-name VisePandaTests -Onone @/Users/jtcao/Library/Caches/visepanda/native-event-reconnect-20260913/native-live-2/build/Build/Intermediates.noindex/VisePanda.build/Debug-iphonesimulator/VisePandaTests.build/Objects-normal/arm64/VisePandaTests.SwiftFileList -DDEBUG -plugin-path /Applications/Xcode.app/Contents/Developer/Toolchains/XcodeDefault.xctoolchain/usr/lib/swift/host/plugins/testing -default-isolation\=MainActor -enable-upcoming-feature InferIsolatedConformances -enable-upcoming-feature NonisolatedNonsendingByDefault -enable-experimental-feature DebugDescriptionMacro -sdk /Applications/Xcode.app/Contents/Developer/Platforms/iPhoneSimulator.platform/Developer/SDKs/iPhoneSimulator26.5.sdk -target arm64-apple-ios17.0-simulator -g -module-cache-path /Users/jtcao/Library/Caches/visepanda/native-event-reconnect-20260913/native-live-2/build/ModuleCache.noindex -Xfrontend -serialize-debugging-options -enable-testing -index-store-path /Users/jtcao/Library/Caches/visepanda/native-event-reconnect-20260913/native-live-2/build/Index.noindex/DataStore -Xcc -D_LIBCPP_HARDENING_MODE\=_LIBCPP_HARDENING_MODE_DEBUG -swift-version 6 -I /Users/jtcao/Library/Caches/visepanda/native-event-reconnect-20260913/native-live-2/build/Build/Products/Debug-iphonesimulator -Isystem /Applications/Xcode.app/Contents/Developer/Platforms/iPhoneSimulator.platform/Developer/usr/lib -F /Users/jtcao/Library/Caches/visepanda/native-event-reconnect-20260913/native-live-2/build/Build/Products/Debug-iphonesimulator -F /Applications/Xcode.app/Contents/Developer/Platforms/iPhoneSimulator.platform/Developer/Library/Frameworks -F /Applications/Xcode.app/Contents/Developer/Platforms/iPhoneSimulator.platform/Developer/SDKs/iPhoneSimulator26.5.sdk/Developer/Library/Frameworks -c -j8 -enable-batch-mode -incremental -Xcc -ivfsstatcache -Xcc /Users/jtcao/Library/Caches/visepanda/native-event-reconnect-20260913/native-live-2/build/SDKStatCaches.noindex/iphonesimulator26.5-23F81a-6cfe768891a92b912361537c460fe42b.sdkstatcache -output-file-map /Users/jtcao/Library/Caches/visepanda/native-event-reconnect-20260913/native-live-2/build/Build/Intermediates.noindex/VisePanda.build/Debug-iphonesimulator/VisePandaTests.build/Objects-normal/arm64/VisePandaTests-OutputFileMap.json -use-frontend-parseable-output -save-temps -no-color-diagnostics -explicit-module-build -module-cache-path /Users/jtcao/Library/Caches/visepanda/native-event-reconnect-20260913/native-live-2/build/Build/Intermediates.noindex/SwiftExplicitPrecompiledModules -clang-scanner-module-cache-path /Users/jtcao/Library/Caches/visepanda/native-event-reconnect-20260913/native-live-2/build/ModuleCache.noindex -sdk-module-cache-path /Users/jtcao/Library/Caches/visepanda/native-event-reconnect-20260913/native-live-2/build/ModuleCache.noindex -serialize-diagnostics -emit-dependencies -emit-module -emit-module-path /Users/jtcao/Library/Caches/visepanda/native-event-reconnect-20260913/native-live-2/build/Build/Intermediates.noindex/VisePanda.build/Debug-iphonesimulator/VisePandaTests.build/Objects-normal/arm64/VisePandaTests.swiftmodule -validate-clang-modules-once -clang-build-session-file /Users/jtcao/Library/Caches/visepanda/native-event-reconnect-20260913/native-live-2/build/ModuleCache.noindex/Session.modulevalidation -Xcc -I/Users/jtcao/Library/Caches/visepanda/native-event-reconnect-20260913/native-live-2/build/Build/Intermediates.noindex/VisePanda.build/Debug-iphonesimulator/VisePandaTests.build/swift-overrides.hmap -emit-const-values -Xfrontend -const-gather-protocols-file -Xfrontend /Users/jtcao/Library/Caches/visepanda/native-event-reconnect-20260913/native-live-2/build/Build/Intermediates.noindex/VisePanda.build/Debug-iphonesimulator/VisePandaTests.build/Objects-normal/arm64/VisePandaTests_const_extract_protocols.json -Xcc -iquote -Xcc /Users/jtcao/Library/Caches/visepanda/native-event-reconnect-20260913/native-live-2/build/Build/Intermediates.noindex/VisePanda.build/Debug-iphonesimulator/VisePandaTests.build/VisePandaTests-generated-files.hmap -Xcc -I/Users/jtcao/Library/Caches/visepanda/native-event-reconnect-20260913/native-live-2/build/Build/Intermediates.noindex/VisePanda.build/Debug-iphonesimulator/VisePandaTests.build/VisePandaTests-own-target-headers.hmap -Xcc -I/Users/jtcao/Library/Caches/visepanda/native-event-reconnect-20260913/native-live-2/build/Build/Intermediates.noindex/VisePanda.build/Debug-iphonesimulator/VisePandaTests.build/VisePandaTests-all-target-headers.hmap -Xcc -iquote -Xcc /Users/jtcao/Library/Caches/visepanda/native-event-reconnect-20260913/native-live-2/build/Build/Intermediates.noindex/VisePanda.build/Debug-iphonesimulator/VisePandaTests.build/VisePandaTests-project-headers.hmap -Xcc -I/Users/jtcao/Library/Caches/visepanda/native-event-reconnect-20260913/native-live-2/build/Build/Products/Debug-iphonesimulator/include -Xcc -I/Users/jtcao/Library/Caches/visepanda/native-event-reconnect-20260913/native-live-2/build/Build/Intermediates.noindex/VisePanda.build/Debug-iphonesimulator/VisePandaTests.build/DerivedSources-normal/arm64 -Xcc -I/Users/jtcao/Library/Caches/visepanda/native-event-reconnect-20260913/native-live-2/build/Build/Intermediates.noindex/VisePanda.build/Debug-iphonesimulator/VisePandaTests.build/DerivedSources/arm64 -Xcc -I/Users/jtcao/Library/Caches/visepanda/native-event-reconnect-20260913/native-live-2/build/Build/Intermediates.noindex/VisePanda.build/Debug-iphonesimulator/VisePandaTests.build/DerivedSources -emit-objc-header -emit-objc-header-path /Users/jtcao/Library/Caches/visepanda/native-event-reconnect-20260913/native-live-2/build/Build/Intermediates.noindex/VisePanda.build/Debug-iphonesimulator/VisePandaTests.build/Objects-normal/arm64/VisePandaTests-Swift.h -working-directory /Users/jtcao/Documents/VP-V4-S2-Claim-Coverage/ios/VisePanda -experimental-emit-module-separately -disable-cmo

ProcessProductPackagingDER /Users/jtcao/Library/Caches/visepanda/native-event-reconnect-20260913/native-live-2/build/Build/Intermediates.noindex/VisePanda.build/Debug-iphonesimulator/VisePandaUITests.build/VisePandaUITests.xctest-Simulated.xcent /Users/jtcao/Library/Caches/visepanda/native-event-reconnect-20260913/native-live-2/build/Build/Intermediates.noindex/VisePanda.build/Debug-iphonesimulator/VisePandaUITests.build/VisePandaUITests.xctest-Simulated.xcent.der (in target 'VisePandaUITests' from project 'VisePanda')
    cd /Users/jtcao/Documents/VP-V4-S2-Claim-Coverage/ios/VisePanda
    /usr/bin/derq query -f xml -i /Users/jtcao/Library/Caches/visepanda/native-event-reconnect-20260913/native-live-2/build/Build/Intermediates.noindex/VisePanda.build/Debug-iphonesimulator/VisePandaUITests.build/VisePandaUITests.xctest-Simulated.xcent -o /Users/jtcao/Library/Caches/visepanda/native-event-reconnect-20260913/native-live-2/build/Build/Intermediates.noindex/VisePanda.build/Debug-iphonesimulator/VisePandaUITests.build/VisePandaUITests.xctest-Simulated.xcent.der --raw

SwiftDriver VisePandaUITests normal arm64 com.apple.xcode.tools.swift.compiler (in target 'VisePandaUITests' from project 'VisePanda')
    cd /Users/jtcao/Documents/VP-V4-S2-Claim-Coverage/ios/VisePanda
    builtin-SwiftDriver -- /Applications/Xcode.app/Contents/Developer/Toolchains/XcodeDefault.xctoolchain/usr/bin/swiftc -module-name VisePandaUITests -Onone @/Users/jtcao/Library/Caches/visepanda/native-event-reconnect-20260913/native-live-2/build/Build/Intermediates.noindex/VisePanda.build/Debug-iphonesimulator/VisePandaUITests.build/Objects-normal/arm64/VisePandaUITests.SwiftFileList -DDEBUG -module-alias Testing\=_Testing_Unavailable -plugin-path /Applications/Xcode.app/Contents/Developer/Toolchains/XcodeDefault.xctoolchain/usr/lib/swift/host/plugins/testing -enable-experimental-feature DebugDescriptionMacro -sdk /Applications/Xcode.app/Contents/Developer/Platforms/iPhoneSimulator.platform/Developer/SDKs/iPhoneSimulator26.5.sdk -target arm64-apple-ios17.0-simulator -g -module-cache-path /Users/jtcao/Library/Caches/visepanda/native-event-reconnect-20260913/native-live-2/build/ModuleCache.noindex -Xfrontend -serialize-debugging-options -enable-testing -index-store-path /Users/jtcao/Library/Caches/visepanda/native-event-reconnect-20260913/native-live-2/build/Index.noindex/DataStore -Xcc -D_LIBCPP_HARDENING_MODE\=_LIBCPP_HARDENING_MODE_DEBUG -swift-version 6 -I /Users/jtcao/Library/Caches/visepanda/native-event-reconnect-20260913/native-live-2/build/Build/Products/Debug-iphonesimulator -Isystem /Applications/Xcode.app/Contents/Developer/Platforms/iPhoneSimulator.platform/Developer/usr/lib -F /Users/jtcao/Library/Caches/visepanda/native-event-reconnect-20260913/native-live-2/build/Build/Products/Debug-iphonesimulator -F /Applications/Xcode.app/Contents/Developer/Platforms/iPhoneSimulator.platform/Developer/Library/Frameworks -F /Applications/Xcode.app/Contents/Developer/Platforms/iPhoneSimulator.platform/Developer/SDKs/iPhoneSimulator26.5.sdk/Developer/Library/Frameworks -c -j8 -enable-batch-mode -incremental -Xcc -ivfsstatcache -Xcc /Users/jtcao/Library/Caches/visepanda/native-event-reconnect-20260913/native-live-2/build/SDKStatCaches.noindex/iphonesimulator26.5-23F81a-6cfe768891a92b912361537c460fe42b.sdkstatcache -output-file-map /Users/jtcao/Library/Caches/visepanda/native-event-reconnect-20260913/native-live-2/build/Build/Intermediates.noindex/VisePanda.build/Debug-iphonesimulator/VisePandaUITests.build/Objects-normal/arm64/VisePandaUITests-OutputFileMap.json -use-frontend-parseable-output -save-temps -no-color-diagnostics -explicit-module-build -module-cache-path /Users/jtcao/Library/Caches/visepanda/native-event-reconnect-20260913/native-live-2/build/Build/Intermediates.noindex/SwiftExplicitPrecompiledModules -clang-scanner-module-cache-path /Users/jtcao/Library/Caches/visepanda/native-event-reconnect-20260913/native-live-2/build/ModuleCache.noindex -sdk-module-cache-path /Users/jtcao/Library/Caches/visepanda/native-event-reconnect-20260913/native-live-2/build/ModuleCache.noindex -serialize-diagnostics -emit-dependencies -emit-module -emit-module-path /Users/jtcao/Library/Caches/visepanda/native-event-reconnect-20260913/native-live-2/build/Build/Intermediates.noindex/VisePanda.build/Debug-iphonesimulator/VisePandaUITests.build/Objects-normal/arm64/VisePandaUITests.swiftmodule -validate-clang-modules-once -clang-build-session-file /Users/jtcao/Library/Caches/visepanda/native-event-reconnect-20260913/native-live-2/build/ModuleCache.noindex/Session.modulevalidation -Xcc -I/Users/jtcao/Library/Caches/visepanda/native-event-reconnect-20260913/native-live-2/build/Build/Intermediates.noindex/VisePanda.build/Debug-iphonesimulator/VisePandaUITests.build/swift-overrides.hmap -emit-const-values -Xfrontend -const-gather-protocols-file -Xfrontend /Users/jtcao/Library/Caches/visepanda/native-event-reconnect-20260913/native-live-2/build/Build/Intermediates.noindex/VisePanda.build/Debug-iphonesimulator/VisePandaUITests.build/Objects-normal/arm64/VisePandaUITests_const_extract_protocols.json -Xcc -iquote -Xcc /Users/jtcao/Library/Caches/visepanda/native-event-reconnect-20260913/native-live-2/build/Build/Intermediates.noindex/VisePanda.build/Debug-iphonesimulator/VisePandaUITests.build/VisePandaUITests-generated-files.hmap -Xcc -I/Users/jtcao/Library/Caches/visepanda/native-event-reconnect-20260913/native-live-2/build/Build/Intermediates.noindex/VisePanda.build/Debug-iphonesimulator/VisePandaUITests.build/VisePandaUITests-own-target-headers.hmap -Xcc -I/Users/jtcao/Library/Caches/visepanda/native-event-reconnect-20260913/native-live-2/build/Build/Intermediates.noindex/VisePanda.build/Debug-iphonesimulator/VisePandaUITests.build/VisePandaUITests-all-target-headers.hmap -Xcc -iquote -Xcc /Users/jtcao/Library/Caches/visepanda/native-event-reconnect-20260913/native-live-2/build/Build/Intermediates.noindex/VisePanda.build/Debug-iphonesimulator/VisePandaUITests.build/VisePandaUITests-project-headers.hmap -Xcc -I/Users/jtcao/Library/Caches/visepanda/native-event-reconnect-20260913/native-live-2/build/Build/Products/Debug-iphonesimulator/include -Xcc -I/Users/jtcao/Library/Caches/visepanda/native-event-reconnect-20260913/native-live-2/build/Build/Intermediates.noindex/VisePanda.build/Debug-iphonesimulator/VisePandaUITests.build/DerivedSources-normal/arm64 -Xcc -I/Users/jtcao/Library/Caches/visepanda/native-event-reconnect-20260913/native-live-2/build/Build/Intermediates.noindex/VisePanda.build/Debug-iphonesimulator/VisePandaUITests.build/DerivedSources/arm64 -Xcc -I/Users/jtcao/Library/Caches/visepanda/native-event-reconnect-20260913/native-live-2/build/Build/Intermediates.noindex/VisePanda.build/Debug-iphonesimulator/VisePandaUITests.build/DerivedSources -emit-objc-header -emit-objc-header-path /Users/jtcao/Library/Caches/visepanda/native-event-reconnect-20260913/native-live-2/build/Build/Intermediates.noindex/VisePanda.build/Debug-iphonesimulator/VisePandaUITests.build/Objects-normal/arm64/VisePandaUITests-Swift.h -working-directory /Users/jtcao/Documents/VP-V4-S2-Claim-Coverage/ios/VisePanda -experimental-emit-module-separately -disable-cmo

SwiftDriverJobDiscovery normal arm64 Compiling NativeTripStore.swift, NativeTripView.swift, NativeSession.swift, VisePandaApp.swift (in target 'VisePanda' from project 'VisePanda')

SwiftExplicitDependencyGeneratePcm arm64 /Users/jtcao/Library/Caches/visepanda/native-event-reconnect-20260913/native-live-2/build/Build/Intermediates.noindex/SwiftExplicitPrecompiledModules/XCUIAutomation-3D6WPH2SFIS4NDH7DUO9D162O.pcm

SwiftExplicitDependencyCompileModuleFromInterface arm64 /Users/jtcao/Library/Caches/visepanda/native-event-reconnect-20260913/native-live-2/build/Build/Intermediates.noindex/SwiftExplicitPrecompiledModules/Testing-FBHLPKODC0F6.swiftmodule

SwiftExplicitDependencyGeneratePcm arm64 /Users/jtcao/Library/Caches/visepanda/native-event-reconnect-20260913/native-live-2/build/Build/Intermediates.noindex/SwiftExplicitPrecompiledModules/XCTest-12SSMK190SDZDHHLOH9G8UQ56.pcm

SwiftExplicitDependencyCompileModuleFromInterface arm64 /Users/jtcao/Library/Caches/visepanda/native-event-reconnect-20260913/native-live-2/build/Build/Intermediates.noindex/SwiftExplicitPrecompiledModules/XCUIAutomation-1UHNQPMUWLJ3D.swiftmodule

SwiftExplicitDependencyCompileModuleFromInterface arm64 /Users/jtcao/Library/Caches/visepanda/native-event-reconnect-20260913/native-live-2/build/Build/Intermediates.noindex/SwiftExplicitPrecompiledModules/XCTest-2AUZKPXGJN09F.swiftmodule

SwiftExplicitDependencyCompileModuleFromInterface arm64 /Users/jtcao/Library/Caches/visepanda/native-event-reconnect-20260913/native-live-2/build/Build/Intermediates.noindex/SwiftExplicitPrecompiledModules/_Testing_Foundation-17YIYP9P650FU.swiftmodule

SwiftCompile normal arm64 Compiling\ NativeSessionIntegrationTests.swift /Users/jtcao/Documents/VP-V4-S2-Claim-Coverage/ios/VisePanda/VisePandaTests/NativeSessionIntegrationTests.swift (in target 'VisePandaTests' from project 'VisePanda')

SwiftCompile normal arm64 /Users/jtcao/Documents/VP-V4-S2-Claim-Coverage/ios/VisePanda/VisePandaTests/NativeSessionIntegrationTests.swift (in target 'VisePandaTests' from project 'VisePanda')
    cd /Users/jtcao/Documents/VP-V4-S2-Claim-Coverage/ios/VisePanda
    

SwiftCompile normal arm64 Compiling\ AppNavigationContractTests.swift /Users/jtcao/Documents/VP-V4-S2-Claim-Coverage/ios/VisePanda/VisePandaTests/AppNavigationContractTests.swift (in target 'VisePandaTests' from project 'VisePanda')
SwiftCompile normal arm64 /Users/jtcao/Documents/VP-V4-S2-Claim-Coverage/ios/VisePanda/VisePandaTests/AppNavigationContractTests.swift (in target 'VisePandaTests' from project 'VisePanda')
    cd /Users/jtcao/Documents/VP-V4-S2-Claim-Coverage/ios/VisePanda
    

SwiftEmitModule normal arm64 Emitting\ module\ for\ VisePandaTests (in target 'VisePandaTests' from project 'VisePanda')

EmitSwiftModule normal arm64 (in target 'VisePandaTests' from project 'VisePanda')
    cd /Users/jtcao/Documents/VP-V4-S2-Claim-Coverage/ios/VisePanda
    

SwiftEmitModule normal arm64 Emitting\ module\ for\ VisePandaUITests (in target 'VisePandaUITests' from project 'VisePanda')

EmitSwiftModule normal arm64 (in target 'VisePandaUITests' from project 'VisePanda')
    cd /Users/jtcao/Documents/VP-V4-S2-Claim-Coverage/ios/VisePanda
    

SwiftCompile normal arm64 Compiling\ AppShellUITests.swift /Users/jtcao/Documents/VP-V4-S2-Claim-Coverage/ios/VisePanda/VisePandaUITests/AppShellUITests.swift (in target 'VisePandaUITests' from project 'VisePanda')

SwiftCompile normal arm64 /Users/jtcao/Documents/VP-V4-S2-Claim-Coverage/ios/VisePanda/VisePandaUITests/AppShellUITests.swift (in target 'VisePandaUITests' from project 'VisePanda')
    cd /Users/jtcao/Documents/VP-V4-S2-Claim-Coverage/ios/VisePanda
    

SwiftCompile normal arm64 Compiling\ NativeAskUITests.swift /Users/jtcao/Documents/VP-V4-S2-Claim-Coverage/ios/VisePanda/VisePandaUITests/NativeAskUITests.swift (in target 'VisePandaUITests' from project 'VisePanda')

SwiftCompile normal arm64 /Users/jtcao/Documents/VP-V4-S2-Claim-Coverage/ios/VisePanda/VisePandaUITests/NativeAskUITests.swift (in target 'VisePandaUITests' from project 'VisePanda')
    cd /Users/jtcao/Documents/VP-V4-S2-Claim-Coverage/ios/VisePanda
    

SwiftCompile normal arm64 Compiling\ NativeIdentityUITests.swift /Users/jtcao/Documents/VP-V4-S2-Claim-Coverage/ios/VisePanda/VisePandaUITests/NativeIdentityUITests.swift (in target 'VisePandaUITests' from project 'VisePanda')

SwiftCompile normal arm64 /Users/jtcao/Documents/VP-V4-S2-Claim-Coverage/ios/VisePanda/VisePandaUITests/NativeIdentityUITests.swift (in target 'VisePandaUITests' from project 'VisePanda')
    cd /Users/jtcao/Documents/VP-V4-S2-Claim-Coverage/ios/VisePanda
    

SwiftCompile normal arm64 Compiling\ NativeTripUITests.swift /Users/jtcao/Documents/VP-V4-S2-Claim-Coverage/ios/VisePanda/VisePandaUITests/NativeTripUITests.swift (in target 'VisePandaUITests' from project 'VisePanda')

SwiftCompile normal arm64 /Users/jtcao/Documents/VP-V4-S2-Claim-Coverage/ios/VisePanda/VisePandaUITests/NativeTripUITests.swift (in target 'VisePandaUITests' from project 'VisePanda')
    cd /Users/jtcao/Documents/VP-V4-S2-Claim-Coverage/ios/VisePanda
    

SwiftDriverJobDiscovery normal arm64 Compiling NativeAskView.swift, NativeAskModels.swift, NativeAskStore.swift, NativeTripModels.swift (in target 'VisePanda' from project 'VisePanda')

SwiftCompile normal arm64 Compiling\ NativeKnowledgeUITests.swift /Users/jtcao/Documents/VP-V4-S2-Claim-Coverage/ios/VisePanda/VisePandaUITests/NativeKnowledgeUITests.swift (in target 'VisePandaUITests' from project 'VisePanda')

SwiftCompile normal arm64 /Users/jtcao/Documents/VP-V4-S2-Claim-Coverage/ios/VisePanda/VisePandaUITests/NativeKnowledgeUITests.swift (in target 'VisePandaUITests' from project 'VisePanda')
    cd /Users/jtcao/Documents/VP-V4-S2-Claim-Coverage/ios/VisePanda
    

SwiftDriverJobDiscovery normal arm64 Emitting module for VisePandaUITests (in target 'VisePandaUITests' from project 'VisePanda')

SwiftDriver\ Compilation\ Requirements VisePandaUITests normal arm64 com.apple.xcode.tools.swift.compiler (in target 'VisePandaUITests' from project 'VisePanda')
    cd /Users/jtcao/Documents/VP-V4-S2-Claim-Coverage/ios/VisePanda
    builtin-Swift-Compilation-Requirements -- /Applications/Xcode.app/Contents/Developer/Toolchains/XcodeDefault.xctoolchain/usr/bin/swiftc -module-name VisePandaUITests -Onone @/Users/jtcao/Library/Caches/visepanda/native-event-reconnect-20260913/native-live-2/build/Build/Intermediates.noindex/VisePanda.build/Debug-iphonesimulator/VisePandaUITests.build/Objects-normal/arm64/VisePandaUITests.SwiftFileList -DDEBUG -module-alias Testing\=_Testing_Unavailable -plugin-path /Applications/Xcode.app/Contents/Developer/Toolchains/XcodeDefault.xctoolchain/usr/lib/swift/host/plugins/testing -enable-experimental-feature DebugDescriptionMacro -sdk /Applications/Xcode.app/Contents/Developer/Platforms/iPhoneSimulator.platform/Developer/SDKs/iPhoneSimulator26.5.sdk -target arm64-apple-ios17.0-simulator -g -module-cache-path /Users/jtcao/Library/Caches/visepanda/native-event-reconnect-20260913/native-live-2/build/ModuleCache.noindex -Xfrontend -serialize-debugging-options -enable-testing -index-store-path /Users/jtcao/Library/Caches/visepanda/native-event-reconnect-20260913/native-live-2/build/Index.noindex/DataStore -Xcc -D_LIBCPP_HARDENING_MODE\=_LIBCPP_HARDENING_MODE_DEBUG -swift-version 6 -I /Users/jtcao/Library/Caches/visepanda/native-event-reconnect-20260913/native-live-2/build/Build/Products/Debug-iphonesimulator -Isystem /Applications/Xcode.app/Contents/Developer/Platforms/iPhoneSimulator.platform/Developer/usr/lib -F /Users/jtcao/Library/Caches/visepanda/native-event-reconnect-20260913/native-live-2/build/Build/Products/Debug-iphonesimulator -F /Applications/Xcode.app/Contents/Developer/Platforms/iPhoneSimulator.platform/Developer/Library/Frameworks -F /Applications/Xcode.app/Contents/Developer/Platforms/iPhoneSimulator.platform/Developer/SDKs/iPhoneSimulator26.5.sdk/Developer/Library/Frameworks -c -j8 -enable-batch-mode -incremental -Xcc -ivfsstatcache -Xcc /Users/jtcao/Library/Caches/visepanda/native-event-reconnect-20260913/native-live-2/build/SDKStatCaches.noindex/iphonesimulator26.5-23F81a-6cfe768891a92b912361537c460fe42b.sdkstatcache -output-file-map /Users/jtcao/Library/Caches/visepanda/native-event-reconnect-20260913/native-live-2/build/Build/Intermediates.noindex/VisePanda.build/Debug-iphonesimulator/VisePandaUITests.build/Objects-normal/arm64/VisePandaUITests-OutputFileMap.json -use-frontend-parseable-output -save-temps -no-color-diagnostics -explicit-module-build -module-cache-path /Users/jtcao/Library/Caches/visepanda/native-event-reconnect-20260913/native-live-2/build/Build/Intermediates.noindex/SwiftExplicitPrecompiledModules -clang-scanner-module-cache-path /Users/jtcao/Library/Caches/visepanda/native-event-reconnect-20260913/native-live-2/build/ModuleCache.noindex -sdk-module-cache-path /Users/jtcao/Library/Caches/visepanda/native-event-reconnect-20260913/native-live-2/build/ModuleCache.noindex -serialize-diagnostics -emit-dependencies -emit-module -emit-module-path /Users/jtcao/Library/Caches/visepanda/native-event-reconnect-20260913/native-live-2/build/Build/Intermediates.noindex/VisePanda.build/Debug-iphonesimulator/VisePandaUITests.build/Objects-normal/arm64/VisePandaUITests.swiftmodule -validate-clang-modules-once -clang-build-session-file /Users/jtcao/Library/Caches/visepanda/native-event-reconnect-20260913/native-live-2/build/ModuleCache.noindex/Session.modulevalidation -Xcc -I/Users/jtcao/Library/Caches/visepanda/native-event-reconnect-20260913/native-live-2/build/Build/Intermediates.noindex/VisePanda.build/Debug-iphonesimulator/VisePandaUITests.build/swift-overrides.hmap -emit-const-values -Xfrontend -const-gather-protocols-file -Xfrontend /Users/jtcao/Library/Caches/visepanda/native-event-reconnect-20260913/native-live-2/build/Build/Intermediates.noindex/VisePanda.build/Debug-iphonesimulator/VisePandaUITests.build/Objects-normal/arm64/VisePandaUITests_const_extract_protocols.json -Xcc -iquote -Xcc /Users/jtcao/Library/Caches/visepanda/native-event-reconnect-20260913/native-live-2/build/Build/Intermediates.noindex/VisePanda.build/Debug-iphonesimulator/VisePandaUITests.build/VisePandaUITests-generated-files.hmap -Xcc -I/Users/jtcao/Library/Caches/visepanda/native-event-reconnect-20260913/native-live-2/build/Build/Intermediates.noindex/VisePanda.build/Debug-iphonesimulator/VisePandaUITests.build/VisePandaUITests-own-target-headers.hmap -Xcc -I/Users/jtcao/Library/Caches/visepanda/native-event-reconnect-20260913/native-live-2/build/Build/Intermediates.noindex/VisePanda.build/Debug-iphonesimulator/VisePandaUITests.build/VisePandaUITests-all-target-headers.hmap -Xcc -iquote -Xcc /Users/jtcao/Library/Caches/visepanda/native-event-reconnect-20260913/native-live-2/build/Build/Intermediates.noindex/VisePanda.build/Debug-iphonesimulator/VisePandaUITests.build/VisePandaUITests-project-headers.hmap -Xcc -I/Users/jtcao/Library/Caches/visepanda/native-event-reconnect-20260913/native-live-2/build/Build/Products/Debug-iphonesimulator/include -Xcc -I/Users/jtcao/Library/Caches/visepanda/native-event-reconnect-20260913/native-live-2/build/Build/Intermediates.noindex/VisePanda.build/Debug-iphonesimulator/VisePandaUITests.build/DerivedSources-normal/arm64 -Xcc -I/Users/jtcao/Library/Caches/visepanda/native-event-reconnect-20260913/native-live-2/build/Build/Intermediates.noindex/VisePanda.build/Debug-iphonesimulator/VisePandaUITests.build/DerivedSources/arm64 -Xcc -I/Users/jtcao/Library/Caches/visepanda/native-event-reconnect-20260913/native-live-2/build/Build/Intermediates.noindex/VisePanda.build/Debug-iphonesimulator/VisePandaUITests.build/DerivedSources -emit-objc-header -emit-objc-header-path /Users/jtcao/Library/Caches/visepanda/native-event-reconnect-20260913/native-live-2/build/Build/Intermediates.noindex/VisePanda.build/Debug-iphonesimulator/VisePandaUITests.build/Objects-normal/arm64/VisePandaUITests-Swift.h -working-directory /Users/jtcao/Documents/VP-V4-S2-Claim-Coverage/ios/VisePanda -experimental-emit-module-separately -disable-cmo

SwiftDriverJobDiscovery normal arm64 Emitting module for VisePandaTests (in target 'VisePandaTests' from project 'VisePanda')

SwiftDriver\ Compilation\ Requirements VisePandaTests normal arm64 com.apple.xcode.tools.swift.compiler (in target 'VisePandaTests' from project 'VisePanda')
    cd /Users/jtcao/Documents/VP-V4-S2-Claim-Coverage/ios/VisePanda
    builtin-Swift-Compilation-Requirements -- /Applications/Xcode.app/Contents/Developer/Toolchains/XcodeDefault.xctoolchain/usr/bin/swiftc -module-name VisePandaTests -Onone @/Users/jtcao/Library/Caches/visepanda/native-event-reconnect-20260913/native-live-2/build/Build/Intermediates.noindex/VisePanda.build/Debug-iphonesimulator/VisePandaTests.build/Objects-normal/arm64/VisePandaTests.SwiftFileList -DDEBUG -plugin-path /Applications/Xcode.app/Contents/Developer/Toolchains/XcodeDefault.xctoolchain/usr/lib/swift/host/plugins/testing -default-isolation\=MainActor -enable-upcoming-feature InferIsolatedConformances -enable-upcoming-feature NonisolatedNonsendingByDefault -enable-experimental-feature DebugDescriptionMacro -sdk /Applications/Xcode.app/Contents/Developer/Platforms/iPhoneSimulator.platform/Developer/SDKs/iPhoneSimulator26.5.sdk -target arm64-apple-ios17.0-simulator -g -module-cache-path /Users/jtcao/Library/Caches/visepanda/native-event-reconnect-20260913/native-live-2/build/ModuleCache.noindex -Xfrontend -serialize-debugging-options -enable-testing -index-store-path /Users/jtcao/Library/Caches/visepanda/native-event-reconnect-20260913/native-live-2/build/Index.noindex/DataStore -Xcc -D_LIBCPP_HARDENING_MODE\=_LIBCPP_HARDENING_MODE_DEBUG -swift-version 6 -I /Users/jtcao/Library/Caches/visepanda/native-event-reconnect-20260913/native-live-2/build/Build/Products/Debug-iphonesimulator -Isystem /Applications/Xcode.app/Contents/Developer/Platforms/iPhoneSimulator.platform/Developer/usr/lib -F /Users/jtcao/Library/Caches/visepanda/native-event-reconnect-20260913/native-live-2/build/Build/Products/Debug-iphonesimulator -F /Applications/Xcode.app/Contents/Developer/Platforms/iPhoneSimulator.platform/Developer/Library/Frameworks -F /Applications/Xcode.app/Contents/Developer/Platforms/iPhoneSimulator.platform/Developer/SDKs/iPhoneSimulator26.5.sdk/Developer/Library/Frameworks -c -j8 -enable-batch-mode -incremental -Xcc -ivfsstatcache -Xcc /Users/jtcao/Library/Caches/visepanda/native-event-reconnect-20260913/native-live-2/build/SDKStatCaches.noindex/iphonesimulator26.5-23F81a-6cfe768891a92b912361537c460fe42b.sdkstatcache -output-file-map /Users/jtcao/Library/Caches/visepanda/native-event-reconnect-20260913/native-live-2/build/Build/Intermediates.noindex/VisePanda.build/Debug-iphonesimulator/VisePandaTests.build/Objects-normal/arm64/VisePandaTests-OutputFileMap.json -use-frontend-parseable-output -save-temps -no-color-diagnostics -explicit-module-build -module-cache-path /Users/jtcao/Library/Caches/visepanda/native-event-reconnect-20260913/native-live-2/build/Build/Intermediates.noindex/SwiftExplicitPrecompiledModules -clang-scanner-module-cache-path /Users/jtcao/Library/Caches/visepanda/native-event-reconnect-20260913/native-live-2/build/ModuleCache.noindex -sdk-module-cache-path /Users/jtcao/Library/Caches/visepanda/native-event-reconnect-20260913/native-live-2/build/ModuleCache.noindex -serialize-diagnostics -emit-dependencies -emit-module -emit-module-path /Users/jtcao/Library/Caches/visepanda/native-event-reconnect-20260913/native-live-2/build/Build/Intermediates.noindex/VisePanda.build/Debug-iphonesimulator/VisePandaTests.build/Objects-normal/arm64/VisePandaTests.swiftmodule -validate-clang-modules-once -clang-build-session-file /Users/jtcao/Library/Caches/visepanda/native-event-reconnect-20260913/native-live-2/build/ModuleCache.noindex/Session.modulevalidation -Xcc -I/Users/jtcao/Library/Caches/visepanda/native-event-reconnect-20260913/native-live-2/build/Build/Intermediates.noindex/VisePanda.build/Debug-iphonesimulator/VisePandaTests.build/swift-overrides.hmap -emit-const-values -Xfrontend -const-gather-protocols-file -Xfrontend /Users/jtcao/Library/Caches/visepanda/native-event-reconnect-20260913/native-live-2/build/Build/Intermediates.noindex/VisePanda.build/Debug-iphonesimulator/VisePandaTests.build/Objects-normal/arm64/VisePandaTests_const_extract_protocols.json -Xcc -iquote -Xcc /Users/jtcao/Library/Caches/visepanda/native-event-reconnect-20260913/native-live-2/build/Build/Intermediates.noindex/VisePanda.build/Debug-iphonesimulator/VisePandaTests.build/VisePandaTests-generated-files.hmap -Xcc -I/Users/jtcao/Library/Caches/visepanda/native-event-reconnect-20260913/native-live-2/build/Build/Intermediates.noindex/VisePanda.build/Debug-iphonesimulator/VisePandaTests.build/VisePandaTests-own-target-headers.hmap -Xcc -I/Users/jtcao/Library/Caches/visepanda/native-event-reconnect-20260913/native-live-2/build/Build/Intermediates.noindex/VisePanda.build/Debug-iphonesimulator/VisePandaTests.build/VisePandaTests-all-target-headers.hmap -Xcc -iquote -Xcc /Users/jtcao/Library/Caches/visepanda/native-event-reconnect-20260913/native-live-2/build/Build/Intermediates.noindex/VisePanda.build/Debug-iphonesimulator/VisePandaTests.build/VisePandaTests-project-headers.hmap -Xcc -I/Users/jtcao/Library/Caches/visepanda/native-event-reconnect-20260913/native-live-2/build/Build/Products/Debug-iphonesimulator/include -Xcc -I/Users/jtcao/Library/Caches/visepanda/native-event-reconnect-20260913/native-live-2/build/Build/Intermediates.noindex/VisePanda.build/Debug-iphonesimulator/VisePandaTests.build/DerivedSources-normal/arm64 -Xcc -I/Users/jtcao/Library/Caches/visepanda/native-event-reconnect-20260913/native-live-2/build/Build/Intermediates.noindex/VisePanda.build/Debug-iphonesimulator/VisePandaTests.build/DerivedSources/arm64 -Xcc -I/Users/jtcao/Library/Caches/visepanda/native-event-reconnect-20260913/native-live-2/build/Build/Intermediates.noindex/VisePanda.build/Debug-iphonesimulator/VisePandaTests.build/DerivedSources -emit-objc-header -emit-objc-header-path /Users/jtcao/Library/Caches/visepanda/native-event-reconnect-20260913/native-live-2/build/Build/Intermediates.noindex/VisePanda.build/Debug-iphonesimulator/VisePandaTests.build/Objects-normal/arm64/VisePandaTests-Swift.h -working-directory /Users/jtcao/Documents/VP-V4-S2-Claim-Coverage/ios/VisePanda -experimental-emit-module-separately -disable-cmo

SwiftMergeGeneratedHeaders /Users/jtcao/Library/Caches/visepanda/native-event-reconnect-20260913/native-live-2/build/Build/Intermediates.noindex/VisePanda.build/Debug-iphonesimulator/VisePandaUITests.build/DerivedSources/VisePandaUITests-Swift.h /Users/jtcao/Library/Caches/visepanda/native-event-reconnect-20260913/native-live-2/build/Build/Intermediates.noindex/VisePanda.build/Debug-iphonesimulator/VisePandaUITests.build/Objects-normal/arm64/VisePandaUITests-Swift.h (in target 'VisePandaUITests' from project 'VisePanda')
    cd /Users/jtcao/Documents/VP-V4-S2-Claim-Coverage/ios/VisePanda
    builtin-swiftHeaderTool -arch arm64 /Users/jtcao/Library/Caches/visepanda/native-event-reconnect-20260913/native-live-2/build/Build/Intermediates.noindex/VisePanda.build/Debug-iphonesimulator/VisePandaUITests.build/Objects-normal/arm64/VisePandaUITests-Swift.h -o /Users/jtcao/Library/Caches/visepanda/native-event-reconnect-20260913/native-live-2/build/Build/Intermediates.noindex/VisePanda.build/Debug-iphonesimulator/VisePandaUITests.build/DerivedSources/VisePandaUITests-Swift.h

Copy /Users/jtcao/Library/Caches/visepanda/native-event-reconnect-20260913/native-live-2/build/Build/Products/Debug-iphonesimulator/VisePandaUITests.swiftmodule/arm64-apple-ios-simulator.swiftmodule /Users/jtcao/Library/Caches/visepanda/native-event-reconnect-20260913/native-live-2/build/Build/Intermediates.noindex/VisePanda.build/Debug-iphonesimulator/VisePandaUITests.build/Objects-normal/arm64/VisePandaUITests.swiftmodule (in target 'VisePandaUITests' from project 'VisePanda')
    cd /Users/jtcao/Documents/VP-V4-S2-Claim-Coverage/ios/VisePanda
    builtin-copy -exclude .DS_Store -exclude CVS -exclude .svn -exclude .git -exclude .hg -resolve-src-symlinks -rename /Users/jtcao/Library/Caches/visepanda/native-event-reconnect-20260913/native-live-2/build/Build/Intermediates.noindex/VisePanda.build/Debug-iphonesimulator/VisePandaUITests.build/Objects-normal/arm64/VisePandaUITests.swiftmodule /Users/jtcao/Library/Caches/visepanda/native-event-reconnect-20260913/native-live-2/build/Build/Products/Debug-iphonesimulator/VisePandaUITests.swiftmodule/arm64-apple-ios-simulator.swiftmodule

Copy /Users/jtcao/Library/Caches/visepanda/native-event-reconnect-20260913/native-live-2/build/Build/Products/Debug-iphonesimulator/VisePandaUITests.swiftmodule/arm64-apple-ios-simulator.swiftdoc /Users/jtcao/Library/Caches/visepanda/native-event-reconnect-20260913/native-live-2/build/Build/Intermediates.noindex/VisePanda.build/Debug-iphonesimulator/VisePandaUITests.build/Objects-normal/arm64/VisePandaUITests.swiftdoc (in target 'VisePandaUITests' from project 'VisePanda')
    cd /Users/jtcao/Documents/VP-V4-S2-Claim-Coverage/ios/VisePanda
    builtin-copy -exclude .DS_Store -exclude CVS -exclude .svn -exclude .git -exclude .hg -resolve-src-symlinks -rename /Users/jtcao/Library/Caches/visepanda/native-event-reconnect-20260913/native-live-2/build/Build/Intermediates.noindex/VisePanda.build/Debug-iphonesimulator/VisePandaUITests.build/Objects-normal/arm64/VisePandaUITests.swiftdoc /Users/jtcao/Library/Caches/visepanda/native-event-reconnect-20260913/native-live-2/build/Build/Products/Debug-iphonesimulator/VisePandaUITests.swiftmodule/arm64-apple-ios-simulator.swiftdoc

Copy /Users/jtcao/Library/Caches/visepanda/native-event-reconnect-20260913/native-live-2/build/Build/Products/Debug-iphonesimulator/VisePandaUITests.swiftmodule/arm64-apple-ios-simulator.abi.json /Users/jtcao/Library/Caches/visepanda/native-event-reconnect-20260913/native-live-2/build/Build/Intermediates.noindex/VisePanda.build/Debug-iphonesimulator/VisePandaUITests.build/Objects-normal/arm64/VisePandaUITests.abi.json (in target 'VisePandaUITests' from project 'VisePanda')
    cd /Users/jtcao/Documents/VP-V4-S2-Claim-Coverage/ios/VisePanda
    builtin-copy -exclude .DS_Store -exclude CVS -exclude .svn -exclude .git -exclude .hg -resolve-src-symlinks -rename /Users/jtcao/Library/Caches/visepanda/native-event-reconnect-20260913/native-live-2/build/Build/Intermediates.noindex/VisePanda.build/Debug-iphonesimulator/VisePandaUITests.build/Objects-normal/arm64/VisePandaUITests.abi.json /Users/jtcao/Library/Caches/visepanda/native-event-reconnect-20260913/native-live-2/build/Build/Products/Debug-iphonesimulator/VisePandaUITests.swiftmodule/arm64-apple-ios-simulator.abi.json

Copy /Users/jtcao/Library/Caches/visepanda/native-event-reconnect-20260913/native-live-2/build/Build/Products/Debug-iphonesimulator/VisePandaUITests.swiftmodule/Project/arm64-apple-ios-simulator.swiftsourceinfo /Users/jtcao/Library/Caches/visepanda/native-event-reconnect-20260913/native-live-2/build/Build/Intermediates.noindex/VisePanda.build/Debug-iphonesimulator/VisePandaUITests.build/Objects-normal/arm64/VisePandaUITests.swiftsourceinfo (in target 'VisePandaUITests' from project 'VisePanda')
    cd /Users/jtcao/Documents/VP-V4-S2-Claim-Coverage/ios/VisePanda
    builtin-copy -exclude .DS_Store -exclude CVS -exclude .svn -exclude .git -exclude .hg -resolve-src-symlinks -rename /Users/jtcao/Library/Caches/visepanda/native-event-reconnect-20260913/native-live-2/build/Build/Intermediates.noindex/VisePanda.build/Debug-iphonesimulator/VisePandaUITests.build/Objects-normal/arm64/VisePandaUITests.swiftsourceinfo /Users/jtcao/Library/Caches/visepanda/native-event-reconnect-20260913/native-live-2/build/Build/Products/Debug-iphonesimulator/VisePandaUITests.swiftmodule/Project/arm64-apple-ios-simulator.swiftsourceinfo

SwiftMergeGeneratedHeaders /Users/jtcao/Library/Caches/visepanda/native-event-reconnect-20260913/native-live-2/build/Build/Intermediates.noindex/VisePanda.build/Debug-iphonesimulator/VisePandaTests.build/DerivedSources/VisePandaTests-Swift.h /Users/jtcao/Library/Caches/visepanda/native-event-reconnect-20260913/native-live-2/build/Build/Intermediates.noindex/VisePanda.build/Debug-iphonesimulator/VisePandaTests.build/Objects-normal/arm64/VisePandaTests-Swift.h (in target 'VisePandaTests' from project 'VisePanda')
    cd /Users/jtcao/Documents/VP-V4-S2-Claim-Coverage/ios/VisePanda
    builtin-swiftHeaderTool -arch arm64 /Users/jtcao/Library/Caches/visepanda/native-event-reconnect-20260913/native-live-2/build/Build/Intermediates.noindex/VisePanda.build/Debug-iphonesimulator/VisePandaTests.build/Objects-normal/arm64/VisePandaTests-Swift.h -o /Users/jtcao/Library/Caches/visepanda/native-event-reconnect-20260913/native-live-2/build/Build/Intermediates.noindex/VisePanda.build/Debug-iphonesimulator/VisePandaTests.build/DerivedSources/VisePandaTests-Swift.h

Copy /Users/jtcao/Library/Caches/visepanda/native-event-reconnect-20260913/native-live-2/build/Build/Products/Debug-iphonesimulator/VisePandaTests.swiftmodule/arm64-apple-ios-simulator.swiftmodule /Users/jtcao/Library/Caches/visepanda/native-event-reconnect-20260913/native-live-2/build/Build/Intermediates.noindex/VisePanda.build/Debug-iphonesimulator/VisePandaTests.build/Objects-normal/arm64/VisePandaTests.swiftmodule (in target 'VisePandaTests' from project 'VisePanda')
    cd /Users/jtcao/Documents/VP-V4-S2-Claim-Coverage/ios/VisePanda
    builtin-copy -exclude .DS_Store -exclude CVS -exclude .svn -exclude .git -exclude .hg -resolve-src-symlinks -rename /Users/jtcao/Library/Caches/visepanda/native-event-reconnect-20260913/native-live-2/build/Build/Intermediates.noindex/VisePanda.build/Debug-iphonesimulator/VisePandaTests.build/Objects-normal/arm64/VisePandaTests.swiftmodule /Users/jtcao/Library/Caches/visepanda/native-event-reconnect-20260913/native-live-2/build/Build/Products/Debug-iphonesimulator/VisePandaTests.swiftmodule/arm64-apple-ios-simulator.swiftmodule

Copy /Users/jtcao/Library/Caches/visepanda/native-event-reconnect-20260913/native-live-2/build/Build/Products/Debug-iphonesimulator/VisePandaTests.swiftmodule/arm64-apple-ios-simulator.swiftdoc /Users/jtcao/Library/Caches/visepanda/native-event-reconnect-20260913/native-live-2/build/Build/Intermediates.noindex/VisePanda.build/Debug-iphonesimulator/VisePandaTests.build/Objects-normal/arm64/VisePandaTests.swiftdoc (in target 'VisePandaTests' from project 'VisePanda')
    cd /Users/jtcao/Documents/VP-V4-S2-Claim-Coverage/ios/VisePanda
    builtin-copy -exclude .DS_Store -exclude CVS -exclude .svn -exclude .git -exclude .hg -resolve-src-symlinks -rename /Users/jtcao/Library/Caches/visepanda/native-event-reconnect-20260913/native-live-2/build/Build/Intermediates.noindex/VisePanda.build/Debug-iphonesimulator/VisePandaTests.build/Objects-normal/arm64/VisePandaTests.swiftdoc /Users/jtcao/Library/Caches/visepanda/native-event-reconnect-20260913/native-live-2/build/Build/Products/Debug-iphonesimulator/VisePandaTests.swiftmodule/arm64-apple-ios-simulator.swiftdoc

Copy /Users/jtcao/Library/Caches/visepanda/native-event-reconnect-20260913/native-live-2/build/Build/Products/Debug-iphonesimulator/VisePandaTests.swiftmodule/arm64-apple-ios-simulator.abi.json /Users/jtcao/Library/Caches/visepanda/native-event-reconnect-20260913/native-live-2/build/Build/Intermediates.noindex/VisePanda.build/Debug-iphonesimulator/VisePandaTests.build/Objects-normal/arm64/VisePandaTests.abi.json (in target 'VisePandaTests' from project 'VisePanda')
    cd /Users/jtcao/Documents/VP-V4-S2-Claim-Coverage/ios/VisePanda
    builtin-copy -exclude .DS_Store -exclude CVS -exclude .svn -exclude .git -exclude .hg -resolve-src-symlinks -rename /Users/jtcao/Library/Caches/visepanda/native-event-reconnect-20260913/native-live-2/build/Build/Intermediates.noindex/VisePanda.build/Debug-iphonesimulator/VisePandaTests.build/Objects-normal/arm64/VisePandaTests.abi.json /Users/jtcao/Library/Caches/visepanda/native-event-reconnect-20260913/native-live-2/build/Build/Products/Debug-iphonesimulator/VisePandaTests.swiftmodule/arm64-apple-ios-simulator.abi.json

Copy /Users/jtcao/Library/Caches/visepanda/native-event-reconnect-20260913/native-live-2/build/Build/Products/Debug-iphonesimulator/VisePandaTests.swiftmodule/Project/arm64-apple-ios-simulator.swiftsourceinfo /Users/jtcao/Library/Caches/visepanda/native-event-reconnect-20260913/native-live-2/build/Build/Intermediates.noindex/VisePanda.build/Debug-iphonesimulator/VisePandaTests.build/Objects-normal/arm64/VisePandaTests.swiftsourceinfo (in target 'VisePandaTests' from project 'VisePanda')
    cd /Users/jtcao/Documents/VP-V4-S2-Claim-Coverage/ios/VisePanda
    builtin-copy -exclude .DS_Store -exclude CVS -exclude .svn -exclude .git -exclude .hg -resolve-src-symlinks -rename /Users/jtcao/Library/Caches/visepanda/native-event-reconnect-20260913/native-live-2/build/Build/Intermediates.noindex/VisePanda.build/Debug-iphonesimulator/VisePandaTests.build/Objects-normal/arm64/VisePandaTests.swiftsourceinfo /Users/jtcao/Library/Caches/visepanda/native-event-reconnect-20260913/native-live-2/build/Build/Products/Debug-iphonesimulator/VisePandaTests.swiftmodule/Project/arm64-apple-ios-simulator.swiftsourceinfo

SwiftCompile normal arm64 Compiling\ NativeAskPersistenceTests.swift /Users/jtcao/Documents/VP-V4-S2-Claim-Coverage/ios/VisePanda/VisePandaTests/NativeAskPersistenceTests.swift (in target 'VisePandaTests' from project 'VisePanda')
SwiftCompile normal arm64 /Users/jtcao/Documents/VP-V4-S2-Claim-Coverage/ios/VisePanda/VisePandaTests/NativeAskPersistenceTests.swift (in target 'VisePandaTests' from project 'VisePanda')
    cd /Users/jtcao/Documents/VP-V4-S2-Claim-Coverage/ios/VisePanda
    

SwiftCompile normal arm64 Compiling\ NativeTripIntegrationTests.swift /Users/jtcao/Documents/VP-V4-S2-Claim-Coverage/ios/VisePanda/VisePandaTests/NativeTripIntegrationTests.swift (in target 'VisePandaTests' from project 'VisePanda')

SwiftCompile normal arm64 /Users/jtcao/Documents/VP-V4-S2-Claim-Coverage/ios/VisePanda/VisePandaTests/NativeTripIntegrationTests.swift (in target 'VisePandaTests' from project 'VisePanda')
    cd /Users/jtcao/Documents/VP-V4-S2-Claim-Coverage/ios/VisePanda
    

SwiftDriverJobDiscovery normal arm64 Compiling NativeIdentityUITests.swift (in target 'VisePandaUITests' from project 'VisePanda')

SwiftDriverJobDiscovery normal arm64 Compiling NativeTripUITests.swift (in target 'VisePandaUITests' from project 'VisePanda')

SwiftCompile normal arm64 Compiling\ NativeAskIntegrationTests.swift /Users/jtcao/Documents/VP-V4-S2-Claim-Coverage/ios/VisePanda/VisePandaTests/NativeAskIntegrationTests.swift (in target 'VisePandaTests' from project 'VisePanda')
SwiftCompile normal arm64 /Users/jtcao/Documents/VP-V4-S2-Claim-Coverage/ios/VisePanda/VisePandaTests/NativeAskIntegrationTests.swift (in target 'VisePandaTests' from project 'VisePanda')
    cd /Users/jtcao/Documents/VP-V4-S2-Claim-Coverage/ios/VisePanda
    

SwiftCompile normal arm64 Compiling\ NativeAskStateTests.swift /Users/jtcao/Documents/VP-V4-S2-Claim-Coverage/ios/VisePanda/VisePandaTests/NativeAskStateTests.swift (in target 'VisePandaTests' from project 'VisePanda')
SwiftCompile normal arm64 /Users/jtcao/Documents/VP-V4-S2-Claim-Coverage/ios/VisePanda/VisePandaTests/NativeAskStateTests.swift (in target 'VisePandaTests' from project 'VisePanda')
    cd /Users/jtcao/Documents/VP-V4-S2-Claim-Coverage/ios/VisePanda
    

SwiftDriverJobDiscovery normal arm64 Compiling NativeAskUITests.swift (in target 'VisePandaUITests' from project 'VisePanda')

SwiftCompile normal arm64 Compiling\ NativeKnowledgeTests.swift /Users/jtcao/Documents/VP-V4-S2-Claim-Coverage/ios/VisePanda/VisePandaTests/NativeKnowledgeTests.swift (in target 'VisePandaTests' from project 'VisePanda')

SwiftCompile normal arm64 /Users/jtcao/Documents/VP-V4-S2-Claim-Coverage/ios/VisePanda/VisePandaTests/NativeKnowledgeTests.swift (in target 'VisePandaTests' from project 'VisePanda')
    cd /Users/jtcao/Documents/VP-V4-S2-Claim-Coverage/ios/VisePanda
    

SwiftDriverJobDiscovery normal arm64 Compiling NativeSessionIntegrationTests.swift (in target 'VisePandaTests' from project 'VisePanda')

SwiftCompile normal arm64 Compiling\ NativeTripStateTests.swift /Users/jtcao/Documents/VP-V4-S2-Claim-Coverage/ios/VisePanda/VisePandaTests/NativeTripStateTests.swift (in target 'VisePandaTests' from project 'VisePanda')

SwiftCompile normal arm64 /Users/jtcao/Documents/VP-V4-S2-Claim-Coverage/ios/VisePanda/VisePandaTests/NativeTripStateTests.swift (in target 'VisePandaTests' from project 'VisePanda')
    cd /Users/jtcao/Documents/VP-V4-S2-Claim-Coverage/ios/VisePanda
    

SwiftDriverJobDiscovery normal arm64 Compiling AppShellUITests.swift (in target 'VisePandaUITests' from project 'VisePanda')

SwiftDriver\ Compilation VisePanda normal arm64 com.apple.xcode.tools.swift.compiler (in target 'VisePanda' from project 'VisePanda')
    cd /Users/jtcao/Documents/VP-V4-S2-Claim-Coverage/ios/VisePanda
    builtin-Swift-Compilation -- /Applications/Xcode.app/Contents/Developer/Toolchains/XcodeDefault.xctoolchain/usr/bin/swiftc -module-name VisePanda -Onone @/Users/jtcao/Library/Caches/visepanda/native-event-reconnect-20260913/native-live-2/build/Build/Intermediates.noindex/VisePanda.build/Debug-iphonesimulator/VisePanda.build/Objects-normal/arm64/VisePanda.SwiftFileList -DDEBUG -default-isolation\=MainActor -enable-upcoming-feature InferIsolatedConformances -enable-upcoming-feature NonisolatedNonsendingByDefault -enable-experimental-feature DebugDescriptionMacro -sdk /Applications/Xcode.app/Contents/Developer/Platforms/iPhoneSimulator.platform/Developer/SDKs/iPhoneSimulator26.5.sdk -target arm64-apple-ios17.0-simulator -g -module-cache-path /Users/jtcao/Library/Caches/visepanda/native-event-reconnect-20260913/native-live-2/build/ModuleCache.noindex -Xfrontend -serialize-debugging-options -enable-testing -index-store-path /Users/jtcao/Library/Caches/visepanda/native-event-reconnect-20260913/native-live-2/build/Index.noindex/DataStore -Xcc -D_LIBCPP_HARDENING_MODE\=_LIBCPP_HARDENING_MODE_DEBUG -swift-version 6 -I /Users/jtcao/Library/Caches/visepanda/native-event-reconnect-20260913/native-live-2/build/Build/Products/Debug-iphonesimulator -F /Users/jtcao/Library/Caches/visepanda/native-event-reconnect-20260913/native-live-2/build/Build/Products/Debug-iphonesimulator -c -j8 -enable-batch-mode -incremental -Xcc -ivfsstatcache -Xcc /Users/jtcao/Library/Caches/visepanda/native-event-reconnect-20260913/native-live-2/build/SDKStatCaches.noindex/iphonesimulator26.5-23F81a-6cfe768891a92b912361537c460fe42b.sdkstatcache -output-file-map /Users/jtcao/Library/Caches/visepanda/native-event-reconnect-20260913/native-live-2/build/Build/Intermediates.noindex/VisePanda.build/Debug-iphonesimulator/VisePanda.build/Objects-normal/arm64/VisePanda-OutputFileMap.json -use-frontend-parseable-output -save-temps -no-color-diagnostics -explicit-module-build -module-cache-path /Users/jtcao/Library/Caches/visepanda/native-event-reconnect-20260913/native-live-2/build/Build/Intermediates.noindex/SwiftExplicitPrecompiledModules -clang-scanner-module-cache-path /Users/jtcao/Library/Caches/visepanda/native-event-reconnect-20260913/native-live-2/build/ModuleCache.noindex -sdk-module-cache-path /Users/jtcao/Library/Caches/visepanda/native-event-reconnect-20260913/native-live-2/build/ModuleCache.noindex -serialize-diagnostics -emit-dependencies -emit-module -emit-module-path /Users/jtcao/Library/Caches/visepanda/native-event-reconnect-20260913/native-live-2/build/Build/Intermediates.noindex/VisePanda.build/Debug-iphonesimulator/VisePanda.build/Objects-normal/arm64/VisePanda.swiftmodule -validate-clang-modules-once -clang-build-session-file /Users/jtcao/Library/Caches/visepanda/native-event-reconnect-20260913/native-live-2/build/ModuleCache.noindex/Session.modulevalidation -Xcc -I/Users/jtcao/Library/Caches/visepanda/native-event-reconnect-20260913/native-live-2/build/Build/Intermediates.noindex/VisePanda.build/Debug-iphonesimulator/VisePanda.build/swift-overrides.hmap -emit-const-values -Xfrontend -const-gather-protocols-file -Xfrontend /Users/jtcao/Library/Caches/visepanda/native-event-reconnect-20260913/native-live-2/build/Build/Intermediates.noindex/VisePanda.build/Debug-iphonesimulator/VisePanda.build/Objects-normal/arm64/VisePanda_const_extract_protocols.json -Xcc -iquote -Xcc /Users/jtcao/Library/Caches/visepanda/native-event-reconnect-20260913/native-live-2/build/Build/Intermediates.noindex/VisePanda.build/Debug-iphonesimulator/VisePanda.build/VisePanda-generated-files.hmap -Xcc -I/Users/jtcao/Library/Caches/visepanda/native-event-reconnect-20260913/native-live-2/build/Build/Intermediates.noindex/VisePanda.build/Debug-iphonesimulator/VisePanda.build/VisePanda-own-target-headers.hmap -Xcc -I/Users/jtcao/Library/Caches/visepanda/native-event-reconnect-20260913/native-live-2/build/Build/Intermediates.noindex/VisePanda.build/Debug-iphonesimulator/VisePanda.build/VisePanda-all-target-headers.hmap -Xcc -iquote -Xcc /Users/jtcao/Library/Caches/visepanda/native-event-reconnect-20260913/native-live-2/build/Build/Intermediates.noindex/VisePanda.build/Debug-iphonesimulator/VisePanda.build/VisePanda-project-headers.hmap -Xcc -I/Users/jtcao/Library/Caches/visepanda/native-event-reconnect-20260913/native-live-2/build/Build/Products/Debug-iphonesimulator/include -Xcc -I/Users/jtcao/Library/Caches/visepanda/native-event-reconnect-20260913/native-live-2/build/Build/Intermediates.noindex/VisePanda.build/Debug-iphonesimulator/VisePanda.build/DerivedSources-normal/arm64 -Xcc -I/Users/jtcao/Library/Caches/visepanda/native-event-reconnect-20260913/native-live-2/build/Build/Intermediates.noindex/VisePanda.build/Debug-iphonesimulator/VisePanda.build/DerivedSources/arm64 -Xcc -I/Users/jtcao/Library/Caches/visepanda/native-event-reconnect-20260913/native-live-2/build/Build/Intermediates.noindex/VisePanda.build/Debug-iphonesimulator/VisePanda.build/DerivedSources -emit-objc-header -emit-objc-header-path /Users/jtcao/Library/Caches/visepanda/native-event-reconnect-20260913/native-live-2/build/Build/Intermediates.noindex/VisePanda.build/Debug-iphonesimulator/VisePanda.build/Objects-normal/arm64/VisePanda-Swift.h -working-directory /Users/jtcao/Documents/VP-V4-S2-Claim-Coverage/ios/VisePanda -experimental-emit-module-separately -disable-cmo

SwiftDriverJobDiscovery normal arm64 Compiling NativeKnowledgeUITests.swift (in target 'VisePandaUITests' from project 'VisePanda')

Ld /Users/jtcao/Library/Caches/visepanda/native-event-reconnect-20260913/native-live-2/build/Build/Products/Debug-iphonesimulator/VisePanda.app/VisePanda.debug.dylib normal (in target 'VisePanda' from project 'VisePanda')
    cd /Users/jtcao/Documents/VP-V4-S2-Claim-Coverage/ios/VisePanda
    /Applications/Xcode.app/Contents/Developer/Toolchains/XcodeDefault.xctoolchain/usr/bin/clang -Xlinker -reproducible -target arm64-apple-ios17.0-simulator -dynamiclib -isysroot /Applications/Xcode.app/Contents/Developer/Platforms/iPhoneSimulator.platform/Developer/SDKs/iPhoneSimulator26.5.sdk -O0 -L/Users/jtcao/Library/Caches/visepanda/native-event-reconnect-20260913/native-live-2/build/Build/Intermediates.noindex/EagerLinkingTBDs/Debug-iphonesimulator -L/Users/jtcao/Library/Caches/visepanda/native-event-reconnect-20260913/native-live-2/build/Build/Products/Debug-iphonesimulator -F/Users/jtcao/Library/Caches/visepanda/native-event-reconnect-20260913/native-live-2/build/Build/Intermediates.noindex/EagerLinkingTBDs/Debug-iphonesimulator -F/Users/jtcao/Library/Caches/visepanda/native-event-reconnect-20260913/native-live-2/build/Build/Products/Debug-iphonesimulator -filelist /Users/jtcao/Library/Caches/visepanda/native-event-reconnect-20260913/native-live-2/build/Build/Intermediates.noindex/VisePanda.build/Debug-iphonesimulator/VisePanda.build/Objects-normal/arm64/VisePanda.LinkFileList -install_name @rpath/VisePanda.debug.dylib -Xlinker -rpath -Xlinker /usr/lib/swift -Xlinker -dead_strip -Xlinker -object_path_lto -Xlinker /Users/jtcao/Library/Caches/visepanda/native-event-reconnect-20260913/native-live-2/build/Build/Intermediates.noindex/VisePanda.build/Debug-iphonesimulator/VisePanda.build/Objects-normal/arm64/VisePanda_lto.o -rdynamic -Xlinker -no_deduplicate -Xlinker -objc_abi_version -Xlinker 2 -Xlinker -dependency_info -Xlinker /Users/jtcao/Library/Caches/visepanda/native-event-reconnect-20260913/native-live-2/build/Build/Intermediates.noindex/VisePanda.build/Debug-iphonesimulator/VisePanda.build/Objects-normal/arm64/VisePanda_dependency_info.dat -fobjc-link-runtime -L/Applications/Xcode.app/Contents/Developer/Toolchains/XcodeDefault.xctoolchain/usr/lib/swift/iphonesimulator -L/usr/lib/swift -Xlinker -add_ast_path -Xlinker /Users/jtcao/Library/Caches/visepanda/native-event-reconnect-20260913/native-live-2/build/Build/Intermediates.noindex/VisePanda.build/Debug-iphonesimulator/VisePanda.build/Objects-normal/arm64/VisePanda.swiftmodule @/Users/jtcao/Library/Caches/visepanda/native-event-reconnect-20260913/native-live-2/build/Build/Intermediates.noindex/VisePanda.build/Debug-iphonesimulator/VisePanda.build/Objects-normal/arm64/VisePanda-linker-args.resp -Xlinker -alias -Xlinker _main -Xlinker ___debug_main_executable_dylib_entry_point -Xlinker -no_adhoc_codesign -o /Users/jtcao/Library/Caches/visepanda/native-event-reconnect-20260913/native-live-2/build/Build/Products/Debug-iphonesimulator/VisePanda.app/VisePanda.debug.dylib

SwiftDriver\ Compilation VisePandaUITests normal arm64 com.apple.xcode.tools.swift.compiler (in target 'VisePandaUITests' from project 'VisePanda')
    cd /Users/jtcao/Documents/VP-V4-S2-Claim-Coverage/ios/VisePanda
    builtin-Swift-Compilation -- /Applications/Xcode.app/Contents/Developer/Toolchains/XcodeDefault.xctoolchain/usr/bin/swiftc -module-name VisePandaUITests -Onone @/Users/jtcao/Library/Caches/visepanda/native-event-reconnect-20260913/native-live-2/build/Build/Intermediates.noindex/VisePanda.build/Debug-iphonesimulator/VisePandaUITests.build/Objects-normal/arm64/VisePandaUITests.SwiftFileList -DDEBUG -module-alias Testing\=_Testing_Unavailable -plugin-path /Applications/Xcode.app/Contents/Developer/Toolchains/XcodeDefault.xctoolchain/usr/lib/swift/host/plugins/testing -enable-experimental-feature DebugDescriptionMacro -sdk /Applications/Xcode.app/Contents/Developer/Platforms/iPhoneSimulator.platform/Developer/SDKs/iPhoneSimulator26.5.sdk -target arm64-apple-ios17.0-simulator -g -module-cache-path /Users/jtcao/Library/Caches/visepanda/native-event-reconnect-20260913/native-live-2/build/ModuleCache.noindex -Xfrontend -serialize-debugging-options -enable-testing -index-store-path /Users/jtcao/Library/Caches/visepanda/native-event-reconnect-20260913/native-live-2/build/Index.noindex/DataStore -Xcc -D_LIBCPP_HARDENING_MODE\=_LIBCPP_HARDENING_MODE_DEBUG -swift-version 6 -I /Users/jtcao/Library/Caches/visepanda/native-event-reconnect-20260913/native-live-2/build/Build/Products/Debug-iphonesimulator -Isystem /Applications/Xcode.app/Contents/Developer/Platforms/iPhoneSimulator.platform/Developer/usr/lib -F /Users/jtcao/Library/Caches/visepanda/native-event-reconnect-20260913/native-live-2/build/Build/Products/Debug-iphonesimulator -F /Applications/Xcode.app/Contents/Developer/Platforms/iPhoneSimulator.platform/Developer/Library/Frameworks -F /Applications/Xcode.app/Contents/Developer/Platforms/iPhoneSimulator.platform/Developer/SDKs/iPhoneSimulator26.5.sdk/Developer/Library/Frameworks -c -j8 -enable-batch-mode -incremental -Xcc -ivfsstatcache -Xcc /Users/jtcao/Library/Caches/visepanda/native-event-reconnect-20260913/native-live-2/build/SDKStatCaches.noindex/iphonesimulator26.5-23F81a-6cfe768891a92b912361537c460fe42b.sdkstatcache -output-file-map /Users/jtcao/Library/Caches/visepanda/native-event-reconnect-20260913/native-live-2/build/Build/Intermediates.noindex/VisePanda.build/Debug-iphonesimulator/VisePandaUITests.build/Objects-normal/arm64/VisePandaUITests-OutputFileMap.json -use-frontend-parseable-output -save-temps -no-color-diagnostics -explicit-module-build -module-cache-path /Users/jtcao/Library/Caches/visepanda/native-event-reconnect-20260913/native-live-2/build/Build/Intermediates.noindex/SwiftExplicitPrecompiledModules -clang-scanner-module-cache-path /Users/jtcao/Library/Caches/visepanda/native-event-reconnect-20260913/native-live-2/build/ModuleCache.noindex -sdk-module-cache-path /Users/jtcao/Library/Caches/visepanda/native-event-reconnect-20260913/native-live-2/build/ModuleCache.noindex -serialize-diagnostics -emit-dependencies -emit-module -emit-module-path /Users/jtcao/Library/Caches/visepanda/native-event-reconnect-20260913/native-live-2/build/Build/Intermediates.noindex/VisePanda.build/Debug-iphonesimulator/VisePandaUITests.build/Objects-normal/arm64/VisePandaUITests.swiftmodule -validate-clang-modules-once -clang-build-session-file /Users/jtcao/Library/Caches/visepanda/native-event-reconnect-20260913/native-live-2/build/ModuleCache.noindex/Session.modulevalidation -Xcc -I/Users/jtcao/Library/Caches/visepanda/native-event-reconnect-20260913/native-live-2/build/Build/Intermediates.noindex/VisePanda.build/Debug-iphonesimulator/VisePandaUITests.build/swift-overrides.hmap -emit-const-values -Xfrontend -const-gather-protocols-file -Xfrontend /Users/jtcao/Library/Caches/visepanda/native-event-reconnect-20260913/native-live-2/build/Build/Intermediates.noindex/VisePanda.build/Debug-iphonesimulator/VisePandaUITests.build/Objects-normal/arm64/VisePandaUITests_const_extract_protocols.json -Xcc -iquote -Xcc /Users/jtcao/Library/Caches/visepanda/native-event-reconnect-20260913/native-live-2/build/Build/Intermediates.noindex/VisePanda.build/Debug-iphonesimulator/VisePandaUITests.build/VisePandaUITests-generated-files.hmap -Xcc -I/Users/jtcao/Library/Caches/visepanda/native-event-reconnect-20260913/native-live-2/build/Build/Intermediates.noindex/VisePanda.build/Debug-iphonesimulator/VisePandaUITests.build/VisePandaUITests-own-target-headers.hmap -Xcc -I/Users/jtcao/Library/Caches/visepanda/native-event-reconnect-20260913/native-live-2/build/Build/Intermediates.noindex/VisePanda.build/Debug-iphonesimulator/VisePandaUITests.build/VisePandaUITests-all-target-headers.hmap -Xcc -iquote -Xcc /Users/jtcao/Library/Caches/visepanda/native-event-reconnect-20260913/native-live-2/build/Build/Intermediates.noindex/VisePanda.build/Debug-iphonesimulator/VisePandaUITests.build/VisePandaUITests-project-headers.hmap -Xcc -I/Users/jtcao/Library/Caches/visepanda/native-event-reconnect-20260913/native-live-2/build/Build/Products/Debug-iphonesimulator/include -Xcc -I/Users/jtcao/Library/Caches/visepanda/native-event-reconnect-20260913/native-live-2/build/Build/Intermediates.noindex/VisePanda.build/Debug-iphonesimulator/VisePandaUITests.build/DerivedSources-normal/arm64 -Xcc -I/Users/jtcao/Library/Caches/visepanda/native-event-reconnect-20260913/native-live-2/build/Build/Intermediates.noindex/VisePanda.build/Debug-iphonesimulator/VisePandaUITests.build/DerivedSources/arm64 -Xcc -I/Users/jtcao/Library/Caches/visepanda/native-event-reconnect-20260913/native-live-2/build/Build/Intermediates.noindex/VisePanda.build/Debug-iphonesimulator/VisePandaUITests.build/DerivedSources -emit-objc-header -emit-objc-header-path /Users/jtcao/Library/Caches/visepanda/native-event-reconnect-20260913/native-live-2/build/Build/Intermediates.noindex/VisePanda.build/Debug-iphonesimulator/VisePandaUITests.build/Objects-normal/arm64/VisePandaUITests-Swift.h -working-directory /Users/jtcao/Documents/VP-V4-S2-Claim-Coverage/ios/VisePanda -experimental-emit-module-separately -disable-cmo

SwiftDriverJobDiscovery normal arm64 Compiling AppNavigationContractTests.swift (in target 'VisePandaTests' from project 'VisePanda')

SwiftDriverJobDiscovery normal arm64 Compiling NativeTripIntegrationTests.swift (in target 'VisePandaTests' from project 'VisePanda')

SwiftDriverJobDiscovery normal arm64 Compiling NativeTripStateTests.swift (in target 'VisePandaTests' from project 'VisePanda')

SwiftDriverJobDiscovery normal arm64 Compiling NativeAskPersistenceTests.swift (in target 'VisePandaTests' from project 'VisePanda')

ConstructStubExecutorLinkFileList /Users/jtcao/Library/Caches/visepanda/native-event-reconnect-20260913/native-live-2/build/Build/Intermediates.noindex/VisePanda.build/Debug-iphonesimulator/VisePanda.build/VisePanda-ExecutorLinkFileList-normal-arm64.txt (in target 'VisePanda' from project 'VisePanda')
    cd /Users/jtcao/Documents/VP-V4-S2-Claim-Coverage/ios/VisePanda
    construct-stub-executor-link-file-list /Users/jtcao/Library/Caches/visepanda/native-event-reconnect-20260913/native-live-2/build/Build/Products/Debug-iphonesimulator/VisePanda.app/VisePanda.debug.dylib /Applications/Xcode.app/Contents/Developer/Platforms/iPhoneSimulator.platform/Developer/usr/lib/libPreviewsJITStubExecutor_no_swift_entry_point.a /Applications/Xcode.app/Contents/Developer/Platforms/iPhoneSimulator.platform/Developer/usr/lib/libPreviewsJITStubExecutor.a --output /Users/jtcao/Library/Caches/visepanda/native-event-reconnect-20260913/native-live-2/build/Build/Intermediates.noindex/VisePanda.build/Debug-iphonesimulator/VisePanda.build/VisePanda-ExecutorLinkFileList-normal-arm64.txt
note: Using stub executor library with Swift entry point. (in target 'VisePanda' from project 'VisePanda')

Ld /Users/jtcao/Library/Caches/visepanda/native-event-reconnect-20260913/native-live-2/build/Build/Products/Debug-iphonesimulator/VisePanda.app/VisePanda normal (in target 'VisePanda' from project 'VisePanda')
    cd /Users/jtcao/Documents/VP-V4-S2-Claim-Coverage/ios/VisePanda
    /Applications/Xcode.app/Contents/Developer/Toolchains/XcodeDefault.xctoolchain/usr/bin/clang -Xlinker -reproducible -target arm64-apple-ios17.0-simulator -isysroot /Applications/Xcode.app/Contents/Developer/Platforms/iPhoneSimulator.platform/Developer/SDKs/iPhoneSimulator26.5.sdk -O0 -L/Users/jtcao/Library/Caches/visepanda/native-event-reconnect-20260913/native-live-2/build/Build/Products/Debug-iphonesimulator -F/Users/jtcao/Library/Caches/visepanda/native-event-reconnect-20260913/native-live-2/build/Build/Products/Debug-iphonesimulator -Xlinker -rpath -Xlinker @executable_path -rdynamic -Xlinker -no_deduplicate -Xlinker -objc_abi_version -Xlinker 2 -e ___debug_blank_executor_main -Xlinker -sectcreate -Xlinker __TEXT -Xlinker __debug_dylib -Xlinker /Users/jtcao/Library/Caches/visepanda/native-event-reconnect-20260913/native-live-2/build/Build/Intermediates.noindex/VisePanda.build/Debug-iphonesimulator/VisePanda.build/VisePanda-DebugDylibPath-normal-arm64.txt -Xlinker -sectcreate -Xlinker __TEXT -Xlinker __debug_instlnm -Xlinker /Users/jtcao/Library/Caches/visepanda/native-event-reconnect-20260913/native-live-2/build/Build/Intermediates.noindex/VisePanda.build/Debug-iphonesimulator/VisePanda.build/VisePanda-DebugDylibInstallName-normal-arm64.txt -Xlinker -filelist -Xlinker /Users/jtcao/Library/Caches/visepanda/native-event-reconnect-20260913/native-live-2/build/Build/Intermediates.noindex/VisePanda.build/Debug-iphonesimulator/VisePanda.build/VisePanda-ExecutorLinkFileList-normal-arm64.txt -Xlinker -sectcreate -Xlinker __TEXT -Xlinker __entitlements -Xlinker /Users/jtcao/Library/Caches/visepanda/native-event-reconnect-20260913/native-live-2/build/Build/Intermediates.noindex/VisePanda.build/Debug-iphonesimulator/VisePanda.build/VisePanda.app-Simulated.xcent -Xlinker -sectcreate -Xlinker __TEXT -Xlinker __ents_der -Xlinker /Users/jtcao/Library/Caches/visepanda/native-event-reconnect-20260913/native-live-2/build/Build/Intermediates.noindex/VisePanda.build/Debug-iphonesimulator/VisePanda.build/VisePanda.app-Simulated.xcent.der /Users/jtcao/Library/Caches/visepanda/native-event-reconnect-20260913/native-live-2/build/Build/Products/Debug-iphonesimulator/VisePanda.app/VisePanda.debug.dylib -Xlinker -no_adhoc_codesign -o /Users/jtcao/Library/Caches/visepanda/native-event-reconnect-20260913/native-live-2/build/Build/Products/Debug-iphonesimulator/VisePanda.app/VisePanda

CopySwiftLibs /Users/jtcao/Library/Caches/visepanda/native-event-reconnect-20260913/native-live-2/build/Build/Products/Debug-iphonesimulator/VisePanda.app (in target 'VisePanda' from project 'VisePanda')
    cd /Users/jtcao/Documents/VP-V4-S2-Claim-Coverage/ios/VisePanda
    builtin-swiftStdLibTool --copy --verbose --sign - --scan-executable /Users/jtcao/Library/Caches/visepanda/native-event-reconnect-20260913/native-live-2/build/Build/Products/Debug-iphonesimulator/VisePanda.app/VisePanda.debug.dylib --scan-folder /Users/jtcao/Library/Caches/visepanda/native-event-reconnect-20260913/native-live-2/build/Build/Products/Debug-iphonesimulator/VisePanda.app/Frameworks --scan-folder /Users/jtcao/Library/Caches/visepanda/native-event-reconnect-20260913/native-live-2/build/Build/Products/Debug-iphonesimulator/VisePanda.app/PlugIns --scan-folder /Users/jtcao/Library/Caches/visepanda/native-event-reconnect-20260913/native-live-2/build/Build/Products/Debug-iphonesimulator/VisePanda.app/SystemExtensions --scan-folder /Users/jtcao/Library/Caches/visepanda/native-event-reconnect-20260913/native-live-2/build/Build/Products/Debug-iphonesimulator/VisePanda.app/Extensions --platform iphonesimulator --toolchain /Applications/Xcode.app/Contents/Developer/Toolchains/XcodeDefault.xctoolchain --destination /Users/jtcao/Library/Caches/visepanda/native-event-reconnect-20260913/native-live-2/build/Build/Products/Debug-iphonesimulator/VisePanda.app/Frameworks --strip-bitcode --strip-bitcode-tool /Applications/Xcode.app/Contents/Developer/Toolchains/XcodeDefault.xctoolchain/usr/bin/bitcode_strip --emit-dependency-info /Users/jtcao/Library/Caches/visepanda/native-event-reconnect-20260913/native-live-2/build/Build/Intermediates.noindex/VisePanda.build/Debug-iphonesimulator/VisePanda.build/SwiftStdLibToolInputDependencies.dep --filter-for-swift-os

ExtractAppIntentsMetadata (in target 'VisePanda' from project 'VisePanda')
    cd /Users/jtcao/Documents/VP-V4-S2-Claim-Coverage/ios/VisePanda
    /Applications/Xcode.app/Contents/Developer/Toolchains/XcodeDefault.xctoolchain/usr/bin/appintentsmetadataprocessor --toolchain-dir /Applications/Xcode.app/Contents/Developer/Toolchains/XcodeDefault.xctoolchain --module-name VisePanda --sdk-root /Applications/Xcode.app/Contents/Developer/Platforms/iPhoneSimulator.platform/Developer/SDKs/iPhoneSimulator26.5.sdk --xcode-version 17F113 --platform-family iOS --deployment-target 17.0 --bundle-identifier space.go2china.VisePanda --output /Users/jtcao/Library/Caches/visepanda/native-event-reconnect-20260913/native-live-2/build/Build/Products/Debug-iphonesimulator/VisePanda.app --target-triple arm64-apple-ios17.0-simulator --binary-file /Users/jtcao/Library/Caches/visepanda/native-event-reconnect-20260913/native-live-2/build/Build/Products/Debug-iphonesimulator/VisePanda.app/VisePanda --dependency-file /Users/jtcao/Library/Caches/visepanda/native-event-reconnect-20260913/native-live-2/build/Build/Intermediates.noindex/VisePanda.build/Debug-iphonesimulator/VisePanda.build/Objects-normal/arm64/VisePanda_dependency_info.dat --stringsdata-file /Users/jtcao/Library/Caches/visepanda/native-event-reconnect-20260913/native-live-2/build/Build/Intermediates.noindex/VisePanda.build/Debug-iphonesimulator/VisePanda.build/Objects-normal/arm64/ExtractedAppShortcutsMetadata.stringsdata --source-file-list /Users/jtcao/Library/Caches/visepanda/native-event-reconnect-20260913/native-live-2/build/Build/Intermediates.noindex/VisePanda.build/Debug-iphonesimulator/VisePanda.build/Objects-normal/arm64/VisePanda.SwiftFileList --metadata-file-list /Users/jtcao/Library/Caches/visepanda/native-event-reconnect-20260913/native-live-2/build/Build/Intermediates.noindex/VisePanda.build/Debug-iphonesimulator/VisePanda.build/VisePanda.DependencyMetadataFileList --static-metadata-file-list /Users/jtcao/Library/Caches/visepanda/native-event-reconnect-20260913/native-live-2/build/Build/Intermediates.noindex/VisePanda.build/Debug-iphonesimulator/VisePanda.build/VisePanda.DependencyStaticMetadataFileList --swift-const-vals-list /Users/jtcao/Library/Caches/visepanda/native-event-reconnect-20260913/native-live-2/build/Build/Intermediates.noindex/VisePanda.build/Debug-iphonesimulator/VisePanda.build/Objects-normal/arm64/VisePanda.SwiftConstValuesFileList --compile-time-extraction --deployment-aware-processing --validate-assistant-intents --no-app-shortcuts-localization
2026-09-13 07:11:17.562 appintentsmetadataprocessor[85298:1130082] Starting appintentsmetadataprocessor export
2026-09-13 07:11:17.567 appintentsmetadataprocessor[85298:1130082] warning: Metadata extraction skipped. No AppIntents.framework dependency found.

SwiftDriverJobDiscovery normal arm64 Compiling NativeKnowledgeTests.swift (in target 'VisePandaTests' from project 'VisePanda')

SwiftDriverJobDiscovery normal arm64 Compiling NativeAskIntegrationTests.swift (in target 'VisePandaTests' from project 'VisePanda')

AppIntentsSSUTraining (in target 'VisePanda' from project 'VisePanda')
    cd /Users/jtcao/Documents/VP-V4-S2-Claim-Coverage/ios/VisePanda
    /Applications/Xcode.app/Contents/Developer/Toolchains/XcodeDefault.xctoolchain/usr/bin/appintentsnltrainingprocessor --infoplist-path /Users/jtcao/Library/Caches/visepanda/native-event-reconnect-20260913/native-live-2/build/Build/Products/Debug-iphonesimulator/VisePanda.app/Info.plist --temp-dir-path /Users/jtcao/Library/Caches/visepanda/native-event-reconnect-20260913/native-live-2/build/Build/Intermediates.noindex/VisePanda.build/Debug-iphonesimulator/VisePanda.build/ssu --bundle-id space.go2china.VisePanda --product-path /Users/jtcao/Library/Caches/visepanda/native-event-reconnect-20260913/native-live-2/build/Build/Products/Debug-iphonesimulator/VisePanda.app --extracted-metadata-path /Users/jtcao/Library/Caches/visepanda/native-event-reconnect-20260913/native-live-2/build/Build/Products/Debug-iphonesimulator/VisePanda.app/Metadata.appintents --metadata-file-list /Users/jtcao/Library/Caches/visepanda/native-event-reconnect-20260913/native-live-2/build/Build/Intermediates.noindex/VisePanda.build/Debug-iphonesimulator/VisePanda.build/VisePanda.DependencyMetadataFileList --source-file /Users/jtcao/Library/Caches/visepanda/native-event-reconnect-20260913/native-live-2/build/Build/Products/Debug-iphonesimulator/VisePanda.app/Info.plist --archive-ssu-assets
2026-09-13 07:11:17.603 appintentsnltrainingprocessor[85299:1130084] Parsing options for appintentsnltrainingprocessor
2026-09-13 07:11:17.604 appintentsnltrainingprocessor[85299:1130084] Starting AppIntents SSU YAML Generation
2026-09-13 07:11:17.605 appintentsnltrainingprocessor[85299:1130084] No AppShortcuts found - Skipping.

ProcessInfoPlistFile /Users/jtcao/Library/Caches/visepanda/native-event-reconnect-20260913/native-live-2/build/Build/Products/Debug-iphonesimulator/VisePanda.app/PlugIns/VisePandaTests.xctest/Info.plist /Users/jtcao/Library/Caches/visepanda/native-event-reconnect-20260913/native-live-2/build/Build/Intermediates.noindex/VisePanda.build/Debug-iphonesimulator/VisePandaTests.build/empty-VisePandaTests.plist (in target 'VisePandaTests' from project 'VisePanda')
    cd /Users/jtcao/Documents/VP-V4-S2-Claim-Coverage/ios/VisePanda
    builtin-infoPlistUtility /Users/jtcao/Library/Caches/visepanda/native-event-reconnect-20260913/native-live-2/build/Build/Intermediates.noindex/VisePanda.build/Debug-iphonesimulator/VisePandaTests.build/empty-VisePandaTests.plist -producttype com.apple.product-type.bundle.unit-test -expandbuildsettings -format binary -platform iphonesimulator -o /Users/jtcao/Library/Caches/visepanda/native-event-reconnect-20260913/native-live-2/build/Build/Products/Debug-iphonesimulator/VisePanda.app/PlugIns/VisePandaTests.xctest/Info.plist

SwiftDriverJobDiscovery normal arm64 Compiling NativeAskStateTests.swift (in target 'VisePandaTests' from project 'VisePanda')

SwiftDriver\ Compilation VisePandaTests normal arm64 com.apple.xcode.tools.swift.compiler (in target 'VisePandaTests' from project 'VisePanda')
    cd /Users/jtcao/Documents/VP-V4-S2-Claim-Coverage/ios/VisePanda
    builtin-Swift-Compilation -- /Applications/Xcode.app/Contents/Developer/Toolchains/XcodeDefault.xctoolchain/usr/bin/swiftc -module-name VisePandaTests -Onone @/Users/jtcao/Library/Caches/visepanda/native-event-reconnect-20260913/native-live-2/build/Build/Intermediates.noindex/VisePanda.build/Debug-iphonesimulator/VisePandaTests.build/Objects-normal/arm64/VisePandaTests.SwiftFileList -DDEBUG -plugin-path /Applications/Xcode.app/Contents/Developer/Toolchains/XcodeDefault.xctoolchain/usr/lib/swift/host/plugins/testing -default-isolation\=MainActor -enable-upcoming-feature InferIsolatedConformances -enable-upcoming-feature NonisolatedNonsendingByDefault -enable-experimental-feature DebugDescriptionMacro -sdk /Applications/Xcode.app/Contents/Developer/Platforms/iPhoneSimulator.platform/Developer/SDKs/iPhoneSimulator26.5.sdk -target arm64-apple-ios17.0-simulator -g -module-cache-path /Users/jtcao/Library/Caches/visepanda/native-event-reconnect-20260913/native-live-2/build/ModuleCache.noindex -Xfrontend -serialize-debugging-options -enable-testing -index-store-path /Users/jtcao/Library/Caches/visepanda/native-event-reconnect-20260913/native-live-2/build/Index.noindex/DataStore -Xcc -D_LIBCPP_HARDENING_MODE\=_LIBCPP_HARDENING_MODE_DEBUG -swift-version 6 -I /Users/jtcao/Library/Caches/visepanda/native-event-reconnect-20260913/native-live-2/build/Build/Products/Debug-iphonesimulator -Isystem /Applications/Xcode.app/Contents/Developer/Platforms/iPhoneSimulator.platform/Developer/usr/lib -F /Users/jtcao/Library/Caches/visepanda/native-event-reconnect-20260913/native-live-2/build/Build/Products/Debug-iphonesimulator -F /Applications/Xcode.app/Contents/Developer/Platforms/iPhoneSimulator.platform/Developer/Library/Frameworks -F /Applications/Xcode.app/Contents/Developer/Platforms/iPhoneSimulator.platform/Developer/SDKs/iPhoneSimulator26.5.sdk/Developer/Library/Frameworks -c -j8 -enable-batch-mode -incremental -Xcc -ivfsstatcache -Xcc /Users/jtcao/Library/Caches/visepanda/native-event-reconnect-20260913/native-live-2/build/SDKStatCaches.noindex/iphonesimulator26.5-23F81a-6cfe768891a92b912361537c460fe42b.sdkstatcache -output-file-map /Users/jtcao/Library/Caches/visepanda/native-event-reconnect-20260913/native-live-2/build/Build/Intermediates.noindex/VisePanda.build/Debug-iphonesimulator/VisePandaTests.build/Objects-normal/arm64/VisePandaTests-OutputFileMap.json -use-frontend-parseable-output -save-temps -no-color-diagnostics -explicit-module-build -module-cache-path /Users/jtcao/Library/Caches/visepanda/native-event-reconnect-20260913/native-live-2/build/Build/Intermediates.noindex/SwiftExplicitPrecompiledModules -clang-scanner-module-cache-path /Users/jtcao/Library/Caches/visepanda/native-event-reconnect-20260913/native-live-2/build/ModuleCache.noindex -sdk-module-cache-path /Users/jtcao/Library/Caches/visepanda/native-event-reconnect-20260913/native-live-2/build/ModuleCache.noindex -serialize-diagnostics -emit-dependencies -emit-module -emit-module-path /Users/jtcao/Library/Caches/visepanda/native-event-reconnect-20260913/native-live-2/build/Build/Intermediates.noindex/VisePanda.build/Debug-iphonesimulator/VisePandaTests.build/Objects-normal/arm64/VisePandaTests.swiftmodule -validate-clang-modules-once -clang-build-session-file /Users/jtcao/Library/Caches/visepanda/native-event-reconnect-20260913/native-live-2/build/ModuleCache.noindex/Session.modulevalidation -Xcc -I/Users/jtcao/Library/Caches/visepanda/native-event-reconnect-20260913/native-live-2/build/Build/Intermediates.noindex/VisePanda.build/Debug-iphonesimulator/VisePandaTests.build/swift-overrides.hmap -emit-const-values -Xfrontend -const-gather-protocols-file -Xfrontend /Users/jtcao/Library/Caches/visepanda/native-event-reconnect-20260913/native-live-2/build/Build/Intermediates.noindex/VisePanda.build/Debug-iphonesimulator/VisePandaTests.build/Objects-normal/arm64/VisePandaTests_const_extract_protocols.json -Xcc -iquote -Xcc /Users/jtcao/Library/Caches/visepanda/native-event-reconnect-20260913/native-live-2/build/Build/Intermediates.noindex/VisePanda.build/Debug-iphonesimulator/VisePandaTests.build/VisePandaTests-generated-files.hmap -Xcc -I/Users/jtcao/Library/Caches/visepanda/native-event-reconnect-20260913/native-live-2/build/Build/Intermediates.noindex/VisePanda.build/Debug-iphonesimulator/VisePandaTests.build/VisePandaTests-own-target-headers.hmap -Xcc -I/Users/jtcao/Library/Caches/visepanda/native-event-reconnect-20260913/native-live-2/build/Build/Intermediates.noindex/VisePanda.build/Debug-iphonesimulator/VisePandaTests.build/VisePandaTests-all-target-headers.hmap -Xcc -iquote -Xcc /Users/jtcao/Library/Caches/visepanda/native-event-reconnect-20260913/native-live-2/build/Build/Intermediates.noindex/VisePanda.build/Debug-iphonesimulator/VisePandaTests.build/VisePandaTests-project-headers.hmap -Xcc -I/Users/jtcao/Library/Caches/visepanda/native-event-reconnect-20260913/native-live-2/build/Build/Products/Debug-iphonesimulator/include -Xcc -I/Users/jtcao/Library/Caches/visepanda/native-event-reconnect-20260913/native-live-2/build/Build/Intermediates.noindex/VisePanda.build/Debug-iphonesimulator/VisePandaTests.build/DerivedSources-normal/arm64 -Xcc -I/Users/jtcao/Library/Caches/visepanda/native-event-reconnect-20260913/native-live-2/build/Build/Intermediates.noindex/VisePanda.build/Debug-iphonesimulator/VisePandaTests.build/DerivedSources/arm64 -Xcc -I/Users/jtcao/Library/Caches/visepanda/native-event-reconnect-20260913/native-live-2/build/Build/Intermediates.noindex/VisePanda.build/Debug-iphonesimulator/VisePandaTests.build/DerivedSources -emit-objc-header -emit-objc-header-path /Users/jtcao/Library/Caches/visepanda/native-event-reconnect-20260913/native-live-2/build/Build/Intermediates.noindex/VisePanda.build/Debug-iphonesimulator/VisePandaTests.build/Objects-normal/arm64/VisePandaTests-Swift.h -working-directory /Users/jtcao/Documents/VP-V4-S2-Claim-Coverage/ios/VisePanda -experimental-emit-module-separately -disable-cmo

Ld /Users/jtcao/Library/Caches/visepanda/native-event-reconnect-20260913/native-live-2/build/Build/Products/Debug-iphonesimulator/VisePanda.app/PlugIns/VisePandaTests.xctest/VisePandaTests normal (in target 'VisePandaTests' from project 'VisePanda')
    cd /Users/jtcao/Documents/VP-V4-S2-Claim-Coverage/ios/VisePanda
    /Applications/Xcode.app/Contents/Developer/Toolchains/XcodeDefault.xctoolchain/usr/bin/clang -Xlinker -reproducible -target arm64-apple-ios17.0-simulator -bundle -isysroot /Applications/Xcode.app/Contents/Developer/Platforms/iPhoneSimulator.platform/Developer/SDKs/iPhoneSimulator26.5.sdk -O0 -L/Users/jtcao/Library/Caches/visepanda/native-event-reconnect-20260913/native-live-2/build/Build/Intermediates.noindex/EagerLinkingTBDs/Debug-iphonesimulator -L/Users/jtcao/Library/Caches/visepanda/native-event-reconnect-20260913/native-live-2/build/Build/Products/Debug-iphonesimulator -L/Applications/Xcode.app/Contents/Developer/Platforms/iPhoneSimulator.platform/Developer/usr/lib -F/Users/jtcao/Library/Caches/visepanda/native-event-reconnect-20260913/native-live-2/build/Build/Intermediates.noindex/EagerLinkingTBDs/Debug-iphonesimulator -F/Users/jtcao/Library/Caches/visepanda/native-event-reconnect-20260913/native-live-2/build/Build/Products/Debug-iphonesimulator -iframework /Applications/Xcode.app/Contents/Developer/Platforms/iPhoneSimulator.platform/Developer/Library/Frameworks -iframework /Applications/Xcode.app/Contents/Developer/Platforms/iPhoneSimulator.platform/Developer/SDKs/iPhoneSimulator26.5.sdk/Developer/Library/Frameworks -filelist /Users/jtcao/Library/Caches/visepanda/native-event-reconnect-20260913/native-live-2/build/Build/Intermediates.noindex/VisePanda.build/Debug-iphonesimulator/VisePandaTests.build/Objects-normal/arm64/VisePandaTests.LinkFileList -Xlinker -rpath -Xlinker /usr/lib/swift -Xlinker -rpath -Xlinker @loader_path/Frameworks -Xlinker -rpath -Xlinker @executable_path/Frameworks -Xlinker -dead_strip -bundle_loader /Users/jtcao/Library/Caches/visepanda/native-event-reconnect-20260913/native-live-2/build/Build/Products/Debug-iphonesimulator/VisePanda.app/VisePanda -Xlinker -object_path_lto -Xlinker /Users/jtcao/Library/Caches/visepanda/native-event-reconnect-20260913/native-live-2/build/Build/Intermediates.noindex/VisePanda.build/Debug-iphonesimulator/VisePandaTests.build/Objects-normal/arm64/VisePandaTests_lto.o -rdynamic -Xlinker -no_deduplicate -Xlinker -objc_abi_version -Xlinker 2 -Xlinker -dependency_info -Xlinker /Users/jtcao/Library/Caches/visepanda/native-event-reconnect-20260913/native-live-2/build/Build/Intermediates.noindex/VisePanda.build/Debug-iphonesimulator/VisePandaTests.build/Objects-normal/arm64/VisePandaTests_dependency_info.dat -fobjc-link-runtime -L/Applications/Xcode.app/Contents/Developer/Toolchains/XcodeDefault.xctoolchain/usr/lib/swift/iphonesimulator -L/usr/lib/swift -Xlinker -add_ast_path -Xlinker /Users/jtcao/Library/Caches/visepanda/native-event-reconnect-20260913/native-live-2/build/Build/Intermediates.noindex/VisePanda.build/Debug-iphonesimulator/VisePandaTests.build/Objects-normal/arm64/VisePandaTests.swiftmodule @/Users/jtcao/Library/Caches/visepanda/native-event-reconnect-20260913/native-live-2/build/Build/Intermediates.noindex/VisePanda.build/Debug-iphonesimulator/VisePandaTests.build/Objects-normal/arm64/VisePandaTests-linker-args.resp -Xlinker -needed_framework -Xlinker XCTest -framework XCTest -Xlinker -needed-lXCTestSwiftSupport -lXCTestSwiftSupport /Users/jtcao/Library/Caches/visepanda/native-event-reconnect-20260913/native-live-2/build/Build/Products/Debug-iphonesimulator/VisePanda.app/VisePanda.debug.dylib -Xlinker -no_adhoc_codesign -o /Users/jtcao/Library/Caches/visepanda/native-event-reconnect-20260913/native-live-2/build/Build/Products/Debug-iphonesimulator/VisePanda.app/PlugIns/VisePandaTests.xctest/VisePandaTests

CopySwiftLibs /Users/jtcao/Library/Caches/visepanda/native-event-reconnect-20260913/native-live-2/build/Build/Products/Debug-iphonesimulator/VisePanda.app/PlugIns/VisePandaTests.xctest (in target 'VisePandaTests' from project 'VisePanda')
    cd /Users/jtcao/Documents/VP-V4-S2-Claim-Coverage/ios/VisePanda
    builtin-swiftStdLibTool --copy --verbose --sign - --scan-executable /Users/jtcao/Library/Caches/visepanda/native-event-reconnect-20260913/native-live-2/build/Build/Products/Debug-iphonesimulator/VisePanda.app/PlugIns/VisePandaTests.xctest/VisePandaTests --scan-folder /Users/jtcao/Library/Caches/visepanda/native-event-reconnect-20260913/native-live-2/build/Build/Products/Debug-iphonesimulator/VisePanda.app/PlugIns/VisePandaTests.xctest/Frameworks --scan-folder /Users/jtcao/Library/Caches/visepanda/native-event-reconnect-20260913/native-live-2/build/Build/Products/Debug-iphonesimulator/VisePanda.app/PlugIns/VisePandaTests.xctest/PlugIns --scan-folder /Users/jtcao/Library/Caches/visepanda/native-event-reconnect-20260913/native-live-2/build/Build/Products/Debug-iphonesimulator/VisePanda.app/PlugIns/VisePandaTests.xctest/SystemExtensions --scan-folder /Users/jtcao/Library/Caches/visepanda/native-event-reconnect-20260913/native-live-2/build/Build/Products/Debug-iphonesimulator/VisePanda.app/PlugIns/VisePandaTests.xctest/Extensions --platform iphonesimulator --toolchain /Applications/Xcode.app/Contents/Developer/Toolchains/XcodeDefault.xctoolchain --destination /Users/jtcao/Library/Caches/visepanda/native-event-reconnect-20260913/native-live-2/build/Build/Products/Debug-iphonesimulator/VisePanda.app/PlugIns/VisePandaTests.xctest/Frameworks --strip-bitcode --scan-executable /Applications/Xcode.app/Contents/Developer/Platforms/iPhoneSimulator.platform/Developer/usr/lib/libXCTestSwiftSupport.dylib --strip-bitcode-tool /Applications/Xcode.app/Contents/Developer/Toolchains/XcodeDefault.xctoolchain/usr/bin/bitcode_strip --emit-dependency-info /Users/jtcao/Library/Caches/visepanda/native-event-reconnect-20260913/native-live-2/build/Build/Intermediates.noindex/VisePanda.build/Debug-iphonesimulator/VisePandaTests.build/SwiftStdLibToolInputDependencies.dep --filter-for-swift-os

ExtractAppIntentsMetadata (in target 'VisePandaTests' from project 'VisePanda')
    cd /Users/jtcao/Documents/VP-V4-S2-Claim-Coverage/ios/VisePanda
    /Applications/Xcode.app/Contents/Developer/Toolchains/XcodeDefault.xctoolchain/usr/bin/appintentsmetadataprocessor --toolchain-dir /Applications/Xcode.app/Contents/Developer/Toolchains/XcodeDefault.xctoolchain --module-name VisePandaTests --sdk-root /Applications/Xcode.app/Contents/Developer/Platforms/iPhoneSimulator.platform/Developer/SDKs/iPhoneSimulator26.5.sdk --xcode-version 17F113 --platform-family iOS --deployment-target 17.0 --bundle-identifier space.go2china.VisePandaTests --output /Users/jtcao/Library/Caches/visepanda/native-event-reconnect-20260913/native-live-2/build/Build/Products/Debug-iphonesimulator/VisePanda.app/PlugIns/VisePandaTests.xctest --target-triple arm64-apple-ios17.0-simulator --binary-file /Users/jtcao/Library/Caches/visepanda/native-event-reconnect-20260913/native-live-2/build/Build/Products/Debug-iphonesimulator/VisePanda.app/PlugIns/VisePandaTests.xctest/VisePandaTests --dependency-file /Users/jtcao/Library/Caches/visepanda/native-event-reconnect-20260913/native-live-2/build/Build/Intermediates.noindex/VisePanda.build/Debug-iphonesimulator/VisePandaTests.build/Objects-normal/arm64/VisePandaTests_dependency_info.dat --stringsdata-file /Users/jtcao/Library/Caches/visepanda/native-event-reconnect-20260913/native-live-2/build/Build/Intermediates.noindex/VisePanda.build/Debug-iphonesimulator/VisePandaTests.build/Objects-normal/arm64/ExtractedAppShortcutsMetadata.stringsdata --source-file-list /Users/jtcao/Library/Caches/visepanda/native-event-reconnect-20260913/native-live-2/build/Build/Intermediates.noindex/VisePanda.build/Debug-iphonesimulator/VisePandaTests.build/Objects-normal/arm64/VisePandaTests.SwiftFileList --metadata-file-list /Users/jtcao/Library/Caches/visepanda/native-event-reconnect-20260913/native-live-2/build/Build/Intermediates.noindex/VisePanda.build/Debug-iphonesimulator/VisePandaTests.build/VisePandaTests.DependencyMetadataFileList --static-metadata-file-list /Users/jtcao/Library/Caches/visepanda/native-event-reconnect-20260913/native-live-2/build/Build/Intermediates.noindex/VisePanda.build/Debug-iphonesimulator/VisePandaTests.build/VisePandaTests.DependencyStaticMetadataFileList --swift-const-vals-list /Users/jtcao/Library/Caches/visepanda/native-event-reconnect-20260913/native-live-2/build/Build/Intermediates.noindex/VisePanda.build/Debug-iphonesimulator/VisePandaTests.build/Objects-normal/arm64/VisePandaTests.SwiftConstValuesFileList --compile-time-extraction --deployment-aware-processing --validate-assistant-intents --no-app-shortcuts-localization
2026-09-13 07:11:18.103 appintentsmetadataprocessor[85303:1130108] Starting appintentsmetadataprocessor export
2026-09-13 07:11:18.105 appintentsmetadataprocessor[85303:1130108] warning: Metadata extraction skipped. No AppIntents.framework dependency found.

AppIntentsSSUTraining (in target 'VisePandaTests' from project 'VisePanda')
    cd /Users/jtcao/Documents/VP-V4-S2-Claim-Coverage/ios/VisePanda
    /Applications/Xcode.app/Contents/Developer/Toolchains/XcodeDefault.xctoolchain/usr/bin/appintentsnltrainingprocessor --infoplist-path /Users/jtcao/Library/Caches/visepanda/native-event-reconnect-20260913/native-live-2/build/Build/Products/Debug-iphonesimulator/VisePanda.app/PlugIns/VisePandaTests.xctest/Info.plist --temp-dir-path /Users/jtcao/Library/Caches/visepanda/native-event-reconnect-20260913/native-live-2/build/Build/Intermediates.noindex/VisePanda.build/Debug-iphonesimulator/VisePandaTests.build/ssu --bundle-id space.go2china.VisePandaTests --product-path /Users/jtcao/Library/Caches/visepanda/native-event-reconnect-20260913/native-live-2/build/Build/Products/Debug-iphonesimulator/VisePanda.app/PlugIns/VisePandaTests.xctest --extracted-metadata-path /Users/jtcao/Library/Caches/visepanda/native-event-reconnect-20260913/native-live-2/build/Build/Products/Debug-iphonesimulator/VisePanda.app/PlugIns/VisePandaTests.xctest/Metadata.appintents --metadata-file-list /Users/jtcao/Library/Caches/visepanda/native-event-reconnect-20260913/native-live-2/build/Build/Intermediates.noindex/VisePanda.build/Debug-iphonesimulator/VisePandaTests.build/VisePandaTests.DependencyMetadataFileList --source-file /Users/jtcao/Library/Caches/visepanda/native-event-reconnect-20260913/native-live-2/build/Build/Products/Debug-iphonesimulator/VisePanda.app/PlugIns/VisePandaTests.xctest/Info.plist --archive-ssu-assets
2026-09-13 07:11:18.129 appintentsnltrainingprocessor[85304:1130109] Parsing options for appintentsnltrainingprocessor
2026-09-13 07:11:18.129 appintentsnltrainingprocessor[85304:1130109] Starting AppIntents SSU YAML Generation
2026-09-13 07:11:18.129 appintentsnltrainingprocessor[85304:1130109] No AppShortcuts found - Skipping.

CodeSign /Users/jtcao/Library/Caches/visepanda/native-event-reconnect-20260913/native-live-2/build/Build/Products/Debug-iphonesimulator/VisePanda.app/PlugIns/VisePandaTests.xctest (in target 'VisePandaTests' from project 'VisePanda')
    cd /Users/jtcao/Documents/VP-V4-S2-Claim-Coverage/ios/VisePanda
    
    Signing Identity:     "Sign to Run Locally"
    
    /usr/bin/codesign --force --sign - --timestamp\=none --generate-entitlement-der /Users/jtcao/Library/Caches/visepanda/native-event-reconnect-20260913/native-live-2/build/Build/Products/Debug-iphonesimulator/VisePanda.app/PlugIns/VisePandaTests.xctest

RegisterExecutionPolicyException /Users/jtcao/Library/Caches/visepanda/native-event-reconnect-20260913/native-live-2/build/Build/Products/Debug-iphonesimulator/VisePanda.app/PlugIns/VisePandaTests.xctest (in target 'VisePandaTests' from project 'VisePanda')
    cd /Users/jtcao/Documents/VP-V4-S2-Claim-Coverage/ios/VisePanda
    builtin-RegisterExecutionPolicyException /Users/jtcao/Library/Caches/visepanda/native-event-reconnect-20260913/native-live-2/build/Build/Products/Debug-iphonesimulator/VisePanda.app/PlugIns/VisePandaTests.xctest

Touch /Users/jtcao/Library/Caches/visepanda/native-event-reconnect-20260913/native-live-2/build/Build/Products/Debug-iphonesimulator/VisePanda.app/PlugIns/VisePandaTests.xctest (in target 'VisePandaTests' from project 'VisePanda')
    cd /Users/jtcao/Documents/VP-V4-S2-Claim-Coverage/ios/VisePanda
    /usr/bin/touch -c /Users/jtcao/Library/Caches/visepanda/native-event-reconnect-20260913/native-live-2/build/Build/Products/Debug-iphonesimulator/VisePanda.app/PlugIns/VisePandaTests.xctest

CodeSign /Users/jtcao/Library/Caches/visepanda/native-event-reconnect-20260913/native-live-2/build/Build/Products/Debug-iphonesimulator/VisePanda.app/VisePanda.debug.dylib (in target 'VisePanda' from project 'VisePanda')
    cd /Users/jtcao/Documents/VP-V4-S2-Claim-Coverage/ios/VisePanda
    
    Signing Identity:     "Sign to Run Locally"
    
    /usr/bin/codesign --force --sign - --timestamp\=none --generate-entitlement-der /Users/jtcao/Library/Caches/visepanda/native-event-reconnect-20260913/native-live-2/build/Build/Products/Debug-iphonesimulator/VisePanda.app/VisePanda.debug.dylib

CodeSign /Users/jtcao/Library/Caches/visepanda/native-event-reconnect-20260913/native-live-2/build/Build/Products/Debug-iphonesimulator/VisePanda.app/__preview.dylib (in target 'VisePanda' from project 'VisePanda')
    cd /Users/jtcao/Documents/VP-V4-S2-Claim-Coverage/ios/VisePanda
    
    Signing Identity:     "Sign to Run Locally"
    
    /usr/bin/codesign --force --sign - --timestamp\=none --generate-entitlement-der /Users/jtcao/Library/Caches/visepanda/native-event-reconnect-20260913/native-live-2/build/Build/Products/Debug-iphonesimulator/VisePanda.app/__preview.dylib

CodeSign /Users/jtcao/Library/Caches/visepanda/native-event-reconnect-20260913/native-live-2/build/Build/Products/Debug-iphonesimulator/VisePanda.app (in target 'VisePanda' from project 'VisePanda')
    cd /Users/jtcao/Documents/VP-V4-S2-Claim-Coverage/ios/VisePanda
    
    Signing Identity:     "Sign to Run Locally"
    
    /usr/bin/codesign --force --sign - --timestamp\=none --generate-entitlement-der /Users/jtcao/Library/Caches/visepanda/native-event-reconnect-20260913/native-live-2/build/Build/Products/Debug-iphonesimulator/VisePanda.app

RegisterExecutionPolicyException /Users/jtcao/Library/Caches/visepanda/native-event-reconnect-20260913/native-live-2/build/Build/Products/Debug-iphonesimulator/VisePanda.app (in target 'VisePanda' from project 'VisePanda')
    cd /Users/jtcao/Documents/VP-V4-S2-Claim-Coverage/ios/VisePanda
    builtin-RegisterExecutionPolicyException /Users/jtcao/Library/Caches/visepanda/native-event-reconnect-20260913/native-live-2/build/Build/Products/Debug-iphonesimulator/VisePanda.app

Validate /Users/jtcao/Library/Caches/visepanda/native-event-reconnect-20260913/native-live-2/build/Build/Products/Debug-iphonesimulator/VisePanda.app (in target 'VisePanda' from project 'VisePanda')
    cd /Users/jtcao/Documents/VP-V4-S2-Claim-Coverage/ios/VisePanda
    builtin-validationUtility /Users/jtcao/Library/Caches/visepanda/native-event-reconnect-20260913/native-live-2/build/Build/Products/Debug-iphonesimulator/VisePanda.app -shallow-bundle -infoplist-subpath Info.plist

Touch /Users/jtcao/Library/Caches/visepanda/native-event-reconnect-20260913/native-live-2/build/Build/Products/Debug-iphonesimulator/VisePanda.app (in target 'VisePanda' from project 'VisePanda')
    cd /Users/jtcao/Documents/VP-V4-S2-Claim-Coverage/ios/VisePanda
    /usr/bin/touch -c /Users/jtcao/Library/Caches/visepanda/native-event-reconnect-20260913/native-live-2/build/Build/Products/Debug-iphonesimulator/VisePanda.app

ProcessInfoPlistFile /Users/jtcao/Library/Caches/visepanda/native-event-reconnect-20260913/native-live-2/build/Build/Products/Debug-iphonesimulator/VisePandaUITests-Runner.app/PlugIns/VisePandaUITests.xctest/Info.plist /Users/jtcao/Library/Caches/visepanda/native-event-reconnect-20260913/native-live-2/build/Build/Intermediates.noindex/VisePanda.build/Debug-iphonesimulator/VisePandaUITests.build/empty-VisePandaUITests.plist (in target 'VisePandaUITests' from project 'VisePanda')
    cd /Users/jtcao/Documents/VP-V4-S2-Claim-Coverage/ios/VisePanda
    builtin-infoPlistUtility /Users/jtcao/Library/Caches/visepanda/native-event-reconnect-20260913/native-live-2/build/Build/Intermediates.noindex/VisePanda.build/Debug-iphonesimulator/VisePandaUITests.build/empty-VisePandaUITests.plist -producttype com.apple.product-type.bundle.ui-testing -expandbuildsettings -format binary -platform iphonesimulator -additionalcontentfile /Users/jtcao/Library/Caches/visepanda/native-event-reconnect-20260913/native-live-2/build/Build/Intermediates.noindex/VisePanda.build/Debug-iphonesimulator/VisePandaUITests.build/ProductTypeInfoPlistAdditions.plist -o /Users/jtcao/Library/Caches/visepanda/native-event-reconnect-20260913/native-live-2/build/Build/Products/Debug-iphonesimulator/VisePandaUITests-Runner.app/PlugIns/VisePandaUITests.xctest/Info.plist

Ld /Users/jtcao/Library/Caches/visepanda/native-event-reconnect-20260913/native-live-2/build/Build/Products/Debug-iphonesimulator/VisePandaUITests-Runner.app/PlugIns/VisePandaUITests.xctest/VisePandaUITests normal (in target 'VisePandaUITests' from project 'VisePanda')
    cd /Users/jtcao/Documents/VP-V4-S2-Claim-Coverage/ios/VisePanda
    /Applications/Xcode.app/Contents/Developer/Toolchains/XcodeDefault.xctoolchain/usr/bin/clang -Xlinker -reproducible -target arm64-apple-ios17.0-simulator -bundle -isysroot /Applications/Xcode.app/Contents/Developer/Platforms/iPhoneSimulator.platform/Developer/SDKs/iPhoneSimulator26.5.sdk -O0 -L/Users/jtcao/Library/Caches/visepanda/native-event-reconnect-20260913/native-live-2/build/Build/Intermediates.noindex/EagerLinkingTBDs/Debug-iphonesimulator -L/Users/jtcao/Library/Caches/visepanda/native-event-reconnect-20260913/native-live-2/build/Build/Products/Debug-iphonesimulator -L/Applications/Xcode.app/Contents/Developer/Platforms/iPhoneSimulator.platform/Developer/usr/lib -F/Users/jtcao/Library/Caches/visepanda/native-event-reconnect-20260913/native-live-2/build/Build/Intermediates.noindex/EagerLinkingTBDs/Debug-iphonesimulator -F/Users/jtcao/Library/Caches/visepanda/native-event-reconnect-20260913/native-live-2/build/Build/Products/Debug-iphonesimulator -iframework /Applications/Xcode.app/Contents/Developer/Platforms/iPhoneSimulator.platform/Developer/Library/Frameworks -iframework /Applications/Xcode.app/Contents/Developer/Platforms/iPhoneSimulator.platform/Developer/SDKs/iPhoneSimulator26.5.sdk/Developer/Library/Frameworks -filelist /Users/jtcao/Library/Caches/visepanda/native-event-reconnect-20260913/native-live-2/build/Build/Intermediates.noindex/VisePanda.build/Debug-iphonesimulator/VisePandaUITests.build/Objects-normal/arm64/VisePandaUITests.LinkFileList -Xlinker -rpath -Xlinker /usr/lib/swift -Xlinker -rpath -Xlinker @loader_path/Frameworks -Xlinker -dead_strip -Xlinker -object_path_lto -Xlinker /Users/jtcao/Library/Caches/visepanda/native-event-reconnect-20260913/native-live-2/build/Build/Intermediates.noindex/VisePanda.build/Debug-iphonesimulator/VisePandaUITests.build/Objects-normal/arm64/VisePandaUITests_lto.o -rdynamic -Xlinker -no_deduplicate -Xlinker -objc_abi_version -Xlinker 2 -Xlinker -dependency_info -Xlinker /Users/jtcao/Library/Caches/visepanda/native-event-reconnect-20260913/native-live-2/build/Build/Intermediates.noindex/VisePanda.build/Debug-iphonesimulator/VisePandaUITests.build/Objects-normal/arm64/VisePandaUITests_dependency_info.dat -fobjc-link-runtime -L/Applications/Xcode.app/Contents/Developer/Toolchains/XcodeDefault.xctoolchain/usr/lib/swift/iphonesimulator -L/usr/lib/swift -Xlinker -add_ast_path -Xlinker /Users/jtcao/Library/Caches/visepanda/native-event-reconnect-20260913/native-live-2/build/Build/Intermediates.noindex/VisePanda.build/Debug-iphonesimulator/VisePandaUITests.build/Objects-normal/arm64/VisePandaUITests.swiftmodule @/Users/jtcao/Library/Caches/visepanda/native-event-reconnect-20260913/native-live-2/build/Build/Intermediates.noindex/VisePanda.build/Debug-iphonesimulator/VisePandaUITests.build/Objects-normal/arm64/VisePandaUITests-linker-args.resp -Xlinker -needed_framework -Xlinker XCTest -framework XCTest -Xlinker -needed-lXCTestSwiftSupport -lXCTestSwiftSupport -Xlinker -sectcreate -Xlinker __TEXT -Xlinker __entitlements -Xlinker /Users/jtcao/Library/Caches/visepanda/native-event-reconnect-20260913/native-live-2/build/Build/Intermediates.noindex/VisePanda.build/Debug-iphonesimulator/VisePandaUITests.build/VisePandaUITests.xctest-Simulated.xcent -Xlinker -sectcreate -Xlinker __TEXT -Xlinker __ents_der -Xlinker /Users/jtcao/Library/Caches/visepanda/native-event-reconnect-20260913/native-live-2/build/Build/Intermediates.noindex/VisePanda.build/Debug-iphonesimulator/VisePandaUITests.build/VisePandaUITests.xctest-Simulated.xcent.der -Xlinker -no_adhoc_codesign -o /Users/jtcao/Library/Caches/visepanda/native-event-reconnect-20260913/native-live-2/build/Build/Products/Debug-iphonesimulator/VisePandaUITests-Runner.app/PlugIns/VisePandaUITests.xctest/VisePandaUITests

CopySwiftLibs /Users/jtcao/Library/Caches/visepanda/native-event-reconnect-20260913/native-live-2/build/Build/Products/Debug-iphonesimulator/VisePandaUITests-Runner.app/PlugIns/VisePandaUITests.xctest (in target 'VisePandaUITests' from project 'VisePanda')
    cd /Users/jtcao/Documents/VP-V4-S2-Claim-Coverage/ios/VisePanda
    builtin-swiftStdLibTool --copy --verbose --sign - --scan-executable /Users/jtcao/Library/Caches/visepanda/native-event-reconnect-20260913/native-live-2/build/Build/Products/Debug-iphonesimulator/VisePandaUITests-Runner.app/PlugIns/VisePandaUITests.xctest/VisePandaUITests --scan-folder /Users/jtcao/Library/Caches/visepanda/native-event-reconnect-20260913/native-live-2/build/Build/Products/Debug-iphonesimulator/VisePandaUITests-Runner.app/PlugIns/VisePandaUITests.xctest/Frameworks --scan-folder /Users/jtcao/Library/Caches/visepanda/native-event-reconnect-20260913/native-live-2/build/Build/Products/Debug-iphonesimulator/VisePandaUITests-Runner.app/PlugIns/VisePandaUITests.xctest/PlugIns --scan-folder /Users/jtcao/Library/Caches/visepanda/native-event-reconnect-20260913/native-live-2/build/Build/Products/Debug-iphonesimulator/VisePandaUITests-Runner.app/PlugIns/VisePandaUITests.xctest/SystemExtensions --scan-folder /Users/jtcao/Library/Caches/visepanda/native-event-reconnect-20260913/native-live-2/build/Build/Products/Debug-iphonesimulator/VisePandaUITests-Runner.app/PlugIns/VisePandaUITests.xctest/Extensions --platform iphonesimulator --toolchain /Applications/Xcode.app/Contents/Developer/Toolchains/XcodeDefault.xctoolchain --destination /Users/jtcao/Library/Caches/visepanda/native-event-reconnect-20260913/native-live-2/build/Build/Products/Debug-iphonesimulator/VisePandaUITests-Runner.app/PlugIns/VisePandaUITests.xctest/Frameworks --strip-bitcode --scan-executable /Applications/Xcode.app/Contents/Developer/Platforms/iPhoneSimulator.platform/Developer/usr/lib/libXCTestSwiftSupport.dylib --strip-bitcode-tool /Applications/Xcode.app/Contents/Developer/Toolchains/XcodeDefault.xctoolchain/usr/bin/bitcode_strip --emit-dependency-info /Users/jtcao/Library/Caches/visepanda/native-event-reconnect-20260913/native-live-2/build/Build/Intermediates.noindex/VisePanda.build/Debug-iphonesimulator/VisePandaUITests.build/SwiftStdLibToolInputDependencies.dep --filter-for-swift-os

ExtractAppIntentsMetadata (in target 'VisePandaUITests' from project 'VisePanda')
    cd /Users/jtcao/Documents/VP-V4-S2-Claim-Coverage/ios/VisePanda
    /Applications/Xcode.app/Contents/Developer/Toolchains/XcodeDefault.xctoolchain/usr/bin/appintentsmetadataprocessor --toolchain-dir /Applications/Xcode.app/Contents/Developer/Toolchains/XcodeDefault.xctoolchain --module-name VisePandaUITests --sdk-root /Applications/Xcode.app/Contents/Developer/Platforms/iPhoneSimulator.platform/Developer/SDKs/iPhoneSimulator26.5.sdk --xcode-version 17F113 --platform-family iOS --deployment-target 17.0 --bundle-identifier space.go2china.VisePandaUITests --output /Users/jtcao/Library/Caches/visepanda/native-event-reconnect-20260913/native-live-2/build/Build/Products/Debug-iphonesimulator/VisePandaUITests-Runner.app/PlugIns/VisePandaUITests.xctest --target-triple arm64-apple-ios17.0-simulator --binary-file /Users/jtcao/Library/Caches/visepanda/native-event-reconnect-20260913/native-live-2/build/Build/Products/Debug-iphonesimulator/VisePandaUITests-Runner.app/PlugIns/VisePandaUITests.xctest/VisePandaUITests --dependency-file /Users/jtcao/Library/Caches/visepanda/native-event-reconnect-20260913/native-live-2/build/Build/Intermediates.noindex/VisePanda.build/Debug-iphonesimulator/VisePandaUITests.build/Objects-normal/arm64/VisePandaUITests_dependency_info.dat --stringsdata-file /Users/jtcao/Library/Caches/visepanda/native-event-reconnect-20260913/native-live-2/build/Build/Intermediates.noindex/VisePanda.build/Debug-iphonesimulator/VisePandaUITests.build/Objects-normal/arm64/ExtractedAppShortcutsMetadata.stringsdata --source-file-list /Users/jtcao/Library/Caches/visepanda/native-event-reconnect-20260913/native-live-2/build/Build/Intermediates.noindex/VisePanda.build/Debug-iphonesimulator/VisePandaUITests.build/Objects-normal/arm64/VisePandaUITests.SwiftFileList --metadata-file-list /Users/jtcao/Library/Caches/visepanda/native-event-reconnect-20260913/native-live-2/build/Build/Intermediates.noindex/VisePanda.build/Debug-iphonesimulator/VisePandaUITests.build/VisePandaUITests.DependencyMetadataFileList --static-metadata-file-list /Users/jtcao/Library/Caches/visepanda/native-event-reconnect-20260913/native-live-2/build/Build/Intermediates.noindex/VisePanda.build/Debug-iphonesimulator/VisePandaUITests.build/VisePandaUITests.DependencyStaticMetadataFileList --swift-const-vals-list /Users/jtcao/Library/Caches/visepanda/native-event-reconnect-20260913/native-live-2/build/Build/Intermediates.noindex/VisePanda.build/Debug-iphonesimulator/VisePandaUITests.build/Objects-normal/arm64/VisePandaUITests.SwiftConstValuesFileList --compile-time-extraction --deployment-aware-processing --validate-assistant-intents --no-app-shortcuts-localization
2026-09-13 07:11:18.605 appintentsmetadataprocessor[85313:1130147] Starting appintentsmetadataprocessor export
2026-09-13 07:11:18.606 appintentsmetadataprocessor[85313:1130147] warning: Metadata extraction skipped. No AppIntents.framework dependency found.

AppIntentsSSUTraining (in target 'VisePandaUITests' from project 'VisePanda')
    cd /Users/jtcao/Documents/VP-V4-S2-Claim-Coverage/ios/VisePanda
    /Applications/Xcode.app/Contents/Developer/Toolchains/XcodeDefault.xctoolchain/usr/bin/appintentsnltrainingprocessor --infoplist-path /Users/jtcao/Library/Caches/visepanda/native-event-reconnect-20260913/native-live-2/build/Build/Products/Debug-iphonesimulator/VisePandaUITests-Runner.app/PlugIns/VisePandaUITests.xctest/Info.plist --temp-dir-path /Users/jtcao/Library/Caches/visepanda/native-event-reconnect-20260913/native-live-2/build/Build/Intermediates.noindex/VisePanda.build/Debug-iphonesimulator/VisePandaUITests.build/ssu --bundle-id space.go2china.VisePandaUITests --product-path /Users/jtcao/Library/Caches/visepanda/native-event-reconnect-20260913/native-live-2/build/Build/Products/Debug-iphonesimulator/VisePandaUITests-Runner.app/PlugIns/VisePandaUITests.xctest --extracted-metadata-path /Users/jtcao/Library/Caches/visepanda/native-event-reconnect-20260913/native-live-2/build/Build/Products/Debug-iphonesimulator/VisePandaUITests-Runner.app/PlugIns/VisePandaUITests.xctest/Metadata.appintents --metadata-file-list /Users/jtcao/Library/Caches/visepanda/native-event-reconnect-20260913/native-live-2/build/Build/Intermediates.noindex/VisePanda.build/Debug-iphonesimulator/VisePandaUITests.build/VisePandaUITests.DependencyMetadataFileList --source-file /Users/jtcao/Library/Caches/visepanda/native-event-reconnect-20260913/native-live-2/build/Build/Products/Debug-iphonesimulator/VisePandaUITests-Runner.app/PlugIns/VisePandaUITests.xctest/Info.plist --archive-ssu-assets
2026-09-13 07:11:18.635 appintentsnltrainingprocessor[85314:1130149] Parsing options for appintentsnltrainingprocessor
2026-09-13 07:11:18.637 appintentsnltrainingprocessor[85314:1130149] Starting AppIntents SSU YAML Generation
2026-09-13 07:11:18.637 appintentsnltrainingprocessor[85314:1130149] No AppShortcuts found - Skipping.

CopyPlistFile /Users/jtcao/Library/Caches/visepanda/native-event-reconnect-20260913/native-live-2/build/Build/Products/Debug-iphonesimulator/VisePandaUITests-Runner.app/Info.plist /Applications/Xcode.app/Contents/Developer/Platforms/iPhoneSimulator.platform/Developer/Library/Xcode/Agents/XCTRunner.app/Info.plist (in target 'VisePandaUITests' from project 'VisePanda')
    cd /Users/jtcao/Documents/VP-V4-S2-Claim-Coverage/ios/VisePanda
    builtin-copyPlist --validate --convert xml1 --macro-expansion WRAPPEDPRODUCTNAME VisePandaUITests-Runner --macro-expansion WRAPPEDPRODUCTBUNDLEIDENTIFIER space.go2china.VisePandaUITests.xctrunner --macro-expansion TESTPRODUCTNAME VisePandaUITests --macro-expansion TESTPRODUCTBUNDLEIDENTIFIER space.go2china.VisePandaUITests --copy-value UIDeviceFamily /Users/jtcao/Library/Caches/visepanda/native-event-reconnect-20260913/native-live-2/build/Build/Products/Debug-iphonesimulator/VisePandaUITests-Runner.app/PlugIns/VisePandaUITests.xctest/Info.plist --outdir /Users/jtcao/Library/Caches/visepanda/native-event-reconnect-20260913/native-live-2/build/Build/Products/Debug-iphonesimulator/VisePandaUITests-Runner.app -- /Applications/Xcode.app/Contents/Developer/Platforms/iPhoneSimulator.platform/Developer/Library/Xcode/Agents/XCTRunner.app/Info.plist

Copy /Users/jtcao/Library/Caches/visepanda/native-event-reconnect-20260913/native-live-2/build/Build/Products/Debug-iphonesimulator/VisePandaUITests-Runner.app/PkgInfo /Applications/Xcode.app/Contents/Developer/Platforms/iPhoneSimulator.platform/Developer/Library/Xcode/Agents/XCTRunner.app/PkgInfo (in target 'VisePandaUITests' from project 'VisePanda')
    cd /Users/jtcao/Documents/VP-V4-S2-Claim-Coverage/ios/VisePanda
    builtin-copy -exclude .DS_Store -exclude CVS -exclude .svn -exclude .git -exclude .hg -resolve-src-symlinks /Applications/Xcode.app/Contents/Developer/Platforms/iPhoneSimulator.platform/Developer/Library/Xcode/Agents/XCTRunner.app/PkgInfo /Users/jtcao/Library/Caches/visepanda/native-event-reconnect-20260913/native-live-2/build/Build/Products/Debug-iphonesimulator/VisePandaUITests-Runner.app

CopyAndPreserveArchs /Users/jtcao/Library/Caches/visepanda/native-event-reconnect-20260913/native-live-2/build/Build/Products/Debug-iphonesimulator/VisePandaUITests-Runner.app/VisePandaUITests-Runner (in target 'VisePandaUITests' from project 'VisePanda')
    cd /Users/jtcao/Documents/VP-V4-S2-Claim-Coverage/ios/VisePanda
    /Applications/Xcode.app/Contents/Developer/Toolchains/XcodeDefault.xctoolchain/usr/bin/lipo /Applications/Xcode.app/Contents/Developer/Platforms/iPhoneSimulator.platform/Developer/Library/Xcode/Agents/XCTRunner.app/XCTRunner -output /Users/jtcao/Library/Caches/visepanda/native-event-reconnect-20260913/native-live-2/build/Build/Products/Debug-iphonesimulator/VisePandaUITests-Runner.app/VisePandaUITests-Runner -extract arm64

MkDir /Users/jtcao/Library/Caches/visepanda/native-event-reconnect-20260913/native-live-2/build/Build/Products/Debug-iphonesimulator/VisePandaUITests-Runner.app (in target 'VisePandaUITests' from project 'VisePanda')
    cd /Users/jtcao/Documents/VP-V4-S2-Claim-Coverage/ios/VisePanda
    /bin/mkdir -p /Users/jtcao/Library/Caches/visepanda/native-event-reconnect-20260913/native-live-2/build/Build/Products/Debug-iphonesimulator/VisePandaUITests-Runner.app

Copy /Users/jtcao/Library/Caches/visepanda/native-event-reconnect-20260913/native-live-2/build/Build/Products/Debug-iphonesimulator/VisePandaUITests-Runner.app/Frameworks/XCUnit.framework /Applications/Xcode.app/Contents/Developer/Platforms/iPhoneSimulator.platform/Developer/Library/PrivateFrameworks/XCUnit.framework (in target 'VisePandaUITests' from project 'VisePanda')
    cd /Users/jtcao/Documents/VP-V4-S2-Claim-Coverage/ios/VisePanda
    builtin-copy -exclude .DS_Store -exclude CVS -exclude .svn -exclude .git -exclude .hg -exclude Headers -exclude PrivateHeaders -exclude Modules -exclude \*.tbd -resolve-src-symlinks /Applications/Xcode.app/Contents/Developer/Platforms/iPhoneSimulator.platform/Developer/Library/PrivateFrameworks/XCUnit.framework /Users/jtcao/Library/Caches/visepanda/native-event-reconnect-20260913/native-live-2/build/Build/Products/Debug-iphonesimulator/VisePandaUITests-Runner.app/Frameworks

Copy /Users/jtcao/Library/Caches/visepanda/native-event-reconnect-20260913/native-live-2/build/Build/Products/Debug-iphonesimulator/VisePandaUITests-Runner.app/Frameworks/XCUIAutomation.framework /Applications/Xcode.app/Contents/Developer/Platforms/iPhoneSimulator.platform/Developer/Library/Frameworks/XCUIAutomation.framework (in target 'VisePandaUITests' from project 'VisePanda')
    cd /Users/jtcao/Documents/VP-V4-S2-Claim-Coverage/ios/VisePanda
    builtin-copy -exclude .DS_Store -exclude CVS -exclude .svn -exclude .git -exclude .hg -exclude Headers -exclude PrivateHeaders -exclude Modules -exclude \*.tbd -resolve-src-symlinks /Applications/Xcode.app/Contents/Developer/Platforms/iPhoneSimulator.platform/Developer/Library/Frameworks/XCUIAutomation.framework /Users/jtcao/Library/Caches/visepanda/native-event-reconnect-20260913/native-live-2/build/Build/Products/Debug-iphonesimulator/VisePandaUITests-Runner.app/Frameworks

Copy /Users/jtcao/Library/Caches/visepanda/native-event-reconnect-20260913/native-live-2/build/Build/Products/Debug-iphonesimulator/VisePandaUITests-Runner.app/Frameworks/libXCTestSwiftSupport.dylib /Applications/Xcode.app/Contents/Developer/Platforms/iPhoneSimulator.platform/Developer/usr/lib/libXCTestSwiftSupport.dylib (in target 'VisePandaUITests' from project 'VisePanda')
    cd /Users/jtcao/Documents/VP-V4-S2-Claim-Coverage/ios/VisePanda
    builtin-copy -exclude .DS_Store -exclude CVS -exclude .svn -exclude .git -exclude .hg -exclude Headers -exclude PrivateHeaders -exclude Modules -exclude \*.tbd -resolve-src-symlinks /Applications/Xcode.app/Contents/Developer/Platforms/iPhoneSimulator.platform/Developer/usr/lib/libXCTestSwiftSupport.dylib /Users/jtcao/Library/Caches/visepanda/native-event-reconnect-20260913/native-live-2/build/Build/Products/Debug-iphonesimulator/VisePandaUITests-Runner.app/Frameworks

Copy /Users/jtcao/Library/Caches/visepanda/native-event-reconnect-20260913/native-live-2/build/Build/Products/Debug-iphonesimulator/VisePandaUITests-Runner.app/Frameworks/XCTestSupport.framework /Applications/Xcode.app/Contents/Developer/Platforms/iPhoneSimulator.platform/Developer/Library/PrivateFrameworks/XCTestSupport.framework (in target 'VisePandaUITests' from project 'VisePanda')
    cd /Users/jtcao/Documents/VP-V4-S2-Claim-Coverage/ios/VisePanda
    builtin-copy -exclude .DS_Store -exclude CVS -exclude .svn -exclude .git -exclude .hg -exclude Headers -exclude PrivateHeaders -exclude Modules -exclude \*.tbd -resolve-src-symlinks /Applications/Xcode.app/Contents/Developer/Platforms/iPhoneSimulator.platform/Developer/Library/PrivateFrameworks/XCTestSupport.framework /Users/jtcao/Library/Caches/visepanda/native-event-reconnect-20260913/native-live-2/build/Build/Products/Debug-iphonesimulator/VisePandaUITests-Runner.app/Frameworks

Copy /Users/jtcao/Library/Caches/visepanda/native-event-reconnect-20260913/native-live-2/build/Build/Products/Debug-iphonesimulator/VisePandaUITests-Runner.app/Frameworks/XCTestCore.framework /Applications/Xcode.app/Contents/Developer/Platforms/iPhoneSimulator.platform/Developer/Library/PrivateFrameworks/XCTestCore.framework (in target 'VisePandaUITests' from project 'VisePanda')
    cd /Users/jtcao/Documents/VP-V4-S2-Claim-Coverage/ios/VisePanda
    builtin-copy -exclude .DS_Store -exclude CVS -exclude .svn -exclude .git -exclude .hg -exclude Headers -exclude PrivateHeaders -exclude Modules -exclude \*.tbd -resolve-src-symlinks /Applications/Xcode.app/Contents/Developer/Platforms/iPhoneSimulator.platform/Developer/Library/PrivateFrameworks/XCTestCore.framework /Users/jtcao/Library/Caches/visepanda/native-event-reconnect-20260913/native-live-2/build/Build/Products/Debug-iphonesimulator/VisePandaUITests-Runner.app/Frameworks

Copy /Users/jtcao/Library/Caches/visepanda/native-event-reconnect-20260913/native-live-2/build/Build/Products/Debug-iphonesimulator/VisePandaUITests-Runner.app/Frameworks/XCTest.framework /Applications/Xcode.app/Contents/Developer/Platforms/iPhoneSimulator.platform/Developer/Library/Frameworks/XCTest.framework (in target 'VisePandaUITests' from project 'VisePanda')
    cd /Users/jtcao/Documents/VP-V4-S2-Claim-Coverage/ios/VisePanda
    builtin-copy -exclude .DS_Store -exclude CVS -exclude .svn -exclude .git -exclude .hg -exclude Headers -exclude PrivateHeaders -exclude Modules -exclude \*.tbd -resolve-src-symlinks /Applications/Xcode.app/Contents/Developer/Platforms/iPhoneSimulator.platform/Developer/Library/Frameworks/XCTest.framework /Users/jtcao/Library/Caches/visepanda/native-event-reconnect-20260913/native-live-2/build/Build/Products/Debug-iphonesimulator/VisePandaUITests-Runner.app/Frameworks

Copy /Users/jtcao/Library/Caches/visepanda/native-event-reconnect-20260913/native-live-2/build/Build/Products/Debug-iphonesimulator/VisePandaUITests-Runner.app/Frameworks/XCTAutomationSupport.framework /Applications/Xcode.app/Contents/Developer/Platforms/iPhoneSimulator.platform/Developer/Library/PrivateFrameworks/XCTAutomationSupport.framework (in target 'VisePandaUITests' from project 'VisePanda')
    cd /Users/jtcao/Documents/VP-V4-S2-Claim-Coverage/ios/VisePanda
    builtin-copy -exclude .DS_Store -exclude CVS -exclude .svn -exclude .git -exclude .hg -exclude Headers -exclude PrivateHeaders -exclude Modules -exclude \*.tbd -resolve-src-symlinks /Applications/Xcode.app/Contents/Developer/Platforms/iPhoneSimulator.platform/Developer/Library/PrivateFrameworks/XCTAutomationSupport.framework /Users/jtcao/Library/Caches/visepanda/native-event-reconnect-20260913/native-live-2/build/Build/Products/Debug-iphonesimulator/VisePandaUITests-Runner.app/Frameworks

Copy /Users/jtcao/Library/Caches/visepanda/native-event-reconnect-20260913/native-live-2/build/Build/Products/Debug-iphonesimulator/VisePandaUITests-Runner.app/Frameworks/Testing.framework /Applications/Xcode.app/Contents/Developer/Platforms/iPhoneSimulator.platform/Developer/Library/Frameworks/Testing.framework (in target 'VisePandaUITests' from project 'VisePanda')
    cd /Users/jtcao/Documents/VP-V4-S2-Claim-Coverage/ios/VisePanda
    builtin-copy -exclude .DS_Store -exclude CVS -exclude .svn -exclude .git -exclude .hg -exclude Headers -exclude PrivateHeaders -exclude Modules -exclude \*.tbd -resolve-src-symlinks /Applications/Xcode.app/Contents/Developer/Platforms/iPhoneSimulator.platform/Developer/Library/Frameworks/Testing.framework /Users/jtcao/Library/Caches/visepanda/native-event-reconnect-20260913/native-live-2/build/Build/Products/Debug-iphonesimulator/VisePandaUITests-Runner.app/Frameworks

CodeSign /Users/jtcao/Library/Caches/visepanda/native-event-reconnect-20260913/native-live-2/build/Build/Products/Debug-iphonesimulator/VisePandaUITests-Runner.app/PlugIns/VisePandaUITests.xctest (in target 'VisePandaUITests' from project 'VisePanda')
    cd /Users/jtcao/Documents/VP-V4-S2-Claim-Coverage/ios/VisePanda
    
    Signing Identity:     "Sign to Run Locally"
    
    /usr/bin/codesign --force --sign - --timestamp\=none --generate-entitlement-der /Users/jtcao/Library/Caches/visepanda/native-event-reconnect-20260913/native-live-2/build/Build/Products/Debug-iphonesimulator/VisePandaUITests-Runner.app/PlugIns/VisePandaUITests.xctest

CodeSign /Users/jtcao/Library/Caches/visepanda/native-event-reconnect-20260913/native-live-2/build/Build/Products/Debug-iphonesimulator/VisePandaUITests-Runner.app (in target 'VisePandaUITests' from project 'VisePanda')
    cd /Users/jtcao/Documents/VP-V4-S2-Claim-Coverage/ios/VisePanda
    
    Signing Identity:     "Sign to Run Locally"
    
    /usr/bin/codesign --force --sign - --timestamp\=none --generate-entitlement-der /Users/jtcao/Library/Caches/visepanda/native-event-reconnect-20260913/native-live-2/build/Build/Products/Debug-iphonesimulator/VisePandaUITests-Runner.app
/Users/jtcao/Library/Caches/visepanda/native-event-reconnect-20260913/native-live-2/build/Build/Products/Debug-iphonesimulator/VisePandaUITests-Runner.app: replacing existing signature

RegisterExecutionPolicyException /Users/jtcao/Library/Caches/visepanda/native-event-reconnect-20260913/native-live-2/build/Build/Products/Debug-iphonesimulator/VisePandaUITests-Runner.app/PlugIns/VisePandaUITests.xctest (in target 'VisePandaUITests' from project 'VisePanda')
    cd /Users/jtcao/Documents/VP-V4-S2-Claim-Coverage/ios/VisePanda
    builtin-RegisterExecutionPolicyException /Users/jtcao/Library/Caches/visepanda/native-event-reconnect-20260913/native-live-2/build/Build/Products/Debug-iphonesimulator/VisePandaUITests-Runner.app/PlugIns/VisePandaUITests.xctest

Touch /Users/jtcao/Library/Caches/visepanda/native-event-reconnect-20260913/native-live-2/build/Build/Products/Debug-iphonesimulator/VisePandaUITests-Runner.app/PlugIns/VisePandaUITests.xctest (in target 'VisePandaUITests' from project 'VisePanda')
    cd /Users/jtcao/Documents/VP-V4-S2-Claim-Coverage/ios/VisePanda
    /usr/bin/touch -c /Users/jtcao/Library/Caches/visepanda/native-event-reconnect-20260913/native-live-2/build/Build/Products/Debug-iphonesimulator/VisePandaUITests-Runner.app/PlugIns/VisePandaUITests.xctest

** TEST BUILD SUCCEEDED **

