Command line invocation:
    /Applications/Xcode.app/Contents/Developer/usr/bin/xcodebuild build -project ios/VisePanda/VisePanda.xcodeproj -scheme VisePanda -destination "generic/platform=iOS Simulator" -derivedDataPath /Users/jtcao/Library/Caches/visepanda/question-staging-20260913/build VP_NATIVE_ENVIRONMENT=staging "VP_NATIVE_STAGING_API_ORIGIN=https://vp-v4-nbtf66qss-jtcao515s-projects.vercel.app" CODE_SIGNING_ALLOWED=YES CODE_SIGN_IDENTITY=-

Build settings from command line:
    CODE_SIGN_IDENTITY = -
    CODE_SIGNING_ALLOWED = YES
    VP_NATIVE_ENVIRONMENT = staging
    VP_NATIVE_STAGING_API_ORIGIN = https://vp-v4-nbtf66qss-jtcao515s-projects.vercel.app

note: Using codesigning identity override: -
ComputePackagePrebuildTargetDependencyGraph

Prepare packages

CreateBuildRequest

SendProjectDescription

CreateBuildOperation

ComputeTargetDependencyGraph
note: Building targets in dependency order
note: Target dependency graph (1 target)
    Target 'VisePanda' in project 'VisePanda' (no dependencies)

GatherProvisioningInputs

CreateBuildDescription

ExecuteExternalTool /Applications/Xcode.app/Contents/Developer/Toolchains/XcodeDefault.xctoolchain/usr/bin/clang -v -E -dM -isysroot /Applications/Xcode.app/Contents/Developer/Platforms/iPhoneSimulator.platform/Developer/SDKs/iPhoneSimulator26.5.sdk -x c -c /dev/null

ExecuteExternalTool /Applications/Xcode.app/Contents/Developer/usr/bin/xcstringstool compile --dry-run --output-directory /Users/jtcao/Library/Caches/visepanda/question-staging-20260913/build/Build/Intermediates.noindex/VisePanda.build/Debug-iphonesimulator/VisePanda.build /Users/jtcao/Documents/VP-V4-S2-Claim-Coverage/ios/VisePanda/VisePanda/Resources/Localizable.xcstrings

ExecuteExternalTool /Applications/Xcode.app/Contents/Developer/usr/bin/actool --print-asset-tag-combinations --output-format xml1 /Users/jtcao/Documents/VP-V4-S2-Claim-Coverage/ios/VisePanda/VisePanda/Resources/Assets.xcassets

ExecuteExternalTool /Applications/Xcode.app/Contents/Developer/usr/bin/actool --version --output-format xml1

ExecuteExternalTool /Applications/Xcode.app/Contents/Developer/Toolchains/XcodeDefault.xctoolchain/usr/bin/swiftc --version

ExecuteExternalTool /Applications/Xcode.app/Contents/Developer/Toolchains/XcodeDefault.xctoolchain/usr/bin/ld -version_details

Build description signature: b8c0c0855fe80728b957e47084d30a9e
Build description path: /Users/jtcao/Library/Caches/visepanda/question-staging-20260913/build/Build/Intermediates.noindex/XCBuildData/b8c0c0855fe80728b957e47084d30a9e.xcbuilddata
CreateBuildDirectory /Users/jtcao/Library/Caches/visepanda/question-staging-20260913/build/Build/Products
    cd /Users/jtcao/Documents/VP-V4-S2-Claim-Coverage/ios/VisePanda/VisePanda.xcodeproj
    builtin-create-build-directory /Users/jtcao/Library/Caches/visepanda/question-staging-20260913/build/Build/Products

CreateBuildDirectory /Users/jtcao/Library/Caches/visepanda/question-staging-20260913/build/Build/Intermediates.noindex
    cd /Users/jtcao/Documents/VP-V4-S2-Claim-Coverage/ios/VisePanda/VisePanda.xcodeproj
    builtin-create-build-directory /Users/jtcao/Library/Caches/visepanda/question-staging-20260913/build/Build/Intermediates.noindex

ClangStatCache /Applications/Xcode.app/Contents/Developer/Toolchains/XcodeDefault.xctoolchain/usr/bin/clang-stat-cache /Applications/Xcode.app/Contents/Developer/Platforms/iPhoneSimulator.platform/Developer/SDKs/iPhoneSimulator26.5.sdk /Users/jtcao/Library/Caches/visepanda/question-staging-20260913/build/SDKStatCaches.noindex/iphonesimulator26.5-23F81a-6cfe768891a92b912361537c460fe42b.sdkstatcache
    cd /Users/jtcao/Documents/VP-V4-S2-Claim-Coverage/ios/VisePanda/VisePanda.xcodeproj
    /Applications/Xcode.app/Contents/Developer/Toolchains/XcodeDefault.xctoolchain/usr/bin/clang-stat-cache /Applications/Xcode.app/Contents/Developer/Platforms/iPhoneSimulator.platform/Developer/SDKs/iPhoneSimulator26.5.sdk -o /Users/jtcao/Library/Caches/visepanda/question-staging-20260913/build/SDKStatCaches.noindex/iphonesimulator26.5-23F81a-6cfe768891a92b912361537c460fe42b.sdkstatcache

CreateBuildDirectory /Users/jtcao/Library/Caches/visepanda/question-staging-20260913/build/Build/Products/Debug-iphonesimulator
    cd /Users/jtcao/Documents/VP-V4-S2-Claim-Coverage/ios/VisePanda/VisePanda.xcodeproj
    builtin-create-build-directory /Users/jtcao/Library/Caches/visepanda/question-staging-20260913/build/Build/Products/Debug-iphonesimulator

CreateBuildDirectory /Users/jtcao/Library/Caches/visepanda/question-staging-20260913/build/Build/Intermediates.noindex/SwiftExplicitPrecompiledModules
    cd /Users/jtcao/Documents/VP-V4-S2-Claim-Coverage/ios/VisePanda/VisePanda.xcodeproj
    builtin-create-build-directory /Users/jtcao/Library/Caches/visepanda/question-staging-20260913/build/Build/Intermediates.noindex/SwiftExplicitPrecompiledModules

CreateBuildDirectory /Users/jtcao/Library/Caches/visepanda/question-staging-20260913/build/Build/Intermediates.noindex/ExplicitPrecompiledModules
    cd /Users/jtcao/Documents/VP-V4-S2-Claim-Coverage/ios/VisePanda/VisePanda.xcodeproj
    builtin-create-build-directory /Users/jtcao/Library/Caches/visepanda/question-staging-20260913/build/Build/Intermediates.noindex/ExplicitPrecompiledModules

WriteAuxiliaryFile /Users/jtcao/Library/Caches/visepanda/question-staging-20260913/build/Build/Intermediates.noindex/VisePanda.build/Debug-iphonesimulator/VisePanda-97c7769df369d917a11b704107fd7f24-VFS-iphonesimulator/all-product-headers.yaml
    cd /Users/jtcao/Documents/VP-V4-S2-Claim-Coverage/ios/VisePanda/VisePanda.xcodeproj
    write-file /Users/jtcao/Library/Caches/visepanda/question-staging-20260913/build/Build/Intermediates.noindex/VisePanda.build/Debug-iphonesimulator/VisePanda-97c7769df369d917a11b704107fd7f24-VFS-iphonesimulator/all-product-headers.yaml

CreateBuildDirectory /Users/jtcao/Library/Caches/visepanda/question-staging-20260913/build/Build/Intermediates.noindex/EagerLinkingTBDs/Debug-iphonesimulator
    cd /Users/jtcao/Documents/VP-V4-S2-Claim-Coverage/ios/VisePanda/VisePanda.xcodeproj
    builtin-create-build-directory /Users/jtcao/Library/Caches/visepanda/question-staging-20260913/build/Build/Intermediates.noindex/EagerLinkingTBDs/Debug-iphonesimulator

WriteAuxiliaryFile /Users/jtcao/Library/Caches/visepanda/question-staging-20260913/build/Build/Intermediates.noindex/VisePanda.build/Debug-iphonesimulator/VisePanda.build/VisePanda.hmap (in target 'VisePanda' from project 'VisePanda')
    cd /Users/jtcao/Documents/VP-V4-S2-Claim-Coverage/ios/VisePanda
    write-file /Users/jtcao/Library/Caches/visepanda/question-staging-20260913/build/Build/Intermediates.noindex/VisePanda.build/Debug-iphonesimulator/VisePanda.build/VisePanda.hmap

WriteAuxiliaryFile /Users/jtcao/Library/Caches/visepanda/question-staging-20260913/build/Build/Intermediates.noindex/VisePanda.build/Debug-iphonesimulator/VisePanda.build/VisePanda.DependencyStaticMetadataFileList (in target 'VisePanda' from project 'VisePanda')
    cd /Users/jtcao/Documents/VP-V4-S2-Claim-Coverage/ios/VisePanda
    write-file /Users/jtcao/Library/Caches/visepanda/question-staging-20260913/build/Build/Intermediates.noindex/VisePanda.build/Debug-iphonesimulator/VisePanda.build/VisePanda.DependencyStaticMetadataFileList

WriteAuxiliaryFile /Users/jtcao/Library/Caches/visepanda/question-staging-20260913/build/Build/Intermediates.noindex/VisePanda.build/Debug-iphonesimulator/VisePanda.build/VisePanda.DependencyMetadataFileList (in target 'VisePanda' from project 'VisePanda')
    cd /Users/jtcao/Documents/VP-V4-S2-Claim-Coverage/ios/VisePanda
    write-file /Users/jtcao/Library/Caches/visepanda/question-staging-20260913/build/Build/Intermediates.noindex/VisePanda.build/Debug-iphonesimulator/VisePanda.build/VisePanda.DependencyMetadataFileList

WriteAuxiliaryFile /Users/jtcao/Library/Caches/visepanda/question-staging-20260913/build/Build/Intermediates.noindex/VisePanda.build/Debug-iphonesimulator/VisePanda.build/VisePanda-project-headers.hmap (in target 'VisePanda' from project 'VisePanda')
    cd /Users/jtcao/Documents/VP-V4-S2-Claim-Coverage/ios/VisePanda
    write-file /Users/jtcao/Library/Caches/visepanda/question-staging-20260913/build/Build/Intermediates.noindex/VisePanda.build/Debug-iphonesimulator/VisePanda.build/VisePanda-project-headers.hmap

WriteAuxiliaryFile /Users/jtcao/Library/Caches/visepanda/question-staging-20260913/build/Build/Intermediates.noindex/VisePanda.build/Debug-iphonesimulator/VisePanda.build/VisePanda-generated-files.hmap (in target 'VisePanda' from project 'VisePanda')
    cd /Users/jtcao/Documents/VP-V4-S2-Claim-Coverage/ios/VisePanda
    write-file /Users/jtcao/Library/Caches/visepanda/question-staging-20260913/build/Build/Intermediates.noindex/VisePanda.build/Debug-iphonesimulator/VisePanda.build/VisePanda-generated-files.hmap

WriteAuxiliaryFile /Users/jtcao/Library/Caches/visepanda/question-staging-20260913/build/Build/Intermediates.noindex/VisePanda.build/Debug-iphonesimulator/VisePanda.build/VisePanda-all-target-headers.hmap (in target 'VisePanda' from project 'VisePanda')
    cd /Users/jtcao/Documents/VP-V4-S2-Claim-Coverage/ios/VisePanda
    write-file /Users/jtcao/Library/Caches/visepanda/question-staging-20260913/build/Build/Intermediates.noindex/VisePanda.build/Debug-iphonesimulator/VisePanda.build/VisePanda-all-target-headers.hmap

WriteAuxiliaryFile /Users/jtcao/Library/Caches/visepanda/question-staging-20260913/build/Build/Intermediates.noindex/VisePanda.build/Debug-iphonesimulator/VisePanda.build/VisePanda-own-target-headers.hmap (in target 'VisePanda' from project 'VisePanda')
    cd /Users/jtcao/Documents/VP-V4-S2-Claim-Coverage/ios/VisePanda
    write-file /Users/jtcao/Library/Caches/visepanda/question-staging-20260913/build/Build/Intermediates.noindex/VisePanda.build/Debug-iphonesimulator/VisePanda.build/VisePanda-own-target-headers.hmap

WriteAuxiliaryFile /Users/jtcao/Library/Caches/visepanda/question-staging-20260913/build/Build/Intermediates.noindex/VisePanda.build/Debug-iphonesimulator/VisePanda.build/VisePanda-all-non-framework-target-headers.hmap (in target 'VisePanda' from project 'VisePanda')
    cd /Users/jtcao/Documents/VP-V4-S2-Claim-Coverage/ios/VisePanda
    write-file /Users/jtcao/Library/Caches/visepanda/question-staging-20260913/build/Build/Intermediates.noindex/VisePanda.build/Debug-iphonesimulator/VisePanda.build/VisePanda-all-non-framework-target-headers.hmap

WriteAuxiliaryFile /Users/jtcao/Library/Caches/visepanda/question-staging-20260913/build/Build/Intermediates.noindex/VisePanda.build/Debug-iphonesimulator/VisePanda.build/VisePanda-DebugDylibPath-normal-x86_64.txt (in target 'VisePanda' from project 'VisePanda')
    cd /Users/jtcao/Documents/VP-V4-S2-Claim-Coverage/ios/VisePanda
    write-file /Users/jtcao/Library/Caches/visepanda/question-staging-20260913/build/Build/Intermediates.noindex/VisePanda.build/Debug-iphonesimulator/VisePanda.build/VisePanda-DebugDylibPath-normal-x86_64.txt

WriteAuxiliaryFile /Users/jtcao/Library/Caches/visepanda/question-staging-20260913/build/Build/Intermediates.noindex/VisePanda.build/Debug-iphonesimulator/VisePanda.build/VisePanda-DebugDylibPath-normal-arm64.txt (in target 'VisePanda' from project 'VisePanda')
    cd /Users/jtcao/Documents/VP-V4-S2-Claim-Coverage/ios/VisePanda
    write-file /Users/jtcao/Library/Caches/visepanda/question-staging-20260913/build/Build/Intermediates.noindex/VisePanda.build/Debug-iphonesimulator/VisePanda.build/VisePanda-DebugDylibPath-normal-arm64.txt

WriteAuxiliaryFile /Users/jtcao/Library/Caches/visepanda/question-staging-20260913/build/Build/Intermediates.noindex/VisePanda.build/Debug-iphonesimulator/VisePanda.build/VisePanda-DebugDylibInstallName-normal-x86_64.txt (in target 'VisePanda' from project 'VisePanda')
    cd /Users/jtcao/Documents/VP-V4-S2-Claim-Coverage/ios/VisePanda
    write-file /Users/jtcao/Library/Caches/visepanda/question-staging-20260913/build/Build/Intermediates.noindex/VisePanda.build/Debug-iphonesimulator/VisePanda.build/VisePanda-DebugDylibInstallName-normal-x86_64.txt

WriteAuxiliaryFile /Users/jtcao/Library/Caches/visepanda/question-staging-20260913/build/Build/Intermediates.noindex/VisePanda.build/Debug-iphonesimulator/VisePanda.build/VisePanda-DebugDylibInstallName-normal-arm64.txt (in target 'VisePanda' from project 'VisePanda')
    cd /Users/jtcao/Documents/VP-V4-S2-Claim-Coverage/ios/VisePanda
    write-file /Users/jtcao/Library/Caches/visepanda/question-staging-20260913/build/Build/Intermediates.noindex/VisePanda.build/Debug-iphonesimulator/VisePanda.build/VisePanda-DebugDylibInstallName-normal-arm64.txt

WriteAuxiliaryFile /Users/jtcao/Library/Caches/visepanda/question-staging-20260913/build/Build/Intermediates.noindex/VisePanda.build/Debug-iphonesimulator/VisePanda.build/Objects-normal/x86_64/VisePanda.SwiftFileList (in target 'VisePanda' from project 'VisePanda')
    cd /Users/jtcao/Documents/VP-V4-S2-Claim-Coverage/ios/VisePanda
    write-file /Users/jtcao/Library/Caches/visepanda/question-staging-20260913/build/Build/Intermediates.noindex/VisePanda.build/Debug-iphonesimulator/VisePanda.build/Objects-normal/x86_64/VisePanda.SwiftFileList

WriteAuxiliaryFile /Users/jtcao/Library/Caches/visepanda/question-staging-20260913/build/Build/Intermediates.noindex/VisePanda.build/Debug-iphonesimulator/VisePanda.build/Objects-normal/x86_64/VisePanda_const_extract_protocols.json (in target 'VisePanda' from project 'VisePanda')
    cd /Users/jtcao/Documents/VP-V4-S2-Claim-Coverage/ios/VisePanda
    write-file /Users/jtcao/Library/Caches/visepanda/question-staging-20260913/build/Build/Intermediates.noindex/VisePanda.build/Debug-iphonesimulator/VisePanda.build/Objects-normal/x86_64/VisePanda_const_extract_protocols.json

WriteAuxiliaryFile /Users/jtcao/Library/Caches/visepanda/question-staging-20260913/build/Build/Intermediates.noindex/VisePanda.build/Debug-iphonesimulator/VisePanda.build/Objects-normal/x86_64/VisePanda.SwiftConstValuesFileList (in target 'VisePanda' from project 'VisePanda')
    cd /Users/jtcao/Documents/VP-V4-S2-Claim-Coverage/ios/VisePanda
    write-file /Users/jtcao/Library/Caches/visepanda/question-staging-20260913/build/Build/Intermediates.noindex/VisePanda.build/Debug-iphonesimulator/VisePanda.build/Objects-normal/x86_64/VisePanda.SwiftConstValuesFileList

WriteAuxiliaryFile /Users/jtcao/Library/Caches/visepanda/question-staging-20260913/build/Build/Intermediates.noindex/VisePanda.build/Debug-iphonesimulator/VisePanda.build/Objects-normal/x86_64/VisePanda.LinkFileList (in target 'VisePanda' from project 'VisePanda')
    cd /Users/jtcao/Documents/VP-V4-S2-Claim-Coverage/ios/VisePanda
    write-file /Users/jtcao/Library/Caches/visepanda/question-staging-20260913/build/Build/Intermediates.noindex/VisePanda.build/Debug-iphonesimulator/VisePanda.build/Objects-normal/x86_64/VisePanda.LinkFileList

WriteAuxiliaryFile /Users/jtcao/Library/Caches/visepanda/question-staging-20260913/build/Build/Intermediates.noindex/VisePanda.build/Debug-iphonesimulator/VisePanda.build/Objects-normal/x86_64/VisePanda-OutputFileMap.json (in target 'VisePanda' from project 'VisePanda')
    cd /Users/jtcao/Documents/VP-V4-S2-Claim-Coverage/ios/VisePanda
    write-file /Users/jtcao/Library/Caches/visepanda/question-staging-20260913/build/Build/Intermediates.noindex/VisePanda.build/Debug-iphonesimulator/VisePanda.build/Objects-normal/x86_64/VisePanda-OutputFileMap.json

WriteAuxiliaryFile /Users/jtcao/Library/Caches/visepanda/question-staging-20260913/build/Build/Intermediates.noindex/VisePanda.build/Debug-iphonesimulator/VisePanda.build/Objects-normal/arm64/VisePanda_const_extract_protocols.json (in target 'VisePanda' from project 'VisePanda')
    cd /Users/jtcao/Documents/VP-V4-S2-Claim-Coverage/ios/VisePanda
    write-file /Users/jtcao/Library/Caches/visepanda/question-staging-20260913/build/Build/Intermediates.noindex/VisePanda.build/Debug-iphonesimulator/VisePanda.build/Objects-normal/arm64/VisePanda_const_extract_protocols.json

WriteAuxiliaryFile /Users/jtcao/Library/Caches/visepanda/question-staging-20260913/build/Build/Intermediates.noindex/VisePanda.build/Debug-iphonesimulator/VisePanda.build/Objects-normal/arm64/VisePanda.SwiftFileList (in target 'VisePanda' from project 'VisePanda')
    cd /Users/jtcao/Documents/VP-V4-S2-Claim-Coverage/ios/VisePanda
    write-file /Users/jtcao/Library/Caches/visepanda/question-staging-20260913/build/Build/Intermediates.noindex/VisePanda.build/Debug-iphonesimulator/VisePanda.build/Objects-normal/arm64/VisePanda.SwiftFileList

WriteAuxiliaryFile /Users/jtcao/Library/Caches/visepanda/question-staging-20260913/build/Build/Intermediates.noindex/VisePanda.build/Debug-iphonesimulator/VisePanda.build/Objects-normal/arm64/VisePanda.SwiftConstValuesFileList (in target 'VisePanda' from project 'VisePanda')
    cd /Users/jtcao/Documents/VP-V4-S2-Claim-Coverage/ios/VisePanda
    write-file /Users/jtcao/Library/Caches/visepanda/question-staging-20260913/build/Build/Intermediates.noindex/VisePanda.build/Debug-iphonesimulator/VisePanda.build/Objects-normal/arm64/VisePanda.SwiftConstValuesFileList

WriteAuxiliaryFile /Users/jtcao/Library/Caches/visepanda/question-staging-20260913/build/Build/Intermediates.noindex/VisePanda.build/Debug-iphonesimulator/VisePanda.build/Objects-normal/arm64/VisePanda.LinkFileList (in target 'VisePanda' from project 'VisePanda')
    cd /Users/jtcao/Documents/VP-V4-S2-Claim-Coverage/ios/VisePanda
    write-file /Users/jtcao/Library/Caches/visepanda/question-staging-20260913/build/Build/Intermediates.noindex/VisePanda.build/Debug-iphonesimulator/VisePanda.build/Objects-normal/arm64/VisePanda.LinkFileList

WriteAuxiliaryFile /Users/jtcao/Library/Caches/visepanda/question-staging-20260913/build/Build/Intermediates.noindex/VisePanda.build/Debug-iphonesimulator/VisePanda.build/Objects-normal/arm64/VisePanda-OutputFileMap.json (in target 'VisePanda' from project 'VisePanda')
    cd /Users/jtcao/Documents/VP-V4-S2-Claim-Coverage/ios/VisePanda
    write-file /Users/jtcao/Library/Caches/visepanda/question-staging-20260913/build/Build/Intermediates.noindex/VisePanda.build/Debug-iphonesimulator/VisePanda.build/Objects-normal/arm64/VisePanda-OutputFileMap.json

WriteAuxiliaryFile /Users/jtcao/Library/Caches/visepanda/question-staging-20260913/build/Build/Intermediates.noindex/VisePanda.build/Debug-iphonesimulator/VisePanda.build/DerivedSources/Entitlements-Simulated.plist (in target 'VisePanda' from project 'VisePanda')
    cd /Users/jtcao/Documents/VP-V4-S2-Claim-Coverage/ios/VisePanda
    write-file /Users/jtcao/Library/Caches/visepanda/question-staging-20260913/build/Build/Intermediates.noindex/VisePanda.build/Debug-iphonesimulator/VisePanda.build/DerivedSources/Entitlements-Simulated.plist

MkDir /Users/jtcao/Library/Caches/visepanda/question-staging-20260913/build/Build/Products/Debug-iphonesimulator/VisePanda.app (in target 'VisePanda' from project 'VisePanda')
    cd /Users/jtcao/Documents/VP-V4-S2-Claim-Coverage/ios/VisePanda
    /bin/mkdir -p /Users/jtcao/Library/Caches/visepanda/question-staging-20260913/build/Build/Products/Debug-iphonesimulator/VisePanda.app

ProcessProductPackaging "" /Users/jtcao/Library/Caches/visepanda/question-staging-20260913/build/Build/Intermediates.noindex/VisePanda.build/Debug-iphonesimulator/VisePanda.build/VisePanda.app-Simulated.xcent (in target 'VisePanda' from project 'VisePanda')
    cd /Users/jtcao/Documents/VP-V4-S2-Claim-Coverage/ios/VisePanda
    
    Entitlements:
    
    {
    "application-identifier" = "NLD68762GG.space.go2china.VisePanda";
}
    
    builtin-productPackagingUtility -entitlements -format xml -o /Users/jtcao/Library/Caches/visepanda/question-staging-20260913/build/Build/Intermediates.noindex/VisePanda.build/Debug-iphonesimulator/VisePanda.build/VisePanda.app-Simulated.xcent

ProcessProductPackagingDER /Users/jtcao/Library/Caches/visepanda/question-staging-20260913/build/Build/Intermediates.noindex/VisePanda.build/Debug-iphonesimulator/VisePanda.build/VisePanda.app-Simulated.xcent /Users/jtcao/Library/Caches/visepanda/question-staging-20260913/build/Build/Intermediates.noindex/VisePanda.build/Debug-iphonesimulator/VisePanda.build/VisePanda.app-Simulated.xcent.der (in target 'VisePanda' from project 'VisePanda')
    cd /Users/jtcao/Documents/VP-V4-S2-Claim-Coverage/ios/VisePanda
    /usr/bin/derq query -f xml -i /Users/jtcao/Library/Caches/visepanda/question-staging-20260913/build/Build/Intermediates.noindex/VisePanda.build/Debug-iphonesimulator/VisePanda.build/VisePanda.app-Simulated.xcent -o /Users/jtcao/Library/Caches/visepanda/question-staging-20260913/build/Build/Intermediates.noindex/VisePanda.build/Debug-iphonesimulator/VisePanda.build/VisePanda.app-Simulated.xcent.der --raw

GenerateAssetSymbols /Users/jtcao/Documents/VP-V4-S2-Claim-Coverage/ios/VisePanda/VisePanda/Resources/Assets.xcassets (in target 'VisePanda' from project 'VisePanda')
    cd /Users/jtcao/Documents/VP-V4-S2-Claim-Coverage/ios/VisePanda
    /Applications/Xcode.app/Contents/Developer/usr/bin/actool /Users/jtcao/Documents/VP-V4-S2-Claim-Coverage/ios/VisePanda/VisePanda/Resources/Assets.xcassets --compile /Users/jtcao/Library/Caches/visepanda/question-staging-20260913/build/Build/Products/Debug-iphonesimulator/VisePanda.app --output-format human-readable-text --notices --warnings --export-dependency-info /Users/jtcao/Library/Caches/visepanda/question-staging-20260913/build/Build/Intermediates.noindex/VisePanda.build/Debug-iphonesimulator/VisePanda.build/assetcatalog_dependencies --output-partial-info-plist /Users/jtcao/Library/Caches/visepanda/question-staging-20260913/build/Build/Intermediates.noindex/VisePanda.build/Debug-iphonesimulator/VisePanda.build/assetcatalog_generated_info.plist --app-icon AppIcon --compress-pngs --enable-on-demand-resources YES --development-region en --target-device iphone --minimum-deployment-target 17.0 --platform iphonesimulator --bundle-identifier space.go2china.VisePanda --generate-swift-asset-symbols /Users/jtcao/Library/Caches/visepanda/question-staging-20260913/build/Build/Intermediates.noindex/VisePanda.build/Debug-iphonesimulator/VisePanda.build/DerivedSources/GeneratedAssetSymbols.swift --generate-objc-asset-symbols /Users/jtcao/Library/Caches/visepanda/question-staging-20260913/build/Build/Intermediates.noindex/VisePanda.build/Debug-iphonesimulator/VisePanda.build/DerivedSources/GeneratedAssetSymbols.h --generate-asset-symbol-index /Users/jtcao/Library/Caches/visepanda/question-staging-20260913/build/Build/Intermediates.noindex/VisePanda.build/Debug-iphonesimulator/VisePanda.build/DerivedSources/GeneratedAssetSymbols-Index.plist
/* com.apple.actool.compilation-results */
/Users/jtcao/Library/Caches/visepanda/question-staging-20260913/build/Build/Intermediates.noindex/VisePanda.build/Debug-iphonesimulator/VisePanda.build/DerivedSources/GeneratedAssetSymbols-Index.plist
/Users/jtcao/Library/Caches/visepanda/question-staging-20260913/build/Build/Intermediates.noindex/VisePanda.build/Debug-iphonesimulator/VisePanda.build/DerivedSources/GeneratedAssetSymbols.h
/Users/jtcao/Library/Caches/visepanda/question-staging-20260913/build/Build/Intermediates.noindex/VisePanda.build/Debug-iphonesimulator/VisePanda.build/DerivedSources/GeneratedAssetSymbols.swift


MkDir /Users/jtcao/Library/Caches/visepanda/question-staging-20260913/build/Build/Intermediates.noindex/VisePanda.build/Debug-iphonesimulator/VisePanda.build/assetcatalog_output/thinned (in target 'VisePanda' from project 'VisePanda')
    cd /Users/jtcao/Documents/VP-V4-S2-Claim-Coverage/ios/VisePanda
    /bin/mkdir -p /Users/jtcao/Library/Caches/visepanda/question-staging-20260913/build/Build/Intermediates.noindex/VisePanda.build/Debug-iphonesimulator/VisePanda.build/assetcatalog_output/thinned

MkDir /Users/jtcao/Library/Caches/visepanda/question-staging-20260913/build/Build/Intermediates.noindex/VisePanda.build/Debug-iphonesimulator/VisePanda.build/assetcatalog_output/unthinned (in target 'VisePanda' from project 'VisePanda')
    cd /Users/jtcao/Documents/VP-V4-S2-Claim-Coverage/ios/VisePanda
    /bin/mkdir -p /Users/jtcao/Library/Caches/visepanda/question-staging-20260913/build/Build/Intermediates.noindex/VisePanda.build/Debug-iphonesimulator/VisePanda.build/assetcatalog_output/unthinned

Ld /Users/jtcao/Library/Caches/visepanda/question-staging-20260913/build/Build/Intermediates.noindex/VisePanda.build/Debug-iphonesimulator/VisePanda.build/Objects-normal/x86_64/Binary/__preview.dylib normal x86_64 (in target 'VisePanda' from project 'VisePanda')
    cd /Users/jtcao/Documents/VP-V4-S2-Claim-Coverage/ios/VisePanda
    /Applications/Xcode.app/Contents/Developer/Toolchains/XcodeDefault.xctoolchain/usr/bin/clang -Xlinker -reproducible -target x86_64-apple-ios17.0-simulator -dynamiclib -isysroot /Applications/Xcode.app/Contents/Developer/Platforms/iPhoneSimulator.platform/Developer/SDKs/iPhoneSimulator26.5.sdk -O0 -L/Users/jtcao/Library/Caches/visepanda/question-staging-20260913/build/Build/Products/Debug-iphonesimulator -F/Users/jtcao/Library/Caches/visepanda/question-staging-20260913/build/Build/Products/Debug-iphonesimulator -install_name @rpath/VisePanda.debug.dylib -Xlinker -dead_strip -rdynamic -Xlinker -no_deduplicate -Xlinker -objc_abi_version -Xlinker 2 -Xlinker -dependency_info -Xlinker /Users/jtcao/Library/Caches/visepanda/question-staging-20260913/build/Build/Intermediates.noindex/VisePanda.build/Debug-iphonesimulator/VisePanda.build/Objects-normal/x86_64/VisePanda_dependency_info.dat -Xlinker -sectcreate -Xlinker __TEXT -Xlinker __entitlements -Xlinker /Users/jtcao/Library/Caches/visepanda/question-staging-20260913/build/Build/Intermediates.noindex/VisePanda.build/Debug-iphonesimulator/VisePanda.build/VisePanda.app-Simulated.xcent -Xlinker -sectcreate -Xlinker __TEXT -Xlinker __ents_der -Xlinker /Users/jtcao/Library/Caches/visepanda/question-staging-20260913/build/Build/Intermediates.noindex/VisePanda.build/Debug-iphonesimulator/VisePanda.build/VisePanda.app-Simulated.xcent.der -Xlinker -no_adhoc_codesign -o /Users/jtcao/Library/Caches/visepanda/question-staging-20260913/build/Build/Intermediates.noindex/VisePanda.build/Debug-iphonesimulator/VisePanda.build/Objects-normal/x86_64/Binary/__preview.dylib

Ld /Users/jtcao/Library/Caches/visepanda/question-staging-20260913/build/Build/Intermediates.noindex/VisePanda.build/Debug-iphonesimulator/VisePanda.build/Objects-normal/arm64/Binary/__preview.dylib normal arm64 (in target 'VisePanda' from project 'VisePanda')
    cd /Users/jtcao/Documents/VP-V4-S2-Claim-Coverage/ios/VisePanda
    /Applications/Xcode.app/Contents/Developer/Toolchains/XcodeDefault.xctoolchain/usr/bin/clang -Xlinker -reproducible -target arm64-apple-ios17.0-simulator -dynamiclib -isysroot /Applications/Xcode.app/Contents/Developer/Platforms/iPhoneSimulator.platform/Developer/SDKs/iPhoneSimulator26.5.sdk -O0 -L/Users/jtcao/Library/Caches/visepanda/question-staging-20260913/build/Build/Products/Debug-iphonesimulator -F/Users/jtcao/Library/Caches/visepanda/question-staging-20260913/build/Build/Products/Debug-iphonesimulator -install_name @rpath/VisePanda.debug.dylib -Xlinker -dead_strip -rdynamic -Xlinker -no_deduplicate -Xlinker -objc_abi_version -Xlinker 2 -Xlinker -dependency_info -Xlinker /Users/jtcao/Library/Caches/visepanda/question-staging-20260913/build/Build/Intermediates.noindex/VisePanda.build/Debug-iphonesimulator/VisePanda.build/Objects-normal/arm64/VisePanda_dependency_info.dat -Xlinker -sectcreate -Xlinker __TEXT -Xlinker __entitlements -Xlinker /Users/jtcao/Library/Caches/visepanda/question-staging-20260913/build/Build/Intermediates.noindex/VisePanda.build/Debug-iphonesimulator/VisePanda.build/VisePanda.app-Simulated.xcent -Xlinker -sectcreate -Xlinker __TEXT -Xlinker __ents_der -Xlinker /Users/jtcao/Library/Caches/visepanda/question-staging-20260913/build/Build/Intermediates.noindex/VisePanda.build/Debug-iphonesimulator/VisePanda.build/VisePanda.app-Simulated.xcent.der -Xlinker -no_adhoc_codesign -o /Users/jtcao/Library/Caches/visepanda/question-staging-20260913/build/Build/Intermediates.noindex/VisePanda.build/Debug-iphonesimulator/VisePanda.build/Objects-normal/arm64/Binary/__preview.dylib

CompileXCStrings /Users/jtcao/Library/Caches/visepanda/question-staging-20260913/build/Build/Intermediates.noindex/VisePanda.build/Debug-iphonesimulator/VisePanda.build/ /Users/jtcao/Documents/VP-V4-S2-Claim-Coverage/ios/VisePanda/VisePanda/Resources/Localizable.xcstrings (in target 'VisePanda' from project 'VisePanda')
    cd /Users/jtcao/Documents/VP-V4-S2-Claim-Coverage/ios/VisePanda
    /Applications/Xcode.app/Contents/Developer/usr/bin/xcstringstool compile --output-directory /Users/jtcao/Library/Caches/visepanda/question-staging-20260913/build/Build/Intermediates.noindex/VisePanda.build/Debug-iphonesimulator/VisePanda.build /Users/jtcao/Documents/VP-V4-S2-Claim-Coverage/ios/VisePanda/VisePanda/Resources/Localizable.xcstrings

CompileAssetCatalogVariant thinned /Users/jtcao/Library/Caches/visepanda/question-staging-20260913/build/Build/Products/Debug-iphonesimulator/VisePanda.app /Users/jtcao/Documents/VP-V4-S2-Claim-Coverage/ios/VisePanda/VisePanda/Resources/Assets.xcassets (in target 'VisePanda' from project 'VisePanda')
    cd /Users/jtcao/Documents/VP-V4-S2-Claim-Coverage/ios/VisePanda
    /Applications/Xcode.app/Contents/Developer/usr/bin/actool /Users/jtcao/Documents/VP-V4-S2-Claim-Coverage/ios/VisePanda/VisePanda/Resources/Assets.xcassets --compile /Users/jtcao/Library/Caches/visepanda/question-staging-20260913/build/Build/Intermediates.noindex/VisePanda.build/Debug-iphonesimulator/VisePanda.build/assetcatalog_output/thinned --output-format human-readable-text --notices --warnings --export-dependency-info /Users/jtcao/Library/Caches/visepanda/question-staging-20260913/build/Build/Intermediates.noindex/VisePanda.build/Debug-iphonesimulator/VisePanda.build/assetcatalog_dependencies_thinned --output-partial-info-plist /Users/jtcao/Library/Caches/visepanda/question-staging-20260913/build/Build/Intermediates.noindex/VisePanda.build/Debug-iphonesimulator/VisePanda.build/assetcatalog_generated_info.plist_thinned --app-icon AppIcon --compress-pngs --enable-on-demand-resources YES --development-region en --target-device iphone --minimum-deployment-target 17.0 --platform iphonesimulator
/* com.apple.actool.compilation-results */
/Users/jtcao/Library/Caches/visepanda/question-staging-20260913/build/Build/Intermediates.noindex/VisePanda.build/Debug-iphonesimulator/VisePanda.build/assetcatalog_generated_info.plist_thinned
/Users/jtcao/Library/Caches/visepanda/question-staging-20260913/build/Build/Intermediates.noindex/VisePanda.build/Debug-iphonesimulator/VisePanda.build/assetcatalog_output/thinned/AppIcon60x60@2x.png
/Users/jtcao/Library/Caches/visepanda/question-staging-20260913/build/Build/Intermediates.noindex/VisePanda.build/Debug-iphonesimulator/VisePanda.build/assetcatalog_output/thinned/AppIcon76x76@2x~ipad.png
/Users/jtcao/Library/Caches/visepanda/question-staging-20260913/build/Build/Intermediates.noindex/VisePanda.build/Debug-iphonesimulator/VisePanda.build/assetcatalog_output/thinned/Assets.car


CopyStringsFile /Users/jtcao/Library/Caches/visepanda/question-staging-20260913/build/Build/Products/Debug-iphonesimulator/VisePanda.app/zh-Hans.lproj/Localizable.strings /Users/jtcao/Library/Caches/visepanda/question-staging-20260913/build/Build/Intermediates.noindex/VisePanda.build/Debug-iphonesimulator/VisePanda.build/zh-Hans.lproj/Localizable.strings (in target 'VisePanda' from project 'VisePanda')
    cd /Users/jtcao/Documents/VP-V4-S2-Claim-Coverage/ios/VisePanda
    builtin-copyStrings --validate --outputencoding binary --outfilename Localizable.strings --outdir /Users/jtcao/Library/Caches/visepanda/question-staging-20260913/build/Build/Products/Debug-iphonesimulator/VisePanda.app/zh-Hans.lproj -- /Users/jtcao/Library/Caches/visepanda/question-staging-20260913/build/Build/Intermediates.noindex/VisePanda.build/Debug-iphonesimulator/VisePanda.build/zh-Hans.lproj/Localizable.strings
/Users/jtcao/Library/Caches/visepanda/question-staging-20260913/build/Build/Intermediates.noindex/VisePanda.build/Debug-iphonesimulator/VisePanda.build/zh-Hans.lproj/Localizable.strings:1:1: note: detected encoding of input file as Unicode (UTF-8) (in target 'VisePanda' from project 'VisePanda')

CopyStringsFile /Users/jtcao/Library/Caches/visepanda/question-staging-20260913/build/Build/Products/Debug-iphonesimulator/VisePanda.app/ru.lproj/Localizable.strings /Users/jtcao/Library/Caches/visepanda/question-staging-20260913/build/Build/Intermediates.noindex/VisePanda.build/Debug-iphonesimulator/VisePanda.build/ru.lproj/Localizable.strings (in target 'VisePanda' from project 'VisePanda')
    cd /Users/jtcao/Documents/VP-V4-S2-Claim-Coverage/ios/VisePanda
    builtin-copyStrings --validate --outputencoding binary --outfilename Localizable.strings --outdir /Users/jtcao/Library/Caches/visepanda/question-staging-20260913/build/Build/Products/Debug-iphonesimulator/VisePanda.app/ru.lproj -- /Users/jtcao/Library/Caches/visepanda/question-staging-20260913/build/Build/Intermediates.noindex/VisePanda.build/Debug-iphonesimulator/VisePanda.build/ru.lproj/Localizable.strings
/Users/jtcao/Library/Caches/visepanda/question-staging-20260913/build/Build/Intermediates.noindex/VisePanda.build/Debug-iphonesimulator/VisePanda.build/ru.lproj/Localizable.strings:1:1: note: detected encoding of input file as Unicode (UTF-8) (in target 'VisePanda' from project 'VisePanda')

CopyStringsFile /Users/jtcao/Library/Caches/visepanda/question-staging-20260913/build/Build/Products/Debug-iphonesimulator/VisePanda.app/en.lproj/Localizable.strings /Users/jtcao/Library/Caches/visepanda/question-staging-20260913/build/Build/Intermediates.noindex/VisePanda.build/Debug-iphonesimulator/VisePanda.build/en.lproj/Localizable.strings (in target 'VisePanda' from project 'VisePanda')
    cd /Users/jtcao/Documents/VP-V4-S2-Claim-Coverage/ios/VisePanda
    builtin-copyStrings --validate --outputencoding binary --outfilename Localizable.strings --outdir /Users/jtcao/Library/Caches/visepanda/question-staging-20260913/build/Build/Products/Debug-iphonesimulator/VisePanda.app/en.lproj -- /Users/jtcao/Library/Caches/visepanda/question-staging-20260913/build/Build/Intermediates.noindex/VisePanda.build/Debug-iphonesimulator/VisePanda.build/en.lproj/Localizable.strings
/Users/jtcao/Library/Caches/visepanda/question-staging-20260913/build/Build/Intermediates.noindex/VisePanda.build/Debug-iphonesimulator/VisePanda.build/en.lproj/Localizable.strings:1:1: note: detected encoding of input file as Unicode (UTF-8) (in target 'VisePanda' from project 'VisePanda')

CopyStringsFile /Users/jtcao/Library/Caches/visepanda/question-staging-20260913/build/Build/Products/Debug-iphonesimulator/VisePanda.app/es.lproj/Localizable.strings /Users/jtcao/Library/Caches/visepanda/question-staging-20260913/build/Build/Intermediates.noindex/VisePanda.build/Debug-iphonesimulator/VisePanda.build/es.lproj/Localizable.strings (in target 'VisePanda' from project 'VisePanda')
    cd /Users/jtcao/Documents/VP-V4-S2-Claim-Coverage/ios/VisePanda
    builtin-copyStrings --validate --outputencoding binary --outfilename Localizable.strings --outdir /Users/jtcao/Library/Caches/visepanda/question-staging-20260913/build/Build/Products/Debug-iphonesimulator/VisePanda.app/es.lproj -- /Users/jtcao/Library/Caches/visepanda/question-staging-20260913/build/Build/Intermediates.noindex/VisePanda.build/Debug-iphonesimulator/VisePanda.build/es.lproj/Localizable.strings
/Users/jtcao/Library/Caches/visepanda/question-staging-20260913/build/Build/Intermediates.noindex/VisePanda.build/Debug-iphonesimulator/VisePanda.build/es.lproj/Localizable.strings:1:1: note: detected encoding of input file as Unicode (UTF-8) (in target 'VisePanda' from project 'VisePanda')

CopyStringsFile /Users/jtcao/Library/Caches/visepanda/question-staging-20260913/build/Build/Products/Debug-iphonesimulator/VisePanda.app/ar.lproj/Localizable.strings /Users/jtcao/Library/Caches/visepanda/question-staging-20260913/build/Build/Intermediates.noindex/VisePanda.build/Debug-iphonesimulator/VisePanda.build/ar.lproj/Localizable.strings (in target 'VisePanda' from project 'VisePanda')
    cd /Users/jtcao/Documents/VP-V4-S2-Claim-Coverage/ios/VisePanda
    builtin-copyStrings --validate --outputencoding binary --outfilename Localizable.strings --outdir /Users/jtcao/Library/Caches/visepanda/question-staging-20260913/build/Build/Products/Debug-iphonesimulator/VisePanda.app/ar.lproj -- /Users/jtcao/Library/Caches/visepanda/question-staging-20260913/build/Build/Intermediates.noindex/VisePanda.build/Debug-iphonesimulator/VisePanda.build/ar.lproj/Localizable.strings
/Users/jtcao/Library/Caches/visepanda/question-staging-20260913/build/Build/Intermediates.noindex/VisePanda.build/Debug-iphonesimulator/VisePanda.build/ar.lproj/Localizable.strings:1:1: note: detected encoding of input file as Unicode (UTF-8) (in target 'VisePanda' from project 'VisePanda')

CreateUniversalBinary /Users/jtcao/Library/Caches/visepanda/question-staging-20260913/build/Build/Products/Debug-iphonesimulator/VisePanda.app/__preview.dylib normal arm64\ x86_64 (in target 'VisePanda' from project 'VisePanda')
    cd /Users/jtcao/Documents/VP-V4-S2-Claim-Coverage/ios/VisePanda
    /Applications/Xcode.app/Contents/Developer/Toolchains/XcodeDefault.xctoolchain/usr/bin/lipo -create /Users/jtcao/Library/Caches/visepanda/question-staging-20260913/build/Build/Intermediates.noindex/VisePanda.build/Debug-iphonesimulator/VisePanda.build/Objects-normal/arm64/Binary/__preview.dylib /Users/jtcao/Library/Caches/visepanda/question-staging-20260913/build/Build/Intermediates.noindex/VisePanda.build/Debug-iphonesimulator/VisePanda.build/Objects-normal/x86_64/Binary/__preview.dylib -output /Users/jtcao/Library/Caches/visepanda/question-staging-20260913/build/Build/Products/Debug-iphonesimulator/VisePanda.app/__preview.dylib

SwiftDriver VisePanda normal x86_64 com.apple.xcode.tools.swift.compiler (in target 'VisePanda' from project 'VisePanda')
    cd /Users/jtcao/Documents/VP-V4-S2-Claim-Coverage/ios/VisePanda
    builtin-SwiftDriver -- /Applications/Xcode.app/Contents/Developer/Toolchains/XcodeDefault.xctoolchain/usr/bin/swiftc -module-name VisePanda -Onone @/Users/jtcao/Library/Caches/visepanda/question-staging-20260913/build/Build/Intermediates.noindex/VisePanda.build/Debug-iphonesimulator/VisePanda.build/Objects-normal/x86_64/VisePanda.SwiftFileList -DDEBUG -default-isolation\=MainActor -enable-upcoming-feature InferIsolatedConformances -enable-upcoming-feature NonisolatedNonsendingByDefault -enable-experimental-feature DebugDescriptionMacro -sdk /Applications/Xcode.app/Contents/Developer/Platforms/iPhoneSimulator.platform/Developer/SDKs/iPhoneSimulator26.5.sdk -target x86_64-apple-ios17.0-simulator -g -module-cache-path /Users/jtcao/Library/Caches/visepanda/question-staging-20260913/build/ModuleCache.noindex -Xfrontend -serialize-debugging-options -enable-testing -index-store-path /Users/jtcao/Library/Caches/visepanda/question-staging-20260913/build/Index.noindex/DataStore -Xcc -D_LIBCPP_HARDENING_MODE\=_LIBCPP_HARDENING_MODE_DEBUG -swift-version 6 -I /Users/jtcao/Library/Caches/visepanda/question-staging-20260913/build/Build/Products/Debug-iphonesimulator -F /Users/jtcao/Library/Caches/visepanda/question-staging-20260913/build/Build/Products/Debug-iphonesimulator -c -j8 -enable-batch-mode -incremental -Xcc -ivfsstatcache -Xcc /Users/jtcao/Library/Caches/visepanda/question-staging-20260913/build/SDKStatCaches.noindex/iphonesimulator26.5-23F81a-6cfe768891a92b912361537c460fe42b.sdkstatcache -output-file-map /Users/jtcao/Library/Caches/visepanda/question-staging-20260913/build/Build/Intermediates.noindex/VisePanda.build/Debug-iphonesimulator/VisePanda.build/Objects-normal/x86_64/VisePanda-OutputFileMap.json -use-frontend-parseable-output -save-temps -no-color-diagnostics -explicit-module-build -module-cache-path /Users/jtcao/Library/Caches/visepanda/question-staging-20260913/build/Build/Intermediates.noindex/SwiftExplicitPrecompiledModules -clang-scanner-module-cache-path /Users/jtcao/Library/Caches/visepanda/question-staging-20260913/build/ModuleCache.noindex -sdk-module-cache-path /Users/jtcao/Library/Caches/visepanda/question-staging-20260913/build/ModuleCache.noindex -serialize-diagnostics -emit-dependencies -emit-module -emit-module-path /Users/jtcao/Library/Caches/visepanda/question-staging-20260913/build/Build/Intermediates.noindex/VisePanda.build/Debug-iphonesimulator/VisePanda.build/Objects-normal/x86_64/VisePanda.swiftmodule -validate-clang-modules-once -clang-build-session-file /Users/jtcao/Library/Caches/visepanda/question-staging-20260913/build/ModuleCache.noindex/Session.modulevalidation -Xcc -I/Users/jtcao/Library/Caches/visepanda/question-staging-20260913/build/Build/Intermediates.noindex/VisePanda.build/Debug-iphonesimulator/VisePanda.build/swift-overrides.hmap -emit-const-values -Xfrontend -const-gather-protocols-file -Xfrontend /Users/jtcao/Library/Caches/visepanda/question-staging-20260913/build/Build/Intermediates.noindex/VisePanda.build/Debug-iphonesimulator/VisePanda.build/Objects-normal/x86_64/VisePanda_const_extract_protocols.json -Xcc -iquote -Xcc /Users/jtcao/Library/Caches/visepanda/question-staging-20260913/build/Build/Intermediates.noindex/VisePanda.build/Debug-iphonesimulator/VisePanda.build/VisePanda-generated-files.hmap -Xcc -I/Users/jtcao/Library/Caches/visepanda/question-staging-20260913/build/Build/Intermediates.noindex/VisePanda.build/Debug-iphonesimulator/VisePanda.build/VisePanda-own-target-headers.hmap -Xcc -I/Users/jtcao/Library/Caches/visepanda/question-staging-20260913/build/Build/Intermediates.noindex/VisePanda.build/Debug-iphonesimulator/VisePanda.build/VisePanda-all-target-headers.hmap -Xcc -iquote -Xcc /Users/jtcao/Library/Caches/visepanda/question-staging-20260913/build/Build/Intermediates.noindex/VisePanda.build/Debug-iphonesimulator/VisePanda.build/VisePanda-project-headers.hmap -Xcc -I/Users/jtcao/Library/Caches/visepanda/question-staging-20260913/build/Build/Products/Debug-iphonesimulator/include -Xcc -I/Users/jtcao/Library/Caches/visepanda/question-staging-20260913/build/Build/Intermediates.noindex/VisePanda.build/Debug-iphonesimulator/VisePanda.build/DerivedSources-normal/x86_64 -Xcc -I/Users/jtcao/Library/Caches/visepanda/question-staging-20260913/build/Build/Intermediates.noindex/VisePanda.build/Debug-iphonesimulator/VisePanda.build/DerivedSources/x86_64 -Xcc -I/Users/jtcao/Library/Caches/visepanda/question-staging-20260913/build/Build/Intermediates.noindex/VisePanda.build/Debug-iphonesimulator/VisePanda.build/DerivedSources -emit-objc-header -emit-objc-header-path /Users/jtcao/Library/Caches/visepanda/question-staging-20260913/build/Build/Intermediates.noindex/VisePanda.build/Debug-iphonesimulator/VisePanda.build/Objects-normal/x86_64/VisePanda-Swift.h -working-directory /Users/jtcao/Documents/VP-V4-S2-Claim-Coverage/ios/VisePanda -experimental-emit-module-separately -disable-cmo

SwiftDriver VisePanda normal arm64 com.apple.xcode.tools.swift.compiler (in target 'VisePanda' from project 'VisePanda')
    cd /Users/jtcao/Documents/VP-V4-S2-Claim-Coverage/ios/VisePanda
    builtin-SwiftDriver -- /Applications/Xcode.app/Contents/Developer/Toolchains/XcodeDefault.xctoolchain/usr/bin/swiftc -module-name VisePanda -Onone @/Users/jtcao/Library/Caches/visepanda/question-staging-20260913/build/Build/Intermediates.noindex/VisePanda.build/Debug-iphonesimulator/VisePanda.build/Objects-normal/arm64/VisePanda.SwiftFileList -DDEBUG -default-isolation\=MainActor -enable-upcoming-feature InferIsolatedConformances -enable-upcoming-feature NonisolatedNonsendingByDefault -enable-experimental-feature DebugDescriptionMacro -sdk /Applications/Xcode.app/Contents/Developer/Platforms/iPhoneSimulator.platform/Developer/SDKs/iPhoneSimulator26.5.sdk -target arm64-apple-ios17.0-simulator -g -module-cache-path /Users/jtcao/Library/Caches/visepanda/question-staging-20260913/build/ModuleCache.noindex -Xfrontend -serialize-debugging-options -enable-testing -index-store-path /Users/jtcao/Library/Caches/visepanda/question-staging-20260913/build/Index.noindex/DataStore -Xcc -D_LIBCPP_HARDENING_MODE\=_LIBCPP_HARDENING_MODE_DEBUG -swift-version 6 -I /Users/jtcao/Library/Caches/visepanda/question-staging-20260913/build/Build/Products/Debug-iphonesimulator -F /Users/jtcao/Library/Caches/visepanda/question-staging-20260913/build/Build/Products/Debug-iphonesimulator -c -j8 -enable-batch-mode -incremental -Xcc -ivfsstatcache -Xcc /Users/jtcao/Library/Caches/visepanda/question-staging-20260913/build/SDKStatCaches.noindex/iphonesimulator26.5-23F81a-6cfe768891a92b912361537c460fe42b.sdkstatcache -output-file-map /Users/jtcao/Library/Caches/visepanda/question-staging-20260913/build/Build/Intermediates.noindex/VisePanda.build/Debug-iphonesimulator/VisePanda.build/Objects-normal/arm64/VisePanda-OutputFileMap.json -use-frontend-parseable-output -save-temps -no-color-diagnostics -explicit-module-build -module-cache-path /Users/jtcao/Library/Caches/visepanda/question-staging-20260913/build/Build/Intermediates.noindex/SwiftExplicitPrecompiledModules -clang-scanner-module-cache-path /Users/jtcao/Library/Caches/visepanda/question-staging-20260913/build/ModuleCache.noindex -sdk-module-cache-path /Users/jtcao/Library/Caches/visepanda/question-staging-20260913/build/ModuleCache.noindex -serialize-diagnostics -emit-dependencies -emit-module -emit-module-path /Users/jtcao/Library/Caches/visepanda/question-staging-20260913/build/Build/Intermediates.noindex/VisePanda.build/Debug-iphonesimulator/VisePanda.build/Objects-normal/arm64/VisePanda.swiftmodule -validate-clang-modules-once -clang-build-session-file /Users/jtcao/Library/Caches/visepanda/question-staging-20260913/build/ModuleCache.noindex/Session.modulevalidation -Xcc -I/Users/jtcao/Library/Caches/visepanda/question-staging-20260913/build/Build/Intermediates.noindex/VisePanda.build/Debug-iphonesimulator/VisePanda.build/swift-overrides.hmap -emit-const-values -Xfrontend -const-gather-protocols-file -Xfrontend /Users/jtcao/Library/Caches/visepanda/question-staging-20260913/build/Build/Intermediates.noindex/VisePanda.build/Debug-iphonesimulator/VisePanda.build/Objects-normal/arm64/VisePanda_const_extract_protocols.json -Xcc -iquote -Xcc /Users/jtcao/Library/Caches/visepanda/question-staging-20260913/build/Build/Intermediates.noindex/VisePanda.build/Debug-iphonesimulator/VisePanda.build/VisePanda-generated-files.hmap -Xcc -I/Users/jtcao/Library/Caches/visepanda/question-staging-20260913/build/Build/Intermediates.noindex/VisePanda.build/Debug-iphonesimulator/VisePanda.build/VisePanda-own-target-headers.hmap -Xcc -I/Users/jtcao/Library/Caches/visepanda/question-staging-20260913/build/Build/Intermediates.noindex/VisePanda.build/Debug-iphonesimulator/VisePanda.build/VisePanda-all-target-headers.hmap -Xcc -iquote -Xcc /Users/jtcao/Library/Caches/visepanda/question-staging-20260913/build/Build/Intermediates.noindex/VisePanda.build/Debug-iphonesimulator/VisePanda.build/VisePanda-project-headers.hmap -Xcc -I/Users/jtcao/Library/Caches/visepanda/question-staging-20260913/build/Build/Products/Debug-iphonesimulator/include -Xcc -I/Users/jtcao/Library/Caches/visepanda/question-staging-20260913/build/Build/Intermediates.noindex/VisePanda.build/Debug-iphonesimulator/VisePanda.build/DerivedSources-normal/arm64 -Xcc -I/Users/jtcao/Library/Caches/visepanda/question-staging-20260913/build/Build/Intermediates.noindex/VisePanda.build/Debug-iphonesimulator/VisePanda.build/DerivedSources/arm64 -Xcc -I/Users/jtcao/Library/Caches/visepanda/question-staging-20260913/build/Build/Intermediates.noindex/VisePanda.build/Debug-iphonesimulator/VisePanda.build/DerivedSources -emit-objc-header -emit-objc-header-path /Users/jtcao/Library/Caches/visepanda/question-staging-20260913/build/Build/Intermediates.noindex/VisePanda.build/Debug-iphonesimulator/VisePanda.build/Objects-normal/arm64/VisePanda-Swift.h -working-directory /Users/jtcao/Documents/VP-V4-S2-Claim-Coverage/ios/VisePanda -experimental-emit-module-separately -disable-cmo

SwiftExplicitDependencyGeneratePcm x86_64 /Users/jtcao/Library/Caches/visepanda/question-staging-20260913/build/ModuleCache.noindex/_AvailabilityInternal-D4KYW3FZA24BAX1K9NT8P9ZZA.pcm

SwiftExplicitDependencyGeneratePcm x86_64 /Users/jtcao/Library/Caches/visepanda/question-staging-20260913/build/ModuleCache.noindex/_Builtin_stddef-B3FT1YC85PRC0GP1WUH5R3Y7X.pcm

SwiftExplicitDependencyGeneratePcm x86_64 /Users/jtcao/Library/Caches/visepanda/question-staging-20260913/build/ModuleCache.noindex/_Builtin_stdbool-4RE338L42JMHWP3S99OSOD998.pcm

SwiftExplicitDependencyGeneratePcm x86_64 /Users/jtcao/Library/Caches/visepanda/question-staging-20260913/build/ModuleCache.noindex/SwiftShims-EN4U8QL5FNY92I52FYEJS4Q3A.pcm

SwiftExplicitDependencyGeneratePcm x86_64 /Users/jtcao/Library/Caches/visepanda/question-staging-20260913/build/ModuleCache.noindex/_Builtin_stdarg-E5EZIJM1PF9N8W7QH2CGGDHAF.pcm

SwiftExplicitDependencyGeneratePcm x86_64 /Users/jtcao/Library/Caches/visepanda/question-staging-20260913/build/ModuleCache.noindex/ptrcheck-DVKROD92OE16S27H8AZS3NLLH.pcm

SwiftExplicitDependencyGeneratePcm x86_64 /Users/jtcao/Library/Caches/visepanda/question-staging-20260913/build/ModuleCache.noindex/DeveloperToolsSupport-5J1TJRMU8KQVVCHT31EU3HLT4.pcm

SwiftExplicitDependencyGeneratePcm arm64 /Users/jtcao/Library/Caches/visepanda/question-staging-20260913/build/ModuleCache.noindex/_Builtin_stdbool-1CE2UT9415ENLEBEF6ELZCX2K.pcm

SwiftExplicitDependencyGeneratePcm arm64 /Users/jtcao/Library/Caches/visepanda/question-staging-20260913/build/ModuleCache.noindex/_Builtin_stdarg-5WLBNIIPJTJYLKAD807R254QO.pcm

SwiftExplicitDependencyGeneratePcm arm64 /Users/jtcao/Library/Caches/visepanda/question-staging-20260913/build/ModuleCache.noindex/_Builtin_stddef-ECW0KNTCHTDECMT8UOX50KDYO.pcm

SwiftExplicitDependencyGeneratePcm arm64 /Users/jtcao/Library/Caches/visepanda/question-staging-20260913/build/ModuleCache.noindex/DeveloperToolsSupport-3T2EAGD3PLIPBCZT7GT65DVXD.pcm

SwiftExplicitDependencyGeneratePcm arm64 /Users/jtcao/Library/Caches/visepanda/question-staging-20260913/build/ModuleCache.noindex/_Builtin_float-CWA19A50MBCHX7SKB3IM1J07O.pcm

SwiftExplicitDependencyGeneratePcm arm64 /Users/jtcao/Library/Caches/visepanda/question-staging-20260913/build/ModuleCache.noindex/_SwiftConcurrencyShims-DSWDSYZW40AZATW4GO7DUT6JI.pcm

SwiftExplicitDependencyGeneratePcm arm64 /Users/jtcao/Library/Caches/visepanda/question-staging-20260913/build/ModuleCache.noindex/ptrcheck-842DEZQXWWLOGRBUHTX3UVT5A.pcm

SwiftExplicitDependencyGeneratePcm arm64 /Users/jtcao/Library/Caches/visepanda/question-staging-20260913/build/ModuleCache.noindex/_AvailabilityInternal-DDRG81HTDQ11XTPI521OXHA3A.pcm

SwiftExplicitDependencyGeneratePcm x86_64 /Users/jtcao/Library/Caches/visepanda/question-staging-20260913/build/ModuleCache.noindex/_SwiftConcurrencyShims-6ZQGFG01AX8V9SL3A1LGD82OI.pcm

SwiftExplicitDependencyGeneratePcm arm64 /Users/jtcao/Library/Caches/visepanda/question-staging-20260913/build/ModuleCache.noindex/ptrauth-7B0TBZQI3D1KKF3NRM8RXLQ6B.pcm

SwiftExplicitDependencyGeneratePcm x86_64 /Users/jtcao/Library/Caches/visepanda/question-staging-20260913/build/ModuleCache.noindex/ptrauth-7E4RVG5CS0A122HPCYS7R69YI.pcm

SwiftExplicitDependencyGeneratePcm x86_64 /Users/jtcao/Library/Caches/visepanda/question-staging-20260913/build/ModuleCache.noindex/_DarwinFoundation1-E7VMF69XNM5IPQTTLIIVEN7P7.pcm

SwiftExplicitDependencyGeneratePcm arm64 /Users/jtcao/Library/Caches/visepanda/question-staging-20260913/build/ModuleCache.noindex/SwiftShims-1HB5VZ147J8OWLYJ2OC9U10YR.pcm

SwiftExplicitDependencyGeneratePcm x86_64 /Users/jtcao/Library/Caches/visepanda/question-staging-20260913/build/ModuleCache.noindex/_Builtin_float-ACJF6M1XE83FB4PNH6N08AB9G.pcm

SwiftExplicitDependencyGeneratePcm arm64 /Users/jtcao/Library/Caches/visepanda/question-staging-20260913/build/ModuleCache.noindex/_DarwinFoundation1-9KCMRFYQLLOLT63S1WW8GZ37C.pcm

SwiftExplicitDependencyGeneratePcm x86_64 /Users/jtcao/Library/Caches/visepanda/question-staging-20260913/build/ModuleCache.noindex/_DarwinFoundation2-37L5BJMHXJV4T9M340LFM1V09.pcm

SwiftExplicitDependencyGeneratePcm x86_64 /Users/jtcao/Library/Caches/visepanda/question-staging-20260913/build/ModuleCache.noindex/_Builtin_limits-4PNWR3VVZJH4494N3N90S6EZL.pcm

SwiftExplicitDependencyGeneratePcm arm64 /Users/jtcao/Library/Caches/visepanda/question-staging-20260913/build/ModuleCache.noindex/_DarwinFoundation2-8LOLCKDNIJKNPKSN2YCX5P04V.pcm

SwiftExplicitDependencyGeneratePcm arm64 /Users/jtcao/Library/Caches/visepanda/question-staging-20260913/build/ModuleCache.noindex/_Builtin_limits-7G1ML7VZW4AXYSG1FEJCBQ9QD.pcm

SwiftExplicitDependencyGeneratePcm x86_64 /Users/jtcao/Library/Caches/visepanda/question-staging-20260913/build/ModuleCache.noindex/_Builtin_tgmath-CP9UABD3Q5L4ABFEKYX5UTFCY.pcm

SwiftExplicitDependencyGeneratePcm x86_64 /Users/jtcao/Library/Caches/visepanda/question-staging-20260913/build/ModuleCache.noindex/_Builtin_stdint-6DAC8ICW9ZLYIRZFOGTIQO0N6.pcm

SwiftExplicitDependencyGeneratePcm x86_64 /Users/jtcao/Library/Caches/visepanda/question-staging-20260913/build/ModuleCache.noindex/sys_types-2XB85MXL6QHKYW49WYT3ADO9V.pcm

SwiftExplicitDependencyGeneratePcm arm64 /Users/jtcao/Library/Caches/visepanda/question-staging-20260913/build/ModuleCache.noindex/_Builtin_tgmath-D1590TO3NR4KCI48R9OU5R796.pcm

SwiftExplicitDependencyGeneratePcm arm64 /Users/jtcao/Library/Caches/visepanda/question-staging-20260913/build/ModuleCache.noindex/_Builtin_stdint-88TKWR3JUY7FO40RP7DKJK3H2.pcm

SwiftExplicitDependencyGeneratePcm arm64 /Users/jtcao/Library/Caches/visepanda/question-staging-20260913/build/ModuleCache.noindex/sys_types-83JCSDR4GN5Z0WJY8HB9P4C9D.pcm

SwiftExplicitDependencyGeneratePcm x86_64 /Users/jtcao/Library/Caches/visepanda/question-staging-20260913/build/ModuleCache.noindex/_Builtin_stdatomic-8M8O1DLRKTW8A82ZIAOG7RQBK.pcm

SwiftExplicitDependencyGeneratePcm x86_64 /Users/jtcao/Library/Caches/visepanda/question-staging-20260913/build/ModuleCache.noindex/_DarwinFoundation3-9RQ2A1U1YREWL5PSUL3TLC02R.pcm

SwiftExplicitDependencyGeneratePcm arm64 /Users/jtcao/Library/Caches/visepanda/question-staging-20260913/build/ModuleCache.noindex/_DarwinFoundation3-3C2TL0ESENAGVFUNYF56F336X.pcm

SwiftExplicitDependencyGeneratePcm arm64 /Users/jtcao/Library/Caches/visepanda/question-staging-20260913/build/ModuleCache.noindex/_Builtin_stdatomic-952M4RMLTZL65SP95Y9ZB3AZ8.pcm

SwiftExplicitDependencyGeneratePcm arm64 /Users/jtcao/Library/Caches/visepanda/question-staging-20260913/build/ModuleCache.noindex/_Builtin_intrinsics-1NNHV2CYKSQ8KCWQZFRCIHN93.pcm

SwiftExplicitDependencyGeneratePcm x86_64 /Users/jtcao/Library/Caches/visepanda/question-staging-20260913/build/ModuleCache.noindex/_Builtin_inttypes-2BPHMCA9W6C8BVGZYY7AH4USH.pcm

SwiftExplicitDependencyGeneratePcm x86_64 /Users/jtcao/Library/Caches/visepanda/question-staging-20260913/build/ModuleCache.noindex/_Builtin_intrinsics-ES6HL4F3M8EOBC1YH4HXAQF8K.pcm

SwiftExplicitDependencyGeneratePcm arm64 /Users/jtcao/Library/Caches/visepanda/question-staging-20260913/build/ModuleCache.noindex/_Builtin_inttypes-1A7Z247LKSR9M1VZT9AZ8KTEN.pcm

SwiftExplicitDependencyGeneratePcm x86_64 /Users/jtcao/Library/Caches/visepanda/question-staging-20260913/build/ModuleCache.noindex/Darwin-A60YNHH1QJRVNVZGR5ENXA2KE.pcm

SwiftExplicitDependencyGeneratePcm arm64 /Users/jtcao/Library/Caches/visepanda/question-staging-20260913/build/ModuleCache.noindex/Darwin-D1X1J8HOHL4U80EERB4RSW9UU.pcm

SwiftExplicitDependencyGeneratePcm arm64 /Users/jtcao/Library/Caches/visepanda/question-staging-20260913/build/ModuleCache.noindex/simd-BYE2ENVZKWGDQ183T3I985CY6.pcm

SwiftExplicitDependencyGeneratePcm x86_64 /Users/jtcao/Library/Caches/visepanda/question-staging-20260913/build/ModuleCache.noindex/MachO-7CH9YU4CLGAWUEOAHJ59S35E.pcm

SwiftExplicitDependencyGeneratePcm x86_64 /Users/jtcao/Library/Caches/visepanda/question-staging-20260913/build/ModuleCache.noindex/ObjectiveC-4CFLF989DK6JKETMW4APF8KGP.pcm

SwiftExplicitDependencyGeneratePcm x86_64 /Users/jtcao/Library/Caches/visepanda/question-staging-20260913/build/ModuleCache.noindex/simd-83M8G9YNZCRBRRMLLMN5CVVCO.pcm

SwiftExplicitDependencyGeneratePcm arm64 /Users/jtcao/Library/Caches/visepanda/question-staging-20260913/build/ModuleCache.noindex/ObjectiveC-91C01FDOPNXXWQ7RD4W9PH4ZL.pcm

SwiftExplicitDependencyGeneratePcm arm64 /Users/jtcao/Library/Caches/visepanda/question-staging-20260913/build/ModuleCache.noindex/MachO-CPX9FOE9TV34DWJPHYO2PWCX.pcm

SwiftExplicitDependencyGeneratePcm x86_64 /Users/jtcao/Library/Caches/visepanda/question-staging-20260913/build/ModuleCache.noindex/os_object-E1TBJ6MTLOWMD3KBPNO86QMHC.pcm

SwiftExplicitDependencyGeneratePcm arm64 /Users/jtcao/Library/Caches/visepanda/question-staging-20260913/build/ModuleCache.noindex/os_object-AOF0FR6C16S40MFTOAUNJNTGN.pcm

SwiftExplicitDependencyGeneratePcm x86_64 /Users/jtcao/Library/Caches/visepanda/question-staging-20260913/build/ModuleCache.noindex/os_workgroup-CZHVFN0CYZK0UC7P23M08X4H1.pcm

SwiftExplicitDependencyGeneratePcm arm64 /Users/jtcao/Library/Caches/visepanda/question-staging-20260913/build/ModuleCache.noindex/os_workgroup-7UT9SNPN7YWZZMB31FQN8ZNPR.pcm

SwiftExplicitDependencyGeneratePcm x86_64 /Users/jtcao/Library/Caches/visepanda/question-staging-20260913/build/ModuleCache.noindex/Dispatch-3TQNKQFULZ9YD5FAC79VQZ4FZ.pcm

SwiftExplicitDependencyGeneratePcm arm64 /Users/jtcao/Library/Caches/visepanda/question-staging-20260913/build/ModuleCache.noindex/Dispatch-CJI5KUVPYGF36ONJFR9DGMTQ4.pcm

SwiftExplicitDependencyGeneratePcm arm64 /Users/jtcao/Library/Caches/visepanda/question-staging-20260913/build/ModuleCache.noindex/Spatial-C3MDNEJKCYF73ZUV6LBA7WHCR.pcm

SwiftExplicitDependencyGeneratePcm x86_64 /Users/jtcao/Library/Caches/visepanda/question-staging-20260913/build/ModuleCache.noindex/XPC-5EEKPLK601HHMCW1UOHH8TFL1.pcm

SwiftExplicitDependencyGeneratePcm x86_64 /Users/jtcao/Library/Caches/visepanda/question-staging-20260913/build/ModuleCache.noindex/CoreFoundation-55GUNUVA1SAFN5KQHSYFL3GTH.pcm

SwiftExplicitDependencyGeneratePcm arm64 /Users/jtcao/Library/Caches/visepanda/question-staging-20260913/build/ModuleCache.noindex/XPC-BWC2W8JGTJPLQHYQC7BL17WET.pcm

SwiftExplicitDependencyGeneratePcm arm64 /Users/jtcao/Library/Caches/visepanda/question-staging-20260913/build/ModuleCache.noindex/CoreFoundation-CDDCA4V4WW0MH6SYDBMCZJUPY.pcm

SwiftExplicitDependencyGeneratePcm x86_64 /Users/jtcao/Library/Caches/visepanda/question-staging-20260913/build/ModuleCache.noindex/os-B9WUQA9MJAHFTJY72ZPDV6LMH.pcm

SwiftExplicitDependencyGeneratePcm x86_64 /Users/jtcao/Library/Caches/visepanda/question-staging-20260913/build/ModuleCache.noindex/CoreGraphics-2MMW9F55SMOEP1FX0DZYQTCXN.pcm

SwiftExplicitDependencyGeneratePcm x86_64 /Users/jtcao/Library/Caches/visepanda/question-staging-20260913/build/ModuleCache.noindex/CFNetwork-1H74U9FJ5HSAMK9G2JK9N6KKC.pcm

SwiftExplicitDependencyGeneratePcm x86_64 /Users/jtcao/Library/Caches/visepanda/question-staging-20260913/build/ModuleCache.noindex/Security-DH8LJPGW6RG63X7R8IB84P2YF.pcm

SwiftExplicitDependencyGeneratePcm arm64 /Users/jtcao/Library/Caches/visepanda/question-staging-20260913/build/ModuleCache.noindex/os-9RZ6V6S24LBRPJT2Z6EHGOESC.pcm

SwiftExplicitDependencyGeneratePcm x86_64 /Users/jtcao/Library/Caches/visepanda/question-staging-20260913/build/ModuleCache.noindex/Spatial-8E82IWIUNLP7RNOI3WKLNO21I.pcm

SwiftExplicitDependencyGeneratePcm arm64 /Users/jtcao/Library/Caches/visepanda/question-staging-20260913/build/ModuleCache.noindex/Security-B3PXOCIXKF0V5JI88WUL2WSYM.pcm

SwiftExplicitDependencyGeneratePcm arm64 /Users/jtcao/Library/Caches/visepanda/question-staging-20260913/build/ModuleCache.noindex/CoreGraphics-AMQM5YDKPSH1YRTCJROAFSW6X.pcm

SwiftExplicitDependencyGeneratePcm arm64 /Users/jtcao/Library/Caches/visepanda/question-staging-20260913/build/ModuleCache.noindex/CFNetwork-3NSU7489FPY6S7GSMAS906FEP.pcm

SwiftExplicitDependencyGeneratePcm x86_64 /Users/jtcao/Library/Caches/visepanda/question-staging-20260913/build/ModuleCache.noindex/ImageIO-8XDFC7US19YTDDFXKSSPHEL8U.pcm

SwiftExplicitDependencyGeneratePcm x86_64 /Users/jtcao/Library/Caches/visepanda/question-staging-20260913/build/ModuleCache.noindex/CoreText-AQPT2TKXIJAD7L122C4TIO8TQ.pcm

SwiftExplicitDependencyGeneratePcm x86_64 /Users/jtcao/Library/Caches/visepanda/question-staging-20260913/build/ModuleCache.noindex/Foundation-93Z4388LRIJGQHFCAUE5MZXQW.pcm

SwiftExplicitDependencyGeneratePcm arm64 /Users/jtcao/Library/Caches/visepanda/question-staging-20260913/build/ModuleCache.noindex/Foundation-DVRUVAX98GC4OSEAZE6Z3FZ3F.pcm

SwiftExplicitDependencyGeneratePcm arm64 /Users/jtcao/Library/Caches/visepanda/question-staging-20260913/build/ModuleCache.noindex/ImageIO-BJR4J6V8U037WAZPO4DQROKZ6.pcm

SwiftExplicitDependencyGeneratePcm arm64 /Users/jtcao/Library/Caches/visepanda/question-staging-20260913/build/ModuleCache.noindex/CoreText-35BW64MQ7I87SRXO3N9QCCT8Z.pcm

SwiftExplicitDependencyGeneratePcm x86_64 /Users/jtcao/Library/Caches/visepanda/question-staging-20260913/build/ModuleCache.noindex/UniformTypeIdentifiers-44VR278UOOP3SBIUGGBK51A7T.pcm

SwiftExplicitDependencyGeneratePcm x86_64 /Users/jtcao/Library/Caches/visepanda/question-staging-20260913/build/ModuleCache.noindex/Accessibility-A18CMNIBW80R6GZZPQFO9802T.pcm

SwiftExplicitDependencyGeneratePcm x86_64 /Users/jtcao/Library/Caches/visepanda/question-staging-20260913/build/ModuleCache.noindex/IOSurface-D4OMZYIDARA4GDFZYHXGAW91E.pcm

SwiftExplicitDependencyGeneratePcm x86_64 /Users/jtcao/Library/Caches/visepanda/question-staging-20260913/build/ModuleCache.noindex/Symbols-6APBTC747EW1NMTUP6DF8RPV7.pcm

SwiftExplicitDependencyGeneratePcm x86_64 /Users/jtcao/Library/Caches/visepanda/question-staging-20260913/build/ModuleCache.noindex/OpenGLES-BQEZ1DMHB3D28UTHQTDIN89MM.pcm

SwiftExplicitDependencyGeneratePcm x86_64 /Users/jtcao/Library/Caches/visepanda/question-staging-20260913/build/ModuleCache.noindex/FileProvider-335KB0KA668JEDW0KHA12ILMH.pcm

SwiftExplicitDependencyGeneratePcm x86_64 /Users/jtcao/Library/Caches/visepanda/question-staging-20260913/build/ModuleCache.noindex/UserNotifications-9SIJCMD1O1020EOL9AHZAEIVN.pcm

SwiftExplicitDependencyGeneratePcm x86_64 /Users/jtcao/Library/Caches/visepanda/question-staging-20260913/build/ModuleCache.noindex/OSLog-5JDK3S40RSR31LJW604JV6PCK.pcm

SwiftExplicitDependencyGeneratePcm arm64 /Users/jtcao/Library/Caches/visepanda/question-staging-20260913/build/ModuleCache.noindex/DataDetection-63EEHX19F43NE8OPMU7A19QK4.pcm

SwiftExplicitDependencyGeneratePcm x86_64 /Users/jtcao/Library/Caches/visepanda/question-staging-20260913/build/ModuleCache.noindex/Metal-1YBJYEETPX4C7V49CLW2UK607.pcm

SwiftExplicitDependencyGeneratePcm arm64 /Users/jtcao/Library/Caches/visepanda/question-staging-20260913/build/ModuleCache.noindex/IOSurface-5JY32B51TL3KZI53R4PRPMVLZ.pcm

SwiftExplicitDependencyGeneratePcm arm64 /Users/jtcao/Library/Caches/visepanda/question-staging-20260913/build/ModuleCache.noindex/UIUtilities-EAZLPY9LT7QIFR0RGCZ3JREW4.pcm

SwiftExplicitDependencyGeneratePcm arm64 /Users/jtcao/Library/Caches/visepanda/question-staging-20260913/build/ModuleCache.noindex/Symbols-7STON6VRIF80SMHDZQW4WGKEF.pcm

SwiftExplicitDependencyGeneratePcm arm64 /Users/jtcao/Library/Caches/visepanda/question-staging-20260913/build/ModuleCache.noindex/OpenGLES-5ONW9QDR8SZ9X4D7ERRABU0GS.pcm

SwiftExplicitDependencyGeneratePcm arm64 /Users/jtcao/Library/Caches/visepanda/question-staging-20260913/build/ModuleCache.noindex/CoreTransferable-A68IZK9INFSDDDOVND5QIPVXT.pcm

SwiftExplicitDependencyGeneratePcm arm64 /Users/jtcao/Library/Caches/visepanda/question-staging-20260913/build/ModuleCache.noindex/Accessibility-8UPRFSQPEP60GGQUH5DQTPGMV.pcm

SwiftExplicitDependencyGeneratePcm arm64 /Users/jtcao/Library/Caches/visepanda/question-staging-20260913/build/ModuleCache.noindex/UserNotifications-7QU60TJSDHYF00BW3KZ3CVTAL.pcm

SwiftExplicitDependencyGeneratePcm arm64 /Users/jtcao/Library/Caches/visepanda/question-staging-20260913/build/ModuleCache.noindex/CoreData-681Z7U6O4T658VAUOH9OJTLRR.pcm

SwiftExplicitDependencyGeneratePcm arm64 /Users/jtcao/Library/Caches/visepanda/question-staging-20260913/build/ModuleCache.noindex/UniformTypeIdentifiers-16L8ML59AS7379GWU0S5DZ4A7.pcm

SwiftExplicitDependencyGeneratePcm arm64 /Users/jtcao/Library/Caches/visepanda/question-staging-20260913/build/ModuleCache.noindex/Metal-DKEE4ZKF4ACTUQ0CAQ3ID7GIX.pcm

SwiftExplicitDependencyGeneratePcm arm64 /Users/jtcao/Library/Caches/visepanda/question-staging-20260913/build/ModuleCache.noindex/OSLog-DOMVQCZKL7VBR5Z15DNOOZ65Z.pcm

SwiftExplicitDependencyGeneratePcm arm64 /Users/jtcao/Library/Caches/visepanda/question-staging-20260913/build/ModuleCache.noindex/FileProvider-5Z8UEFM438N611Z399XLPNT4N.pcm

SwiftExplicitDependencyGeneratePcm x86_64 /Users/jtcao/Library/Caches/visepanda/question-staging-20260913/build/ModuleCache.noindex/CoreData-9J9AWC87O28GT0H0CRJIGYC84.pcm

SwiftExplicitDependencyGeneratePcm x86_64 /Users/jtcao/Library/Caches/visepanda/question-staging-20260913/build/ModuleCache.noindex/CoreTransferable-2EXBB5SL4595LJ8U0W86I0DVW.pcm

SwiftExplicitDependencyGeneratePcm x86_64 /Users/jtcao/Library/Caches/visepanda/question-staging-20260913/build/ModuleCache.noindex/DataDetection-192MQH6PVQAW6ZGIABNNE2FOY.pcm

SwiftExplicitDependencyGeneratePcm x86_64 /Users/jtcao/Library/Caches/visepanda/question-staging-20260913/build/ModuleCache.noindex/UIUtilities-8L0J5KZG9Z4LF8UOQVPOBX0BC.pcm

SwiftExplicitDependencyGeneratePcm x86_64 /Users/jtcao/Library/Caches/visepanda/question-staging-20260913/build/ModuleCache.noindex/CoreVideo-A1SZ7MTQPJ8YTLRL2831PPMK3.pcm

SwiftExplicitDependencyGeneratePcm x86_64 /Users/jtcao/Library/Caches/visepanda/question-staging-20260913/build/ModuleCache.noindex/QuartzCore-2RWDD46RH6ATYJDOVZKG1G53.pcm

SwiftExplicitDependencyGeneratePcm x86_64 /Users/jtcao/Library/Caches/visepanda/question-staging-20260913/build/ModuleCache.noindex/CoreImage-355PA8NMF7W9W0PJMCR1GMNHR.pcm

SwiftExplicitDependencyGeneratePcm arm64 /Users/jtcao/Library/Caches/visepanda/question-staging-20260913/build/ModuleCache.noindex/CoreVideo-3CI34Q26YV2ZLPJX5M6YVEQM4.pcm

SwiftExplicitDependencyGeneratePcm arm64 /Users/jtcao/Library/Caches/visepanda/question-staging-20260913/build/ModuleCache.noindex/CoreImage-2GHM5IVCTWWCDZLHKI1RJ21P.pcm

SwiftExplicitDependencyGeneratePcm arm64 /Users/jtcao/Library/Caches/visepanda/question-staging-20260913/build/ModuleCache.noindex/QuartzCore-6YXV9AUUPCZFBRY7SFGOSSWIG.pcm

SwiftExplicitDependencyGeneratePcm x86_64 /Users/jtcao/Library/Caches/visepanda/question-staging-20260913/build/ModuleCache.noindex/SwiftUICore-DPWABBQ2RGD2W40R1Q3DYJC9F.pcm

SwiftExplicitDependencyGeneratePcm x86_64 /Users/jtcao/Library/Caches/visepanda/question-staging-20260913/build/ModuleCache.noindex/UIKit-42LUPR44YCRYDLUA56L0TUC87.pcm

SwiftExplicitDependencyGeneratePcm arm64 /Users/jtcao/Library/Caches/visepanda/question-staging-20260913/build/ModuleCache.noindex/SwiftUICore-3YW4X50ACQTJ6AIQVI3OG8TJ7.pcm

SwiftExplicitDependencyGeneratePcm arm64 /Users/jtcao/Library/Caches/visepanda/question-staging-20260913/build/ModuleCache.noindex/UIKit-3SWYKSKYTKD6EA98DIGVFGWGJ.pcm

SwiftExplicitDependencyGeneratePcm x86_64 /Users/jtcao/Library/Caches/visepanda/question-staging-20260913/build/ModuleCache.noindex/SwiftUI-D8MXT35VLQFM38JLWGGOC1RRP.pcm

SwiftEmitModule normal x86_64 Emitting\ module\ for\ VisePanda (in target 'VisePanda' from project 'VisePanda')
EmitSwiftModule normal x86_64 (in target 'VisePanda' from project 'VisePanda')
    cd /Users/jtcao/Documents/VP-V4-S2-Claim-Coverage/ios/VisePanda
    

SwiftCompile normal x86_64 Compiling\ TodayView.swift,\ AskView.swift,\ TripView.swift /Users/jtcao/Documents/VP-V4-S2-Claim-Coverage/ios/VisePanda/VisePanda/Features/Today/TodayView.swift /Users/jtcao/Documents/VP-V4-S2-Claim-Coverage/ios/VisePanda/VisePanda/Features/Ask/AskView.swift /Users/jtcao/Documents/VP-V4-S2-Claim-Coverage/ios/VisePanda/VisePanda/Features/Trip/TripView.swift (in target 'VisePanda' from project 'VisePanda')
SwiftCompile normal x86_64 /Users/jtcao/Documents/VP-V4-S2-Claim-Coverage/ios/VisePanda/VisePanda/Features/Today/TodayView.swift (in target 'VisePanda' from project 'VisePanda')
    cd /Users/jtcao/Documents/VP-V4-S2-Claim-Coverage/ios/VisePanda
    

SwiftCompile normal x86_64 /Users/jtcao/Documents/VP-V4-S2-Claim-Coverage/ios/VisePanda/VisePanda/Features/Ask/AskView.swift (in target 'VisePanda' from project 'VisePanda')
    cd /Users/jtcao/Documents/VP-V4-S2-Claim-Coverage/ios/VisePanda
    

SwiftCompile normal x86_64 /Users/jtcao/Documents/VP-V4-S2-Claim-Coverage/ios/VisePanda/VisePanda/Features/Trip/TripView.swift (in target 'VisePanda' from project 'VisePanda')
    cd /Users/jtcao/Documents/VP-V4-S2-Claim-Coverage/ios/VisePanda
    

SwiftCompile normal x86_64 Compiling\ BrandHeader.swift,\ PreviewStatusBanner.swift,\ CapabilityCard.swift /Users/jtcao/Documents/VP-V4-S2-Claim-Coverage/ios/VisePanda/VisePanda/Components/BrandHeader.swift /Users/jtcao/Documents/VP-V4-S2-Claim-Coverage/ios/VisePanda/VisePanda/Components/PreviewStatusBanner.swift /Users/jtcao/Documents/VP-V4-S2-Claim-Coverage/ios/VisePanda/VisePanda/Components/CapabilityCard.swift (in target 'VisePanda' from project 'VisePanda')
SwiftCompile normal x86_64 /Users/jtcao/Documents/VP-V4-S2-Claim-Coverage/ios/VisePanda/VisePanda/Components/BrandHeader.swift (in target 'VisePanda' from project 'VisePanda')
    cd /Users/jtcao/Documents/VP-V4-S2-Claim-Coverage/ios/VisePanda
    

SwiftCompile normal x86_64 /Users/jtcao/Documents/VP-V4-S2-Claim-Coverage/ios/VisePanda/VisePanda/Components/PreviewStatusBanner.swift (in target 'VisePanda' from project 'VisePanda')
    cd /Users/jtcao/Documents/VP-V4-S2-Claim-Coverage/ios/VisePanda
    

SwiftCompile normal x86_64 /Users/jtcao/Documents/VP-V4-S2-Claim-Coverage/ios/VisePanda/VisePanda/Components/CapabilityCard.swift (in target 'VisePanda' from project 'VisePanda')
    cd /Users/jtcao/Documents/VP-V4-S2-Claim-Coverage/ios/VisePanda
    

SwiftCompile normal x86_64 Compiling\ NativeAskModels.swift,\ NativeAskStore.swift,\ NativeTripModels.swift,\ NativeTripStore.swift /Users/jtcao/Documents/VP-V4-S2-Claim-Coverage/ios/VisePanda/VisePanda/Features/Ask/NativeAskModels.swift /Users/jtcao/Documents/VP-V4-S2-Claim-Coverage/ios/VisePanda/VisePanda/Features/Ask/NativeAskStore.swift /Users/jtcao/Documents/VP-V4-S2-Claim-Coverage/ios/VisePanda/VisePanda/Features/Trip/NativeTripModels.swift /Users/jtcao/Documents/VP-V4-S2-Claim-Coverage/ios/VisePanda/VisePanda/Features/Trip/NativeTripStore.swift (in target 'VisePanda' from project 'VisePanda')

SwiftCompile normal x86_64 /Users/jtcao/Documents/VP-V4-S2-Claim-Coverage/ios/VisePanda/VisePanda/Features/Ask/NativeAskModels.swift (in target 'VisePanda' from project 'VisePanda')
    cd /Users/jtcao/Documents/VP-V4-S2-Claim-Coverage/ios/VisePanda
    

SwiftCompile normal x86_64 /Users/jtcao/Documents/VP-V4-S2-Claim-Coverage/ios/VisePanda/VisePanda/Features/Ask/NativeAskStore.swift (in target 'VisePanda' from project 'VisePanda')
    cd /Users/jtcao/Documents/VP-V4-S2-Claim-Coverage/ios/VisePanda
    

SwiftCompile normal x86_64 /Users/jtcao/Documents/VP-V4-S2-Claim-Coverage/ios/VisePanda/VisePanda/Features/Trip/NativeTripModels.swift (in target 'VisePanda' from project 'VisePanda')
    cd /Users/jtcao/Documents/VP-V4-S2-Claim-Coverage/ios/VisePanda
    

SwiftCompile normal x86_64 /Users/jtcao/Documents/VP-V4-S2-Claim-Coverage/ios/VisePanda/VisePanda/Features/Trip/NativeTripStore.swift (in target 'VisePanda' from project 'VisePanda')
    cd /Users/jtcao/Documents/VP-V4-S2-Claim-Coverage/ios/VisePanda
    

SwiftCompile normal x86_64 Compiling\ NativeTripView.swift,\ NativeSession.swift,\ VisePandaApp.swift /Users/jtcao/Documents/VP-V4-S2-Claim-Coverage/ios/VisePanda/VisePanda/Features/Trip/NativeTripView.swift /Users/jtcao/Documents/VP-V4-S2-Claim-Coverage/ios/VisePanda/VisePanda/App/NativeSession.swift /Users/jtcao/Documents/VP-V4-S2-Claim-Coverage/ios/VisePanda/VisePanda/App/VisePandaApp.swift (in target 'VisePanda' from project 'VisePanda')
SwiftCompile normal x86_64 /Users/jtcao/Documents/VP-V4-S2-Claim-Coverage/ios/VisePanda/VisePanda/Features/Trip/NativeTripView.swift (in target 'VisePanda' from project 'VisePanda')
    cd /Users/jtcao/Documents/VP-V4-S2-Claim-Coverage/ios/VisePanda
    

SwiftCompile normal x86_64 /Users/jtcao/Documents/VP-V4-S2-Claim-Coverage/ios/VisePanda/VisePanda/App/NativeSession.swift (in target 'VisePanda' from project 'VisePanda')
    cd /Users/jtcao/Documents/VP-V4-S2-Claim-Coverage/ios/VisePanda
    

SwiftCompile normal x86_64 /Users/jtcao/Documents/VP-V4-S2-Claim-Coverage/ios/VisePanda/VisePanda/App/VisePandaApp.swift (in target 'VisePanda' from project 'VisePanda')
    cd /Users/jtcao/Documents/VP-V4-S2-Claim-Coverage/ios/VisePanda
    

SwiftCompile normal x86_64 Compiling\ ExploreView.swift,\ ProfileView.swift,\ GeneratedAssetSymbols.swift /Users/jtcao/Documents/VP-V4-S2-Claim-Coverage/ios/VisePanda/VisePanda/Features/Explore/ExploreView.swift /Users/jtcao/Documents/VP-V4-S2-Claim-Coverage/ios/VisePanda/VisePanda/Features/Profile/ProfileView.swift /Users/jtcao/Library/Caches/visepanda/question-staging-20260913/build/Build/Intermediates.noindex/VisePanda.build/Debug-iphonesimulator/VisePanda.build/DerivedSources/GeneratedAssetSymbols.swift (in target 'VisePanda' from project 'VisePanda')

SwiftCompile normal x86_64 /Users/jtcao/Documents/VP-V4-S2-Claim-Coverage/ios/VisePanda/VisePanda/Features/Explore/ExploreView.swift (in target 'VisePanda' from project 'VisePanda')
    cd /Users/jtcao/Documents/VP-V4-S2-Claim-Coverage/ios/VisePanda
    

SwiftCompile normal x86_64 /Users/jtcao/Documents/VP-V4-S2-Claim-Coverage/ios/VisePanda/VisePanda/Features/Profile/ProfileView.swift (in target 'VisePanda' from project 'VisePanda')
    cd /Users/jtcao/Documents/VP-V4-S2-Claim-Coverage/ios/VisePanda
    

SwiftCompile normal x86_64 /Users/jtcao/Library/Caches/visepanda/question-staging-20260913/build/Build/Intermediates.noindex/VisePanda.build/Debug-iphonesimulator/VisePanda.build/DerivedSources/GeneratedAssetSymbols.swift (in target 'VisePanda' from project 'VisePanda')
    cd /Users/jtcao/Documents/VP-V4-S2-Claim-Coverage/ios/VisePanda
    

SwiftCompile normal x86_64 Compiling\ NativeKnowledgeModels.swift,\ NativeKnowledgeStore.swift,\ NativeKnowledgeView.swift,\ NativeAskView.swift /Users/jtcao/Documents/VP-V4-S2-Claim-Coverage/ios/VisePanda/VisePanda/Features/Knowledge/NativeKnowledgeModels.swift /Users/jtcao/Documents/VP-V4-S2-Claim-Coverage/ios/VisePanda/VisePanda/Features/Knowledge/NativeKnowledgeStore.swift /Users/jtcao/Documents/VP-V4-S2-Claim-Coverage/ios/VisePanda/VisePanda/Features/Knowledge/NativeKnowledgeView.swift /Users/jtcao/Documents/VP-V4-S2-Claim-Coverage/ios/VisePanda/VisePanda/Features/Ask/NativeAskView.swift (in target 'VisePanda' from project 'VisePanda')
SwiftCompile normal x86_64 /Users/jtcao/Documents/VP-V4-S2-Claim-Coverage/ios/VisePanda/VisePanda/Features/Knowledge/NativeKnowledgeModels.swift (in target 'VisePanda' from project 'VisePanda')
    cd /Users/jtcao/Documents/VP-V4-S2-Claim-Coverage/ios/VisePanda
    

SwiftCompile normal x86_64 /Users/jtcao/Documents/VP-V4-S2-Claim-Coverage/ios/VisePanda/VisePanda/Features/Knowledge/NativeKnowledgeStore.swift (in target 'VisePanda' from project 'VisePanda')
    cd /Users/jtcao/Documents/VP-V4-S2-Claim-Coverage/ios/VisePanda
    

SwiftCompile normal x86_64 /Users/jtcao/Documents/VP-V4-S2-Claim-Coverage/ios/VisePanda/VisePanda/Features/Knowledge/NativeKnowledgeView.swift (in target 'VisePanda' from project 'VisePanda')
    cd /Users/jtcao/Documents/VP-V4-S2-Claim-Coverage/ios/VisePanda
    

SwiftCompile normal x86_64 /Users/jtcao/Documents/VP-V4-S2-Claim-Coverage/ios/VisePanda/VisePanda/Features/Ask/NativeAskView.swift (in target 'VisePanda' from project 'VisePanda')
    cd /Users/jtcao/Documents/VP-V4-S2-Claim-Coverage/ios/VisePanda
    

SwiftExplicitDependencyGeneratePcm arm64 /Users/jtcao/Library/Caches/visepanda/question-staging-20260913/build/ModuleCache.noindex/SwiftUI-4J722DO7N989I89GB3CSJGDRS.pcm

LinkAssetCatalog /Users/jtcao/Documents/VP-V4-S2-Claim-Coverage/ios/VisePanda/VisePanda/Resources/Assets.xcassets (in target 'VisePanda' from project 'VisePanda')
    cd /Users/jtcao/Documents/VP-V4-S2-Claim-Coverage/ios/VisePanda
    builtin-linkAssetCatalog --thinned /Users/jtcao/Library/Caches/visepanda/question-staging-20260913/build/Build/Intermediates.noindex/VisePanda.build/Debug-iphonesimulator/VisePanda.build/assetcatalog_output/thinned --thinned-dependencies /Users/jtcao/Library/Caches/visepanda/question-staging-20260913/build/Build/Intermediates.noindex/VisePanda.build/Debug-iphonesimulator/VisePanda.build/assetcatalog_dependencies_thinned --thinned-info-plist-content /Users/jtcao/Library/Caches/visepanda/question-staging-20260913/build/Build/Intermediates.noindex/VisePanda.build/Debug-iphonesimulator/VisePanda.build/assetcatalog_generated_info.plist_thinned --unthinned /Users/jtcao/Library/Caches/visepanda/question-staging-20260913/build/Build/Intermediates.noindex/VisePanda.build/Debug-iphonesimulator/VisePanda.build/assetcatalog_output/unthinned --unthinned-dependencies /Users/jtcao/Library/Caches/visepanda/question-staging-20260913/build/Build/Intermediates.noindex/VisePanda.build/Debug-iphonesimulator/VisePanda.build/assetcatalog_dependencies_unthinned --unthinned-info-plist-content /Users/jtcao/Library/Caches/visepanda/question-staging-20260913/build/Build/Intermediates.noindex/VisePanda.build/Debug-iphonesimulator/VisePanda.build/assetcatalog_generated_info.plist_unthinned --output /Users/jtcao/Library/Caches/visepanda/question-staging-20260913/build/Build/Products/Debug-iphonesimulator/VisePanda.app --plist-output /Users/jtcao/Library/Caches/visepanda/question-staging-20260913/build/Build/Intermediates.noindex/VisePanda.build/Debug-iphonesimulator/VisePanda.build/assetcatalog_generated_info.plist
note: Emplaced /Users/jtcao/Library/Caches/visepanda/question-staging-20260913/build/Build/Products/Debug-iphonesimulator/VisePanda.app/AppIcon76x76@2x~ipad.png (in target 'VisePanda' from project 'VisePanda')
note: Emplaced /Users/jtcao/Library/Caches/visepanda/question-staging-20260913/build/Build/Products/Debug-iphonesimulator/VisePanda.app/AppIcon60x60@2x.png (in target 'VisePanda' from project 'VisePanda')
note: Emplaced /Users/jtcao/Library/Caches/visepanda/question-staging-20260913/build/Build/Products/Debug-iphonesimulator/VisePanda.app/Assets.car (in target 'VisePanda' from project 'VisePanda')

SwiftEmitModule normal arm64 Emitting\ module\ for\ VisePanda (in target 'VisePanda' from project 'VisePanda')

EmitSwiftModule normal arm64 (in target 'VisePanda' from project 'VisePanda')
    cd /Users/jtcao/Documents/VP-V4-S2-Claim-Coverage/ios/VisePanda
    

SwiftCompile normal arm64 Compiling\ NativeKnowledgeModels.swift,\ NativeKnowledgeStore.swift,\ NativeKnowledgeView.swift,\ NativeAskView.swift /Users/jtcao/Documents/VP-V4-S2-Claim-Coverage/ios/VisePanda/VisePanda/Features/Knowledge/NativeKnowledgeModels.swift /Users/jtcao/Documents/VP-V4-S2-Claim-Coverage/ios/VisePanda/VisePanda/Features/Knowledge/NativeKnowledgeStore.swift /Users/jtcao/Documents/VP-V4-S2-Claim-Coverage/ios/VisePanda/VisePanda/Features/Knowledge/NativeKnowledgeView.swift /Users/jtcao/Documents/VP-V4-S2-Claim-Coverage/ios/VisePanda/VisePanda/Features/Ask/NativeAskView.swift (in target 'VisePanda' from project 'VisePanda')
SwiftCompile normal arm64 /Users/jtcao/Documents/VP-V4-S2-Claim-Coverage/ios/VisePanda/VisePanda/Features/Knowledge/NativeKnowledgeModels.swift (in target 'VisePanda' from project 'VisePanda')
    cd /Users/jtcao/Documents/VP-V4-S2-Claim-Coverage/ios/VisePanda
    

SwiftCompile normal arm64 /Users/jtcao/Documents/VP-V4-S2-Claim-Coverage/ios/VisePanda/VisePanda/Features/Knowledge/NativeKnowledgeStore.swift (in target 'VisePanda' from project 'VisePanda')
    cd /Users/jtcao/Documents/VP-V4-S2-Claim-Coverage/ios/VisePanda
    

SwiftCompile normal arm64 /Users/jtcao/Documents/VP-V4-S2-Claim-Coverage/ios/VisePanda/VisePanda/Features/Knowledge/NativeKnowledgeView.swift (in target 'VisePanda' from project 'VisePanda')
    cd /Users/jtcao/Documents/VP-V4-S2-Claim-Coverage/ios/VisePanda
    

SwiftCompile normal arm64 /Users/jtcao/Documents/VP-V4-S2-Claim-Coverage/ios/VisePanda/VisePanda/Features/Ask/NativeAskView.swift (in target 'VisePanda' from project 'VisePanda')
    cd /Users/jtcao/Documents/VP-V4-S2-Claim-Coverage/ios/VisePanda
    

SwiftDriverJobDiscovery normal x86_64 Emitting module for VisePanda (in target 'VisePanda' from project 'VisePanda')

SwiftDriver\ Compilation\ Requirements VisePanda normal x86_64 com.apple.xcode.tools.swift.compiler (in target 'VisePanda' from project 'VisePanda')
    cd /Users/jtcao/Documents/VP-V4-S2-Claim-Coverage/ios/VisePanda
    builtin-Swift-Compilation-Requirements -- /Applications/Xcode.app/Contents/Developer/Toolchains/XcodeDefault.xctoolchain/usr/bin/swiftc -module-name VisePanda -Onone @/Users/jtcao/Library/Caches/visepanda/question-staging-20260913/build/Build/Intermediates.noindex/VisePanda.build/Debug-iphonesimulator/VisePanda.build/Objects-normal/x86_64/VisePanda.SwiftFileList -DDEBUG -default-isolation\=MainActor -enable-upcoming-feature InferIsolatedConformances -enable-upcoming-feature NonisolatedNonsendingByDefault -enable-experimental-feature DebugDescriptionMacro -sdk /Applications/Xcode.app/Contents/Developer/Platforms/iPhoneSimulator.platform/Developer/SDKs/iPhoneSimulator26.5.sdk -target x86_64-apple-ios17.0-simulator -g -module-cache-path /Users/jtcao/Library/Caches/visepanda/question-staging-20260913/build/ModuleCache.noindex -Xfrontend -serialize-debugging-options -enable-testing -index-store-path /Users/jtcao/Library/Caches/visepanda/question-staging-20260913/build/Index.noindex/DataStore -Xcc -D_LIBCPP_HARDENING_MODE\=_LIBCPP_HARDENING_MODE_DEBUG -swift-version 6 -I /Users/jtcao/Library/Caches/visepanda/question-staging-20260913/build/Build/Products/Debug-iphonesimulator -F /Users/jtcao/Library/Caches/visepanda/question-staging-20260913/build/Build/Products/Debug-iphonesimulator -c -j8 -enable-batch-mode -incremental -Xcc -ivfsstatcache -Xcc /Users/jtcao/Library/Caches/visepanda/question-staging-20260913/build/SDKStatCaches.noindex/iphonesimulator26.5-23F81a-6cfe768891a92b912361537c460fe42b.sdkstatcache -output-file-map /Users/jtcao/Library/Caches/visepanda/question-staging-20260913/build/Build/Intermediates.noindex/VisePanda.build/Debug-iphonesimulator/VisePanda.build/Objects-normal/x86_64/VisePanda-OutputFileMap.json -use-frontend-parseable-output -save-temps -no-color-diagnostics -explicit-module-build -module-cache-path /Users/jtcao/Library/Caches/visepanda/question-staging-20260913/build/Build/Intermediates.noindex/SwiftExplicitPrecompiledModules -clang-scanner-module-cache-path /Users/jtcao/Library/Caches/visepanda/question-staging-20260913/build/ModuleCache.noindex -sdk-module-cache-path /Users/jtcao/Library/Caches/visepanda/question-staging-20260913/build/ModuleCache.noindex -serialize-diagnostics -emit-dependencies -emit-module -emit-module-path /Users/jtcao/Library/Caches/visepanda/question-staging-20260913/build/Build/Intermediates.noindex/VisePanda.build/Debug-iphonesimulator/VisePanda.build/Objects-normal/x86_64/VisePanda.swiftmodule -validate-clang-modules-once -clang-build-session-file /Users/jtcao/Library/Caches/visepanda/question-staging-20260913/build/ModuleCache.noindex/Session.modulevalidation -Xcc -I/Users/jtcao/Library/Caches/visepanda/question-staging-20260913/build/Build/Intermediates.noindex/VisePanda.build/Debug-iphonesimulator/VisePanda.build/swift-overrides.hmap -emit-const-values -Xfrontend -const-gather-protocols-file -Xfrontend /Users/jtcao/Library/Caches/visepanda/question-staging-20260913/build/Build/Intermediates.noindex/VisePanda.build/Debug-iphonesimulator/VisePanda.build/Objects-normal/x86_64/VisePanda_const_extract_protocols.json -Xcc -iquote -Xcc /Users/jtcao/Library/Caches/visepanda/question-staging-20260913/build/Build/Intermediates.noindex/VisePanda.build/Debug-iphonesimulator/VisePanda.build/VisePanda-generated-files.hmap -Xcc -I/Users/jtcao/Library/Caches/visepanda/question-staging-20260913/build/Build/Intermediates.noindex/VisePanda.build/Debug-iphonesimulator/VisePanda.build/VisePanda-own-target-headers.hmap -Xcc -I/Users/jtcao/Library/Caches/visepanda/question-staging-20260913/build/Build/Intermediates.noindex/VisePanda.build/Debug-iphonesimulator/VisePanda.build/VisePanda-all-target-headers.hmap -Xcc -iquote -Xcc /Users/jtcao/Library/Caches/visepanda/question-staging-20260913/build/Build/Intermediates.noindex/VisePanda.build/Debug-iphonesimulator/VisePanda.build/VisePanda-project-headers.hmap -Xcc -I/Users/jtcao/Library/Caches/visepanda/question-staging-20260913/build/Build/Products/Debug-iphonesimulator/include -Xcc -I/Users/jtcao/Library/Caches/visepanda/question-staging-20260913/build/Build/Intermediates.noindex/VisePanda.build/Debug-iphonesimulator/VisePanda.build/DerivedSources-normal/x86_64 -Xcc -I/Users/jtcao/Library/Caches/visepanda/question-staging-20260913/build/Build/Intermediates.noindex/VisePanda.build/Debug-iphonesimulator/VisePanda.build/DerivedSources/x86_64 -Xcc -I/Users/jtcao/Library/Caches/visepanda/question-staging-20260913/build/Build/Intermediates.noindex/VisePanda.build/Debug-iphonesimulator/VisePanda.build/DerivedSources -emit-objc-header -emit-objc-header-path /Users/jtcao/Library/Caches/visepanda/question-staging-20260913/build/Build/Intermediates.noindex/VisePanda.build/Debug-iphonesimulator/VisePanda.build/Objects-normal/x86_64/VisePanda-Swift.h -working-directory /Users/jtcao/Documents/VP-V4-S2-Claim-Coverage/ios/VisePanda -experimental-emit-module-separately -disable-cmo

SwiftDriverJobDiscovery normal arm64 Emitting module for VisePanda (in target 'VisePanda' from project 'VisePanda')

SwiftDriver\ Compilation\ Requirements VisePanda normal arm64 com.apple.xcode.tools.swift.compiler (in target 'VisePanda' from project 'VisePanda')
    cd /Users/jtcao/Documents/VP-V4-S2-Claim-Coverage/ios/VisePanda
    builtin-Swift-Compilation-Requirements -- /Applications/Xcode.app/Contents/Developer/Toolchains/XcodeDefault.xctoolchain/usr/bin/swiftc -module-name VisePanda -Onone @/Users/jtcao/Library/Caches/visepanda/question-staging-20260913/build/Build/Intermediates.noindex/VisePanda.build/Debug-iphonesimulator/VisePanda.build/Objects-normal/arm64/VisePanda.SwiftFileList -DDEBUG -default-isolation\=MainActor -enable-upcoming-feature InferIsolatedConformances -enable-upcoming-feature NonisolatedNonsendingByDefault -enable-experimental-feature DebugDescriptionMacro -sdk /Applications/Xcode.app/Contents/Developer/Platforms/iPhoneSimulator.platform/Developer/SDKs/iPhoneSimulator26.5.sdk -target arm64-apple-ios17.0-simulator -g -module-cache-path /Users/jtcao/Library/Caches/visepanda/question-staging-20260913/build/ModuleCache.noindex -Xfrontend -serialize-debugging-options -enable-testing -index-store-path /Users/jtcao/Library/Caches/visepanda/question-staging-20260913/build/Index.noindex/DataStore -Xcc -D_LIBCPP_HARDENING_MODE\=_LIBCPP_HARDENING_MODE_DEBUG -swift-version 6 -I /Users/jtcao/Library/Caches/visepanda/question-staging-20260913/build/Build/Products/Debug-iphonesimulator -F /Users/jtcao/Library/Caches/visepanda/question-staging-20260913/build/Build/Products/Debug-iphonesimulator -c -j8 -enable-batch-mode -incremental -Xcc -ivfsstatcache -Xcc /Users/jtcao/Library/Caches/visepanda/question-staging-20260913/build/SDKStatCaches.noindex/iphonesimulator26.5-23F81a-6cfe768891a92b912361537c460fe42b.sdkstatcache -output-file-map /Users/jtcao/Library/Caches/visepanda/question-staging-20260913/build/Build/Intermediates.noindex/VisePanda.build/Debug-iphonesimulator/VisePanda.build/Objects-normal/arm64/VisePanda-OutputFileMap.json -use-frontend-parseable-output -save-temps -no-color-diagnostics -explicit-module-build -module-cache-path /Users/jtcao/Library/Caches/visepanda/question-staging-20260913/build/Build/Intermediates.noindex/SwiftExplicitPrecompiledModules -clang-scanner-module-cache-path /Users/jtcao/Library/Caches/visepanda/question-staging-20260913/build/ModuleCache.noindex -sdk-module-cache-path /Users/jtcao/Library/Caches/visepanda/question-staging-20260913/build/ModuleCache.noindex -serialize-diagnostics -emit-dependencies -emit-module -emit-module-path /Users/jtcao/Library/Caches/visepanda/question-staging-20260913/build/Build/Intermediates.noindex/VisePanda.build/Debug-iphonesimulator/VisePanda.build/Objects-normal/arm64/VisePanda.swiftmodule -validate-clang-modules-once -clang-build-session-file /Users/jtcao/Library/Caches/visepanda/question-staging-20260913/build/ModuleCache.noindex/Session.modulevalidation -Xcc -I/Users/jtcao/Library/Caches/visepanda/question-staging-20260913/build/Build/Intermediates.noindex/VisePanda.build/Debug-iphonesimulator/VisePanda.build/swift-overrides.hmap -emit-const-values -Xfrontend -const-gather-protocols-file -Xfrontend /Users/jtcao/Library/Caches/visepanda/question-staging-20260913/build/Build/Intermediates.noindex/VisePanda.build/Debug-iphonesimulator/VisePanda.build/Objects-normal/arm64/VisePanda_const_extract_protocols.json -Xcc -iquote -Xcc /Users/jtcao/Library/Caches/visepanda/question-staging-20260913/build/Build/Intermediates.noindex/VisePanda.build/Debug-iphonesimulator/VisePanda.build/VisePanda-generated-files.hmap -Xcc -I/Users/jtcao/Library/Caches/visepanda/question-staging-20260913/build/Build/Intermediates.noindex/VisePanda.build/Debug-iphonesimulator/VisePanda.build/VisePanda-own-target-headers.hmap -Xcc -I/Users/jtcao/Library/Caches/visepanda/question-staging-20260913/build/Build/Intermediates.noindex/VisePanda.build/Debug-iphonesimulator/VisePanda.build/VisePanda-all-target-headers.hmap -Xcc -iquote -Xcc /Users/jtcao/Library/Caches/visepanda/question-staging-20260913/build/Build/Intermediates.noindex/VisePanda.build/Debug-iphonesimulator/VisePanda.build/VisePanda-project-headers.hmap -Xcc -I/Users/jtcao/Library/Caches/visepanda/question-staging-20260913/build/Build/Products/Debug-iphonesimulator/include -Xcc -I/Users/jtcao/Library/Caches/visepanda/question-staging-20260913/build/Build/Intermediates.noindex/VisePanda.build/Debug-iphonesimulator/VisePanda.build/DerivedSources-normal/arm64 -Xcc -I/Users/jtcao/Library/Caches/visepanda/question-staging-20260913/build/Build/Intermediates.noindex/VisePanda.build/Debug-iphonesimulator/VisePanda.build/DerivedSources/arm64 -Xcc -I/Users/jtcao/Library/Caches/visepanda/question-staging-20260913/build/Build/Intermediates.noindex/VisePanda.build/Debug-iphonesimulator/VisePanda.build/DerivedSources -emit-objc-header -emit-objc-header-path /Users/jtcao/Library/Caches/visepanda/question-staging-20260913/build/Build/Intermediates.noindex/VisePanda.build/Debug-iphonesimulator/VisePanda.build/Objects-normal/arm64/VisePanda-Swift.h -working-directory /Users/jtcao/Documents/VP-V4-S2-Claim-Coverage/ios/VisePanda -experimental-emit-module-separately -disable-cmo

SwiftCompile normal arm64 Compiling\ AppRoute.swift,\ Capability.swift,\ VisePandaTheme.swift /Users/jtcao/Documents/VP-V4-S2-Claim-Coverage/ios/VisePanda/VisePanda/Navigation/AppRoute.swift /Users/jtcao/Documents/VP-V4-S2-Claim-Coverage/ios/VisePanda/VisePanda/Navigation/Capability.swift /Users/jtcao/Documents/VP-V4-S2-Claim-Coverage/ios/VisePanda/VisePanda/DesignSystem/VisePandaTheme.swift (in target 'VisePanda' from project 'VisePanda')

SwiftCompile normal arm64 /Users/jtcao/Documents/VP-V4-S2-Claim-Coverage/ios/VisePanda/VisePanda/Navigation/AppRoute.swift (in target 'VisePanda' from project 'VisePanda')
    cd /Users/jtcao/Documents/VP-V4-S2-Claim-Coverage/ios/VisePanda
    

SwiftCompile normal arm64 /Users/jtcao/Documents/VP-V4-S2-Claim-Coverage/ios/VisePanda/VisePanda/Navigation/Capability.swift (in target 'VisePanda' from project 'VisePanda')
    cd /Users/jtcao/Documents/VP-V4-S2-Claim-Coverage/ios/VisePanda
    

SwiftCompile normal arm64 /Users/jtcao/Documents/VP-V4-S2-Claim-Coverage/ios/VisePanda/VisePanda/DesignSystem/VisePandaTheme.swift (in target 'VisePanda' from project 'VisePanda')
    cd /Users/jtcao/Documents/VP-V4-S2-Claim-Coverage/ios/VisePanda
    

SwiftMergeGeneratedHeaders /Users/jtcao/Library/Caches/visepanda/question-staging-20260913/build/Build/Intermediates.noindex/VisePanda.build/Debug-iphonesimulator/VisePanda.build/DerivedSources/VisePanda-Swift.h /Users/jtcao/Library/Caches/visepanda/question-staging-20260913/build/Build/Intermediates.noindex/VisePanda.build/Debug-iphonesimulator/VisePanda.build/Objects-normal/arm64/VisePanda-Swift.h /Users/jtcao/Library/Caches/visepanda/question-staging-20260913/build/Build/Intermediates.noindex/VisePanda.build/Debug-iphonesimulator/VisePanda.build/Objects-normal/x86_64/VisePanda-Swift.h (in target 'VisePanda' from project 'VisePanda')
    cd /Users/jtcao/Documents/VP-V4-S2-Claim-Coverage/ios/VisePanda
    builtin-swiftHeaderTool -arch arm64 /Users/jtcao/Library/Caches/visepanda/question-staging-20260913/build/Build/Intermediates.noindex/VisePanda.build/Debug-iphonesimulator/VisePanda.build/Objects-normal/arm64/VisePanda-Swift.h -arch x86_64 /Users/jtcao/Library/Caches/visepanda/question-staging-20260913/build/Build/Intermediates.noindex/VisePanda.build/Debug-iphonesimulator/VisePanda.build/Objects-normal/x86_64/VisePanda-Swift.h -o /Users/jtcao/Library/Caches/visepanda/question-staging-20260913/build/Build/Intermediates.noindex/VisePanda.build/Debug-iphonesimulator/VisePanda.build/DerivedSources/VisePanda-Swift.h

SwiftDriverJobDiscovery normal x86_64 Compiling NativeAskModels.swift, NativeAskStore.swift, NativeTripModels.swift, NativeTripStore.swift (in target 'VisePanda' from project 'VisePanda')

Copy /Users/jtcao/Library/Caches/visepanda/question-staging-20260913/build/Build/Products/Debug-iphonesimulator/VisePanda.swiftmodule/x86_64-apple-ios-simulator.swiftmodule /Users/jtcao/Library/Caches/visepanda/question-staging-20260913/build/Build/Intermediates.noindex/VisePanda.build/Debug-iphonesimulator/VisePanda.build/Objects-normal/x86_64/VisePanda.swiftmodule (in target 'VisePanda' from project 'VisePanda')
    cd /Users/jtcao/Documents/VP-V4-S2-Claim-Coverage/ios/VisePanda
    builtin-copy -exclude .DS_Store -exclude CVS -exclude .svn -exclude .git -exclude .hg -resolve-src-symlinks -rename /Users/jtcao/Library/Caches/visepanda/question-staging-20260913/build/Build/Intermediates.noindex/VisePanda.build/Debug-iphonesimulator/VisePanda.build/Objects-normal/x86_64/VisePanda.swiftmodule /Users/jtcao/Library/Caches/visepanda/question-staging-20260913/build/Build/Products/Debug-iphonesimulator/VisePanda.swiftmodule/x86_64-apple-ios-simulator.swiftmodule

Copy /Users/jtcao/Library/Caches/visepanda/question-staging-20260913/build/Build/Products/Debug-iphonesimulator/VisePanda.swiftmodule/x86_64-apple-ios-simulator.swiftdoc /Users/jtcao/Library/Caches/visepanda/question-staging-20260913/build/Build/Intermediates.noindex/VisePanda.build/Debug-iphonesimulator/VisePanda.build/Objects-normal/x86_64/VisePanda.swiftdoc (in target 'VisePanda' from project 'VisePanda')
    cd /Users/jtcao/Documents/VP-V4-S2-Claim-Coverage/ios/VisePanda
    builtin-copy -exclude .DS_Store -exclude CVS -exclude .svn -exclude .git -exclude .hg -resolve-src-symlinks -rename /Users/jtcao/Library/Caches/visepanda/question-staging-20260913/build/Build/Intermediates.noindex/VisePanda.build/Debug-iphonesimulator/VisePanda.build/Objects-normal/x86_64/VisePanda.swiftdoc /Users/jtcao/Library/Caches/visepanda/question-staging-20260913/build/Build/Products/Debug-iphonesimulator/VisePanda.swiftmodule/x86_64-apple-ios-simulator.swiftdoc

Copy /Users/jtcao/Library/Caches/visepanda/question-staging-20260913/build/Build/Products/Debug-iphonesimulator/VisePanda.swiftmodule/x86_64-apple-ios-simulator.abi.json /Users/jtcao/Library/Caches/visepanda/question-staging-20260913/build/Build/Intermediates.noindex/VisePanda.build/Debug-iphonesimulator/VisePanda.build/Objects-normal/x86_64/VisePanda.abi.json (in target 'VisePanda' from project 'VisePanda')
    cd /Users/jtcao/Documents/VP-V4-S2-Claim-Coverage/ios/VisePanda
    builtin-copy -exclude .DS_Store -exclude CVS -exclude .svn -exclude .git -exclude .hg -resolve-src-symlinks -rename /Users/jtcao/Library/Caches/visepanda/question-staging-20260913/build/Build/Intermediates.noindex/VisePanda.build/Debug-iphonesimulator/VisePanda.build/Objects-normal/x86_64/VisePanda.abi.json /Users/jtcao/Library/Caches/visepanda/question-staging-20260913/build/Build/Products/Debug-iphonesimulator/VisePanda.swiftmodule/x86_64-apple-ios-simulator.abi.json

Copy /Users/jtcao/Library/Caches/visepanda/question-staging-20260913/build/Build/Products/Debug-iphonesimulator/VisePanda.swiftmodule/arm64-apple-ios-simulator.swiftmodule /Users/jtcao/Library/Caches/visepanda/question-staging-20260913/build/Build/Intermediates.noindex/VisePanda.build/Debug-iphonesimulator/VisePanda.build/Objects-normal/arm64/VisePanda.swiftmodule (in target 'VisePanda' from project 'VisePanda')
    cd /Users/jtcao/Documents/VP-V4-S2-Claim-Coverage/ios/VisePanda
    builtin-copy -exclude .DS_Store -exclude CVS -exclude .svn -exclude .git -exclude .hg -resolve-src-symlinks -rename /Users/jtcao/Library/Caches/visepanda/question-staging-20260913/build/Build/Intermediates.noindex/VisePanda.build/Debug-iphonesimulator/VisePanda.build/Objects-normal/arm64/VisePanda.swiftmodule /Users/jtcao/Library/Caches/visepanda/question-staging-20260913/build/Build/Products/Debug-iphonesimulator/VisePanda.swiftmodule/arm64-apple-ios-simulator.swiftmodule

Copy /Users/jtcao/Library/Caches/visepanda/question-staging-20260913/build/Build/Products/Debug-iphonesimulator/VisePanda.swiftmodule/arm64-apple-ios-simulator.swiftdoc /Users/jtcao/Library/Caches/visepanda/question-staging-20260913/build/Build/Intermediates.noindex/VisePanda.build/Debug-iphonesimulator/VisePanda.build/Objects-normal/arm64/VisePanda.swiftdoc (in target 'VisePanda' from project 'VisePanda')
    cd /Users/jtcao/Documents/VP-V4-S2-Claim-Coverage/ios/VisePanda
    builtin-copy -exclude .DS_Store -exclude CVS -exclude .svn -exclude .git -exclude .hg -resolve-src-symlinks -rename /Users/jtcao/Library/Caches/visepanda/question-staging-20260913/build/Build/Intermediates.noindex/VisePanda.build/Debug-iphonesimulator/VisePanda.build/Objects-normal/arm64/VisePanda.swiftdoc /Users/jtcao/Library/Caches/visepanda/question-staging-20260913/build/Build/Products/Debug-iphonesimulator/VisePanda.swiftmodule/arm64-apple-ios-simulator.swiftdoc

Copy /Users/jtcao/Library/Caches/visepanda/question-staging-20260913/build/Build/Products/Debug-iphonesimulator/VisePanda.swiftmodule/arm64-apple-ios-simulator.abi.json /Users/jtcao/Library/Caches/visepanda/question-staging-20260913/build/Build/Intermediates.noindex/VisePanda.build/Debug-iphonesimulator/VisePanda.build/Objects-normal/arm64/VisePanda.abi.json (in target 'VisePanda' from project 'VisePanda')
    cd /Users/jtcao/Documents/VP-V4-S2-Claim-Coverage/ios/VisePanda
    builtin-copy -exclude .DS_Store -exclude CVS -exclude .svn -exclude .git -exclude .hg -resolve-src-symlinks -rename /Users/jtcao/Library/Caches/visepanda/question-staging-20260913/build/Build/Intermediates.noindex/VisePanda.build/Debug-iphonesimulator/VisePanda.build/Objects-normal/arm64/VisePanda.abi.json /Users/jtcao/Library/Caches/visepanda/question-staging-20260913/build/Build/Products/Debug-iphonesimulator/VisePanda.swiftmodule/arm64-apple-ios-simulator.abi.json

SwiftDriverJobDiscovery normal x86_64 Compiling TodayView.swift, AskView.swift, TripView.swift (in target 'VisePanda' from project 'VisePanda')

Copy /Users/jtcao/Library/Caches/visepanda/question-staging-20260913/build/Build/Products/Debug-iphonesimulator/VisePanda.swiftmodule/Project/x86_64-apple-ios-simulator.swiftsourceinfo /Users/jtcao/Library/Caches/visepanda/question-staging-20260913/build/Build/Intermediates.noindex/VisePanda.build/Debug-iphonesimulator/VisePanda.build/Objects-normal/x86_64/VisePanda.swiftsourceinfo (in target 'VisePanda' from project 'VisePanda')
    cd /Users/jtcao/Documents/VP-V4-S2-Claim-Coverage/ios/VisePanda
    builtin-copy -exclude .DS_Store -exclude CVS -exclude .svn -exclude .git -exclude .hg -resolve-src-symlinks -rename /Users/jtcao/Library/Caches/visepanda/question-staging-20260913/build/Build/Intermediates.noindex/VisePanda.build/Debug-iphonesimulator/VisePanda.build/Objects-normal/x86_64/VisePanda.swiftsourceinfo /Users/jtcao/Library/Caches/visepanda/question-staging-20260913/build/Build/Products/Debug-iphonesimulator/VisePanda.swiftmodule/Project/x86_64-apple-ios-simulator.swiftsourceinfo

Copy /Users/jtcao/Library/Caches/visepanda/question-staging-20260913/build/Build/Products/Debug-iphonesimulator/VisePanda.swiftmodule/Project/arm64-apple-ios-simulator.swiftsourceinfo /Users/jtcao/Library/Caches/visepanda/question-staging-20260913/build/Build/Intermediates.noindex/VisePanda.build/Debug-iphonesimulator/VisePanda.build/Objects-normal/arm64/VisePanda.swiftsourceinfo (in target 'VisePanda' from project 'VisePanda')
    cd /Users/jtcao/Documents/VP-V4-S2-Claim-Coverage/ios/VisePanda
    builtin-copy -exclude .DS_Store -exclude CVS -exclude .svn -exclude .git -exclude .hg -resolve-src-symlinks -rename /Users/jtcao/Library/Caches/visepanda/question-staging-20260913/build/Build/Intermediates.noindex/VisePanda.build/Debug-iphonesimulator/VisePanda.build/Objects-normal/arm64/VisePanda.swiftsourceinfo /Users/jtcao/Library/Caches/visepanda/question-staging-20260913/build/Build/Products/Debug-iphonesimulator/VisePanda.swiftmodule/Project/arm64-apple-ios-simulator.swiftsourceinfo

ProcessInfoPlistFile /Users/jtcao/Library/Caches/visepanda/question-staging-20260913/build/Build/Products/Debug-iphonesimulator/VisePanda.app/Info.plist /Users/jtcao/Documents/VP-V4-S2-Claim-Coverage/ios/VisePanda/VisePanda/NativeEnvironment.plist (in target 'VisePanda' from project 'VisePanda')
    cd /Users/jtcao/Documents/VP-V4-S2-Claim-Coverage/ios/VisePanda
    builtin-infoPlistUtility /Users/jtcao/Documents/VP-V4-S2-Claim-Coverage/ios/VisePanda/VisePanda/NativeEnvironment.plist -producttype com.apple.product-type.application -genpkginfo /Users/jtcao/Library/Caches/visepanda/question-staging-20260913/build/Build/Products/Debug-iphonesimulator/VisePanda.app/PkgInfo -expandbuildsettings -format binary -platform iphonesimulator -additionalcontentfile /Users/jtcao/Library/Caches/visepanda/question-staging-20260913/build/Build/Intermediates.noindex/VisePanda.build/Debug-iphonesimulator/VisePanda.build/assetcatalog_generated_info.plist -o /Users/jtcao/Library/Caches/visepanda/question-staging-20260913/build/Build/Products/Debug-iphonesimulator/VisePanda.app/Info.plist

SwiftCompile normal arm64 Compiling\ NativeAskModels.swift,\ NativeAskStore.swift,\ NativeTripModels.swift,\ NativeTripStore.swift /Users/jtcao/Documents/VP-V4-S2-Claim-Coverage/ios/VisePanda/VisePanda/Features/Ask/NativeAskModels.swift /Users/jtcao/Documents/VP-V4-S2-Claim-Coverage/ios/VisePanda/VisePanda/Features/Ask/NativeAskStore.swift /Users/jtcao/Documents/VP-V4-S2-Claim-Coverage/ios/VisePanda/VisePanda/Features/Trip/NativeTripModels.swift /Users/jtcao/Documents/VP-V4-S2-Claim-Coverage/ios/VisePanda/VisePanda/Features/Trip/NativeTripStore.swift (in target 'VisePanda' from project 'VisePanda')
SwiftCompile normal arm64 /Users/jtcao/Documents/VP-V4-S2-Claim-Coverage/ios/VisePanda/VisePanda/Features/Ask/NativeAskModels.swift (in target 'VisePanda' from project 'VisePanda')
    cd /Users/jtcao/Documents/VP-V4-S2-Claim-Coverage/ios/VisePanda
    

SwiftCompile normal arm64 /Users/jtcao/Documents/VP-V4-S2-Claim-Coverage/ios/VisePanda/VisePanda/Features/Ask/NativeAskStore.swift (in target 'VisePanda' from project 'VisePanda')
    cd /Users/jtcao/Documents/VP-V4-S2-Claim-Coverage/ios/VisePanda
    

SwiftCompile normal arm64 /Users/jtcao/Documents/VP-V4-S2-Claim-Coverage/ios/VisePanda/VisePanda/Features/Trip/NativeTripModels.swift (in target 'VisePanda' from project 'VisePanda')
    cd /Users/jtcao/Documents/VP-V4-S2-Claim-Coverage/ios/VisePanda
    

SwiftCompile normal arm64 /Users/jtcao/Documents/VP-V4-S2-Claim-Coverage/ios/VisePanda/VisePanda/Features/Trip/NativeTripStore.swift (in target 'VisePanda' from project 'VisePanda')
    cd /Users/jtcao/Documents/VP-V4-S2-Claim-Coverage/ios/VisePanda
    

SwiftCompile normal arm64 Compiling\ TodayView.swift,\ AskView.swift,\ TripView.swift /Users/jtcao/Documents/VP-V4-S2-Claim-Coverage/ios/VisePanda/VisePanda/Features/Today/TodayView.swift /Users/jtcao/Documents/VP-V4-S2-Claim-Coverage/ios/VisePanda/VisePanda/Features/Ask/AskView.swift /Users/jtcao/Documents/VP-V4-S2-Claim-Coverage/ios/VisePanda/VisePanda/Features/Trip/TripView.swift (in target 'VisePanda' from project 'VisePanda')

SwiftCompile normal arm64 /Users/jtcao/Documents/VP-V4-S2-Claim-Coverage/ios/VisePanda/VisePanda/Features/Today/TodayView.swift (in target 'VisePanda' from project 'VisePanda')
    cd /Users/jtcao/Documents/VP-V4-S2-Claim-Coverage/ios/VisePanda
    

SwiftCompile normal arm64 /Users/jtcao/Documents/VP-V4-S2-Claim-Coverage/ios/VisePanda/VisePanda/Features/Ask/AskView.swift (in target 'VisePanda' from project 'VisePanda')
    cd /Users/jtcao/Documents/VP-V4-S2-Claim-Coverage/ios/VisePanda
    

SwiftCompile normal arm64 /Users/jtcao/Documents/VP-V4-S2-Claim-Coverage/ios/VisePanda/VisePanda/Features/Trip/TripView.swift (in target 'VisePanda' from project 'VisePanda')
    cd /Users/jtcao/Documents/VP-V4-S2-Claim-Coverage/ios/VisePanda
    

SwiftDriverJobDiscovery normal x86_64 Compiling BrandHeader.swift, PreviewStatusBanner.swift, CapabilityCard.swift (in target 'VisePanda' from project 'VisePanda')

SwiftCompile normal arm64 Compiling\ AppSettings.swift,\ AppShellView.swift,\ AppTab.swift /Users/jtcao/Documents/VP-V4-S2-Claim-Coverage/ios/VisePanda/VisePanda/App/AppSettings.swift /Users/jtcao/Documents/VP-V4-S2-Claim-Coverage/ios/VisePanda/VisePanda/App/AppShellView.swift /Users/jtcao/Documents/VP-V4-S2-Claim-Coverage/ios/VisePanda/VisePanda/Navigation/AppTab.swift (in target 'VisePanda' from project 'VisePanda')

SwiftCompile normal arm64 /Users/jtcao/Documents/VP-V4-S2-Claim-Coverage/ios/VisePanda/VisePanda/App/AppSettings.swift (in target 'VisePanda' from project 'VisePanda')
    cd /Users/jtcao/Documents/VP-V4-S2-Claim-Coverage/ios/VisePanda
    

SwiftCompile normal arm64 /Users/jtcao/Documents/VP-V4-S2-Claim-Coverage/ios/VisePanda/VisePanda/App/AppShellView.swift (in target 'VisePanda' from project 'VisePanda')
    cd /Users/jtcao/Documents/VP-V4-S2-Claim-Coverage/ios/VisePanda
    

SwiftCompile normal arm64 /Users/jtcao/Documents/VP-V4-S2-Claim-Coverage/ios/VisePanda/VisePanda/Navigation/AppTab.swift (in target 'VisePanda' from project 'VisePanda')
    cd /Users/jtcao/Documents/VP-V4-S2-Claim-Coverage/ios/VisePanda
    

SwiftCompile normal arm64 Compiling\ ExploreView.swift,\ ProfileView.swift,\ GeneratedAssetSymbols.swift /Users/jtcao/Documents/VP-V4-S2-Claim-Coverage/ios/VisePanda/VisePanda/Features/Explore/ExploreView.swift /Users/jtcao/Documents/VP-V4-S2-Claim-Coverage/ios/VisePanda/VisePanda/Features/Profile/ProfileView.swift /Users/jtcao/Library/Caches/visepanda/question-staging-20260913/build/Build/Intermediates.noindex/VisePanda.build/Debug-iphonesimulator/VisePanda.build/DerivedSources/GeneratedAssetSymbols.swift (in target 'VisePanda' from project 'VisePanda')

SwiftCompile normal arm64 /Users/jtcao/Documents/VP-V4-S2-Claim-Coverage/ios/VisePanda/VisePanda/Features/Explore/ExploreView.swift (in target 'VisePanda' from project 'VisePanda')
    cd /Users/jtcao/Documents/VP-V4-S2-Claim-Coverage/ios/VisePanda
    

SwiftCompile normal arm64 /Users/jtcao/Documents/VP-V4-S2-Claim-Coverage/ios/VisePanda/VisePanda/Features/Profile/ProfileView.swift (in target 'VisePanda' from project 'VisePanda')
    cd /Users/jtcao/Documents/VP-V4-S2-Claim-Coverage/ios/VisePanda
    

SwiftCompile normal arm64 /Users/jtcao/Library/Caches/visepanda/question-staging-20260913/build/Build/Intermediates.noindex/VisePanda.build/Debug-iphonesimulator/VisePanda.build/DerivedSources/GeneratedAssetSymbols.swift (in target 'VisePanda' from project 'VisePanda')
    cd /Users/jtcao/Documents/VP-V4-S2-Claim-Coverage/ios/VisePanda
    

SwiftDriverJobDiscovery normal x86_64 Compiling ExploreView.swift, ProfileView.swift, GeneratedAssetSymbols.swift (in target 'VisePanda' from project 'VisePanda')

SwiftCompile normal arm64 Compiling\ NativeTripView.swift,\ NativeSession.swift,\ VisePandaApp.swift /Users/jtcao/Documents/VP-V4-S2-Claim-Coverage/ios/VisePanda/VisePanda/Features/Trip/NativeTripView.swift /Users/jtcao/Documents/VP-V4-S2-Claim-Coverage/ios/VisePanda/VisePanda/App/NativeSession.swift /Users/jtcao/Documents/VP-V4-S2-Claim-Coverage/ios/VisePanda/VisePanda/App/VisePandaApp.swift (in target 'VisePanda' from project 'VisePanda')

SwiftCompile normal arm64 /Users/jtcao/Documents/VP-V4-S2-Claim-Coverage/ios/VisePanda/VisePanda/Features/Trip/NativeTripView.swift (in target 'VisePanda' from project 'VisePanda')
    cd /Users/jtcao/Documents/VP-V4-S2-Claim-Coverage/ios/VisePanda
    

SwiftCompile normal arm64 /Users/jtcao/Documents/VP-V4-S2-Claim-Coverage/ios/VisePanda/VisePanda/App/NativeSession.swift (in target 'VisePanda' from project 'VisePanda')
    cd /Users/jtcao/Documents/VP-V4-S2-Claim-Coverage/ios/VisePanda
    

SwiftCompile normal arm64 /Users/jtcao/Documents/VP-V4-S2-Claim-Coverage/ios/VisePanda/VisePanda/App/VisePandaApp.swift (in target 'VisePanda' from project 'VisePanda')
    cd /Users/jtcao/Documents/VP-V4-S2-Claim-Coverage/ios/VisePanda
    

SwiftDriverJobDiscovery normal x86_64 Compiling NativeTripView.swift, NativeSession.swift, VisePandaApp.swift (in target 'VisePanda' from project 'VisePanda')

SwiftCompile normal arm64 Compiling\ BrandHeader.swift,\ PreviewStatusBanner.swift,\ CapabilityCard.swift /Users/jtcao/Documents/VP-V4-S2-Claim-Coverage/ios/VisePanda/VisePanda/Components/BrandHeader.swift /Users/jtcao/Documents/VP-V4-S2-Claim-Coverage/ios/VisePanda/VisePanda/Components/PreviewStatusBanner.swift /Users/jtcao/Documents/VP-V4-S2-Claim-Coverage/ios/VisePanda/VisePanda/Components/CapabilityCard.swift (in target 'VisePanda' from project 'VisePanda')

SwiftCompile normal arm64 /Users/jtcao/Documents/VP-V4-S2-Claim-Coverage/ios/VisePanda/VisePanda/Components/BrandHeader.swift (in target 'VisePanda' from project 'VisePanda')
    cd /Users/jtcao/Documents/VP-V4-S2-Claim-Coverage/ios/VisePanda
    

SwiftCompile normal arm64 /Users/jtcao/Documents/VP-V4-S2-Claim-Coverage/ios/VisePanda/VisePanda/Components/PreviewStatusBanner.swift (in target 'VisePanda' from project 'VisePanda')
    cd /Users/jtcao/Documents/VP-V4-S2-Claim-Coverage/ios/VisePanda
    

SwiftCompile normal arm64 /Users/jtcao/Documents/VP-V4-S2-Claim-Coverage/ios/VisePanda/VisePanda/Components/CapabilityCard.swift (in target 'VisePanda' from project 'VisePanda')
    cd /Users/jtcao/Documents/VP-V4-S2-Claim-Coverage/ios/VisePanda
    

SwiftDriverJobDiscovery normal x86_64 Compiling NativeKnowledgeModels.swift, NativeKnowledgeStore.swift, NativeKnowledgeView.swift, NativeAskView.swift (in target 'VisePanda' from project 'VisePanda')

SwiftCompile normal x86_64 Compiling\ AppRoute.swift,\ Capability.swift,\ VisePandaTheme.swift /Users/jtcao/Documents/VP-V4-S2-Claim-Coverage/ios/VisePanda/VisePanda/Navigation/AppRoute.swift /Users/jtcao/Documents/VP-V4-S2-Claim-Coverage/ios/VisePanda/VisePanda/Navigation/Capability.swift /Users/jtcao/Documents/VP-V4-S2-Claim-Coverage/ios/VisePanda/VisePanda/DesignSystem/VisePandaTheme.swift (in target 'VisePanda' from project 'VisePanda')

SwiftCompile normal x86_64 /Users/jtcao/Documents/VP-V4-S2-Claim-Coverage/ios/VisePanda/VisePanda/Navigation/AppRoute.swift (in target 'VisePanda' from project 'VisePanda')
    cd /Users/jtcao/Documents/VP-V4-S2-Claim-Coverage/ios/VisePanda
    

SwiftCompile normal x86_64 /Users/jtcao/Documents/VP-V4-S2-Claim-Coverage/ios/VisePanda/VisePanda/Navigation/Capability.swift (in target 'VisePanda' from project 'VisePanda')
    cd /Users/jtcao/Documents/VP-V4-S2-Claim-Coverage/ios/VisePanda
    

SwiftCompile normal x86_64 /Users/jtcao/Documents/VP-V4-S2-Claim-Coverage/ios/VisePanda/VisePanda/DesignSystem/VisePandaTheme.swift (in target 'VisePanda' from project 'VisePanda')
    cd /Users/jtcao/Documents/VP-V4-S2-Claim-Coverage/ios/VisePanda
    

SwiftDriverJobDiscovery normal arm64 Compiling ExploreView.swift, ProfileView.swift, GeneratedAssetSymbols.swift (in target 'VisePanda' from project 'VisePanda')

SwiftCompile normal x86_64 Compiling\ AppSettings.swift,\ AppShellView.swift,\ AppTab.swift /Users/jtcao/Documents/VP-V4-S2-Claim-Coverage/ios/VisePanda/VisePanda/App/AppSettings.swift /Users/jtcao/Documents/VP-V4-S2-Claim-Coverage/ios/VisePanda/VisePanda/App/AppShellView.swift /Users/jtcao/Documents/VP-V4-S2-Claim-Coverage/ios/VisePanda/VisePanda/Navigation/AppTab.swift (in target 'VisePanda' from project 'VisePanda')

SwiftCompile normal x86_64 /Users/jtcao/Documents/VP-V4-S2-Claim-Coverage/ios/VisePanda/VisePanda/App/AppSettings.swift (in target 'VisePanda' from project 'VisePanda')
    cd /Users/jtcao/Documents/VP-V4-S2-Claim-Coverage/ios/VisePanda
    

SwiftCompile normal x86_64 /Users/jtcao/Documents/VP-V4-S2-Claim-Coverage/ios/VisePanda/VisePanda/App/AppShellView.swift (in target 'VisePanda' from project 'VisePanda')
    cd /Users/jtcao/Documents/VP-V4-S2-Claim-Coverage/ios/VisePanda
    

SwiftCompile normal x86_64 /Users/jtcao/Documents/VP-V4-S2-Claim-Coverage/ios/VisePanda/VisePanda/Navigation/AppTab.swift (in target 'VisePanda' from project 'VisePanda')
    cd /Users/jtcao/Documents/VP-V4-S2-Claim-Coverage/ios/VisePanda
    

SwiftDriverJobDiscovery normal arm64 Compiling AppRoute.swift, Capability.swift, VisePandaTheme.swift (in target 'VisePanda' from project 'VisePanda')

SwiftDriverJobDiscovery normal arm64 Compiling NativeKnowledgeModels.swift, NativeKnowledgeStore.swift, NativeKnowledgeView.swift, NativeAskView.swift (in target 'VisePanda' from project 'VisePanda')

SwiftDriverJobDiscovery normal arm64 Compiling BrandHeader.swift, PreviewStatusBanner.swift, CapabilityCard.swift (in target 'VisePanda' from project 'VisePanda')

SwiftDriverJobDiscovery normal arm64 Compiling AppSettings.swift, AppShellView.swift, AppTab.swift (in target 'VisePanda' from project 'VisePanda')

SwiftDriverJobDiscovery normal arm64 Compiling TodayView.swift, AskView.swift, TripView.swift (in target 'VisePanda' from project 'VisePanda')

SwiftDriverJobDiscovery normal x86_64 Compiling AppRoute.swift, Capability.swift, VisePandaTheme.swift (in target 'VisePanda' from project 'VisePanda')

SwiftDriverJobDiscovery normal x86_64 Compiling AppSettings.swift, AppShellView.swift, AppTab.swift (in target 'VisePanda' from project 'VisePanda')

SwiftDriver\ Compilation VisePanda normal x86_64 com.apple.xcode.tools.swift.compiler (in target 'VisePanda' from project 'VisePanda')
    cd /Users/jtcao/Documents/VP-V4-S2-Claim-Coverage/ios/VisePanda
    builtin-Swift-Compilation -- /Applications/Xcode.app/Contents/Developer/Toolchains/XcodeDefault.xctoolchain/usr/bin/swiftc -module-name VisePanda -Onone @/Users/jtcao/Library/Caches/visepanda/question-staging-20260913/build/Build/Intermediates.noindex/VisePanda.build/Debug-iphonesimulator/VisePanda.build/Objects-normal/x86_64/VisePanda.SwiftFileList -DDEBUG -default-isolation\=MainActor -enable-upcoming-feature InferIsolatedConformances -enable-upcoming-feature NonisolatedNonsendingByDefault -enable-experimental-feature DebugDescriptionMacro -sdk /Applications/Xcode.app/Contents/Developer/Platforms/iPhoneSimulator.platform/Developer/SDKs/iPhoneSimulator26.5.sdk -target x86_64-apple-ios17.0-simulator -g -module-cache-path /Users/jtcao/Library/Caches/visepanda/question-staging-20260913/build/ModuleCache.noindex -Xfrontend -serialize-debugging-options -enable-testing -index-store-path /Users/jtcao/Library/Caches/visepanda/question-staging-20260913/build/Index.noindex/DataStore -Xcc -D_LIBCPP_HARDENING_MODE\=_LIBCPP_HARDENING_MODE_DEBUG -swift-version 6 -I /Users/jtcao/Library/Caches/visepanda/question-staging-20260913/build/Build/Products/Debug-iphonesimulator -F /Users/jtcao/Library/Caches/visepanda/question-staging-20260913/build/Build/Products/Debug-iphonesimulator -c -j8 -enable-batch-mode -incremental -Xcc -ivfsstatcache -Xcc /Users/jtcao/Library/Caches/visepanda/question-staging-20260913/build/SDKStatCaches.noindex/iphonesimulator26.5-23F81a-6cfe768891a92b912361537c460fe42b.sdkstatcache -output-file-map /Users/jtcao/Library/Caches/visepanda/question-staging-20260913/build/Build/Intermediates.noindex/VisePanda.build/Debug-iphonesimulator/VisePanda.build/Objects-normal/x86_64/VisePanda-OutputFileMap.json -use-frontend-parseable-output -save-temps -no-color-diagnostics -explicit-module-build -module-cache-path /Users/jtcao/Library/Caches/visepanda/question-staging-20260913/build/Build/Intermediates.noindex/SwiftExplicitPrecompiledModules -clang-scanner-module-cache-path /Users/jtcao/Library/Caches/visepanda/question-staging-20260913/build/ModuleCache.noindex -sdk-module-cache-path /Users/jtcao/Library/Caches/visepanda/question-staging-20260913/build/ModuleCache.noindex -serialize-diagnostics -emit-dependencies -emit-module -emit-module-path /Users/jtcao/Library/Caches/visepanda/question-staging-20260913/build/Build/Intermediates.noindex/VisePanda.build/Debug-iphonesimulator/VisePanda.build/Objects-normal/x86_64/VisePanda.swiftmodule -validate-clang-modules-once -clang-build-session-file /Users/jtcao/Library/Caches/visepanda/question-staging-20260913/build/ModuleCache.noindex/Session.modulevalidation -Xcc -I/Users/jtcao/Library/Caches/visepanda/question-staging-20260913/build/Build/Intermediates.noindex/VisePanda.build/Debug-iphonesimulator/VisePanda.build/swift-overrides.hmap -emit-const-values -Xfrontend -const-gather-protocols-file -Xfrontend /Users/jtcao/Library/Caches/visepanda/question-staging-20260913/build/Build/Intermediates.noindex/VisePanda.build/Debug-iphonesimulator/VisePanda.build/Objects-normal/x86_64/VisePanda_const_extract_protocols.json -Xcc -iquote -Xcc /Users/jtcao/Library/Caches/visepanda/question-staging-20260913/build/Build/Intermediates.noindex/VisePanda.build/Debug-iphonesimulator/VisePanda.build/VisePanda-generated-files.hmap -Xcc -I/Users/jtcao/Library/Caches/visepanda/question-staging-20260913/build/Build/Intermediates.noindex/VisePanda.build/Debug-iphonesimulator/VisePanda.build/VisePanda-own-target-headers.hmap -Xcc -I/Users/jtcao/Library/Caches/visepanda/question-staging-20260913/build/Build/Intermediates.noindex/VisePanda.build/Debug-iphonesimulator/VisePanda.build/VisePanda-all-target-headers.hmap -Xcc -iquote -Xcc /Users/jtcao/Library/Caches/visepanda/question-staging-20260913/build/Build/Intermediates.noindex/VisePanda.build/Debug-iphonesimulator/VisePanda.build/VisePanda-project-headers.hmap -Xcc -I/Users/jtcao/Library/Caches/visepanda/question-staging-20260913/build/Build/Products/Debug-iphonesimulator/include -Xcc -I/Users/jtcao/Library/Caches/visepanda/question-staging-20260913/build/Build/Intermediates.noindex/VisePanda.build/Debug-iphonesimulator/VisePanda.build/DerivedSources-normal/x86_64 -Xcc -I/Users/jtcao/Library/Caches/visepanda/question-staging-20260913/build/Build/Intermediates.noindex/VisePanda.build/Debug-iphonesimulator/VisePanda.build/DerivedSources/x86_64 -Xcc -I/Users/jtcao/Library/Caches/visepanda/question-staging-20260913/build/Build/Intermediates.noindex/VisePanda.build/Debug-iphonesimulator/VisePanda.build/DerivedSources -emit-objc-header -emit-objc-header-path /Users/jtcao/Library/Caches/visepanda/question-staging-20260913/build/Build/Intermediates.noindex/VisePanda.build/Debug-iphonesimulator/VisePanda.build/Objects-normal/x86_64/VisePanda-Swift.h -working-directory /Users/jtcao/Documents/VP-V4-S2-Claim-Coverage/ios/VisePanda -experimental-emit-module-separately -disable-cmo

Ld /Users/jtcao/Library/Caches/visepanda/question-staging-20260913/build/Build/Intermediates.noindex/VisePanda.build/Debug-iphonesimulator/VisePanda.build/Objects-normal/x86_64/Binary/VisePanda.debug.dylib normal x86_64 (in target 'VisePanda' from project 'VisePanda')
    cd /Users/jtcao/Documents/VP-V4-S2-Claim-Coverage/ios/VisePanda
    /Applications/Xcode.app/Contents/Developer/Toolchains/XcodeDefault.xctoolchain/usr/bin/clang -Xlinker -reproducible -target x86_64-apple-ios17.0-simulator -dynamiclib -isysroot /Applications/Xcode.app/Contents/Developer/Platforms/iPhoneSimulator.platform/Developer/SDKs/iPhoneSimulator26.5.sdk -O0 -L/Users/jtcao/Library/Caches/visepanda/question-staging-20260913/build/Build/Intermediates.noindex/EagerLinkingTBDs/Debug-iphonesimulator -L/Users/jtcao/Library/Caches/visepanda/question-staging-20260913/build/Build/Products/Debug-iphonesimulator -F/Users/jtcao/Library/Caches/visepanda/question-staging-20260913/build/Build/Intermediates.noindex/EagerLinkingTBDs/Debug-iphonesimulator -F/Users/jtcao/Library/Caches/visepanda/question-staging-20260913/build/Build/Products/Debug-iphonesimulator -filelist /Users/jtcao/Library/Caches/visepanda/question-staging-20260913/build/Build/Intermediates.noindex/VisePanda.build/Debug-iphonesimulator/VisePanda.build/Objects-normal/x86_64/VisePanda.LinkFileList -install_name @rpath/VisePanda.debug.dylib -Xlinker -rpath -Xlinker /usr/lib/swift -Xlinker -dead_strip -Xlinker -object_path_lto -Xlinker /Users/jtcao/Library/Caches/visepanda/question-staging-20260913/build/Build/Intermediates.noindex/VisePanda.build/Debug-iphonesimulator/VisePanda.build/Objects-normal/x86_64/VisePanda_lto.o -rdynamic -Xlinker -no_deduplicate -Xlinker -objc_abi_version -Xlinker 2 -Xlinker -dependency_info -Xlinker /Users/jtcao/Library/Caches/visepanda/question-staging-20260913/build/Build/Intermediates.noindex/VisePanda.build/Debug-iphonesimulator/VisePanda.build/Objects-normal/x86_64/VisePanda_dependency_info.dat -fobjc-link-runtime -L/Applications/Xcode.app/Contents/Developer/Toolchains/XcodeDefault.xctoolchain/usr/lib/swift/iphonesimulator -L/usr/lib/swift -Xlinker -add_ast_path -Xlinker /Users/jtcao/Library/Caches/visepanda/question-staging-20260913/build/Build/Intermediates.noindex/VisePanda.build/Debug-iphonesimulator/VisePanda.build/Objects-normal/x86_64/VisePanda.swiftmodule @/Users/jtcao/Library/Caches/visepanda/question-staging-20260913/build/Build/Intermediates.noindex/VisePanda.build/Debug-iphonesimulator/VisePanda.build/Objects-normal/x86_64/VisePanda-linker-args.resp -Xlinker -alias -Xlinker _main -Xlinker ___debug_main_executable_dylib_entry_point -Xlinker -no_adhoc_codesign -o /Users/jtcao/Library/Caches/visepanda/question-staging-20260913/build/Build/Intermediates.noindex/VisePanda.build/Debug-iphonesimulator/VisePanda.build/Objects-normal/x86_64/Binary/VisePanda.debug.dylib

ConstructStubExecutorLinkFileList /Users/jtcao/Library/Caches/visepanda/question-staging-20260913/build/Build/Intermediates.noindex/VisePanda.build/Debug-iphonesimulator/VisePanda.build/VisePanda-ExecutorLinkFileList-normal-x86_64.txt (in target 'VisePanda' from project 'VisePanda')
    cd /Users/jtcao/Documents/VP-V4-S2-Claim-Coverage/ios/VisePanda
    construct-stub-executor-link-file-list /Users/jtcao/Library/Caches/visepanda/question-staging-20260913/build/Build/Intermediates.noindex/VisePanda.build/Debug-iphonesimulator/VisePanda.build/Objects-normal/x86_64/Binary/VisePanda.debug.dylib /Applications/Xcode.app/Contents/Developer/Platforms/iPhoneSimulator.platform/Developer/usr/lib/libPreviewsJITStubExecutor_no_swift_entry_point.a /Applications/Xcode.app/Contents/Developer/Platforms/iPhoneSimulator.platform/Developer/usr/lib/libPreviewsJITStubExecutor.a --output /Users/jtcao/Library/Caches/visepanda/question-staging-20260913/build/Build/Intermediates.noindex/VisePanda.build/Debug-iphonesimulator/VisePanda.build/VisePanda-ExecutorLinkFileList-normal-x86_64.txt
note: Using stub executor library with Swift entry point. (in target 'VisePanda' from project 'VisePanda')

Ld /Users/jtcao/Library/Caches/visepanda/question-staging-20260913/build/Build/Intermediates.noindex/VisePanda.build/Debug-iphonesimulator/VisePanda.build/Objects-normal/x86_64/Binary/VisePanda normal x86_64 (in target 'VisePanda' from project 'VisePanda')
    cd /Users/jtcao/Documents/VP-V4-S2-Claim-Coverage/ios/VisePanda
    /Applications/Xcode.app/Contents/Developer/Toolchains/XcodeDefault.xctoolchain/usr/bin/clang -Xlinker -reproducible -target x86_64-apple-ios17.0-simulator -isysroot /Applications/Xcode.app/Contents/Developer/Platforms/iPhoneSimulator.platform/Developer/SDKs/iPhoneSimulator26.5.sdk -O0 -L/Users/jtcao/Library/Caches/visepanda/question-staging-20260913/build/Build/Products/Debug-iphonesimulator -F/Users/jtcao/Library/Caches/visepanda/question-staging-20260913/build/Build/Products/Debug-iphonesimulator -Xlinker -rpath -Xlinker @executable_path -rdynamic -Xlinker -no_deduplicate -Xlinker -objc_abi_version -Xlinker 2 -e ___debug_blank_executor_main -Xlinker -sectcreate -Xlinker __TEXT -Xlinker __debug_dylib -Xlinker /Users/jtcao/Library/Caches/visepanda/question-staging-20260913/build/Build/Intermediates.noindex/VisePanda.build/Debug-iphonesimulator/VisePanda.build/VisePanda-DebugDylibPath-normal-x86_64.txt -Xlinker -sectcreate -Xlinker __TEXT -Xlinker __debug_instlnm -Xlinker /Users/jtcao/Library/Caches/visepanda/question-staging-20260913/build/Build/Intermediates.noindex/VisePanda.build/Debug-iphonesimulator/VisePanda.build/VisePanda-DebugDylibInstallName-normal-x86_64.txt -Xlinker -filelist -Xlinker /Users/jtcao/Library/Caches/visepanda/question-staging-20260913/build/Build/Intermediates.noindex/VisePanda.build/Debug-iphonesimulator/VisePanda.build/VisePanda-ExecutorLinkFileList-normal-x86_64.txt -Xlinker -sectcreate -Xlinker __TEXT -Xlinker __entitlements -Xlinker /Users/jtcao/Library/Caches/visepanda/question-staging-20260913/build/Build/Intermediates.noindex/VisePanda.build/Debug-iphonesimulator/VisePanda.build/VisePanda.app-Simulated.xcent -Xlinker -sectcreate -Xlinker __TEXT -Xlinker __ents_der -Xlinker /Users/jtcao/Library/Caches/visepanda/question-staging-20260913/build/Build/Intermediates.noindex/VisePanda.build/Debug-iphonesimulator/VisePanda.build/VisePanda.app-Simulated.xcent.der /Users/jtcao/Library/Caches/visepanda/question-staging-20260913/build/Build/Intermediates.noindex/VisePanda.build/Debug-iphonesimulator/VisePanda.build/Objects-normal/x86_64/Binary/VisePanda.debug.dylib -Xlinker -no_adhoc_codesign -o /Users/jtcao/Library/Caches/visepanda/question-staging-20260913/build/Build/Intermediates.noindex/VisePanda.build/Debug-iphonesimulator/VisePanda.build/Objects-normal/x86_64/Binary/VisePanda

SwiftDriverJobDiscovery normal arm64 Compiling NativeTripView.swift, NativeSession.swift, VisePandaApp.swift (in target 'VisePanda' from project 'VisePanda')

SwiftDriverJobDiscovery normal arm64 Compiling NativeAskModels.swift, NativeAskStore.swift, NativeTripModels.swift, NativeTripStore.swift (in target 'VisePanda' from project 'VisePanda')

SwiftDriver\ Compilation VisePanda normal arm64 com.apple.xcode.tools.swift.compiler (in target 'VisePanda' from project 'VisePanda')
    cd /Users/jtcao/Documents/VP-V4-S2-Claim-Coverage/ios/VisePanda
    builtin-Swift-Compilation -- /Applications/Xcode.app/Contents/Developer/Toolchains/XcodeDefault.xctoolchain/usr/bin/swiftc -module-name VisePanda -Onone @/Users/jtcao/Library/Caches/visepanda/question-staging-20260913/build/Build/Intermediates.noindex/VisePanda.build/Debug-iphonesimulator/VisePanda.build/Objects-normal/arm64/VisePanda.SwiftFileList -DDEBUG -default-isolation\=MainActor -enable-upcoming-feature InferIsolatedConformances -enable-upcoming-feature NonisolatedNonsendingByDefault -enable-experimental-feature DebugDescriptionMacro -sdk /Applications/Xcode.app/Contents/Developer/Platforms/iPhoneSimulator.platform/Developer/SDKs/iPhoneSimulator26.5.sdk -target arm64-apple-ios17.0-simulator -g -module-cache-path /Users/jtcao/Library/Caches/visepanda/question-staging-20260913/build/ModuleCache.noindex -Xfrontend -serialize-debugging-options -enable-testing -index-store-path /Users/jtcao/Library/Caches/visepanda/question-staging-20260913/build/Index.noindex/DataStore -Xcc -D_LIBCPP_HARDENING_MODE\=_LIBCPP_HARDENING_MODE_DEBUG -swift-version 6 -I /Users/jtcao/Library/Caches/visepanda/question-staging-20260913/build/Build/Products/Debug-iphonesimulator -F /Users/jtcao/Library/Caches/visepanda/question-staging-20260913/build/Build/Products/Debug-iphonesimulator -c -j8 -enable-batch-mode -incremental -Xcc -ivfsstatcache -Xcc /Users/jtcao/Library/Caches/visepanda/question-staging-20260913/build/SDKStatCaches.noindex/iphonesimulator26.5-23F81a-6cfe768891a92b912361537c460fe42b.sdkstatcache -output-file-map /Users/jtcao/Library/Caches/visepanda/question-staging-20260913/build/Build/Intermediates.noindex/VisePanda.build/Debug-iphonesimulator/VisePanda.build/Objects-normal/arm64/VisePanda-OutputFileMap.json -use-frontend-parseable-output -save-temps -no-color-diagnostics -explicit-module-build -module-cache-path /Users/jtcao/Library/Caches/visepanda/question-staging-20260913/build/Build/Intermediates.noindex/SwiftExplicitPrecompiledModules -clang-scanner-module-cache-path /Users/jtcao/Library/Caches/visepanda/question-staging-20260913/build/ModuleCache.noindex -sdk-module-cache-path /Users/jtcao/Library/Caches/visepanda/question-staging-20260913/build/ModuleCache.noindex -serialize-diagnostics -emit-dependencies -emit-module -emit-module-path /Users/jtcao/Library/Caches/visepanda/question-staging-20260913/build/Build/Intermediates.noindex/VisePanda.build/Debug-iphonesimulator/VisePanda.build/Objects-normal/arm64/VisePanda.swiftmodule -validate-clang-modules-once -clang-build-session-file /Users/jtcao/Library/Caches/visepanda/question-staging-20260913/build/ModuleCache.noindex/Session.modulevalidation -Xcc -I/Users/jtcao/Library/Caches/visepanda/question-staging-20260913/build/Build/Intermediates.noindex/VisePanda.build/Debug-iphonesimulator/VisePanda.build/swift-overrides.hmap -emit-const-values -Xfrontend -const-gather-protocols-file -Xfrontend /Users/jtcao/Library/Caches/visepanda/question-staging-20260913/build/Build/Intermediates.noindex/VisePanda.build/Debug-iphonesimulator/VisePanda.build/Objects-normal/arm64/VisePanda_const_extract_protocols.json -Xcc -iquote -Xcc /Users/jtcao/Library/Caches/visepanda/question-staging-20260913/build/Build/Intermediates.noindex/VisePanda.build/Debug-iphonesimulator/VisePanda.build/VisePanda-generated-files.hmap -Xcc -I/Users/jtcao/Library/Caches/visepanda/question-staging-20260913/build/Build/Intermediates.noindex/VisePanda.build/Debug-iphonesimulator/VisePanda.build/VisePanda-own-target-headers.hmap -Xcc -I/Users/jtcao/Library/Caches/visepanda/question-staging-20260913/build/Build/Intermediates.noindex/VisePanda.build/Debug-iphonesimulator/VisePanda.build/VisePanda-all-target-headers.hmap -Xcc -iquote -Xcc /Users/jtcao/Library/Caches/visepanda/question-staging-20260913/build/Build/Intermediates.noindex/VisePanda.build/Debug-iphonesimulator/VisePanda.build/VisePanda-project-headers.hmap -Xcc -I/Users/jtcao/Library/Caches/visepanda/question-staging-20260913/build/Build/Products/Debug-iphonesimulator/include -Xcc -I/Users/jtcao/Library/Caches/visepanda/question-staging-20260913/build/Build/Intermediates.noindex/VisePanda.build/Debug-iphonesimulator/VisePanda.build/DerivedSources-normal/arm64 -Xcc -I/Users/jtcao/Library/Caches/visepanda/question-staging-20260913/build/Build/Intermediates.noindex/VisePanda.build/Debug-iphonesimulator/VisePanda.build/DerivedSources/arm64 -Xcc -I/Users/jtcao/Library/Caches/visepanda/question-staging-20260913/build/Build/Intermediates.noindex/VisePanda.build/Debug-iphonesimulator/VisePanda.build/DerivedSources -emit-objc-header -emit-objc-header-path /Users/jtcao/Library/Caches/visepanda/question-staging-20260913/build/Build/Intermediates.noindex/VisePanda.build/Debug-iphonesimulator/VisePanda.build/Objects-normal/arm64/VisePanda-Swift.h -working-directory /Users/jtcao/Documents/VP-V4-S2-Claim-Coverage/ios/VisePanda -experimental-emit-module-separately -disable-cmo

Ld /Users/jtcao/Library/Caches/visepanda/question-staging-20260913/build/Build/Intermediates.noindex/VisePanda.build/Debug-iphonesimulator/VisePanda.build/Objects-normal/arm64/Binary/VisePanda.debug.dylib normal arm64 (in target 'VisePanda' from project 'VisePanda')
    cd /Users/jtcao/Documents/VP-V4-S2-Claim-Coverage/ios/VisePanda
    /Applications/Xcode.app/Contents/Developer/Toolchains/XcodeDefault.xctoolchain/usr/bin/clang -Xlinker -reproducible -target arm64-apple-ios17.0-simulator -dynamiclib -isysroot /Applications/Xcode.app/Contents/Developer/Platforms/iPhoneSimulator.platform/Developer/SDKs/iPhoneSimulator26.5.sdk -O0 -L/Users/jtcao/Library/Caches/visepanda/question-staging-20260913/build/Build/Intermediates.noindex/EagerLinkingTBDs/Debug-iphonesimulator -L/Users/jtcao/Library/Caches/visepanda/question-staging-20260913/build/Build/Products/Debug-iphonesimulator -F/Users/jtcao/Library/Caches/visepanda/question-staging-20260913/build/Build/Intermediates.noindex/EagerLinkingTBDs/Debug-iphonesimulator -F/Users/jtcao/Library/Caches/visepanda/question-staging-20260913/build/Build/Products/Debug-iphonesimulator -filelist /Users/jtcao/Library/Caches/visepanda/question-staging-20260913/build/Build/Intermediates.noindex/VisePanda.build/Debug-iphonesimulator/VisePanda.build/Objects-normal/arm64/VisePanda.LinkFileList -install_name @rpath/VisePanda.debug.dylib -Xlinker -rpath -Xlinker /usr/lib/swift -Xlinker -dead_strip -Xlinker -object_path_lto -Xlinker /Users/jtcao/Library/Caches/visepanda/question-staging-20260913/build/Build/Intermediates.noindex/VisePanda.build/Debug-iphonesimulator/VisePanda.build/Objects-normal/arm64/VisePanda_lto.o -rdynamic -Xlinker -no_deduplicate -Xlinker -objc_abi_version -Xlinker 2 -Xlinker -dependency_info -Xlinker /Users/jtcao/Library/Caches/visepanda/question-staging-20260913/build/Build/Intermediates.noindex/VisePanda.build/Debug-iphonesimulator/VisePanda.build/Objects-normal/arm64/VisePanda_dependency_info.dat -fobjc-link-runtime -L/Applications/Xcode.app/Contents/Developer/Toolchains/XcodeDefault.xctoolchain/usr/lib/swift/iphonesimulator -L/usr/lib/swift -Xlinker -add_ast_path -Xlinker /Users/jtcao/Library/Caches/visepanda/question-staging-20260913/build/Build/Intermediates.noindex/VisePanda.build/Debug-iphonesimulator/VisePanda.build/Objects-normal/arm64/VisePanda.swiftmodule @/Users/jtcao/Library/Caches/visepanda/question-staging-20260913/build/Build/Intermediates.noindex/VisePanda.build/Debug-iphonesimulator/VisePanda.build/Objects-normal/arm64/VisePanda-linker-args.resp -Xlinker -alias -Xlinker _main -Xlinker ___debug_main_executable_dylib_entry_point -Xlinker -no_adhoc_codesign -o /Users/jtcao/Library/Caches/visepanda/question-staging-20260913/build/Build/Intermediates.noindex/VisePanda.build/Debug-iphonesimulator/VisePanda.build/Objects-normal/arm64/Binary/VisePanda.debug.dylib

ConstructStubExecutorLinkFileList /Users/jtcao/Library/Caches/visepanda/question-staging-20260913/build/Build/Intermediates.noindex/VisePanda.build/Debug-iphonesimulator/VisePanda.build/VisePanda-ExecutorLinkFileList-normal-arm64.txt (in target 'VisePanda' from project 'VisePanda')
    cd /Users/jtcao/Documents/VP-V4-S2-Claim-Coverage/ios/VisePanda
    construct-stub-executor-link-file-list /Users/jtcao/Library/Caches/visepanda/question-staging-20260913/build/Build/Intermediates.noindex/VisePanda.build/Debug-iphonesimulator/VisePanda.build/Objects-normal/arm64/Binary/VisePanda.debug.dylib /Applications/Xcode.app/Contents/Developer/Platforms/iPhoneSimulator.platform/Developer/usr/lib/libPreviewsJITStubExecutor_no_swift_entry_point.a /Applications/Xcode.app/Contents/Developer/Platforms/iPhoneSimulator.platform/Developer/usr/lib/libPreviewsJITStubExecutor.a --output /Users/jtcao/Library/Caches/visepanda/question-staging-20260913/build/Build/Intermediates.noindex/VisePanda.build/Debug-iphonesimulator/VisePanda.build/VisePanda-ExecutorLinkFileList-normal-arm64.txt
note: Using stub executor library with Swift entry point. (in target 'VisePanda' from project 'VisePanda')

CreateUniversalBinary /Users/jtcao/Library/Caches/visepanda/question-staging-20260913/build/Build/Products/Debug-iphonesimulator/VisePanda.app/VisePanda.debug.dylib normal arm64\ x86_64 (in target 'VisePanda' from project 'VisePanda')
    cd /Users/jtcao/Documents/VP-V4-S2-Claim-Coverage/ios/VisePanda
    /Applications/Xcode.app/Contents/Developer/Toolchains/XcodeDefault.xctoolchain/usr/bin/lipo -create /Users/jtcao/Library/Caches/visepanda/question-staging-20260913/build/Build/Intermediates.noindex/VisePanda.build/Debug-iphonesimulator/VisePanda.build/Objects-normal/arm64/Binary/VisePanda.debug.dylib /Users/jtcao/Library/Caches/visepanda/question-staging-20260913/build/Build/Intermediates.noindex/VisePanda.build/Debug-iphonesimulator/VisePanda.build/Objects-normal/x86_64/Binary/VisePanda.debug.dylib -output /Users/jtcao/Library/Caches/visepanda/question-staging-20260913/build/Build/Products/Debug-iphonesimulator/VisePanda.app/VisePanda.debug.dylib

Ld /Users/jtcao/Library/Caches/visepanda/question-staging-20260913/build/Build/Intermediates.noindex/VisePanda.build/Debug-iphonesimulator/VisePanda.build/Objects-normal/arm64/Binary/VisePanda normal arm64 (in target 'VisePanda' from project 'VisePanda')
    cd /Users/jtcao/Documents/VP-V4-S2-Claim-Coverage/ios/VisePanda
    /Applications/Xcode.app/Contents/Developer/Toolchains/XcodeDefault.xctoolchain/usr/bin/clang -Xlinker -reproducible -target arm64-apple-ios17.0-simulator -isysroot /Applications/Xcode.app/Contents/Developer/Platforms/iPhoneSimulator.platform/Developer/SDKs/iPhoneSimulator26.5.sdk -O0 -L/Users/jtcao/Library/Caches/visepanda/question-staging-20260913/build/Build/Products/Debug-iphonesimulator -F/Users/jtcao/Library/Caches/visepanda/question-staging-20260913/build/Build/Products/Debug-iphonesimulator -Xlinker -rpath -Xlinker @executable_path -rdynamic -Xlinker -no_deduplicate -Xlinker -objc_abi_version -Xlinker 2 -e ___debug_blank_executor_main -Xlinker -sectcreate -Xlinker __TEXT -Xlinker __debug_dylib -Xlinker /Users/jtcao/Library/Caches/visepanda/question-staging-20260913/build/Build/Intermediates.noindex/VisePanda.build/Debug-iphonesimulator/VisePanda.build/VisePanda-DebugDylibPath-normal-arm64.txt -Xlinker -sectcreate -Xlinker __TEXT -Xlinker __debug_instlnm -Xlinker /Users/jtcao/Library/Caches/visepanda/question-staging-20260913/build/Build/Intermediates.noindex/VisePanda.build/Debug-iphonesimulator/VisePanda.build/VisePanda-DebugDylibInstallName-normal-arm64.txt -Xlinker -filelist -Xlinker /Users/jtcao/Library/Caches/visepanda/question-staging-20260913/build/Build/Intermediates.noindex/VisePanda.build/Debug-iphonesimulator/VisePanda.build/VisePanda-ExecutorLinkFileList-normal-arm64.txt -Xlinker -sectcreate -Xlinker __TEXT -Xlinker __entitlements -Xlinker /Users/jtcao/Library/Caches/visepanda/question-staging-20260913/build/Build/Intermediates.noindex/VisePanda.build/Debug-iphonesimulator/VisePanda.build/VisePanda.app-Simulated.xcent -Xlinker -sectcreate -Xlinker __TEXT -Xlinker __ents_der -Xlinker /Users/jtcao/Library/Caches/visepanda/question-staging-20260913/build/Build/Intermediates.noindex/VisePanda.build/Debug-iphonesimulator/VisePanda.build/VisePanda.app-Simulated.xcent.der /Users/jtcao/Library/Caches/visepanda/question-staging-20260913/build/Build/Intermediates.noindex/VisePanda.build/Debug-iphonesimulator/VisePanda.build/Objects-normal/arm64/Binary/VisePanda.debug.dylib -Xlinker -no_adhoc_codesign -o /Users/jtcao/Library/Caches/visepanda/question-staging-20260913/build/Build/Intermediates.noindex/VisePanda.build/Debug-iphonesimulator/VisePanda.build/Objects-normal/arm64/Binary/VisePanda

CreateUniversalBinary /Users/jtcao/Library/Caches/visepanda/question-staging-20260913/build/Build/Products/Debug-iphonesimulator/VisePanda.app/VisePanda normal arm64\ x86_64 (in target 'VisePanda' from project 'VisePanda')
    cd /Users/jtcao/Documents/VP-V4-S2-Claim-Coverage/ios/VisePanda
    /Applications/Xcode.app/Contents/Developer/Toolchains/XcodeDefault.xctoolchain/usr/bin/lipo -create /Users/jtcao/Library/Caches/visepanda/question-staging-20260913/build/Build/Intermediates.noindex/VisePanda.build/Debug-iphonesimulator/VisePanda.build/Objects-normal/arm64/Binary/VisePanda /Users/jtcao/Library/Caches/visepanda/question-staging-20260913/build/Build/Intermediates.noindex/VisePanda.build/Debug-iphonesimulator/VisePanda.build/Objects-normal/x86_64/Binary/VisePanda -output /Users/jtcao/Library/Caches/visepanda/question-staging-20260913/build/Build/Products/Debug-iphonesimulator/VisePanda.app/VisePanda

CopySwiftLibs /Users/jtcao/Library/Caches/visepanda/question-staging-20260913/build/Build/Products/Debug-iphonesimulator/VisePanda.app (in target 'VisePanda' from project 'VisePanda')
    cd /Users/jtcao/Documents/VP-V4-S2-Claim-Coverage/ios/VisePanda
    builtin-swiftStdLibTool --copy --verbose --sign - --scan-executable /Users/jtcao/Library/Caches/visepanda/question-staging-20260913/build/Build/Products/Debug-iphonesimulator/VisePanda.app/VisePanda.debug.dylib --scan-folder /Users/jtcao/Library/Caches/visepanda/question-staging-20260913/build/Build/Products/Debug-iphonesimulator/VisePanda.app/Frameworks --scan-folder /Users/jtcao/Library/Caches/visepanda/question-staging-20260913/build/Build/Products/Debug-iphonesimulator/VisePanda.app/PlugIns --scan-folder /Users/jtcao/Library/Caches/visepanda/question-staging-20260913/build/Build/Products/Debug-iphonesimulator/VisePanda.app/SystemExtensions --scan-folder /Users/jtcao/Library/Caches/visepanda/question-staging-20260913/build/Build/Products/Debug-iphonesimulator/VisePanda.app/Extensions --platform iphonesimulator --toolchain /Applications/Xcode.app/Contents/Developer/Toolchains/XcodeDefault.xctoolchain --destination /Users/jtcao/Library/Caches/visepanda/question-staging-20260913/build/Build/Products/Debug-iphonesimulator/VisePanda.app/Frameworks --strip-bitcode --strip-bitcode-tool /Applications/Xcode.app/Contents/Developer/Toolchains/XcodeDefault.xctoolchain/usr/bin/bitcode_strip --emit-dependency-info /Users/jtcao/Library/Caches/visepanda/question-staging-20260913/build/Build/Intermediates.noindex/VisePanda.build/Debug-iphonesimulator/VisePanda.build/SwiftStdLibToolInputDependencies.dep --filter-for-swift-os --back-deploy-swift-span

ExtractAppIntentsMetadata (in target 'VisePanda' from project 'VisePanda')
    cd /Users/jtcao/Documents/VP-V4-S2-Claim-Coverage/ios/VisePanda
    /Applications/Xcode.app/Contents/Developer/Toolchains/XcodeDefault.xctoolchain/usr/bin/appintentsmetadataprocessor --toolchain-dir /Applications/Xcode.app/Contents/Developer/Toolchains/XcodeDefault.xctoolchain --module-name VisePanda --sdk-root /Applications/Xcode.app/Contents/Developer/Platforms/iPhoneSimulator.platform/Developer/SDKs/iPhoneSimulator26.5.sdk --xcode-version 17F113 --platform-family iOS --deployment-target 17.0 --bundle-identifier space.go2china.VisePanda --output /Users/jtcao/Library/Caches/visepanda/question-staging-20260913/build/Build/Products/Debug-iphonesimulator/VisePanda.app --target-triple arm64-apple-ios17.0-simulator --target-triple x86_64-apple-ios17.0-simulator --binary-file /Users/jtcao/Library/Caches/visepanda/question-staging-20260913/build/Build/Products/Debug-iphonesimulator/VisePanda.app/VisePanda --dependency-file /Users/jtcao/Library/Caches/visepanda/question-staging-20260913/build/Build/Intermediates.noindex/VisePanda.build/Debug-iphonesimulator/VisePanda.build/Objects-normal/arm64/VisePanda_dependency_info.dat --dependency-file /Users/jtcao/Library/Caches/visepanda/question-staging-20260913/build/Build/Intermediates.noindex/VisePanda.build/Debug-iphonesimulator/VisePanda.build/Objects-normal/x86_64/VisePanda_dependency_info.dat --stringsdata-file /Users/jtcao/Library/Caches/visepanda/question-staging-20260913/build/Build/Intermediates.noindex/VisePanda.build/Debug-iphonesimulator/VisePanda.build/Objects-normal/arm64/ExtractedAppShortcutsMetadata.stringsdata --stringsdata-file /Users/jtcao/Library/Caches/visepanda/question-staging-20260913/build/Build/Intermediates.noindex/VisePanda.build/Debug-iphonesimulator/VisePanda.build/Objects-normal/x86_64/ExtractedAppShortcutsMetadata.stringsdata --source-file-list /Users/jtcao/Library/Caches/visepanda/question-staging-20260913/build/Build/Intermediates.noindex/VisePanda.build/Debug-iphonesimulator/VisePanda.build/Objects-normal/arm64/VisePanda.SwiftFileList --source-file-list /Users/jtcao/Library/Caches/visepanda/question-staging-20260913/build/Build/Intermediates.noindex/VisePanda.build/Debug-iphonesimulator/VisePanda.build/Objects-normal/x86_64/VisePanda.SwiftFileList --metadata-file-list /Users/jtcao/Library/Caches/visepanda/question-staging-20260913/build/Build/Intermediates.noindex/VisePanda.build/Debug-iphonesimulator/VisePanda.build/VisePanda.DependencyMetadataFileList --static-metadata-file-list /Users/jtcao/Library/Caches/visepanda/question-staging-20260913/build/Build/Intermediates.noindex/VisePanda.build/Debug-iphonesimulator/VisePanda.build/VisePanda.DependencyStaticMetadataFileList --swift-const-vals-list /Users/jtcao/Library/Caches/visepanda/question-staging-20260913/build/Build/Intermediates.noindex/VisePanda.build/Debug-iphonesimulator/VisePanda.build/Objects-normal/arm64/VisePanda.SwiftConstValuesFileList --swift-const-vals-list /Users/jtcao/Library/Caches/visepanda/question-staging-20260913/build/Build/Intermediates.noindex/VisePanda.build/Debug-iphonesimulator/VisePanda.build/Objects-normal/x86_64/VisePanda.SwiftConstValuesFileList --compile-time-extraction --deployment-aware-processing --validate-assistant-intents --no-app-shortcuts-localization
2026-09-13 02:44:55.241 appintentsmetadataprocessor[47478:658604] Starting appintentsmetadataprocessor export
2026-09-13 02:44:55.253 appintentsmetadataprocessor[47478:658604] warning: Metadata extraction skipped. No AppIntents.framework dependency found.

AppIntentsSSUTraining (in target 'VisePanda' from project 'VisePanda')
    cd /Users/jtcao/Documents/VP-V4-S2-Claim-Coverage/ios/VisePanda
    /Applications/Xcode.app/Contents/Developer/Toolchains/XcodeDefault.xctoolchain/usr/bin/appintentsnltrainingprocessor --infoplist-path /Users/jtcao/Library/Caches/visepanda/question-staging-20260913/build/Build/Products/Debug-iphonesimulator/VisePanda.app/Info.plist --temp-dir-path /Users/jtcao/Library/Caches/visepanda/question-staging-20260913/build/Build/Intermediates.noindex/VisePanda.build/Debug-iphonesimulator/VisePanda.build/ssu --bundle-id space.go2china.VisePanda --product-path /Users/jtcao/Library/Caches/visepanda/question-staging-20260913/build/Build/Products/Debug-iphonesimulator/VisePanda.app --extracted-metadata-path /Users/jtcao/Library/Caches/visepanda/question-staging-20260913/build/Build/Products/Debug-iphonesimulator/VisePanda.app/Metadata.appintents --metadata-file-list /Users/jtcao/Library/Caches/visepanda/question-staging-20260913/build/Build/Intermediates.noindex/VisePanda.build/Debug-iphonesimulator/VisePanda.build/VisePanda.DependencyMetadataFileList --source-file /Users/jtcao/Library/Caches/visepanda/question-staging-20260913/build/Build/Products/Debug-iphonesimulator/VisePanda.app/Info.plist --archive-ssu-assets
2026-09-13 02:44:55.323 appintentsnltrainingprocessor[47479:658606] Parsing options for appintentsnltrainingprocessor
2026-09-13 02:44:55.324 appintentsnltrainingprocessor[47479:658606] Starting AppIntents SSU YAML Generation
2026-09-13 02:44:55.328 appintentsnltrainingprocessor[47479:658606] No AppShortcuts found - Skipping.

CodeSign /Users/jtcao/Library/Caches/visepanda/question-staging-20260913/build/Build/Products/Debug-iphonesimulator/VisePanda.app/VisePanda.debug.dylib (in target 'VisePanda' from project 'VisePanda')
    cd /Users/jtcao/Documents/VP-V4-S2-Claim-Coverage/ios/VisePanda
    
    Signing Identity:     "Sign to Run Locally"
    
    /usr/bin/codesign --force --sign - --timestamp\=none --generate-entitlement-der /Users/jtcao/Library/Caches/visepanda/question-staging-20260913/build/Build/Products/Debug-iphonesimulator/VisePanda.app/VisePanda.debug.dylib

CodeSign /Users/jtcao/Library/Caches/visepanda/question-staging-20260913/build/Build/Products/Debug-iphonesimulator/VisePanda.app/__preview.dylib (in target 'VisePanda' from project 'VisePanda')
    cd /Users/jtcao/Documents/VP-V4-S2-Claim-Coverage/ios/VisePanda
    
    Signing Identity:     "Sign to Run Locally"
    
    /usr/bin/codesign --force --sign - --timestamp\=none --generate-entitlement-der /Users/jtcao/Library/Caches/visepanda/question-staging-20260913/build/Build/Products/Debug-iphonesimulator/VisePanda.app/__preview.dylib

CodeSign /Users/jtcao/Library/Caches/visepanda/question-staging-20260913/build/Build/Products/Debug-iphonesimulator/VisePanda.app (in target 'VisePanda' from project 'VisePanda')
    cd /Users/jtcao/Documents/VP-V4-S2-Claim-Coverage/ios/VisePanda
    
    Signing Identity:     "Sign to Run Locally"
    
    /usr/bin/codesign --force --sign - --timestamp\=none --generate-entitlement-der /Users/jtcao/Library/Caches/visepanda/question-staging-20260913/build/Build/Products/Debug-iphonesimulator/VisePanda.app

RegisterExecutionPolicyException /Users/jtcao/Library/Caches/visepanda/question-staging-20260913/build/Build/Products/Debug-iphonesimulator/VisePanda.app (in target 'VisePanda' from project 'VisePanda')
    cd /Users/jtcao/Documents/VP-V4-S2-Claim-Coverage/ios/VisePanda
    builtin-RegisterExecutionPolicyException /Users/jtcao/Library/Caches/visepanda/question-staging-20260913/build/Build/Products/Debug-iphonesimulator/VisePanda.app

Validate /Users/jtcao/Library/Caches/visepanda/question-staging-20260913/build/Build/Products/Debug-iphonesimulator/VisePanda.app (in target 'VisePanda' from project 'VisePanda')
    cd /Users/jtcao/Documents/VP-V4-S2-Claim-Coverage/ios/VisePanda
    builtin-validationUtility /Users/jtcao/Library/Caches/visepanda/question-staging-20260913/build/Build/Products/Debug-iphonesimulator/VisePanda.app -shallow-bundle -infoplist-subpath Info.plist

Touch /Users/jtcao/Library/Caches/visepanda/question-staging-20260913/build/Build/Products/Debug-iphonesimulator/VisePanda.app (in target 'VisePanda' from project 'VisePanda')
    cd /Users/jtcao/Documents/VP-V4-S2-Claim-Coverage/ios/VisePanda
    /usr/bin/touch -c /Users/jtcao/Library/Caches/visepanda/question-staging-20260913/build/Build/Products/Debug-iphonesimulator/VisePanda.app

** BUILD SUCCEEDED **
