Monitoring boot status for VP-Payment-Sources-20260913 (5C5B102E-2BE2-41B9-A116-92B5A982C158).
Booting device...
[2026-09-13 5:00:39 AM +0000] Status=0, isTerminal=NO, Elapsed=00:00.
	Booting

[2026-09-13 5:00:41 AM +0000] Status=2, isTerminal=NO, Elapsed=00:01.
	Waiting on Data Migration
		Reason:(null)
		Migration Elapsed:00:00 seconds

[2026-09-13 5:00:42 AM +0000] Status=2, isTerminal=NO, Elapsed=00:03.
	Waiting on Data Migration
		Reason:Running plugin com.apple.MobileContainerManager.ContainerMigrator (ContainerMigrator.migrator, user-agnostic)
		Migration Elapsed:00:00 seconds

[2026-09-13 5:00:43 AM +0000] Status=2, isTerminal=NO, Elapsed=00:03.
	Waiting on Data Migration
		Reason:Running plugin com.apple.-0LaunchServicesMigrator (00LaunchServicesMigrator.migrator, user-agnostic)
		Migration Elapsed:00:01 seconds

[2026-09-13 5:00:44 AM +0000] Status=2, isTerminal=NO, Elapsed=00:04.
	Waiting on Data Migration
		Reason:Running plugin com.apple.-0LaunchServicesMigrator (00LaunchServicesMigrator.migrator, user-agnostic)
		Migration Elapsed:00:02 seconds

[2026-09-13 5:00:45 AM +0000] Status=2, isTerminal=NO, Elapsed=00:05.
	Waiting on Data Migration
		Reason:Running plugin com.apple.-0LaunchServicesMigrator (00LaunchServicesMigrator.migrator, user-agnostic)
		Migration Elapsed:00:03 seconds

[2026-09-13 5:00:46 AM +0000] Status=2, isTerminal=NO, Elapsed=00:06.
	Waiting on Data Migration
		Reason:Running plugin com.apple.-0LaunchServicesMigrator (00LaunchServicesMigrator.migrator, user-agnostic)
		Migration Elapsed:00:04 seconds

[2026-09-13 5:00:47 AM +0000] Status=2, isTerminal=NO, Elapsed=00:07.
	Waiting on Data Migration
		Reason:Running plugin com.apple.-0LaunchServicesMigrator (00LaunchServicesMigrator.migrator, user-agnostic)
		Migration Elapsed:00:05 seconds

[2026-09-13 5:00:48 AM +0000] Status=2, isTerminal=NO, Elapsed=00:08.
	Waiting on Data Migration
		Reason:Running plugin com.apple.-0LaunchServicesMigrator (00LaunchServicesMigrator.migrator, user-agnostic)
		Migration Elapsed:00:06 seconds

[2026-09-13 5:00:49 AM +0000] Status=2, isTerminal=NO, Elapsed=00:09.
	Waiting on Data Migration
		Reason:Running plugin com.apple.-0LaunchServicesMigrator (00LaunchServicesMigrator.migrator, user-agnostic)
		Migration Elapsed:00:07 seconds

[2026-09-13 5:00:50 AM +0000] Status=2, isTerminal=NO, Elapsed=00:10.
	Waiting on Data Migration
		Reason:Running plugin com.apple.-0LaunchServicesMigrator (00LaunchServicesMigrator.migrator, user-agnostic)
		Migration Elapsed:00:08 seconds

[2026-09-13 5:00:51 AM +0000] Status=2, isTerminal=NO, Elapsed=00:11.
	Waiting on Data Migration
		Reason:Running plugin com.apple.-0LaunchServicesMigrator (00LaunchServicesMigrator.migrator, user-agnostic)
		Migration Elapsed:00:09 seconds

[2026-09-13 5:00:52 AM +0000] Status=2, isTerminal=NO, Elapsed=00:12.
	Waiting on Data Migration
		Reason:Running plugin com.apple.-0LaunchServicesMigrator (00LaunchServicesMigrator.migrator, user-agnostic)
		Migration Elapsed:00:10 seconds

[2026-09-13 5:00:52 AM +0000] Status=2, isTerminal=NO, Elapsed=00:13.
	Waiting on Data Migration
		Reason:Running plugin com.apple.-0LaunchServicesMigrator (00LaunchServicesMigrator.migrator, user-agnostic)
		Migration Elapsed:00:11 seconds

[2026-09-13 5:00:53 AM +0000] Status=2, isTerminal=NO, Elapsed=00:14.
	Waiting on Data Migration
		Reason:Running plugin com.apple.-0LaunchServicesMigrator (00LaunchServicesMigrator.migrator, user-agnostic)
		Migration Elapsed:00:12 seconds

[2026-09-13 5:00:54 AM +0000] Status=2, isTerminal=NO, Elapsed=00:15.
	Waiting on Data Migration
		Reason:Running plugin com.apple.-0LaunchServicesMigrator (00LaunchServicesMigrator.migrator, user-agnostic)
		Migration Elapsed:00:13 seconds

[2026-09-13 5:00:55 AM +0000] Status=2, isTerminal=NO, Elapsed=00:16.
	Waiting on Data Migration
		Reason:Running plugin com.apple.-0LaunchServicesMigrator (00LaunchServicesMigrator.migrator, user-agnostic)
		Migration Elapsed:00:14 seconds

[2026-09-13 5:00:56 AM +0000] Status=2, isTerminal=NO, Elapsed=00:17.
	Waiting on Data Migration
		Reason:Running plugin com.apple.-0LaunchServicesMigrator (00LaunchServicesMigrator.migrator, user-agnostic)
		Migration Elapsed:00:15 seconds

[2026-09-13 5:00:57 AM +0000] Status=2, isTerminal=NO, Elapsed=00:18.
	Waiting on Data Migration
		Reason:Running plugin com.apple.-0LaunchServicesMigrator (00LaunchServicesMigrator.migrator, user-agnostic)
		Migration Elapsed:00:16 seconds

[2026-09-13 5:00:58 AM +0000] Status=2, isTerminal=NO, Elapsed=00:19.
	Waiting on Data Migration
		Reason:Running plugin com.apple.-0LaunchServicesMigrator (00LaunchServicesMigrator.migrator, user-agnostic)
		Migration Elapsed:00:17 seconds

[2026-09-13 5:00:59 AM +0000] Status=2, isTerminal=NO, Elapsed=00:20.
	Waiting on Data Migration
		Reason:Running plugin com.apple.-0LaunchServicesMigrator (00LaunchServicesMigrator.migrator, user-agnostic)
		Migration Elapsed:00:18 seconds

[2026-09-13 5:01:00 AM +0000] Status=2, isTerminal=NO, Elapsed=00:21.
	Waiting on Data Migration
		Reason:Running plugin com.apple.-0LaunchServicesMigrator (00LaunchServicesMigrator.migrator, user-agnostic)
		Migration Elapsed:00:19 seconds

[2026-09-13 5:01:01 AM +0000] Status=2, isTerminal=NO, Elapsed=00:22.
	Waiting on Data Migration
		Reason:Running plugin com.apple.-0LaunchServicesMigrator (00LaunchServicesMigrator.migrator, user-agnostic)
		Migration Elapsed:00:20 seconds

[2026-09-13 5:01:02 AM +0000] Status=2, isTerminal=NO, Elapsed=00:23.
	Waiting on Data Migration
		Reason:Running plugin com.apple.-0LaunchServicesMigrator (00LaunchServicesMigrator.migrator, user-agnostic)
		Migration Elapsed:00:21 seconds

[2026-09-13 5:01:04 AM +0000] Status=2, isTerminal=NO, Elapsed=00:24.
	Waiting on Data Migration
		Reason:Running plugin com.apple.managedconfiguration.migrator (MCProfile.migrator, user-agnostic)
		Migration Elapsed:00:22 seconds

[2026-09-13 5:01:05 AM +0000] Status=2, isTerminal=NO, Elapsed=00:25.
	Waiting on Data Migration
		Reason:Running plugin com.apple.managedconfiguration.migrator (MCProfile.migrator, user-agnostic)
		Migration Elapsed:00:23 seconds

[2026-09-13 5:01:06 AM +0000] Status=2, isTerminal=NO, Elapsed=00:26.
	Waiting on Data Migration
		Reason:Running plugin com.apple.managedconfiguration.migrator (MCProfile.migrator, user-agnostic)
		Migration Elapsed:00:24 seconds

[2026-09-13 5:01:07 AM +0000] Status=2, isTerminal=NO, Elapsed=00:27.
	Waiting on Data Migration
		Reason:Running plugin com.apple.managedconfiguration.migrator (MCProfile.migrator, user-agnostic)
		Migration Elapsed:00:25 seconds

[2026-09-13 5:01:08 AM +0000] Status=2, isTerminal=NO, Elapsed=00:28.
	Waiting on Data Migration
		Reason:Running plugin com.apple.managedconfiguration.migrator (MCProfile.migrator, user-agnostic)
		Migration Elapsed:00:26 seconds

[2026-09-13 5:01:09 AM +0000] Status=2, isTerminal=NO, Elapsed=00:29.
	Waiting on Data Migration
		Reason:Running plugin com.apple.MobileSafari.migrator (MobileSafari.migrator)
		Migration Elapsed:00:27 seconds

[2026-09-13 5:01:10 AM +0000] Status=2, isTerminal=NO, Elapsed=00:30.
	Waiting on Data Migration
		Reason:Running plugin com.apple.locationd.migrator (CoreLocationMigrator.migrator)
		Migration Elapsed:00:28 seconds

[2026-09-13 5:01:11 AM +0000] Status=2, isTerminal=NO, Elapsed=00:31.
	Waiting on Data Migration
		Reason:Running plugin com.apple.locationd.migrator (CoreLocationMigrator.migrator)
		Migration Elapsed:00:29 seconds

[2026-09-13 5:01:12 AM +0000] Status=2, isTerminal=NO, Elapsed=00:32.
	Waiting on Data Migration
		Reason:Running plugin com.apple.locationd.migrator (CoreLocationMigrator.migrator)
		Migration Elapsed:00:30 seconds

[2026-09-13 5:01:13 AM +0000] Status=2, isTerminal=NO, Elapsed=00:33.
	Waiting on Data Migration
		Reason:Running plugin com.apple.locationd.migrator (CoreLocationMigrator.migrator)
		Migration Elapsed:00:31 seconds

[2026-09-13 5:01:13 AM +0000] Status=2, isTerminal=NO, Elapsed=00:34.
	Waiting on Data Migration
		Reason:Running plugin com.apple.locationd.migrator (CoreLocationMigrator.migrator)
		Migration Elapsed:00:32 seconds

[2026-09-13 5:01:14 AM +0000] Status=2, isTerminal=NO, Elapsed=00:35.
	Waiting on Data Migration
		Reason:Running plugin com.apple.locationd.migrator (CoreLocationMigrator.migrator)
		Migration Elapsed:00:33 seconds

[2026-09-13 5:01:15 AM +0000] Status=2, isTerminal=NO, Elapsed=00:36.
	Waiting on Data Migration
		Reason:Running plugin com.apple.locationd.migrator (CoreLocationMigrator.migrator)
		Migration Elapsed:00:34 seconds

[2026-09-13 5:01:16 AM +0000] Status=2, isTerminal=NO, Elapsed=00:37.
	Waiting on Data Migration
		Reason:Running plugin com.apple.locationd.migrator (CoreLocationMigrator.migrator)
		Migration Elapsed:00:35 seconds

[2026-09-13 5:01:17 AM +0000] Status=2, isTerminal=NO, Elapsed=00:38.
	Waiting on Data Migration
		Reason:Running plugin com.apple.locationd.migrator (CoreLocationMigrator.migrator)
		Migration Elapsed:00:36 seconds

[2026-09-13 5:01:18 AM +0000] Status=2, isTerminal=NO, Elapsed=00:39.
	Waiting on Data Migration
		Reason:Running plugin com.apple.locationd.migrator (CoreLocationMigrator.migrator)
		Migration Elapsed:00:37 seconds

[2026-09-13 5:01:19 AM +0000] Status=2, isTerminal=NO, Elapsed=00:40.
	Waiting on Data Migration
		Reason:Running plugin com.apple.locationd.migrator (CoreLocationMigrator.migrator)
		Migration Elapsed:00:38 seconds

[2026-09-13 5:01:20 AM +0000] Status=2, isTerminal=NO, Elapsed=00:41.
	Waiting on Data Migration
		Reason:Running plugin com.apple.locationd.migrator (CoreLocationMigrator.migrator)
		Migration Elapsed:00:39 seconds

[2026-09-13 5:01:21 AM +0000] Status=2, isTerminal=NO, Elapsed=00:42.
	Waiting on Data Migration
		Reason:Running plugin com.apple.locationd.migrator (CoreLocationMigrator.migrator)
		Migration Elapsed:00:40 seconds

[2026-09-13 5:01:22 AM +0000] Status=2, isTerminal=NO, Elapsed=00:43.
	Waiting on Data Migration
		Reason:Running plugin com.apple.locationd.migrator (CoreLocationMigrator.migrator)
		Migration Elapsed:00:41 seconds

[2026-09-13 5:01:23 AM +0000] Status=2, isTerminal=NO, Elapsed=00:44.
	Waiting on Data Migration
		Reason:Running plugin com.apple.locationd.migrator (CoreLocationMigrator.migrator)
		Migration Elapsed:00:42 seconds

[2026-09-13 5:01:24 AM +0000] Status=2, isTerminal=NO, Elapsed=00:45.
	Waiting on Data Migration
		Reason:Running plugin com.apple.locationd.migrator (CoreLocationMigrator.migrator)
		Migration Elapsed:00:43 seconds

[2026-09-13 5:01:25 AM +0000] Status=2, isTerminal=NO, Elapsed=00:46.
	Waiting on Data Migration
		Reason:Running plugin com.apple.locationd.migrator (CoreLocationMigrator.migrator)
		Migration Elapsed:00:44 seconds

[2026-09-13 5:01:26 AM +0000] Status=2, isTerminal=NO, Elapsed=00:47.
	Waiting on Data Migration
		Reason:Running plugin com.apple.locationd.migrator (CoreLocationMigrator.migrator)
		Migration Elapsed:00:45 seconds

[2026-09-13 5:01:27 AM +0000] Status=2, isTerminal=NO, Elapsed=00:48.
	Waiting on Data Migration
		Reason:Running plugin com.apple.locationd.migrator (CoreLocationMigrator.migrator)
		Migration Elapsed:00:46 seconds

[2026-09-13 5:01:28 AM +0000] Status=2, isTerminal=NO, Elapsed=00:49.
	Waiting on Data Migration
		Reason:Running plugin com.apple.locationd.migrator (CoreLocationMigrator.migrator)
		Migration Elapsed:00:47 seconds

[2026-09-13 5:01:29 AM +0000] Status=2, isTerminal=NO, Elapsed=00:50.
	Waiting on Data Migration
		Reason:Running plugin com.apple.locationd.migrator (CoreLocationMigrator.migrator)
		Migration Elapsed:00:48 seconds

[2026-09-13 5:01:30 AM +0000] Status=2, isTerminal=NO, Elapsed=00:51.
	Waiting on Data Migration
		Reason:Running plugin com.apple.locationd.migrator (CoreLocationMigrator.migrator)
		Migration Elapsed:00:49 seconds

[2026-09-13 5:01:31 AM +0000] Status=2, isTerminal=NO, Elapsed=00:52.
	Waiting on Data Migration
		Reason:Running plugin com.apple.locationd.migrator (CoreLocationMigrator.migrator)
		Migration Elapsed:00:50 seconds

[2026-09-13 5:01:32 AM +0000] Status=2, isTerminal=NO, Elapsed=00:53.
	Waiting on Data Migration
		Reason:Running plugin com.apple.locationd.migrator (CoreLocationMigrator.migrator)
		Migration Elapsed:00:51 seconds

[2026-09-13 5:01:33 AM +0000] Status=2, isTerminal=NO, Elapsed=00:54.
	Waiting on Data Migration
		Reason:Running plugin com.apple.locationd.migrator (CoreLocationMigrator.migrator)
		Migration Elapsed:00:52 seconds

[2026-09-13 5:01:34 AM +0000] Status=2, isTerminal=NO, Elapsed=00:55.
	Waiting on Data Migration
		Reason:Running plugin com.apple.locationd.migrator (CoreLocationMigrator.migrator)
		Migration Elapsed:00:53 seconds

[2026-09-13 5:01:35 AM +0000] Status=2, isTerminal=NO, Elapsed=00:56.
	Waiting on Data Migration
		Reason:Running plugin com.apple.locationd.migrator (CoreLocationMigrator.migrator)
		Migration Elapsed:00:54 seconds

[2026-09-13 5:01:36 AM +0000] Status=2, isTerminal=NO, Elapsed=00:57.
	Waiting on Data Migration
		Reason:Running plugin com.apple.locationd.migrator (CoreLocationMigrator.migrator)
		Migration Elapsed:00:55 seconds

[2026-09-13 5:01:37 AM +0000] Status=2, isTerminal=NO, Elapsed=00:58.
	Waiting on Data Migration
		Reason:Running plugin com.apple.locationd.migrator (CoreLocationMigrator.migrator)
		Migration Elapsed:00:56 seconds

[2026-09-13 5:01:38 AM +0000] Status=2, isTerminal=NO, Elapsed=00:59.
	Waiting on Data Migration
		Reason:Running plugin com.apple.locationd.migrator (CoreLocationMigrator.migrator)
		Migration Elapsed:00:57 seconds

[2026-09-13 5:01:39 AM +0000] Status=2, isTerminal=NO, Elapsed=01:00.
	Waiting on Data Migration
		Reason:Running plugin com.apple.locationd.migrator (CoreLocationMigrator.migrator)
		Migration Elapsed:00:58 seconds

[2026-09-13 5:01:40 AM +0000] Status=2, isTerminal=NO, Elapsed=01:01.
	Waiting on Data Migration
		Reason:Running plugin com.apple.locationd.migrator (CoreLocationMigrator.migrator)
		Migration Elapsed:00:59 seconds

[2026-09-13 5:01:41 AM +0000] Status=2, isTerminal=NO, Elapsed=01:02.
	Waiting on Data Migration
		Reason:Running plugin com.apple.locationd.migrator (CoreLocationMigrator.migrator)
		Migration Elapsed:01:00 seconds

[2026-09-13 5:01:42 AM +0000] Status=2, isTerminal=NO, Elapsed=01:03.
	Waiting on Data Migration
		Reason:Running plugin com.apple.locationd.migrator (CoreLocationMigrator.migrator)
		Migration Elapsed:01:01 seconds

[2026-09-13 5:01:43 AM +0000] Status=2, isTerminal=NO, Elapsed=01:04.
	Waiting on Data Migration
		Reason:Running plugin com.apple.locationd.migrator (CoreLocationMigrator.migrator)
		Migration Elapsed:01:02 seconds

[2026-09-13 5:01:44 AM +0000] Status=2, isTerminal=NO, Elapsed=01:05.
	Waiting on Data Migration
		Reason:Running plugin com.apple.locationd.migrator (CoreLocationMigrator.migrator)
		Migration Elapsed:01:03 seconds

[2026-09-13 5:01:45 AM +0000] Status=2, isTerminal=NO, Elapsed=01:06.
	Waiting on Data Migration
		Reason:Running plugin com.apple.locationd.migrator (CoreLocationMigrator.migrator)
		Migration Elapsed:01:04 seconds

[2026-09-13 5:01:46 AM +0000] Status=2, isTerminal=NO, Elapsed=01:07.
	Waiting on Data Migration
		Reason:Running plugin com.apple.locationd.migrator (CoreLocationMigrator.migrator)
		Migration Elapsed:01:05 seconds

[2026-09-13 5:01:47 AM +0000] Status=2, isTerminal=NO, Elapsed=01:08.
	Waiting on Data Migration
		Reason:Running plugin com.apple.locationd.migrator (CoreLocationMigrator.migrator)
		Migration Elapsed:01:06 seconds

[2026-09-13 5:01:48 AM +0000] Status=2, isTerminal=NO, Elapsed=01:09.
	Waiting on Data Migration
		Reason:Running plugin com.apple.locationd.migrator (CoreLocationMigrator.migrator)
		Migration Elapsed:01:07 seconds

[2026-09-13 5:01:49 AM +0000] Status=2, isTerminal=NO, Elapsed=01:10.
	Waiting on Data Migration
		Reason:Running plugin com.apple.locationd.migrator (CoreLocationMigrator.migrator)
		Migration Elapsed:01:08 seconds

[2026-09-13 5:01:50 AM +0000] Status=2, isTerminal=NO, Elapsed=01:11.
	Waiting on Data Migration
		Reason:Running plugin com.apple.locationd.migrator (CoreLocationMigrator.migrator)
		Migration Elapsed:01:09 seconds

[2026-09-13 5:01:51 AM +0000] Status=2, isTerminal=NO, Elapsed=01:12.
	Waiting on Data Migration
		Reason:Running plugin com.apple.locationd.migrator (CoreLocationMigrator.migrator)
		Migration Elapsed:01:10 seconds

[2026-09-13 5:01:52 AM +0000] Status=2, isTerminal=NO, Elapsed=01:13.
	Waiting on Data Migration
		Reason:Running plugin com.apple.locationd.migrator (CoreLocationMigrator.migrator)
		Migration Elapsed:01:11 seconds

[2026-09-13 5:01:53 AM +0000] Status=2, isTerminal=NO, Elapsed=01:14.
	Waiting on Data Migration
		Reason:Running plugin com.apple.locationd.migrator (CoreLocationMigrator.migrator)
		Migration Elapsed:01:12 seconds

[2026-09-13 5:01:54 AM +0000] Status=2, isTerminal=NO, Elapsed=01:15.
	Waiting on Data Migration
		Reason:Running plugin com.apple.locationd.migrator (CoreLocationMigrator.migrator)
		Migration Elapsed:01:13 seconds

[2026-09-13 5:01:55 AM +0000] Status=2, isTerminal=NO, Elapsed=01:16.
	Waiting on Data Migration
		Reason:Running plugin com.apple.locationd.migrator (CoreLocationMigrator.migrator)
		Migration Elapsed:01:14 seconds

[2026-09-13 5:01:56 AM +0000] Status=2, isTerminal=NO, Elapsed=01:17.
	Waiting on Data Migration
		Reason:Running plugin com.apple.locationd.migrator (CoreLocationMigrator.migrator)
		Migration Elapsed:01:15 seconds

[2026-09-13 5:01:57 AM +0000] Status=2, isTerminal=NO, Elapsed=01:18.
	Waiting on Data Migration
		Reason:Running plugin com.apple.locationd.migrator (CoreLocationMigrator.migrator)
		Migration Elapsed:01:16 seconds

[2026-09-13 5:01:58 AM +0000] Status=2, isTerminal=NO, Elapsed=01:19.
	Waiting on Data Migration
		Reason:Running plugin com.apple.locationd.migrator (CoreLocationMigrator.migrator)
		Migration Elapsed:01:17 seconds

[2026-09-13 5:01:59 AM +0000] Status=2, isTerminal=NO, Elapsed=01:20.
	Waiting on Data Migration
		Reason:Running plugin com.apple.locationd.migrator (CoreLocationMigrator.migrator)
		Migration Elapsed:01:18 seconds

[2026-09-13 5:02:00 AM +0000] Status=2, isTerminal=NO, Elapsed=01:21.
	Waiting on Data Migration
		Reason:Running plugin com.apple.locationd.migrator (CoreLocationMigrator.migrator)
		Migration Elapsed:01:19 seconds

[2026-09-13 5:02:01 AM +0000] Status=2, isTerminal=NO, Elapsed=01:22.
	Waiting on Data Migration
		Reason:Running plugin com.apple.locationd.migrator (CoreLocationMigrator.migrator)
		Migration Elapsed:01:20 seconds

[2026-09-13 5:02:02 AM +0000] Status=2, isTerminal=NO, Elapsed=01:23.
	Waiting on Data Migration
		Reason:Running plugin com.apple.locationd.migrator (CoreLocationMigrator.migrator)
		Migration Elapsed:01:21 seconds

[2026-09-13 5:02:03 AM +0000] Status=2, isTerminal=NO, Elapsed=01:24.
	Waiting on Data Migration
		Reason:Running plugin com.apple.locationd.migrator (CoreLocationMigrator.migrator)
		Migration Elapsed:01:22 seconds

[2026-09-13 5:02:04 AM +0000] Status=2, isTerminal=NO, Elapsed=01:25.
	Waiting on Data Migration
		Reason:Running plugin com.apple.locationd.migrator (CoreLocationMigrator.migrator)
		Migration Elapsed:01:23 seconds

[2026-09-13 5:02:05 AM +0000] Status=2, isTerminal=NO, Elapsed=01:26.
	Waiting on Data Migration
		Reason:Running plugin com.apple.locationd.migrator (CoreLocationMigrator.migrator)
		Migration Elapsed:01:24 seconds

[2026-09-13 5:02:06 AM +0000] Status=2, isTerminal=NO, Elapsed=01:27.
	Waiting on Data Migration
		Reason:Running plugin com.apple.locationd.migrator (CoreLocationMigrator.migrator)
		Migration Elapsed:01:25 seconds

[2026-09-13 5:02:07 AM +0000] Status=2, isTerminal=NO, Elapsed=01:28.
	Waiting on Data Migration
		Reason:Running plugin com.apple.locationd.migrator (CoreLocationMigrator.migrator)
		Migration Elapsed:01:26 seconds

[2026-09-13 5:02:08 AM +0000] Status=2, isTerminal=NO, Elapsed=01:29.
	Waiting on Data Migration
		Reason:Running plugin com.apple.locationd.migrator (CoreLocationMigrator.migrator)
		Migration Elapsed:01:27 seconds

[2026-09-13 5:02:09 AM +0000] Status=2, isTerminal=NO, Elapsed=01:30.
	Waiting on Data Migration
		Reason:Running plugin com.apple.locationd.migrator (CoreLocationMigrator.migrator)
		Migration Elapsed:01:28 seconds

[2026-09-13 5:02:10 AM +0000] Status=2, isTerminal=NO, Elapsed=01:31.
	Waiting on Data Migration
		Reason:Running plugin com.apple.locationd.migrator (CoreLocationMigrator.migrator)
		Migration Elapsed:01:29 seconds

[2026-09-13 5:02:11 AM +0000] Status=2, isTerminal=NO, Elapsed=01:32.
	Waiting on Data Migration
		Reason:Running plugin com.apple.locationd.migrator (CoreLocationMigrator.migrator)
		Migration Elapsed:01:30 seconds

[2026-09-13 5:02:12 AM +0000] Status=2, isTerminal=NO, Elapsed=01:33.
	Waiting on Data Migration
		Reason:Running plugin com.apple.locationd.migrator (CoreLocationMigrator.migrator)
		Migration Elapsed:01:31 seconds

[2026-09-13 5:02:13 AM +0000] Status=2, isTerminal=NO, Elapsed=01:34.
	Waiting on Data Migration
		Reason:Running plugin com.apple.locationd.migrator (CoreLocationMigrator.migrator)
		Migration Elapsed:01:32 seconds

[2026-09-13 5:02:14 AM +0000] Status=2, isTerminal=NO, Elapsed=01:35.
	Waiting on Data Migration
		Reason:Running plugin com.apple.locationd.migrator (CoreLocationMigrator.migrator)
		Migration Elapsed:01:33 seconds

[2026-09-13 5:02:15 AM +0000] Status=2, isTerminal=NO, Elapsed=01:36.
	Waiting on Data Migration
		Reason:Running plugin com.apple.locationd.migrator (CoreLocationMigrator.migrator)
		Migration Elapsed:01:34 seconds

[2026-09-13 5:02:16 AM +0000] Status=2, isTerminal=NO, Elapsed=01:37.
	Waiting on Data Migration
		Reason:Running plugin com.apple.locationd.migrator (CoreLocationMigrator.migrator)
		Migration Elapsed:01:35 seconds

[2026-09-13 5:02:17 AM +0000] Status=2, isTerminal=NO, Elapsed=01:38.
	Waiting on Data Migration
		Reason:Running plugin com.apple.locationd.migrator (CoreLocationMigrator.migrator)
		Migration Elapsed:01:36 seconds

[2026-09-13 5:02:18 AM +0000] Status=2, isTerminal=NO, Elapsed=01:39.
	Waiting on Data Migration
		Reason:Running plugin com.apple.locationd.migrator (CoreLocationMigrator.migrator)
		Migration Elapsed:01:37 seconds

[2026-09-13 5:02:19 AM +0000] Status=2, isTerminal=NO, Elapsed=01:40.
	Waiting on Data Migration
		Reason:Running plugin com.apple.locationd.migrator (CoreLocationMigrator.migrator)
		Migration Elapsed:01:38 seconds

[2026-09-13 5:02:20 AM +0000] Status=2, isTerminal=NO, Elapsed=01:41.
	Waiting on Data Migration
		Reason:Running plugin com.apple.locationd.migrator (CoreLocationMigrator.migrator)
		Migration Elapsed:01:39 seconds

[2026-09-13 5:02:21 AM +0000] Status=2, isTerminal=NO, Elapsed=01:42.
	Waiting on Data Migration
		Reason:Running plugin com.apple.locationd.migrator (CoreLocationMigrator.migrator)
		Migration Elapsed:01:40 seconds

[2026-09-13 5:02:22 AM +0000] Status=2, isTerminal=NO, Elapsed=01:43.
	Waiting on Data Migration
		Reason:Running plugin com.apple.locationd.migrator (CoreLocationMigrator.migrator)
		Migration Elapsed:01:41 seconds

[2026-09-13 5:02:23 AM +0000] Status=2, isTerminal=NO, Elapsed=01:44.
	Waiting on Data Migration
		Reason:Running plugin com.apple.locationd.migrator (CoreLocationMigrator.migrator)
		Migration Elapsed:01:42 seconds

[2026-09-13 5:02:24 AM +0000] Status=2, isTerminal=NO, Elapsed=01:45.
	Waiting on Data Migration
		Reason:Running plugin com.apple.locationd.migrator (CoreLocationMigrator.migrator)
		Migration Elapsed:01:43 seconds

[2026-09-13 5:02:25 AM +0000] Status=2, isTerminal=NO, Elapsed=01:46.
	Waiting on Data Migration
		Reason:Running plugin com.apple.locationd.migrator (CoreLocationMigrator.migrator)
		Migration Elapsed:01:44 seconds

[2026-09-13 5:02:26 AM +0000] Status=2, isTerminal=NO, Elapsed=01:47.
	Waiting on Data Migration
		Reason:Running plugin com.apple.locationd.migrator (CoreLocationMigrator.migrator)
		Migration Elapsed:01:45 seconds

[2026-09-13 5:02:27 AM +0000] Status=2, isTerminal=NO, Elapsed=01:48.
	Waiting on Data Migration
		Reason:Running plugin com.apple.locationd.migrator (CoreLocationMigrator.migrator)
		Migration Elapsed:01:46 seconds

[2026-09-13 5:02:28 AM +0000] Status=2, isTerminal=NO, Elapsed=01:49.
	Waiting on Data Migration
		Reason:Running plugin com.apple.locationd.migrator (CoreLocationMigrator.migrator)
		Migration Elapsed:01:47 seconds

[2026-09-13 5:02:29 AM +0000] Status=2, isTerminal=NO, Elapsed=01:50.
	Waiting on Data Migration
		Reason:Running plugin com.apple.locationd.migrator (CoreLocationMigrator.migrator)
		Migration Elapsed:01:48 seconds

[2026-09-13 5:02:31 AM +0000] Status=2, isTerminal=NO, Elapsed=01:51.
	Waiting on Data Migration
		Reason:Running plugin com.apple.locationd.migrator (CoreLocationMigrator.migrator)
		Migration Elapsed:01:49 seconds

[2026-09-13 5:02:32 AM +0000] Status=2, isTerminal=NO, Elapsed=01:52.
	Waiting on Data Migration
		Reason:Running plugin com.apple.locationd.migrator (CoreLocationMigrator.migrator)
		Migration Elapsed:01:50 seconds

[2026-09-13 5:02:32 AM +0000] Status=2, isTerminal=NO, Elapsed=01:53.
	Waiting on Data Migration
		Reason:Running plugin com.apple.locationd.migrator (CoreLocationMigrator.migrator)
		Migration Elapsed:01:51 seconds

[2026-09-13 5:02:33 AM +0000] Status=2, isTerminal=NO, Elapsed=01:54.
	Waiting on Data Migration
		Reason:Running plugin com.apple.locationd.migrator (CoreLocationMigrator.migrator)
		Migration Elapsed:01:52 seconds

[2026-09-13 5:02:34 AM +0000] Status=2, isTerminal=NO, Elapsed=01:55.
	Waiting on Data Migration
		Reason:Running plugin com.apple.locationd.migrator (CoreLocationMigrator.migrator)
		Migration Elapsed:01:53 seconds

[2026-09-13 5:02:35 AM +0000] Status=2, isTerminal=NO, Elapsed=01:56.
	Waiting on Data Migration
		Reason:Running plugin com.apple.locationd.migrator (CoreLocationMigrator.migrator)
		Migration Elapsed:01:54 seconds

[2026-09-13 5:02:37 AM +0000] Status=2, isTerminal=NO, Elapsed=01:57.
	Waiting on Data Migration
		Reason:Running plugin com.apple.locationd.migrator (CoreLocationMigrator.migrator)
		Migration Elapsed:01:55 seconds

[2026-09-13 5:02:38 AM +0000] Status=2, isTerminal=NO, Elapsed=01:58.
	Waiting on Data Migration
		Reason:Running plugin com.apple.locationd.migrator (CoreLocationMigrator.migrator)
		Migration Elapsed:01:56 seconds

[2026-09-13 5:02:38 AM +0000] Status=2, isTerminal=NO, Elapsed=01:59.
	Waiting on Data Migration
		Reason:Running plugin com.apple.locationd.migrator (CoreLocationMigrator.migrator)
		Migration Elapsed:01:57 seconds

[2026-09-13 5:02:40 AM +0000] Status=2, isTerminal=NO, Elapsed=02:00.
	Waiting on Data Migration
		Reason:Running plugin com.apple.locationd.migrator (CoreLocationMigrator.migrator)
		Migration Elapsed:01:58 seconds

[2026-09-13 5:02:40 AM +0000] Status=2, isTerminal=NO, Elapsed=02:01.
	Waiting on Data Migration
		Reason:Running plugin com.apple.locationd.migrator (CoreLocationMigrator.migrator)
		Migration Elapsed:01:59 seconds

[2026-09-13 5:02:42 AM +0000] Status=2, isTerminal=NO, Elapsed=02:02.
	Waiting on Data Migration
		Reason:Running plugin com.apple.locationd.migrator (CoreLocationMigrator.migrator)
		Migration Elapsed:02:00 seconds

[2026-09-13 5:02:43 AM +0000] Status=2, isTerminal=NO, Elapsed=02:03.
	Waiting on Data Migration
		Reason:Running plugin com.apple.locationd.migrator (CoreLocationMigrator.migrator)
		Migration Elapsed:02:01 seconds

[2026-09-13 5:02:43 AM +0000] Status=2, isTerminal=NO, Elapsed=02:04.
	Waiting on Data Migration
		Reason:Running plugin com.apple.locationd.migrator (CoreLocationMigrator.migrator)
		Migration Elapsed:02:02 seconds

[2026-09-13 5:02:45 AM +0000] Status=2, isTerminal=NO, Elapsed=02:05.
	Waiting on Data Migration
		Reason:Running plugin com.apple.locationd.migrator (CoreLocationMigrator.migrator)
		Migration Elapsed:02:03 seconds

[2026-09-13 5:02:46 AM +0000] Status=2, isTerminal=NO, Elapsed=02:06.
	Waiting on Data Migration
		Reason:Running plugin com.apple.locationd.migrator (CoreLocationMigrator.migrator)
		Migration Elapsed:02:04 seconds

[2026-09-13 5:02:47 AM +0000] Status=2, isTerminal=NO, Elapsed=02:07.
	Waiting on Data Migration
		Reason:Running plugin com.apple.locationd.migrator (CoreLocationMigrator.migrator)
		Migration Elapsed:02:05 seconds

[2026-09-13 5:02:48 AM +0000] Status=2, isTerminal=NO, Elapsed=02:08.
	Waiting on Data Migration
		Reason:Running plugin com.apple.locationd.migrator (CoreLocationMigrator.migrator)
		Migration Elapsed:02:06 seconds

[2026-09-13 5:02:49 AM +0000] Status=2, isTerminal=NO, Elapsed=02:09.
	Waiting on Data Migration
		Reason:Running plugin com.apple.locationd.migrator (CoreLocationMigrator.migrator)
		Migration Elapsed:02:07 seconds

[2026-09-13 5:02:50 AM +0000] Status=2, isTerminal=NO, Elapsed=02:10.
	Waiting on Data Migration
		Reason:Running plugin com.apple.locationd.migrator (CoreLocationMigrator.migrator)
		Migration Elapsed:02:08 seconds

[2026-09-13 5:02:51 AM +0000] Status=2, isTerminal=NO, Elapsed=02:11.
	Waiting on Data Migration
		Reason:Running plugin com.apple.locationd.migrator (CoreLocationMigrator.migrator)
		Migration Elapsed:02:09 seconds

[2026-09-13 5:02:52 AM +0000] Status=2, isTerminal=NO, Elapsed=02:12.
	Waiting on Data Migration
		Reason:Running plugin com.apple.locationd.migrator (CoreLocationMigrator.migrator)
		Migration Elapsed:02:10 seconds

[2026-09-13 5:02:53 AM +0000] Status=2, isTerminal=NO, Elapsed=02:13.
	Waiting on Data Migration
		Reason:Running plugin com.apple.locationd.migrator (CoreLocationMigrator.migrator)
		Migration Elapsed:02:11 seconds

[2026-09-13 5:02:54 AM +0000] Status=2, isTerminal=NO, Elapsed=02:14.
	Waiting on Data Migration
		Reason:Running plugin com.apple.locationd.migrator (CoreLocationMigrator.migrator)
		Migration Elapsed:02:12 seconds

[2026-09-13 5:02:55 AM +0000] Status=2, isTerminal=NO, Elapsed=02:15.
	Waiting on Data Migration
		Reason:Running plugin com.apple.locationd.migrator (CoreLocationMigrator.migrator)
		Migration Elapsed:02:13 seconds

[2026-09-13 5:02:56 AM +0000] Status=2, isTerminal=NO, Elapsed=02:16.
	Waiting on Data Migration
		Reason:Running plugin com.apple.locationd.migrator (CoreLocationMigrator.migrator)
		Migration Elapsed:02:14 seconds

[2026-09-13 5:02:57 AM +0000] Status=2, isTerminal=NO, Elapsed=02:17.
	Waiting on Data Migration
		Reason:Running plugin com.apple.locationd.migrator (CoreLocationMigrator.migrator)
		Migration Elapsed:02:15 seconds

[2026-09-13 5:02:58 AM +0000] Status=2, isTerminal=NO, Elapsed=02:18.
	Waiting on Data Migration
		Reason:Running plugin com.apple.locationd.migrator (CoreLocationMigrator.migrator)
		Migration Elapsed:02:16 seconds

[2026-09-13 5:03:03 AM +0000] Status=2, isTerminal=NO, Elapsed=02:23.
	Waiting on Data Migration
		Reason:Running plugin com.apple.locationd.migrator (CoreLocationMigrator.migrator)
		Migration Elapsed:02:17 seconds

[2026-09-13 5:03:03 AM +0000] Status=2, isTerminal=NO, Elapsed=02:24.
	Waiting on Data Migration
		Reason:Running plugin com.apple.locationd.migrator (CoreLocationMigrator.migrator)
		Migration Elapsed:02:21 seconds

[2026-09-13 5:03:04 AM +0000] Status=2, isTerminal=NO, Elapsed=02:25.
	Waiting on Data Migration
		Reason:Running plugin com.apple.locationd.migrator (CoreLocationMigrator.migrator)
		Migration Elapsed:02:22 seconds

[2026-09-13 5:03:06 AM +0000] Status=2, isTerminal=NO, Elapsed=02:26.
	Waiting on Data Migration
		Reason:Running plugin com.apple.locationd.migrator (CoreLocationMigrator.migrator)
		Migration Elapsed:02:23 seconds

[2026-09-13 5:03:08 AM +0000] Status=2, isTerminal=NO, Elapsed=02:28.
	Waiting on Data Migration
		Reason:Running plugin com.apple.locationd.migrator (CoreLocationMigrator.migrator)
		Migration Elapsed:02:24 seconds

[2026-09-13 5:03:09 AM +0000] Status=2, isTerminal=NO, Elapsed=02:29.
	Waiting on Data Migration
		Reason:Running plugin com.apple.locationd.migrator (CoreLocationMigrator.migrator)
		Migration Elapsed:02:27 seconds

[2026-09-13 5:03:09 AM +0000] Status=2, isTerminal=NO, Elapsed=02:29.
	Waiting on Data Migration
		Reason:Running plugin com.apple.locationd.migrator (CoreLocationMigrator.migrator)
		Migration Elapsed:02:27 seconds

[2026-09-13 5:03:10 AM +0000] Status=2, isTerminal=NO, Elapsed=02:30.
	Waiting on Data Migration
		Reason:Running plugin com.apple.locationd.migrator (CoreLocationMigrator.migrator)
		Migration Elapsed:02:28 seconds

[2026-09-13 5:03:11 AM +0000] Status=2, isTerminal=NO, Elapsed=02:31.
	Waiting on Data Migration
		Reason:Running plugin com.apple.locationd.migrator (CoreLocationMigrator.migrator)
		Migration Elapsed:02:29 seconds

[2026-09-13 5:03:11 AM +0000] Status=2, isTerminal=NO, Elapsed=02:32.
	Waiting on Data Migration
		Reason:Running plugin com.apple.locationd.migrator (CoreLocationMigrator.migrator)
		Migration Elapsed:02:30 seconds

[2026-09-13 5:03:13 AM +0000] Status=2, isTerminal=NO, Elapsed=02:33.
	Waiting on Data Migration
		Reason:Running plugin com.apple.locationd.migrator (CoreLocationMigrator.migrator)
		Migration Elapsed:02:31 seconds

[2026-09-13 5:03:14 AM +0000] Status=2, isTerminal=NO, Elapsed=02:34.
	Waiting on Data Migration
		Reason:Running plugin com.apple.locationd.migrator (CoreLocationMigrator.migrator)
		Migration Elapsed:02:32 seconds

[2026-09-13 5:03:15 AM +0000] Status=2, isTerminal=NO, Elapsed=02:35.
	Waiting on Data Migration
		Reason:Running plugin com.apple.locationd.migrator (CoreLocationMigrator.migrator)
		Migration Elapsed:02:33 seconds

[2026-09-13 5:03:16 AM +0000] Status=2, isTerminal=NO, Elapsed=02:36.
	Waiting on Data Migration
		Reason:Running plugin com.apple.locationd.migrator (CoreLocationMigrator.migrator)
		Migration Elapsed:02:34 seconds

[2026-09-13 5:03:17 AM +0000] Status=2, isTerminal=NO, Elapsed=02:37.
	Waiting on Data Migration
		Reason:Running plugin com.apple.locationd.migrator (CoreLocationMigrator.migrator)
		Migration Elapsed:02:35 seconds

[2026-09-13 5:03:18 AM +0000] Status=2, isTerminal=NO, Elapsed=02:38.
	Waiting on Data Migration
		Reason:Running plugin com.apple.locationd.migrator (CoreLocationMigrator.migrator)
		Migration Elapsed:02:36 seconds

[2026-09-13 5:03:19 AM +0000] Status=2, isTerminal=NO, Elapsed=02:39.
	Waiting on Data Migration
		Reason:Running plugin com.apple.locationd.migrator (CoreLocationMigrator.migrator)
		Migration Elapsed:02:37 seconds

[2026-09-13 5:03:20 AM +0000] Status=2, isTerminal=NO, Elapsed=02:40.
	Waiting on Data Migration
		Reason:Running plugin com.apple.locationd.migrator (CoreLocationMigrator.migrator)
		Migration Elapsed:02:38 seconds

[2026-09-13 5:03:21 AM +0000] Status=2, isTerminal=NO, Elapsed=02:41.
	Waiting on Data Migration
		Reason:Running plugin com.apple.locationd.migrator (CoreLocationMigrator.migrator)
		Migration Elapsed:02:39 seconds

[2026-09-13 5:03:21 AM +0000] Status=2, isTerminal=NO, Elapsed=02:42.
	Waiting on Data Migration
		Reason:Running plugin com.apple.locationd.migrator (CoreLocationMigrator.migrator)
		Migration Elapsed:02:40 seconds

[2026-09-13 5:03:23 AM +0000] Status=2, isTerminal=NO, Elapsed=02:43.
	Waiting on Data Migration
		Reason:Running plugin com.apple.locationd.migrator (CoreLocationMigrator.migrator)
		Migration Elapsed:02:41 seconds

[2026-09-13 5:03:23 AM +0000] Status=2, isTerminal=NO, Elapsed=02:44.
	Waiting on Data Migration
		Reason:Running plugin com.apple.locationd.migrator (CoreLocationMigrator.migrator)
		Migration Elapsed:02:42 seconds

[2026-09-13 5:03:25 AM +0000] Status=2, isTerminal=NO, Elapsed=02:45.
	Waiting on Data Migration
		Reason:Running plugin com.apple.locationd.migrator (CoreLocationMigrator.migrator)
		Migration Elapsed:02:43 seconds

[2026-09-13 5:03:25 AM +0000] Status=2, isTerminal=NO, Elapsed=02:46.
	Waiting on Data Migration
		Reason:Running plugin com.apple.locationd.migrator (CoreLocationMigrator.migrator)
		Migration Elapsed:02:44 seconds

[2026-09-13 5:03:27 AM +0000] Status=2, isTerminal=NO, Elapsed=02:47.
	Waiting on Data Migration
		Reason:Running plugin com.apple.locationd.migrator (CoreLocationMigrator.migrator)
		Migration Elapsed:02:45 seconds

[2026-09-13 5:03:28 AM +0000] Status=2, isTerminal=NO, Elapsed=02:48.
	Waiting on Data Migration
		Reason:Running plugin com.apple.locationd.migrator (CoreLocationMigrator.migrator)
		Migration Elapsed:02:46 seconds

[2026-09-13 5:03:29 AM +0000] Status=2, isTerminal=NO, Elapsed=02:49.
	Waiting on Data Migration
		Reason:Running plugin com.apple.locationd.migrator (CoreLocationMigrator.migrator)
		Migration Elapsed:02:47 seconds

[2026-09-13 5:03:29 AM +0000] Status=2, isTerminal=NO, Elapsed=02:50.
	Waiting on Data Migration
		Reason:Running plugin com.apple.locationd.migrator (CoreLocationMigrator.migrator)
		Migration Elapsed:02:48 seconds

[2026-09-13 5:03:30 AM +0000] Status=2, isTerminal=NO, Elapsed=02:51.
	Waiting on Data Migration
		Reason:Running plugin com.apple.locationd.migrator (CoreLocationMigrator.migrator)
		Migration Elapsed:02:49 seconds

[2026-09-13 5:03:31 AM +0000] Status=2, isTerminal=NO, Elapsed=02:52.
	Waiting on Data Migration
		Reason:Running plugin com.apple.locationd.migrator (CoreLocationMigrator.migrator)
		Migration Elapsed:02:50 seconds

[2026-09-13 5:03:33 AM +0000] Status=2, isTerminal=NO, Elapsed=02:53.
	Waiting on Data Migration
		Reason:Running plugin com.apple.locationd.migrator (CoreLocationMigrator.migrator)
		Migration Elapsed:02:51 seconds

[2026-09-13 5:03:34 AM +0000] Status=2, isTerminal=NO, Elapsed=02:54.
	Waiting on Data Migration
		Reason:Running plugin com.apple.locationd.migrator (CoreLocationMigrator.migrator)
		Migration Elapsed:02:52 seconds

[2026-09-13 5:03:34 AM +0000] Status=2, isTerminal=NO, Elapsed=02:55.
	Waiting on Data Migration
		Reason:Running plugin com.apple.locationd.migrator (CoreLocationMigrator.migrator)
		Migration Elapsed:02:53 seconds

[2026-09-13 5:03:35 AM +0000] Status=2, isTerminal=NO, Elapsed=02:56.
	Waiting on Data Migration
		Reason:Running plugin com.apple.locationd.migrator (CoreLocationMigrator.migrator)
		Migration Elapsed:02:54 seconds

[2026-09-13 5:03:36 AM +0000] Status=2, isTerminal=NO, Elapsed=02:57.
	Waiting on Data Migration
		Reason:Running plugin com.apple.locationd.migrator (CoreLocationMigrator.migrator)
		Migration Elapsed:02:55 seconds

[2026-09-13 5:03:37 AM +0000] Status=2, isTerminal=NO, Elapsed=02:58.
	Waiting on Data Migration
		Reason:Running plugin com.apple.locationd.migrator (CoreLocationMigrator.migrator)
		Migration Elapsed:02:56 seconds

[2026-09-13 5:03:39 AM +0000] Status=2, isTerminal=NO, Elapsed=02:59.
	Waiting on Data Migration
		Reason:Running plugin com.apple.locationd.migrator (CoreLocationMigrator.migrator)
		Migration Elapsed:02:57 seconds

[2026-09-13 5:03:40 AM +0000] Status=2, isTerminal=NO, Elapsed=03:00.
	Waiting on Data Migration
		Reason:Running plugin com.apple.locationd.migrator (CoreLocationMigrator.migrator)
		Migration Elapsed:02:58 seconds

[2026-09-13 5:03:41 AM +0000] Status=2, isTerminal=NO, Elapsed=03:01.
	Waiting on Data Migration
		Reason:Running plugin com.apple.locationd.migrator (CoreLocationMigrator.migrator)
		Migration Elapsed:02:59 seconds

[2026-09-13 5:03:41 AM +0000] Status=2, isTerminal=NO, Elapsed=03:02.
	Waiting on Data Migration
		Reason:Running plugin com.apple.locationd.migrator (CoreLocationMigrator.migrator)
		Migration Elapsed:03:00 seconds

[2026-09-13 5:03:42 AM +0000] Status=2, isTerminal=NO, Elapsed=03:03.
	Waiting on Data Migration
		Reason:Running plugin com.apple.locationd.migrator (CoreLocationMigrator.migrator)
		Migration Elapsed:03:01 seconds

[2026-09-13 5:03:43 AM +0000] Status=2, isTerminal=NO, Elapsed=03:04.
	Waiting on Data Migration
		Reason:Running plugin com.apple.locationd.migrator (CoreLocationMigrator.migrator)
		Migration Elapsed:03:02 seconds

[2026-09-13 5:03:45 AM +0000] Status=2, isTerminal=NO, Elapsed=03:05.
	Waiting on Data Migration
		Reason:Running plugin com.apple.locationd.migrator (CoreLocationMigrator.migrator)
		Migration Elapsed:03:03 seconds

[2026-09-13 5:03:46 AM +0000] Status=2, isTerminal=NO, Elapsed=03:06.
	Waiting on Data Migration
		Reason:Running plugin com.apple.locationd.migrator (CoreLocationMigrator.migrator)
		Migration Elapsed:03:04 seconds

[2026-09-13 5:03:47 AM +0000] Status=2, isTerminal=NO, Elapsed=03:07.
	Waiting on Data Migration
		Reason:Running plugin com.apple.locationd.migrator (CoreLocationMigrator.migrator)
		Migration Elapsed:03:05 seconds

[2026-09-13 5:03:48 AM +0000] Status=2, isTerminal=NO, Elapsed=03:08.
	Waiting on Data Migration
		Reason:Running plugin com.apple.locationd.migrator (CoreLocationMigrator.migrator)
		Migration Elapsed:03:06 seconds

[2026-09-13 5:03:49 AM +0000] Status=2, isTerminal=NO, Elapsed=03:09.
	Waiting on Data Migration
		Reason:Running plugin com.apple.locationd.migrator (CoreLocationMigrator.migrator)
		Migration Elapsed:03:07 seconds

[2026-09-13 5:03:50 AM +0000] Status=2, isTerminal=NO, Elapsed=03:10.
	Waiting on Data Migration
		Reason:Running plugin com.apple.locationd.migrator (CoreLocationMigrator.migrator)
		Migration Elapsed:03:08 seconds

[2026-09-13 5:03:51 AM +0000] Status=2, isTerminal=NO, Elapsed=03:11.
	Waiting on Data Migration
		Reason:Running plugin com.apple.locationd.migrator (CoreLocationMigrator.migrator)
		Migration Elapsed:03:09 seconds

[2026-09-13 5:03:52 AM +0000] Status=2, isTerminal=NO, Elapsed=03:12.
	Waiting on Data Migration
		Reason:Running plugin com.apple.locationd.migrator (CoreLocationMigrator.migrator)
		Migration Elapsed:03:10 seconds

[2026-09-13 5:03:52 AM +0000] Status=2, isTerminal=NO, Elapsed=03:13.
	Waiting on Data Migration
		Reason:Running plugin com.apple.locationd.migrator (CoreLocationMigrator.migrator)
		Migration Elapsed:03:11 seconds

[2026-09-13 5:03:54 AM +0000] Status=2, isTerminal=NO, Elapsed=03:14.
	Waiting on Data Migration
		Reason:Running plugin com.apple.locationd.migrator (CoreLocationMigrator.migrator)
		Migration Elapsed:03:12 seconds

[2026-09-13 5:03:55 AM +0000] Status=2, isTerminal=NO, Elapsed=03:15.
	Waiting on Data Migration
		Reason:Running plugin com.apple.locationd.migrator (CoreLocationMigrator.migrator)
		Migration Elapsed:03:13 seconds

[2026-09-13 5:03:56 AM +0000] Status=2, isTerminal=NO, Elapsed=03:16.
	Waiting on Data Migration
		Reason:Running plugin com.apple.locationd.migrator (CoreLocationMigrator.migrator)
		Migration Elapsed:03:14 seconds

[2026-09-13 5:03:57 AM +0000] Status=2, isTerminal=NO, Elapsed=03:17.
	Waiting on Data Migration
		Reason:Running plugin com.apple.locationd.migrator (CoreLocationMigrator.migrator)
		Migration Elapsed:03:15 seconds

[2026-09-13 5:03:58 AM +0000] Status=2, isTerminal=NO, Elapsed=03:18.
	Waiting on Data Migration
		Reason:Running plugin com.apple.locationd.migrator (CoreLocationMigrator.migrator)
		Migration Elapsed:03:16 seconds

[2026-09-13 5:03:58 AM +0000] Status=2, isTerminal=NO, Elapsed=03:19.
	Waiting on Data Migration
		Reason:Running plugin com.apple.locationd.migrator (CoreLocationMigrator.migrator)
		Migration Elapsed:03:17 seconds

[2026-09-13 5:04:00 AM +0000] Status=2, isTerminal=NO, Elapsed=03:20.
	Waiting on Data Migration
		Reason:Running plugin com.apple.locationd.migrator (CoreLocationMigrator.migrator)
		Migration Elapsed:03:18 seconds

[2026-09-13 5:04:01 AM +0000] Status=2, isTerminal=NO, Elapsed=03:21.
	Waiting on Data Migration
		Reason:Running plugin com.apple.locationd.migrator (CoreLocationMigrator.migrator)
		Migration Elapsed:03:19 seconds

[2026-09-13 5:04:02 AM +0000] Status=2, isTerminal=NO, Elapsed=03:22.
	Waiting on Data Migration
		Reason:Running plugin com.apple.locationd.migrator (CoreLocationMigrator.migrator)
		Migration Elapsed:03:20 seconds

[2026-09-13 5:04:03 AM +0000] Status=2, isTerminal=NO, Elapsed=03:23.
	Waiting on Data Migration
		Reason:Running plugin com.apple.locationd.migrator (CoreLocationMigrator.migrator)
		Migration Elapsed:03:21 seconds

[2026-09-13 5:04:03 AM +0000] Status=2, isTerminal=NO, Elapsed=03:24.
	Waiting on Data Migration
		Reason:Running plugin com.apple.locationd.migrator (CoreLocationMigrator.migrator)
		Migration Elapsed:03:22 seconds

[2026-09-13 5:04:05 AM +0000] Status=2, isTerminal=NO, Elapsed=03:25.
	Waiting on Data Migration
		Reason:Running plugin com.apple.locationd.migrator (CoreLocationMigrator.migrator)
		Migration Elapsed:03:23 seconds

[2026-09-13 5:04:06 AM +0000] Status=2, isTerminal=NO, Elapsed=03:26.
	Waiting on Data Migration
		Reason:Running plugin com.apple.locationd.migrator (CoreLocationMigrator.migrator)
		Migration Elapsed:03:24 seconds

[2026-09-13 5:04:07 AM +0000] Status=2, isTerminal=NO, Elapsed=03:27.
	Waiting on Data Migration
		Reason:Running plugin com.apple.locationd.migrator (CoreLocationMigrator.migrator)
		Migration Elapsed:03:25 seconds

[2026-09-13 5:04:08 AM +0000] Status=2, isTerminal=NO, Elapsed=03:28.
	Waiting on Data Migration
		Reason:Running plugin com.apple.locationd.migrator (CoreLocationMigrator.migrator)
		Migration Elapsed:03:26 seconds

[2026-09-13 5:04:09 AM +0000] Status=2, isTerminal=NO, Elapsed=03:29.
	Waiting on Data Migration
		Reason:Running plugin com.apple.locationd.migrator (CoreLocationMigrator.migrator)
		Migration Elapsed:03:27 seconds

[2026-09-13 5:04:10 AM +0000] Status=2, isTerminal=NO, Elapsed=03:30.
	Waiting on Data Migration
		Reason:Running plugin com.apple.locationd.migrator (CoreLocationMigrator.migrator)
		Migration Elapsed:03:28 seconds

[2026-09-13 5:04:11 AM +0000] Status=2, isTerminal=NO, Elapsed=03:31.
	Waiting on Data Migration
		Reason:Running plugin com.apple.locationd.migrator (CoreLocationMigrator.migrator)
		Migration Elapsed:03:29 seconds

[2026-09-13 5:04:12 AM +0000] Status=2, isTerminal=NO, Elapsed=03:32.
	Waiting on Data Migration
		Reason:Running plugin com.apple.locationd.migrator (CoreLocationMigrator.migrator)
		Migration Elapsed:03:30 seconds

[2026-09-13 5:04:13 AM +0000] Status=2, isTerminal=NO, Elapsed=03:33.
	Waiting on Data Migration
		Reason:Running plugin com.apple.locationd.migrator (CoreLocationMigrator.migrator)
		Migration Elapsed:03:31 seconds

[2026-09-13 5:04:13 AM +0000] Status=2, isTerminal=NO, Elapsed=03:34.
	Waiting on Data Migration
		Reason:Running plugin com.apple.locationd.migrator (CoreLocationMigrator.migrator)
		Migration Elapsed:03:32 seconds

[2026-09-13 5:04:14 AM +0000] Status=2, isTerminal=NO, Elapsed=03:35.
	Waiting on Data Migration
		Reason:Running plugin com.apple.locationd.migrator (CoreLocationMigrator.migrator)
		Migration Elapsed:03:33 seconds

[2026-09-13 5:04:15 AM +0000] Status=2, isTerminal=NO, Elapsed=03:36.
	Waiting on Data Migration
		Reason:Running plugin com.apple.locationd.migrator (CoreLocationMigrator.migrator)
		Migration Elapsed:03:34 seconds

[2026-09-13 5:04:16 AM +0000] Status=2, isTerminal=NO, Elapsed=03:37.
	Waiting on Data Migration
		Reason:Running plugin com.apple.locationd.migrator (CoreLocationMigrator.migrator)
		Migration Elapsed:03:35 seconds

[2026-09-13 5:04:17 AM +0000] Status=2, isTerminal=NO, Elapsed=03:38.
	Waiting on Data Migration
		Reason:Running plugin com.apple.locationd.migrator (CoreLocationMigrator.migrator)
		Migration Elapsed:03:36 seconds

[2026-09-13 5:04:19 AM +0000] Status=2, isTerminal=NO, Elapsed=03:39.
	Waiting on Data Migration
		Reason:Running plugin com.apple.locationd.migrator (CoreLocationMigrator.migrator)
		Migration Elapsed:03:37 seconds

[2026-09-13 5:04:19 AM +0000] Status=2, isTerminal=NO, Elapsed=03:40.
	Waiting on Data Migration
		Reason:Running plugin com.apple.locationd.migrator (CoreLocationMigrator.migrator)
		Migration Elapsed:03:38 seconds

[2026-09-13 5:04:20 AM +0000] Status=2, isTerminal=NO, Elapsed=03:41.
	Waiting on Data Migration
		Reason:Running plugin com.apple.locationd.migrator (CoreLocationMigrator.migrator)
		Migration Elapsed:03:39 seconds

[2026-09-13 5:04:21 AM +0000] Status=2, isTerminal=NO, Elapsed=03:42.
	Waiting on Data Migration
		Reason:Running plugin com.apple.locationd.migrator (CoreLocationMigrator.migrator)
		Migration Elapsed:03:40 seconds

[2026-09-13 5:04:23 AM +0000] Status=2, isTerminal=NO, Elapsed=03:43.
	Waiting on Data Migration
		Reason:Running plugin com.apple.locationd.migrator (CoreLocationMigrator.migrator)
		Migration Elapsed:03:41 seconds

[2026-09-13 5:04:23 AM +0000] Status=2, isTerminal=NO, Elapsed=03:44.
	Waiting on Data Migration
		Reason:Running plugin com.apple.locationd.migrator (CoreLocationMigrator.migrator)
		Migration Elapsed:03:42 seconds

[2026-09-13 5:04:25 AM +0000] Status=2, isTerminal=NO, Elapsed=03:45.
	Waiting on Data Migration
		Reason:Running plugin com.apple.locationd.migrator (CoreLocationMigrator.migrator)
		Migration Elapsed:03:43 seconds

[2026-09-13 5:04:25 AM +0000] Status=2, isTerminal=NO, Elapsed=03:46.
	Waiting on Data Migration
		Reason:Running plugin com.apple.locationd.migrator (CoreLocationMigrator.migrator)
		Migration Elapsed:03:44 seconds

[2026-09-13 5:04:27 AM +0000] Status=2, isTerminal=NO, Elapsed=03:47.
	Waiting on Data Migration
		Reason:Running plugin com.apple.locationd.migrator (CoreLocationMigrator.migrator)
		Migration Elapsed:03:45 seconds

[2026-09-13 5:04:27 AM +0000] Status=2, isTerminal=NO, Elapsed=03:48.
	Waiting on Data Migration
		Reason:Running plugin com.apple.locationd.migrator (CoreLocationMigrator.migrator)
		Migration Elapsed:03:46 seconds

[2026-09-13 5:04:28 AM +0000] Status=2, isTerminal=NO, Elapsed=03:49.
	Waiting on Data Migration
		Reason:Running plugin com.apple.locationd.migrator (CoreLocationMigrator.migrator)
		Migration Elapsed:03:47 seconds

[2026-09-13 5:04:29 AM +0000] Status=2, isTerminal=NO, Elapsed=03:50.
	Waiting on Data Migration
		Reason:Running plugin com.apple.locationd.migrator (CoreLocationMigrator.migrator)
		Migration Elapsed:03:48 seconds

[2026-09-13 5:04:30 AM +0000] Status=2, isTerminal=NO, Elapsed=03:51.
	Waiting on Data Migration
		Reason:Running plugin com.apple.locationd.migrator (CoreLocationMigrator.migrator)
		Migration Elapsed:03:49 seconds

[2026-09-13 5:04:31 AM +0000] Status=2, isTerminal=NO, Elapsed=03:52.
	Waiting on Data Migration
		Reason:Running plugin com.apple.locationd.migrator (CoreLocationMigrator.migrator)
		Migration Elapsed:03:50 seconds

[2026-09-13 5:04:32 AM +0000] Status=2, isTerminal=NO, Elapsed=03:53.
	Waiting on Data Migration
		Reason:Running plugin com.apple.locationd.migrator (CoreLocationMigrator.migrator)
		Migration Elapsed:03:51 seconds

[2026-09-13 5:04:33 AM +0000] Status=2, isTerminal=NO, Elapsed=03:54.
	Waiting on Data Migration
		Reason:Running plugin com.apple.locationd.migrator (CoreLocationMigrator.migrator)
		Migration Elapsed:03:52 seconds

[2026-09-13 5:04:35 AM +0000] Status=2, isTerminal=NO, Elapsed=03:55.
	Waiting on Data Migration
		Reason:Running plugin com.apple.locationd.migrator (CoreLocationMigrator.migrator)
		Migration Elapsed:03:53 seconds

[2026-09-13 5:04:35 AM +0000] Status=2, isTerminal=NO, Elapsed=03:56.
	Waiting on Data Migration
		Reason:Running plugin com.apple.locationd.migrator (CoreLocationMigrator.migrator)
		Migration Elapsed:03:54 seconds

[2026-09-13 5:04:36 AM +0000] Status=2, isTerminal=NO, Elapsed=03:57.
	Waiting on Data Migration
		Reason:Running plugin com.apple.locationd.migrator (CoreLocationMigrator.migrator)
		Migration Elapsed:03:55 seconds

[2026-09-13 5:04:38 AM +0000] Status=2, isTerminal=NO, Elapsed=03:58.
	Waiting on Data Migration
		Reason:Running plugin com.apple.locationd.migrator (CoreLocationMigrator.migrator)
		Migration Elapsed:03:56 seconds

[2026-09-13 5:04:38 AM +0000] Status=2, isTerminal=NO, Elapsed=03:59.
	Waiting on Data Migration
		Reason:Running plugin com.apple.locationd.migrator (CoreLocationMigrator.migrator)
		Migration Elapsed:03:57 seconds

[2026-09-13 5:04:39 AM +0000] Status=2, isTerminal=NO, Elapsed=04:00.
	Waiting on Data Migration
		Reason:Running plugin com.apple.locationd.migrator (CoreLocationMigrator.migrator)
		Migration Elapsed:03:58 seconds

[2026-09-13 5:04:40 AM +0000] Status=2, isTerminal=NO, Elapsed=04:01.
	Waiting on Data Migration
		Reason:Running plugin com.apple.locationd.migrator (CoreLocationMigrator.migrator)
		Migration Elapsed:03:59 seconds

[2026-09-13 5:04:41 AM +0000] Status=2, isTerminal=NO, Elapsed=04:02.
	Waiting on Data Migration
		Reason:Running plugin com.apple.locationd.migrator (CoreLocationMigrator.migrator)
		Migration Elapsed:04:00 seconds

[2026-09-13 5:04:43 AM +0000] Status=2, isTerminal=NO, Elapsed=04:03.
	Waiting on Data Migration
		Reason:Running plugin com.apple.locationd.migrator (CoreLocationMigrator.migrator)
		Migration Elapsed:04:01 seconds

[2026-09-13 5:04:43 AM +0000] Status=2, isTerminal=NO, Elapsed=04:04.
	Waiting on Data Migration
		Reason:Running plugin com.apple.locationd.migrator (CoreLocationMigrator.migrator)
		Migration Elapsed:04:02 seconds

[2026-09-13 5:04:45 AM +0000] Status=2, isTerminal=NO, Elapsed=04:05.
	Waiting on Data Migration
		Reason:Running plugin com.apple.locationd.migrator (CoreLocationMigrator.migrator)
		Migration Elapsed:04:03 seconds

[2026-09-13 5:04:45 AM +0000] Status=2, isTerminal=NO, Elapsed=04:06.
	Waiting on Data Migration
		Reason:Running plugin com.apple.locationd.migrator (CoreLocationMigrator.migrator)
		Migration Elapsed:04:04 seconds

[2026-09-13 5:04:47 AM +0000] Status=2, isTerminal=NO, Elapsed=04:07.
	Waiting on Data Migration
		Reason:Running plugin com.apple.locationd.migrator (CoreLocationMigrator.migrator)
		Migration Elapsed:04:05 seconds

[2026-09-13 5:04:48 AM +0000] Status=2, isTerminal=NO, Elapsed=04:08.
	Waiting on Data Migration
		Reason:Running plugin com.apple.locationd.migrator (CoreLocationMigrator.migrator)
		Migration Elapsed:04:06 seconds

[2026-09-13 5:04:48 AM +0000] Status=2, isTerminal=NO, Elapsed=04:09.
	Waiting on Data Migration
		Reason:Running plugin com.apple.locationd.migrator (CoreLocationMigrator.migrator)
		Migration Elapsed:04:07 seconds

[2026-09-13 5:04:49 AM +0000] Status=2, isTerminal=NO, Elapsed=04:10.
	Waiting on Data Migration
		Reason:Running plugin com.apple.locationd.migrator (CoreLocationMigrator.migrator)
		Migration Elapsed:04:08 seconds

[2026-09-13 5:04:50 AM +0000] Status=2, isTerminal=NO, Elapsed=04:11.
	Waiting on Data Migration
		Reason:Running plugin com.apple.locationd.migrator (CoreLocationMigrator.migrator)
		Migration Elapsed:04:09 seconds

[2026-09-13 5:04:51 AM +0000] Status=2, isTerminal=NO, Elapsed=04:12.
	Waiting on Data Migration
		Reason:Running plugin com.apple.locationd.migrator (CoreLocationMigrator.migrator)
		Migration Elapsed:04:10 seconds

[2026-09-13 5:04:52 AM +0000] Status=2, isTerminal=NO, Elapsed=04:13.
	Waiting on Data Migration
		Reason:Running plugin com.apple.locationd.migrator (CoreLocationMigrator.migrator)
		Migration Elapsed:04:11 seconds

[2026-09-13 5:04:54 AM +0000] Status=2, isTerminal=NO, Elapsed=04:14.
	Waiting on Data Migration
		Reason:Running plugin com.apple.locationd.migrator (CoreLocationMigrator.migrator)
		Migration Elapsed:04:12 seconds

[2026-09-13 5:04:55 AM +0000] Status=2, isTerminal=NO, Elapsed=04:15.
	Waiting on Data Migration
		Reason:Running plugin com.apple.locationd.migrator (CoreLocationMigrator.migrator)
		Migration Elapsed:04:13 seconds

[2026-09-13 5:04:55 AM +0000] Status=2, isTerminal=NO, Elapsed=04:16.
	Waiting on Data Migration
		Reason:Running plugin com.apple.locationd.migrator (CoreLocationMigrator.migrator)
		Migration Elapsed:04:14 seconds

[2026-09-13 5:04:56 AM +0000] Status=2, isTerminal=NO, Elapsed=04:17.
	Waiting on Data Migration
		Reason:Running plugin com.apple.locationd.migrator (CoreLocationMigrator.migrator)
		Migration Elapsed:04:15 seconds

[2026-09-13 5:04:57 AM +0000] Status=2, isTerminal=NO, Elapsed=04:18.
	Waiting on Data Migration
		Reason:Running plugin com.apple.locationd.migrator (CoreLocationMigrator.migrator)
		Migration Elapsed:04:16 seconds

[2026-09-13 5:04:58 AM +0000] Status=2, isTerminal=NO, Elapsed=04:19.
	Waiting on Data Migration
		Reason:Running plugin com.apple.locationd.migrator (CoreLocationMigrator.migrator)
		Migration Elapsed:04:17 seconds

[2026-09-13 5:05:00 AM +0000] Status=2, isTerminal=NO, Elapsed=04:20.
	Waiting on Data Migration
		Reason:Running plugin com.apple.locationd.migrator (CoreLocationMigrator.migrator)
		Migration Elapsed:04:18 seconds

[2026-09-13 5:05:00 AM +0000] Status=2, isTerminal=NO, Elapsed=04:21.
	Waiting on Data Migration
		Reason:Running plugin com.apple.locationd.migrator (CoreLocationMigrator.migrator)
		Migration Elapsed:04:19 seconds

[2026-09-13 5:05:01 AM +0000] Status=2, isTerminal=NO, Elapsed=04:22.
	Waiting on Data Migration
		Reason:Running plugin com.apple.locationd.migrator (CoreLocationMigrator.migrator)
		Migration Elapsed:04:20 seconds

[2026-09-13 5:05:02 AM +0000] Status=2, isTerminal=NO, Elapsed=04:23.
	Waiting on Data Migration
		Reason:Running plugin com.apple.locationd.migrator (CoreLocationMigrator.migrator)
		Migration Elapsed:04:21 seconds

[2026-09-13 5:05:03 AM +0000] Status=2, isTerminal=NO, Elapsed=04:24.
	Waiting on Data Migration
		Reason:Running plugin com.apple.locationd.migrator (CoreLocationMigrator.migrator)
		Migration Elapsed:04:22 seconds

[2026-09-13 5:05:05 AM +0000] Status=2, isTerminal=NO, Elapsed=04:25.
	Waiting on Data Migration
		Reason:Running plugin com.apple.locationd.migrator (CoreLocationMigrator.migrator)
		Migration Elapsed:04:23 seconds

[2026-09-13 5:05:06 AM +0000] Status=2, isTerminal=NO, Elapsed=04:26.
	Waiting on Data Migration
		Reason:Running plugin com.apple.locationd.migrator (CoreLocationMigrator.migrator)
		Migration Elapsed:04:24 seconds

[2026-09-13 5:05:06 AM +0000] Status=2, isTerminal=NO, Elapsed=04:27.
	Waiting on Data Migration
		Reason:Running plugin com.apple.locationd.migrator (CoreLocationMigrator.migrator)
		Migration Elapsed:04:25 seconds

[2026-09-13 5:05:07 AM +0000] Status=2, isTerminal=NO, Elapsed=04:28.
	Waiting on Data Migration
		Reason:Running plugin com.apple.locationd.migrator (CoreLocationMigrator.migrator)
		Migration Elapsed:04:26 seconds

[2026-09-13 5:05:08 AM +0000] Status=2, isTerminal=NO, Elapsed=04:29.
	Waiting on Data Migration
		Reason:Running plugin com.apple.locationd.migrator (CoreLocationMigrator.migrator)
		Migration Elapsed:04:27 seconds

[2026-09-13 5:05:09 AM +0000] Status=2, isTerminal=NO, Elapsed=04:30.
	Waiting on Data Migration
		Reason:Running plugin com.apple.locationd.migrator (CoreLocationMigrator.migrator)
		Migration Elapsed:04:28 seconds

[2026-09-13 5:05:10 AM +0000] Status=2, isTerminal=NO, Elapsed=04:31.
	Waiting on Data Migration
		Reason:Running plugin com.apple.locationd.migrator (CoreLocationMigrator.migrator)
		Migration Elapsed:04:29 seconds

[2026-09-13 5:05:11 AM +0000] Status=2, isTerminal=NO, Elapsed=04:32.
	Waiting on Data Migration
		Reason:Running plugin com.apple.locationd.migrator (CoreLocationMigrator.migrator)
		Migration Elapsed:04:30 seconds

[2026-09-13 5:05:12 AM +0000] Status=2, isTerminal=NO, Elapsed=04:33.
	Waiting on Data Migration
		Reason:Running plugin com.apple.locationd.migrator (CoreLocationMigrator.migrator)
		Migration Elapsed:04:31 seconds

[2026-09-13 5:05:13 AM +0000] Status=2, isTerminal=NO, Elapsed=04:34.
	Waiting on Data Migration
		Reason:Running plugin com.apple.locationd.migrator (CoreLocationMigrator.migrator)
		Migration Elapsed:04:32 seconds

[2026-09-13 5:05:15 AM +0000] Status=2, isTerminal=NO, Elapsed=04:35.
	Waiting on Data Migration
		Reason:Running plugin com.apple.locationd.migrator (CoreLocationMigrator.migrator)
		Migration Elapsed:04:33 seconds

[2026-09-13 5:05:16 AM +0000] Status=2, isTerminal=NO, Elapsed=04:36.
	Waiting on Data Migration
		Reason:Running plugin com.apple.locationd.migrator (CoreLocationMigrator.migrator)
		Migration Elapsed:04:34 seconds

[2026-09-13 5:05:16 AM +0000] Status=2, isTerminal=NO, Elapsed=04:37.
	Waiting on Data Migration
		Reason:Running plugin com.apple.locationd.migrator (CoreLocationMigrator.migrator)
		Migration Elapsed:04:35 seconds

[2026-09-13 5:05:17 AM +0000] Status=2, isTerminal=NO, Elapsed=04:38.
	Waiting on Data Migration
		Reason:Running plugin com.apple.locationd.migrator (CoreLocationMigrator.migrator)
		Migration Elapsed:04:36 seconds

[2026-09-13 5:05:18 AM +0000] Status=2, isTerminal=NO, Elapsed=04:39.
	Waiting on Data Migration
		Reason:Running plugin com.apple.locationd.migrator (CoreLocationMigrator.migrator)
		Migration Elapsed:04:37 seconds

[2026-09-13 5:05:19 AM +0000] Status=2, isTerminal=NO, Elapsed=04:40.
	Waiting on Data Migration
		Reason:Running plugin com.apple.locationd.migrator (CoreLocationMigrator.migrator)
		Migration Elapsed:04:38 seconds

[2026-09-13 5:05:20 AM +0000] Status=2, isTerminal=NO, Elapsed=04:41.
	Waiting on Data Migration
		Reason:Running plugin com.apple.locationd.migrator (CoreLocationMigrator.migrator)
		Migration Elapsed:04:39 seconds

[2026-09-13 5:05:21 AM +0000] Status=2, isTerminal=NO, Elapsed=04:42.
	Waiting on Data Migration
		Reason:Running plugin com.apple.locationd.migrator (CoreLocationMigrator.migrator)
		Migration Elapsed:04:40 seconds

[2026-09-13 5:05:22 AM +0000] Status=2, isTerminal=NO, Elapsed=04:43.
	Waiting on Data Migration
		Reason:Running plugin com.apple.locationd.migrator (CoreLocationMigrator.migrator)
		Migration Elapsed:04:41 seconds

[2026-09-13 5:05:23 AM +0000] Status=2, isTerminal=NO, Elapsed=04:44.
	Waiting on Data Migration
		Reason:Running plugin com.apple.locationd.migrator (CoreLocationMigrator.migrator)
		Migration Elapsed:04:42 seconds

[2026-09-13 5:05:24 AM +0000] Status=2, isTerminal=NO, Elapsed=04:45.
	Waiting on Data Migration
		Reason:Running plugin com.apple.locationd.migrator (CoreLocationMigrator.migrator)
		Migration Elapsed:04:43 seconds

[2026-09-13 5:05:25 AM +0000] Status=2, isTerminal=NO, Elapsed=04:46.
	Waiting on Data Migration
		Reason:Running plugin com.apple.locationd.migrator (CoreLocationMigrator.migrator)
		Migration Elapsed:04:44 seconds

[2026-09-13 5:05:26 AM +0000] Status=2, isTerminal=NO, Elapsed=04:47.
	Waiting on Data Migration
		Reason:Running plugin com.apple.locationd.migrator (CoreLocationMigrator.migrator)
		Migration Elapsed:04:45 seconds

[2026-09-13 5:05:27 AM +0000] Status=2, isTerminal=NO, Elapsed=04:48.
	Waiting on Data Migration
		Reason:Running plugin com.apple.locationd.migrator (CoreLocationMigrator.migrator)
		Migration Elapsed:04:46 seconds

[2026-09-13 5:05:28 AM +0000] Status=2, isTerminal=NO, Elapsed=04:49.
	Waiting on Data Migration
		Reason:Running plugin com.apple.locationd.migrator (CoreLocationMigrator.migrator)
		Migration Elapsed:04:47 seconds

[2026-09-13 5:05:29 AM +0000] Status=2, isTerminal=NO, Elapsed=04:50.
	Waiting on Data Migration
		Reason:Running plugin com.apple.locationd.migrator (CoreLocationMigrator.migrator)
		Migration Elapsed:04:48 seconds

[2026-09-13 5:05:30 AM +0000] Status=2, isTerminal=NO, Elapsed=04:51.
	Waiting on Data Migration
		Reason:Running plugin com.apple.locationd.migrator (CoreLocationMigrator.migrator)
		Migration Elapsed:04:49 seconds

[2026-09-13 5:05:31 AM +0000] Status=2, isTerminal=NO, Elapsed=04:52.
	Waiting on Data Migration
		Reason:Running plugin com.apple.locationd.migrator (CoreLocationMigrator.migrator)
		Migration Elapsed:04:50 seconds

[2026-09-13 5:05:32 AM +0000] Status=2, isTerminal=NO, Elapsed=04:53.
	Waiting on Data Migration
		Reason:Running plugin com.apple.locationd.migrator (CoreLocationMigrator.migrator)
		Migration Elapsed:04:51 seconds

[2026-09-13 5:05:34 AM +0000] Status=2, isTerminal=NO, Elapsed=04:54.
	Waiting on Data Migration
		Reason:Running plugin com.apple.locationd.migrator (CoreLocationMigrator.migrator)
		Migration Elapsed:04:52 seconds

[2026-09-13 5:05:35 AM +0000] Status=2, isTerminal=NO, Elapsed=04:55.
	Waiting on Data Migration
		Reason:Running plugin com.apple.locationd.migrator (CoreLocationMigrator.migrator)
		Migration Elapsed:04:53 seconds

[2026-09-13 5:05:35 AM +0000] Status=2, isTerminal=NO, Elapsed=04:56.
	Waiting on Data Migration
		Reason:Running plugin com.apple.locationd.migrator (CoreLocationMigrator.migrator)
		Migration Elapsed:04:54 seconds

[2026-09-13 5:05:36 AM +0000] Status=2, isTerminal=NO, Elapsed=04:57.
	Waiting on Data Migration
		Reason:Running plugin com.apple.locationd.migrator (CoreLocationMigrator.migrator)
		Migration Elapsed:04:55 seconds

[2026-09-13 5:05:37 AM +0000] Status=2, isTerminal=NO, Elapsed=04:58.
	Waiting on Data Migration
		Reason:Running plugin com.apple.locationd.migrator (CoreLocationMigrator.migrator)
		Migration Elapsed:04:56 seconds

[2026-09-13 5:05:38 AM +0000] Status=2, isTerminal=NO, Elapsed=04:59.
	Waiting on Data Migration
		Reason:Running plugin com.apple.locationd.migrator (CoreLocationMigrator.migrator)
		Migration Elapsed:04:57 seconds

[2026-09-13 5:05:39 AM +0000] Status=2, isTerminal=NO, Elapsed=05:00.
	Waiting on Data Migration
		Reason:Running plugin com.apple.locationd.migrator (CoreLocationMigrator.migrator)
		Migration Elapsed:04:58 seconds

[2026-09-13 5:05:40 AM +0000] Status=2, isTerminal=NO, Elapsed=05:01.
	Waiting on Data Migration
		Reason:Running plugin com.apple.locationd.migrator (CoreLocationMigrator.migrator)
		Migration Elapsed:04:59 seconds

[2026-09-13 5:05:41 AM +0000] Status=2, isTerminal=NO, Elapsed=05:02.
	Waiting on Data Migration
		Reason:Running plugin com.apple.locationd.migrator (CoreLocationMigrator.migrator)
		Migration Elapsed:05:00 seconds

[2026-09-13 5:05:42 AM +0000] Status=2, isTerminal=NO, Elapsed=05:03.
	Waiting on Data Migration
		Reason:Running plugin com.apple.locationd.migrator (CoreLocationMigrator.migrator)
		Migration Elapsed:05:01 seconds

[2026-09-13 5:05:43 AM +0000] Status=2, isTerminal=NO, Elapsed=05:04.
	Waiting on Data Migration
		Reason:Running plugin com.apple.locationd.migrator (CoreLocationMigrator.migrator)
		Migration Elapsed:05:02 seconds

[2026-09-13 5:05:44 AM +0000] Status=2, isTerminal=NO, Elapsed=05:05.
	Waiting on Data Migration
		Reason:Running plugin com.apple.locationd.migrator (CoreLocationMigrator.migrator)
		Migration Elapsed:05:03 seconds

[2026-09-13 5:05:45 AM +0000] Status=2, isTerminal=NO, Elapsed=05:06.
	Waiting on Data Migration
		Reason:Running plugin com.apple.locationd.migrator (CoreLocationMigrator.migrator)
		Migration Elapsed:05:04 seconds

[2026-09-13 5:05:46 AM +0000] Status=2, isTerminal=NO, Elapsed=05:07.
	Waiting on Data Migration
		Reason:Running plugin com.apple.locationd.migrator (CoreLocationMigrator.migrator)
		Migration Elapsed:05:05 seconds

[2026-09-13 5:05:47 AM +0000] Status=2, isTerminal=NO, Elapsed=05:08.
	Waiting on Data Migration
		Reason:Running plugin com.apple.locationd.migrator (CoreLocationMigrator.migrator)
		Migration Elapsed:05:06 seconds

[2026-09-13 5:05:48 AM +0000] Status=2, isTerminal=NO, Elapsed=05:09.
	Waiting on Data Migration
		Reason:Running plugin com.apple.locationd.migrator (CoreLocationMigrator.migrator)
		Migration Elapsed:05:07 seconds

[2026-09-13 5:05:49 AM +0000] Status=2, isTerminal=NO, Elapsed=05:10.
	Waiting on Data Migration
		Reason:Running plugin com.apple.locationd.migrator (CoreLocationMigrator.migrator)
		Migration Elapsed:05:08 seconds

[2026-09-13 5:05:50 AM +0000] Status=2, isTerminal=NO, Elapsed=05:11.
	Waiting on Data Migration
		Reason:Running plugin com.apple.locationd.migrator (CoreLocationMigrator.migrator)
		Migration Elapsed:05:09 seconds

[2026-09-13 5:05:51 AM +0000] Status=2, isTerminal=NO, Elapsed=05:12.
	Waiting on Data Migration
		Reason:Running plugin com.apple.locationd.migrator (CoreLocationMigrator.migrator)
		Migration Elapsed:05:10 seconds

[2026-09-13 5:05:52 AM +0000] Status=2, isTerminal=NO, Elapsed=05:13.
	Waiting on Data Migration
		Reason:Running plugin com.apple.locationd.migrator (CoreLocationMigrator.migrator)
		Migration Elapsed:05:11 seconds

[2026-09-13 5:05:53 AM +0000] Status=2, isTerminal=NO, Elapsed=05:14.
	Waiting on Data Migration
		Reason:Running plugin com.apple.locationd.migrator (CoreLocationMigrator.migrator)
		Migration Elapsed:05:12 seconds

[2026-09-13 5:05:55 AM +0000] Status=2, isTerminal=NO, Elapsed=05:15.
	Waiting on Data Migration
		Reason:Running plugin com.apple.locationd.migrator (CoreLocationMigrator.migrator)
		Migration Elapsed:05:13 seconds

[2026-09-13 5:05:56 AM +0000] Status=2, isTerminal=NO, Elapsed=05:16.
	Waiting on Data Migration
		Reason:Running plugin com.apple.locationd.migrator (CoreLocationMigrator.migrator)
		Migration Elapsed:05:14 seconds

[2026-09-13 5:05:57 AM +0000] Status=2, isTerminal=NO, Elapsed=05:17.
	Waiting on Data Migration
		Reason:Running plugin com.apple.locationd.migrator (CoreLocationMigrator.migrator)
		Migration Elapsed:05:15 seconds

[2026-09-13 5:05:57 AM +0000] Status=2, isTerminal=NO, Elapsed=05:18.
	Waiting on Data Migration
		Reason:Running plugin com.apple.locationd.migrator (CoreLocationMigrator.migrator)
		Migration Elapsed:05:16 seconds

[2026-09-13 5:05:58 AM +0000] Status=2, isTerminal=NO, Elapsed=05:19.
	Waiting on Data Migration
		Reason:Running plugin com.apple.locationd.migrator (CoreLocationMigrator.migrator)
		Migration Elapsed:05:17 seconds

[2026-09-13 5:06:00 AM +0000] Status=2, isTerminal=NO, Elapsed=05:20.
	Waiting on Data Migration
		Reason:Running plugin com.apple.locationd.migrator (CoreLocationMigrator.migrator)
		Migration Elapsed:05:18 seconds

[2026-09-13 5:06:01 AM +0000] Status=2, isTerminal=NO, Elapsed=05:21.
	Waiting on Data Migration
		Reason:Running plugin com.apple.locationd.migrator (CoreLocationMigrator.migrator)
		Migration Elapsed:05:19 seconds

[2026-09-13 5:06:01 AM +0000] Status=2, isTerminal=NO, Elapsed=05:22.
	Waiting on Data Migration
		Reason:Running plugin com.apple.locationd.migrator (CoreLocationMigrator.migrator)
		Migration Elapsed:05:20 seconds

[2026-09-13 5:06:03 AM +0000] Status=2, isTerminal=NO, Elapsed=05:23.
	Waiting on Data Migration
		Reason:Running plugin com.apple.locationd.migrator (CoreLocationMigrator.migrator)
		Migration Elapsed:05:21 seconds

[2026-09-13 5:06:04 AM +0000] Status=2, isTerminal=NO, Elapsed=05:24.
	Waiting on Data Migration
		Reason:Running plugin com.apple.locationd.migrator (CoreLocationMigrator.migrator)
		Migration Elapsed:05:22 seconds

[2026-09-13 5:06:05 AM +0000] Status=2, isTerminal=NO, Elapsed=05:25.
	Waiting on Data Migration
		Reason:Running plugin com.apple.locationd.migrator (CoreLocationMigrator.migrator)
		Migration Elapsed:05:23 seconds

[2026-09-13 5:06:06 AM +0000] Status=2, isTerminal=NO, Elapsed=05:26.
	Waiting on Data Migration
		Reason:Running plugin com.apple.locationd.migrator (CoreLocationMigrator.migrator)
		Migration Elapsed:05:24 seconds

[2026-09-13 5:06:07 AM +0000] Status=2, isTerminal=NO, Elapsed=05:27.
	Waiting on Data Migration
		Reason:Running plugin com.apple.locationd.migrator (CoreLocationMigrator.migrator)
		Migration Elapsed:05:25 seconds

[2026-09-13 5:06:07 AM +0000] Status=2, isTerminal=NO, Elapsed=05:28.
	Waiting on Data Migration
		Reason:Running plugin com.apple.locationd.migrator (CoreLocationMigrator.migrator)
		Migration Elapsed:05:26 seconds

[2026-09-13 5:06:08 AM +0000] Status=2, isTerminal=NO, Elapsed=05:29.
	Waiting on Data Migration
		Reason:Running plugin com.apple.locationd.migrator (CoreLocationMigrator.migrator)
		Migration Elapsed:05:27 seconds

[2026-09-13 5:06:10 AM +0000] Status=2, isTerminal=NO, Elapsed=05:30.
	Waiting on Data Migration
		Reason:Running plugin com.apple.locationd.migrator (CoreLocationMigrator.migrator)
		Migration Elapsed:05:28 seconds

[2026-09-13 5:06:10 AM +0000] Status=2, isTerminal=NO, Elapsed=05:31.
	Waiting on Data Migration
		Reason:Running plugin com.apple.locationd.migrator (CoreLocationMigrator.migrator)
		Migration Elapsed:05:29 seconds

[2026-09-13 5:06:11 AM +0000] Status=2, isTerminal=NO, Elapsed=05:32.
	Waiting on Data Migration
		Reason:Running plugin com.apple.locationd.migrator (CoreLocationMigrator.migrator)
		Migration Elapsed:05:30 seconds

[2026-09-13 5:06:12 AM +0000] Status=2, isTerminal=NO, Elapsed=05:33.
	Waiting on Data Migration
		Reason:Running plugin com.apple.locationd.migrator (CoreLocationMigrator.migrator)
		Migration Elapsed:05:31 seconds

[2026-09-13 5:06:13 AM +0000] Status=2, isTerminal=NO, Elapsed=05:34.
	Waiting on Data Migration
		Reason:Running plugin com.apple.locationd.migrator (CoreLocationMigrator.migrator)
		Migration Elapsed:05:32 seconds

[2026-09-13 5:06:14 AM +0000] Status=2, isTerminal=NO, Elapsed=05:35.
	Waiting on Data Migration
		Reason:Running plugin com.apple.locationd.migrator (CoreLocationMigrator.migrator)
		Migration Elapsed:05:33 seconds

[2026-09-13 5:06:15 AM +0000] Status=2, isTerminal=NO, Elapsed=05:36.
	Waiting on Data Migration
		Reason:Running plugin com.apple.locationd.migrator (CoreLocationMigrator.migrator)
		Migration Elapsed:05:34 seconds

[2026-09-13 5:06:17 AM +0000] Status=2, isTerminal=NO, Elapsed=05:37.
	Waiting on Data Migration
		Reason:Running plugin com.apple.locationd.migrator (CoreLocationMigrator.migrator)
		Migration Elapsed:05:35 seconds

[2026-09-13 5:06:18 AM +0000] Status=2, isTerminal=NO, Elapsed=05:38.
	Waiting on Data Migration
		Reason:Running plugin com.apple.locationd.migrator (CoreLocationMigrator.migrator)
		Migration Elapsed:05:36 seconds

[2026-09-13 5:06:18 AM +0000] Status=2, isTerminal=NO, Elapsed=05:39.
	Waiting on Data Migration
		Reason:Running plugin com.apple.locationd.migrator (CoreLocationMigrator.migrator)
		Migration Elapsed:05:37 seconds

[2026-09-13 5:06:19 AM +0000] Status=2, isTerminal=NO, Elapsed=05:40.
	Waiting on Data Migration
		Reason:Running plugin com.apple.locationd.migrator (CoreLocationMigrator.migrator)
		Migration Elapsed:05:38 seconds

[2026-09-13 5:06:20 AM +0000] Status=2, isTerminal=NO, Elapsed=05:41.
	Waiting on Data Migration
		Reason:Running plugin com.apple.locationd.migrator (CoreLocationMigrator.migrator)
		Migration Elapsed:05:39 seconds

[2026-09-13 5:06:21 AM +0000] Status=2, isTerminal=NO, Elapsed=05:42.
	Waiting on Data Migration
		Reason:Running plugin com.apple.locationd.migrator (CoreLocationMigrator.migrator)
		Migration Elapsed:05:40 seconds

[2026-09-13 5:06:22 AM +0000] Status=2, isTerminal=NO, Elapsed=05:43.
	Waiting on Data Migration
		Reason:Running plugin com.apple.locationd.migrator (CoreLocationMigrator.migrator)
		Migration Elapsed:05:41 seconds

[2026-09-13 5:06:23 AM +0000] Status=2, isTerminal=NO, Elapsed=05:44.
	Waiting on Data Migration
		Reason:Running plugin com.apple.locationd.migrator (CoreLocationMigrator.migrator)
		Migration Elapsed:05:42 seconds

[2026-09-13 5:06:24 AM +0000] Status=2, isTerminal=NO, Elapsed=05:45.
	Waiting on Data Migration
		Reason:Running plugin com.apple.locationd.migrator (CoreLocationMigrator.migrator)
		Migration Elapsed:05:43 seconds

[2026-09-13 5:06:25 AM +0000] Status=2, isTerminal=NO, Elapsed=05:46.
	Waiting on Data Migration
		Reason:Running plugin com.apple.locationd.migrator (CoreLocationMigrator.migrator)
		Migration Elapsed:05:44 seconds

[2026-09-13 5:06:27 AM +0000] Status=2, isTerminal=NO, Elapsed=05:47.
	Waiting on Data Migration
		Reason:Running plugin com.apple.locationd.migrator (CoreLocationMigrator.migrator)
		Migration Elapsed:05:45 seconds

[2026-09-13 5:06:27 AM +0000] Status=2, isTerminal=NO, Elapsed=05:48.
	Waiting on Data Migration
		Reason:Running plugin com.apple.locationd.migrator (CoreLocationMigrator.migrator)
		Migration Elapsed:05:46 seconds

[2026-09-13 5:06:28 AM +0000] Status=2, isTerminal=NO, Elapsed=05:49.
	Waiting on Data Migration
		Reason:Running plugin com.apple.locationd.migrator (CoreLocationMigrator.migrator)
		Migration Elapsed:05:47 seconds

[2026-09-13 5:06:29 AM +0000] Status=2, isTerminal=NO, Elapsed=05:50.
	Waiting on Data Migration
		Reason:Running plugin com.apple.locationd.migrator (CoreLocationMigrator.migrator)
		Migration Elapsed:05:48 seconds

[2026-09-13 5:06:30 AM +0000] Status=2, isTerminal=NO, Elapsed=05:51.
	Waiting on Data Migration
		Reason:Running plugin com.apple.locationd.migrator (CoreLocationMigrator.migrator)
		Migration Elapsed:05:49 seconds

[2026-09-13 5:06:31 AM +0000] Status=2, isTerminal=NO, Elapsed=05:52.
	Waiting on Data Migration
		Reason:Running plugin com.apple.locationd.migrator (CoreLocationMigrator.migrator)
		Migration Elapsed:05:50 seconds

[2026-09-13 5:06:32 AM +0000] Status=2, isTerminal=NO, Elapsed=05:53.
	Waiting on Data Migration
		Reason:Running plugin com.apple.locationd.migrator (CoreLocationMigrator.migrator)
		Migration Elapsed:05:51 seconds

[2026-09-13 5:06:33 AM +0000] Status=2, isTerminal=NO, Elapsed=05:54.
	Waiting on Data Migration
		Reason:Running plugin com.apple.locationd.migrator (CoreLocationMigrator.migrator)
		Migration Elapsed:05:52 seconds

[2026-09-13 5:06:34 AM +0000] Status=2, isTerminal=NO, Elapsed=05:55.
	Waiting on Data Migration
		Reason:Running plugin com.apple.locationd.migrator (CoreLocationMigrator.migrator)
		Migration Elapsed:05:53 seconds

[2026-09-13 5:06:35 AM +0000] Status=2, isTerminal=NO, Elapsed=05:56.
	Waiting on Data Migration
		Reason:Running plugin com.apple.locationd.migrator (CoreLocationMigrator.migrator)
		Migration Elapsed:05:54 seconds

[2026-09-13 5:06:37 AM +0000] Status=2, isTerminal=NO, Elapsed=05:57.
	Waiting on Data Migration
		Reason:Running plugin com.apple.locationd.migrator (CoreLocationMigrator.migrator)
		Migration Elapsed:05:55 seconds

[2026-09-13 5:06:37 AM +0000] Status=2, isTerminal=NO, Elapsed=05:58.
	Waiting on Data Migration
		Reason:Running plugin com.apple.locationd.migrator (CoreLocationMigrator.migrator)
		Migration Elapsed:05:56 seconds

[2026-09-13 5:06:38 AM +0000] Status=2, isTerminal=NO, Elapsed=05:59.
	Waiting on Data Migration
		Reason:Running plugin com.apple.locationd.migrator (CoreLocationMigrator.migrator)
		Migration Elapsed:05:57 seconds

[2026-09-13 5:06:39 AM +0000] Status=2, isTerminal=NO, Elapsed=06:00.
	Waiting on Data Migration
		Reason:Running plugin com.apple.locationd.migrator (CoreLocationMigrator.migrator)
		Migration Elapsed:05:58 seconds

[2026-09-13 5:06:40 AM +0000] Status=2, isTerminal=NO, Elapsed=06:01.
	Waiting on Data Migration
		Reason:Running plugin com.apple.locationd.migrator (CoreLocationMigrator.migrator)
		Migration Elapsed:05:59 seconds

[2026-09-13 5:06:41 AM +0000] Status=2, isTerminal=NO, Elapsed=06:02.
	Waiting on Data Migration
		Reason:Running plugin com.apple.locationd.migrator (CoreLocationMigrator.migrator)
		Migration Elapsed:06:00 seconds

[2026-09-13 5:06:43 AM +0000] Status=2, isTerminal=NO, Elapsed=06:03.
	Waiting on Data Migration
		Reason:Running plugin com.apple.locationd.migrator (CoreLocationMigrator.migrator)
		Migration Elapsed:06:01 seconds

[2026-09-13 5:06:43 AM +0000] Status=2, isTerminal=NO, Elapsed=06:04.
	Waiting on Data Migration
		Reason:Running plugin com.apple.locationd.migrator (CoreLocationMigrator.migrator)
		Migration Elapsed:06:02 seconds

[2026-09-13 5:06:44 AM +0000] Status=2, isTerminal=NO, Elapsed=06:05.
	Waiting on Data Migration
		Reason:Running plugin com.apple.locationd.migrator (CoreLocationMigrator.migrator)
		Migration Elapsed:06:03 seconds

[2026-09-13 5:06:45 AM +0000] Status=2, isTerminal=NO, Elapsed=06:06.
	Waiting on Data Migration
		Reason:Running plugin com.apple.locationd.migrator (CoreLocationMigrator.migrator)
		Migration Elapsed:06:04 seconds

[2026-09-13 5:06:46 AM +0000] Status=2, isTerminal=NO, Elapsed=06:07.
	Waiting on Data Migration
		Reason:Running plugin com.apple.locationd.migrator (CoreLocationMigrator.migrator)
		Migration Elapsed:06:05 seconds

[2026-09-13 5:06:47 AM +0000] Status=2, isTerminal=NO, Elapsed=06:08.
	Waiting on Data Migration
		Reason:Running plugin com.apple.locationd.migrator (CoreLocationMigrator.migrator)
		Migration Elapsed:06:06 seconds

[2026-09-13 5:06:48 AM +0000] Status=2, isTerminal=NO, Elapsed=06:09.
	Waiting on Data Migration
		Reason:Running plugin com.apple.locationd.migrator (CoreLocationMigrator.migrator)
		Migration Elapsed:06:07 seconds

[2026-09-13 5:06:50 AM +0000] Status=2, isTerminal=NO, Elapsed=06:10.
	Waiting on Data Migration
		Reason:Running plugin com.apple.locationd.migrator (CoreLocationMigrator.migrator)
		Migration Elapsed:06:08 seconds

[2026-09-13 5:06:50 AM +0000] Status=2, isTerminal=NO, Elapsed=06:11.
	Waiting on Data Migration
		Reason:Running plugin com.apple.locationd.migrator (CoreLocationMigrator.migrator)
		Migration Elapsed:06:09 seconds

[2026-09-13 5:06:51 AM +0000] Status=2, isTerminal=NO, Elapsed=06:12.
	Waiting on Data Migration
		Reason:Running plugin com.apple.locationd.migrator (CoreLocationMigrator.migrator)
		Migration Elapsed:06:10 seconds

[2026-09-13 5:06:52 AM +0000] Status=2, isTerminal=NO, Elapsed=06:13.
	Waiting on Data Migration
		Reason:Running plugin com.apple.locationd.migrator (CoreLocationMigrator.migrator)
		Migration Elapsed:06:11 seconds

[2026-09-13 5:06:53 AM +0000] Status=2, isTerminal=NO, Elapsed=06:14.
	Waiting on Data Migration
		Reason:Running plugin com.apple.locationd.migrator (CoreLocationMigrator.migrator)
		Migration Elapsed:06:12 seconds

[2026-09-13 5:06:54 AM +0000] Status=2, isTerminal=NO, Elapsed=06:15.
	Waiting on Data Migration
		Reason:Running plugin com.apple.locationd.migrator (CoreLocationMigrator.migrator)
		Migration Elapsed:06:13 seconds

[2026-09-13 5:06:55 AM +0000] Status=2, isTerminal=NO, Elapsed=06:16.
	Waiting on Data Migration
		Reason:Running plugin com.apple.locationd.migrator (CoreLocationMigrator.migrator)
		Migration Elapsed:06:14 seconds

[2026-09-13 5:06:56 AM +0000] Status=2, isTerminal=NO, Elapsed=06:17.
	Waiting on Data Migration
		Reason:Running plugin com.apple.locationd.migrator (CoreLocationMigrator.migrator)
		Migration Elapsed:06:15 seconds

[2026-09-13 5:06:57 AM +0000] Status=2, isTerminal=NO, Elapsed=06:18.
	Waiting on Data Migration
		Reason:Running plugin com.apple.locationd.migrator (CoreLocationMigrator.migrator)
		Migration Elapsed:06:16 seconds

[2026-09-13 5:06:58 AM +0000] Status=2, isTerminal=NO, Elapsed=06:19.
	Waiting on Data Migration
		Reason:Running plugin com.apple.locationd.migrator (CoreLocationMigrator.migrator)
		Migration Elapsed:06:17 seconds

[2026-09-13 5:06:59 AM +0000] Status=2, isTerminal=NO, Elapsed=06:20.
	Waiting on Data Migration
		Reason:Running plugin com.apple.locationd.migrator (CoreLocationMigrator.migrator)
		Migration Elapsed:06:18 seconds

[2026-09-13 5:07:01 AM +0000] Status=2, isTerminal=NO, Elapsed=06:21.
	Waiting on Data Migration
		Reason:Running plugin com.apple.locationd.migrator (CoreLocationMigrator.migrator)
		Migration Elapsed:06:19 seconds

[2026-09-13 5:07:02 AM +0000] Status=2, isTerminal=NO, Elapsed=06:22.
	Waiting on Data Migration
		Reason:Running plugin com.apple.locationd.migrator (CoreLocationMigrator.migrator)
		Migration Elapsed:06:20 seconds

[2026-09-13 5:07:02 AM +0000] Status=2, isTerminal=NO, Elapsed=06:23.
	Waiting on Data Migration
		Reason:Running plugin com.apple.locationd.migrator (CoreLocationMigrator.migrator)
		Migration Elapsed:06:21 seconds

[2026-09-13 5:07:03 AM +0000] Status=2, isTerminal=NO, Elapsed=06:24.
	Waiting on Data Migration
		Reason:Running plugin com.apple.locationd.migrator (CoreLocationMigrator.migrator)
		Migration Elapsed:06:22 seconds

[2026-09-13 5:07:04 AM +0000] Status=2, isTerminal=NO, Elapsed=06:25.
	Waiting on Data Migration
		Reason:Running plugin com.apple.locationd.migrator (CoreLocationMigrator.migrator)
		Migration Elapsed:06:23 seconds

[2026-09-13 5:07:05 AM +0000] Status=2, isTerminal=NO, Elapsed=06:26.
	Waiting on Data Migration
		Reason:Running plugin com.apple.locationd.migrator (CoreLocationMigrator.migrator)
		Migration Elapsed:06:24 seconds

[2026-09-13 5:07:06 AM +0000] Status=2, isTerminal=NO, Elapsed=06:27.
	Waiting on Data Migration
		Reason:Running plugin com.apple.locationd.migrator (CoreLocationMigrator.migrator)
		Migration Elapsed:06:25 seconds

[2026-09-13 5:07:08 AM +0000] Status=2, isTerminal=NO, Elapsed=06:28.
	Waiting on Data Migration
		Reason:Running plugin com.apple.locationd.migrator (CoreLocationMigrator.migrator)
		Migration Elapsed:06:26 seconds

[2026-09-13 5:07:08 AM +0000] Status=2, isTerminal=NO, Elapsed=06:29.
	Waiting on Data Migration
		Reason:Running plugin com.apple.locationd.migrator (CoreLocationMigrator.migrator)
		Migration Elapsed:06:27 seconds

[2026-09-13 5:07:09 AM +0000] Status=2, isTerminal=NO, Elapsed=06:30.
	Waiting on Data Migration
		Reason:Running plugin com.apple.locationd.migrator (CoreLocationMigrator.migrator)
		Migration Elapsed:06:28 seconds

[2026-09-13 5:07:10 AM +0000] Status=2, isTerminal=NO, Elapsed=06:31.
	Waiting on Data Migration
		Reason:Running plugin com.apple.locationd.migrator (CoreLocationMigrator.migrator)
		Migration Elapsed:06:29 seconds

[2026-09-13 5:07:11 AM +0000] Status=2, isTerminal=NO, Elapsed=06:32.
	Waiting on Data Migration
		Reason:Running plugin com.apple.locationd.migrator (CoreLocationMigrator.migrator)
		Migration Elapsed:06:30 seconds

[2026-09-13 5:07:13 AM +0000] Status=2, isTerminal=NO, Elapsed=06:33.
	Waiting on Data Migration
		Reason:Running plugin com.apple.locationd.migrator (CoreLocationMigrator.migrator)
		Migration Elapsed:06:31 seconds

[2026-09-13 5:07:13 AM +0000] Status=2, isTerminal=NO, Elapsed=06:34.
	Waiting on Data Migration
		Reason:Running plugin com.apple.locationd.migrator (CoreLocationMigrator.migrator)
		Migration Elapsed:06:32 seconds

[2026-09-13 5:07:14 AM +0000] Status=2, isTerminal=NO, Elapsed=06:35.
	Waiting on Data Migration
		Reason:Running plugin com.apple.locationd.migrator (CoreLocationMigrator.migrator)
		Migration Elapsed:06:33 seconds

[2026-09-13 5:07:15 AM +0000] Status=2, isTerminal=NO, Elapsed=06:36.
	Waiting on Data Migration
		Reason:Running plugin com.apple.locationd.migrator (CoreLocationMigrator.migrator)
		Migration Elapsed:06:34 seconds

[2026-09-13 5:07:17 AM +0000] Status=2, isTerminal=NO, Elapsed=06:37.
	Waiting on Data Migration
		Reason:Running plugin com.apple.locationd.migrator (CoreLocationMigrator.migrator)
		Migration Elapsed:06:35 seconds

[2026-09-13 5:07:17 AM +0000] Status=2, isTerminal=NO, Elapsed=06:38.
	Waiting on Data Migration
		Reason:Running plugin com.apple.locationd.migrator (CoreLocationMigrator.migrator)
		Migration Elapsed:06:36 seconds

[2026-09-13 5:07:18 AM +0000] Status=2, isTerminal=NO, Elapsed=06:39.
	Waiting on Data Migration
		Reason:Running plugin com.apple.locationd.migrator (CoreLocationMigrator.migrator)
		Migration Elapsed:06:37 seconds

[2026-09-13 5:07:19 AM +0000] Status=2, isTerminal=NO, Elapsed=06:40.
	Waiting on Data Migration
		Reason:Running plugin com.apple.locationd.migrator (CoreLocationMigrator.migrator)
		Migration Elapsed:06:38 seconds

[2026-09-13 5:07:20 AM +0000] Status=2, isTerminal=NO, Elapsed=06:41.
	Waiting on Data Migration
		Reason:Running plugin com.apple.locationd.migrator (CoreLocationMigrator.migrator)
		Migration Elapsed:06:39 seconds

[2026-09-13 5:07:21 AM +0000] Status=2, isTerminal=NO, Elapsed=06:42.
	Waiting on Data Migration
		Reason:Running plugin com.apple.locationd.migrator (CoreLocationMigrator.migrator)
		Migration Elapsed:06:40 seconds

[2026-09-13 5:07:22 AM +0000] Status=2, isTerminal=NO, Elapsed=06:43.
	Waiting on Data Migration
		Reason:Running plugin com.apple.locationd.migrator (CoreLocationMigrator.migrator)
		Migration Elapsed:06:41 seconds

[2026-09-13 5:07:23 AM +0000] Status=2, isTerminal=NO, Elapsed=06:44.
	Waiting on Data Migration
		Reason:Running plugin com.apple.locationd.migrator (CoreLocationMigrator.migrator)
		Migration Elapsed:06:42 seconds

[2026-09-13 5:07:25 AM +0000] Status=2, isTerminal=NO, Elapsed=06:45.
	Waiting on Data Migration
		Reason:Running plugin com.apple.locationd.migrator (CoreLocationMigrator.migrator)
		Migration Elapsed:06:43 seconds

[2026-09-13 5:07:25 AM +0000] Status=2, isTerminal=NO, Elapsed=06:46.
	Waiting on Data Migration
		Reason:Running plugin com.apple.locationd.migrator (CoreLocationMigrator.migrator)
		Migration Elapsed:06:44 seconds

[2026-09-13 5:07:26 AM +0000] Status=2, isTerminal=NO, Elapsed=06:47.
	Waiting on Data Migration
		Reason:Running plugin com.apple.locationd.migrator (CoreLocationMigrator.migrator)
		Migration Elapsed:06:45 seconds

[2026-09-13 5:07:27 AM +0000] Status=2, isTerminal=NO, Elapsed=06:48.
	Waiting on Data Migration
		Reason:Running plugin com.apple.locationd.migrator (CoreLocationMigrator.migrator)
		Migration Elapsed:06:46 seconds

[2026-09-13 5:07:28 AM +0000] Status=2, isTerminal=NO, Elapsed=06:49.
	Waiting on Data Migration
		Reason:Running plugin com.apple.locationd.migrator (CoreLocationMigrator.migrator)
		Migration Elapsed:06:47 seconds

[2026-09-13 5:07:29 AM +0000] Status=2, isTerminal=NO, Elapsed=06:50.
	Waiting on Data Migration
		Reason:Running plugin com.apple.locationd.migrator (CoreLocationMigrator.migrator)
		Migration Elapsed:06:48 seconds

[2026-09-13 5:07:30 AM +0000] Status=2, isTerminal=NO, Elapsed=06:51.
	Waiting on Data Migration
		Reason:Running plugin com.apple.locationd.migrator (CoreLocationMigrator.migrator)
		Migration Elapsed:06:49 seconds

[2026-09-13 5:07:31 AM +0000] Status=2, isTerminal=NO, Elapsed=06:52.
	Waiting on Data Migration
		Reason:Running plugin com.apple.locationd.migrator (CoreLocationMigrator.migrator)
		Migration Elapsed:06:50 seconds

[2026-09-13 5:07:32 AM +0000] Status=2, isTerminal=NO, Elapsed=06:53.
	Waiting on Data Migration
		Reason:Running plugin com.apple.locationd.migrator (CoreLocationMigrator.migrator)
		Migration Elapsed:06:51 seconds

[2026-09-13 5:07:33 AM +0000] Status=2, isTerminal=NO, Elapsed=06:54.
	Waiting on Data Migration
		Reason:Running plugin com.apple.locationd.migrator (CoreLocationMigrator.migrator)
		Migration Elapsed:06:52 seconds

[2026-09-13 5:07:34 AM +0000] Status=2, isTerminal=NO, Elapsed=06:55.
	Waiting on Data Migration
		Reason:Running plugin com.apple.locationd.migrator (CoreLocationMigrator.migrator)
		Migration Elapsed:06:53 seconds

[2026-09-13 5:07:35 AM +0000] Status=2, isTerminal=NO, Elapsed=06:56.
	Waiting on Data Migration
		Reason:Running plugin com.apple.locationd.migrator (CoreLocationMigrator.migrator)
		Migration Elapsed:06:54 seconds

[2026-09-13 5:07:36 AM +0000] Status=2, isTerminal=NO, Elapsed=06:57.
	Waiting on Data Migration
		Reason:Running plugin com.apple.locationd.migrator (CoreLocationMigrator.migrator)
		Migration Elapsed:06:55 seconds

[2026-09-13 5:07:37 AM +0000] Status=2, isTerminal=NO, Elapsed=06:58.
	Waiting on Data Migration
		Reason:Running plugin com.apple.locationd.migrator (CoreLocationMigrator.migrator)
		Migration Elapsed:06:56 seconds

[2026-09-13 5:07:38 AM +0000] Status=2, isTerminal=NO, Elapsed=06:59.
	Waiting on Data Migration
		Reason:Running plugin com.apple.locationd.migrator (CoreLocationMigrator.migrator)
		Migration Elapsed:06:57 seconds

[2026-09-13 5:07:39 AM +0000] Status=2, isTerminal=NO, Elapsed=07:00.
	Waiting on Data Migration
		Reason:Running plugin com.apple.locationd.migrator (CoreLocationMigrator.migrator)
		Migration Elapsed:06:58 seconds

[2026-09-13 5:07:40 AM +0000] Status=2, isTerminal=NO, Elapsed=07:01.
	Waiting on Data Migration
		Reason:Running plugin com.apple.locationd.migrator (CoreLocationMigrator.migrator)
		Migration Elapsed:06:59 seconds

[2026-09-13 5:07:41 AM +0000] Status=2, isTerminal=NO, Elapsed=07:02.
	Waiting on Data Migration
		Reason:Running plugin com.apple.locationd.migrator (CoreLocationMigrator.migrator)
		Migration Elapsed:07:00 seconds

[2026-09-13 5:07:42 AM +0000] Status=2, isTerminal=NO, Elapsed=07:03.
	Waiting on Data Migration
		Reason:Running plugin com.apple.locationd.migrator (CoreLocationMigrator.migrator)
		Migration Elapsed:07:01 seconds

[2026-09-13 5:07:43 AM +0000] Status=2, isTerminal=NO, Elapsed=07:04.
	Waiting on Data Migration
		Reason:Running plugin com.apple.locationd.migrator (CoreLocationMigrator.migrator)
		Migration Elapsed:07:02 seconds

[2026-09-13 5:07:45 AM +0000] Status=2, isTerminal=NO, Elapsed=07:05.
	Waiting on Data Migration
		Reason:Running plugin com.apple.locationd.migrator (CoreLocationMigrator.migrator)
		Migration Elapsed:07:03 seconds

[2026-09-13 5:07:45 AM +0000] Status=2, isTerminal=NO, Elapsed=07:06.
	Waiting on Data Migration
		Reason:Running plugin com.apple.locationd.migrator (CoreLocationMigrator.migrator)
		Migration Elapsed:07:04 seconds

[2026-09-13 5:07:46 AM +0000] Status=2, isTerminal=NO, Elapsed=07:07.
	Waiting on Data Migration
		Reason:Running plugin com.apple.locationd.migrator (CoreLocationMigrator.migrator)
		Migration Elapsed:07:05 seconds

[2026-09-13 5:07:47 AM +0000] Status=2, isTerminal=NO, Elapsed=07:08.
	Waiting on Data Migration
		Reason:Running plugin com.apple.locationd.migrator (CoreLocationMigrator.migrator)
		Migration Elapsed:07:06 seconds

[2026-09-13 5:07:48 AM +0000] Status=2, isTerminal=NO, Elapsed=07:09.
	Waiting on Data Migration
		Reason:Running plugin com.apple.locationd.migrator (CoreLocationMigrator.migrator)
		Migration Elapsed:07:07 seconds

[2026-09-13 5:07:49 AM +0000] Status=2, isTerminal=NO, Elapsed=07:10.
	Waiting on Data Migration
		Reason:Running plugin com.apple.locationd.migrator (CoreLocationMigrator.migrator)
		Migration Elapsed:07:08 seconds

[2026-09-13 5:07:50 AM +0000] Status=2, isTerminal=NO, Elapsed=07:11.
	Waiting on Data Migration
		Reason:Running plugin com.apple.locationd.migrator (CoreLocationMigrator.migrator)
		Migration Elapsed:07:09 seconds

[2026-09-13 5:07:51 AM +0000] Status=2, isTerminal=NO, Elapsed=07:12.
	Waiting on Data Migration
		Reason:Running plugin com.apple.locationd.migrator (CoreLocationMigrator.migrator)
		Migration Elapsed:07:10 seconds

[2026-09-13 5:07:53 AM +0000] Status=2, isTerminal=NO, Elapsed=07:13.
	Waiting on Data Migration
		Reason:Running plugin com.apple.locationd.migrator (CoreLocationMigrator.migrator)
		Migration Elapsed:07:11 seconds

[2026-09-13 5:07:54 AM +0000] Status=2, isTerminal=NO, Elapsed=07:14.
	Waiting on Data Migration
		Reason:Running plugin com.apple.locationd.migrator (CoreLocationMigrator.migrator)
		Migration Elapsed:07:12 seconds

[2026-09-13 5:07:54 AM +0000] Status=2, isTerminal=NO, Elapsed=07:15.
	Waiting on Data Migration
		Reason:Running plugin com.apple.locationd.migrator (CoreLocationMigrator.migrator)
		Migration Elapsed:07:13 seconds

[2026-09-13 5:07:55 AM +0000] Status=2, isTerminal=NO, Elapsed=07:16.
	Waiting on Data Migration
		Reason:Running plugin com.apple.locationd.migrator (CoreLocationMigrator.migrator)
		Migration Elapsed:07:14 seconds

[2026-09-13 5:07:56 AM +0000] Status=2, isTerminal=NO, Elapsed=07:17.
	Waiting on Data Migration
		Reason:Running plugin com.apple.locationd.migrator (CoreLocationMigrator.migrator)
		Migration Elapsed:07:15 seconds

[2026-09-13 5:07:57 AM +0000] Status=2, isTerminal=NO, Elapsed=07:18.
	Waiting on Data Migration
		Reason:Running plugin com.apple.locationd.migrator (CoreLocationMigrator.migrator)
		Migration Elapsed:07:16 seconds

[2026-09-13 5:07:58 AM +0000] Status=2, isTerminal=NO, Elapsed=07:19.
	Waiting on Data Migration
		Reason:Running plugin com.apple.locationd.migrator (CoreLocationMigrator.migrator)
		Migration Elapsed:07:17 seconds

[2026-09-13 5:08:00 AM +0000] Status=2, isTerminal=NO, Elapsed=07:20.
	Waiting on Data Migration
		Reason:Running plugin com.apple.locationd.migrator (CoreLocationMigrator.migrator)
		Migration Elapsed:07:18 seconds

[2026-09-13 5:08:01 AM +0000] Status=2, isTerminal=NO, Elapsed=07:21.
	Waiting on Data Migration
		Reason:Running plugin com.apple.locationd.migrator (CoreLocationMigrator.migrator)
		Migration Elapsed:07:19 seconds

[2026-09-13 5:08:01 AM +0000] Status=2, isTerminal=NO, Elapsed=07:22.
	Waiting on Data Migration
		Reason:Running plugin com.apple.locationd.migrator (CoreLocationMigrator.migrator)
		Migration Elapsed:07:20 seconds

[2026-09-13 5:08:02 AM +0000] Status=2, isTerminal=NO, Elapsed=07:23.
	Waiting on Data Migration
		Reason:Running plugin com.apple.locationd.migrator (CoreLocationMigrator.migrator)
		Migration Elapsed:07:21 seconds

[2026-09-13 5:08:03 AM +0000] Status=2, isTerminal=NO, Elapsed=07:24.
	Waiting on Data Migration
		Reason:Running plugin com.apple.locationd.migrator (CoreLocationMigrator.migrator)
		Migration Elapsed:07:22 seconds

[2026-09-13 5:08:04 AM +0000] Status=2, isTerminal=NO, Elapsed=07:25.
	Waiting on Data Migration
		Reason:Running plugin com.apple.locationd.migrator (CoreLocationMigrator.migrator)
		Migration Elapsed:07:23 seconds

[2026-09-13 5:08:06 AM +0000] Status=2, isTerminal=NO, Elapsed=07:26.
	Waiting on Data Migration
		Reason:Running plugin com.apple.locationd.migrator (CoreLocationMigrator.migrator)
		Migration Elapsed:07:24 seconds

[2026-09-13 5:08:06 AM +0000] Status=2, isTerminal=NO, Elapsed=07:27.
	Waiting on Data Migration
		Reason:Running plugin com.apple.locationd.migrator (CoreLocationMigrator.migrator)
		Migration Elapsed:07:25 seconds

[2026-09-13 5:08:07 AM +0000] Status=2, isTerminal=NO, Elapsed=07:28.
	Waiting on Data Migration
		Reason:Running plugin com.apple.locationd.migrator (CoreLocationMigrator.migrator)
		Migration Elapsed:07:26 seconds

[2026-09-13 5:08:08 AM +0000] Status=2, isTerminal=NO, Elapsed=07:29.
	Waiting on Data Migration
		Reason:Running plugin com.apple.locationd.migrator (CoreLocationMigrator.migrator)
		Migration Elapsed:07:27 seconds

[2026-09-13 5:08:09 AM +0000] Status=2, isTerminal=NO, Elapsed=07:30.
	Waiting on Data Migration
		Reason:Running plugin com.apple.locationd.migrator (CoreLocationMigrator.migrator)
		Migration Elapsed:07:28 seconds

[2026-09-13 5:08:10 AM +0000] Status=2, isTerminal=NO, Elapsed=07:31.
	Waiting on Data Migration
		Reason:Running plugin com.apple.locationd.migrator (CoreLocationMigrator.migrator)
		Migration Elapsed:07:29 seconds

[2026-09-13 5:08:11 AM +0000] Status=2, isTerminal=NO, Elapsed=07:32.
	Waiting on Data Migration
		Reason:Running plugin com.apple.locationd.migrator (CoreLocationMigrator.migrator)
		Migration Elapsed:07:30 seconds

[2026-09-13 5:08:12 AM +0000] Status=2, isTerminal=NO, Elapsed=07:33.
	Waiting on Data Migration
		Reason:Running plugin com.apple.locationd.migrator (CoreLocationMigrator.migrator)
		Migration Elapsed:07:31 seconds

[2026-09-13 5:08:13 AM +0000] Status=2, isTerminal=NO, Elapsed=07:34.
	Waiting on Data Migration
		Reason:Running plugin com.apple.locationd.migrator (CoreLocationMigrator.migrator)
		Migration Elapsed:07:32 seconds

[2026-09-13 5:08:14 AM +0000] Status=2, isTerminal=NO, Elapsed=07:35.
	Waiting on Data Migration
		Reason:Running plugin com.apple.locationd.migrator (CoreLocationMigrator.migrator)
		Migration Elapsed:07:33 seconds

[2026-09-13 5:08:16 AM +0000] Status=2, isTerminal=NO, Elapsed=07:36.
	Waiting on Data Migration
		Reason:Running plugin com.apple.locationd.migrator (CoreLocationMigrator.migrator)
		Migration Elapsed:07:34 seconds

[2026-09-13 5:08:17 AM +0000] Status=2, isTerminal=NO, Elapsed=07:37.
	Waiting on Data Migration
		Reason:Running plugin com.apple.locationd.migrator (CoreLocationMigrator.migrator)
		Migration Elapsed:07:35 seconds

[2026-09-13 5:08:18 AM +0000] Status=2, isTerminal=NO, Elapsed=07:38.
	Waiting on Data Migration
		Reason:Running plugin com.apple.locationd.migrator (CoreLocationMigrator.migrator)
		Migration Elapsed:07:36 seconds

[2026-09-13 5:08:18 AM +0000] Status=2, isTerminal=NO, Elapsed=07:39.
	Waiting on Data Migration
		Reason:Running plugin com.apple.locationd.migrator (CoreLocationMigrator.migrator)
		Migration Elapsed:07:37 seconds

[2026-09-13 5:08:19 AM +0000] Status=2, isTerminal=NO, Elapsed=07:40.
	Waiting on Data Migration
		Reason:Running plugin com.apple.locationd.migrator (CoreLocationMigrator.migrator)
		Migration Elapsed:07:38 seconds

[2026-09-13 5:08:20 AM +0000] Status=2, isTerminal=NO, Elapsed=07:41.
	Waiting on Data Migration
		Reason:Running plugin com.apple.locationd.migrator (CoreLocationMigrator.migrator)
		Migration Elapsed:07:39 seconds

[2026-09-13 5:08:21 AM +0000] Status=2, isTerminal=NO, Elapsed=07:42.
	Waiting on Data Migration
		Reason:Running plugin com.apple.locationd.migrator (CoreLocationMigrator.migrator)
		Migration Elapsed:07:40 seconds

[2026-09-13 5:08:22 AM +0000] Status=2, isTerminal=NO, Elapsed=07:43.
	Waiting on Data Migration
		Reason:Running plugin com.apple.locationd.migrator (CoreLocationMigrator.migrator)
		Migration Elapsed:07:41 seconds

[2026-09-13 5:08:23 AM +0000] Status=2, isTerminal=NO, Elapsed=07:44.
	Waiting on Data Migration
		Reason:Running plugin com.apple.locationd.migrator (CoreLocationMigrator.migrator)
		Migration Elapsed:07:42 seconds

[2026-09-13 5:08:25 AM +0000] Status=2, isTerminal=NO, Elapsed=07:45.
	Waiting on Data Migration
		Reason:Running plugin com.apple.locationd.migrator (CoreLocationMigrator.migrator)
		Migration Elapsed:07:43 seconds

[2026-09-13 5:08:25 AM +0000] Status=2, isTerminal=NO, Elapsed=07:46.
	Waiting on Data Migration
		Reason:Running plugin com.apple.locationd.migrator (CoreLocationMigrator.migrator)
		Migration Elapsed:07:44 seconds

[2026-09-13 5:08:27 AM +0000] Status=2, isTerminal=NO, Elapsed=07:48.
	Waiting on Data Migration
		Reason:Running plugin com.apple.locationd.migrator (CoreLocationMigrator.migrator)
		Migration Elapsed:07:45 seconds

[2026-09-13 5:08:28 AM +0000] Status=2, isTerminal=NO, Elapsed=07:48.
	Waiting on Data Migration
		Reason:Running plugin com.apple.locationd.migrator (CoreLocationMigrator.migrator)
		Migration Elapsed:07:46 seconds

[2026-09-13 5:08:31 AM +0000] Status=2, isTerminal=NO, Elapsed=07:51.
	Waiting on Data Migration
		Reason:Running plugin com.apple.locationd.migrator (CoreLocationMigrator.migrator)
		Migration Elapsed:07:47 seconds

[2026-09-13 5:08:31 AM +0000] Status=2, isTerminal=NO, Elapsed=07:52.
	Waiting on Data Migration
		Reason:Running plugin com.apple.locationd.migrator (CoreLocationMigrator.migrator)
		Migration Elapsed:07:49 seconds

[2026-09-13 5:08:32 AM +0000] Status=2, isTerminal=NO, Elapsed=07:52.
	Waiting on Data Migration
		Reason:Running plugin com.apple.locationd.migrator (CoreLocationMigrator.migrator)
		Migration Elapsed:07:50 seconds

[2026-09-13 5:08:33 AM +0000] Status=2, isTerminal=NO, Elapsed=07:53.
	Waiting on Data Migration
		Reason:Running plugin com.apple.locationd.migrator (CoreLocationMigrator.migrator)
		Migration Elapsed:07:51 seconds

[2026-09-13 5:08:34 AM +0000] Status=2, isTerminal=NO, Elapsed=07:54.
	Waiting on Data Migration
		Reason:Running plugin com.apple.locationd.migrator (CoreLocationMigrator.migrator)
		Migration Elapsed:07:52 seconds

[2026-09-13 5:08:35 AM +0000] Status=2, isTerminal=NO, Elapsed=07:55.
	Waiting on Data Migration
		Reason:Running plugin com.apple.locationd.migrator (CoreLocationMigrator.migrator)
		Migration Elapsed:07:53 seconds

[2026-09-13 5:08:36 AM +0000] Status=2, isTerminal=NO, Elapsed=07:56.
	Waiting on Data Migration
		Reason:Running plugin com.apple.locationd.migrator (CoreLocationMigrator.migrator)
		Migration Elapsed:07:54 seconds

[2026-09-13 5:08:36 AM +0000] Status=2, isTerminal=NO, Elapsed=07:57.
	Waiting on Data Migration
		Reason:Running plugin com.apple.locationd.migrator (CoreLocationMigrator.migrator)
		Migration Elapsed:07:55 seconds

[2026-09-13 5:08:37 AM +0000] Status=2, isTerminal=NO, Elapsed=07:58.
	Waiting on Data Migration
		Reason:Running plugin com.apple.locationd.migrator (CoreLocationMigrator.migrator)
		Migration Elapsed:07:56 seconds

[2026-09-13 5:08:40 AM +0000] Status=2, isTerminal=NO, Elapsed=08:00.
	Waiting on Data Migration
		Reason:Running plugin com.apple.locationd.migrator (CoreLocationMigrator.migrator)
		Migration Elapsed:07:57 seconds

[2026-09-13 5:08:40 AM +0000] Status=2, isTerminal=NO, Elapsed=08:01.
	Waiting on Data Migration
		Reason:Running plugin com.apple.managedconfiguration.mdm.migrator (MCMDM.migrator)
		Migration Elapsed:07:58 seconds

[2026-09-13 5:08:41 AM +0000] Status=2, isTerminal=NO, Elapsed=08:01.
	Waiting on Data Migration
		Reason:Running plugin com.apple.managedconfiguration.mdm.migrator (MCMDM.migrator)
		Migration Elapsed:07:59 seconds

[2026-09-13 5:08:43 AM +0000] Status=2, isTerminal=NO, Elapsed=08:03.
	Waiting on Data Migration
		Reason:Running plugin com.apple.managedconfiguration.mdm.migrator (MCMDM.migrator)
		Migration Elapsed:08:00 seconds

[2026-09-13 5:08:44 AM +0000] Status=2, isTerminal=NO, Elapsed=08:05.
	Waiting on Data Migration
		Reason:Running plugin com.apple.CloudTabsMigrator.migrator (CloudTabsMigrator.migrator)
		Migration Elapsed:08:01 seconds

[2026-09-13 5:08:48 AM +0000] Status=2, isTerminal=NO, Elapsed=08:08.
	Waiting on Data Migration
		Reason:Running plugin com.apple.tone.migrator (Tones.migrator)
		Migration Elapsed:08:03 seconds

[2026-09-13 5:08:49 AM +0000] Status=4, isTerminal=NO, Elapsed=08:09.
	Waiting on System App

[2026-09-13 5:08:50 AM +0000] Status=4, isTerminal=NO, Elapsed=08:11.
	Waiting on System App

[2026-09-13 5:08:52 AM +0000] Status=4, isTerminal=NO, Elapsed=08:12.
	Waiting on System App

[2026-09-13 5:08:56 AM +0000] Status=4, isTerminal=NO, Elapsed=08:16.
	Waiting on System App

[2026-09-13 5:09:11 AM +0000] Status=4294967295, isTerminal=YES, Elapsed=08:31.
	Finished

